batsman,bowler,balls_faced,runs_scored,dismissals,strike_rate,average
V Kohli,RA Jadeja,163,179,5,109.81595092024541,35.8
V Kohli,R Ashwin,157,181,1,115.28662420382165,181.0
V Kohli,SP Narine,141,149,4,105.67375886524823,37.25
RG Sharma,SP Narine,139,145,9,104.31654676258992,16.11111111111111
RG Sharma,R Ashwin,129,119,4,92.24806201550388,29.75
KL Rahul,JJ Bumrah,127,150,3,118.11023622047243,50.0
DA Warner,SP Narine,127,195,2,153.54330708661416,97.5
SK Raina,Harbhajan Singh,125,132,5,105.60000000000001,26.4
AM Rahane,B Kumar,125,109,7,87.2,15.571428571428571
S Dhawan,Harbhajan Singh,123,147,4,119.51219512195121,36.75
RG Sharma,UT Yadav,121,170,5,140.49586776859505,34.0
DA Warner,R Ashwin,118,122,4,103.38983050847457,30.5
RG Sharma,PP Chawla,115,146,2,126.95652173913044,73.0
V Kohli,JJ Bumrah,111,164,5,147.74774774774775,32.8
V Kohli,KH Pandya,110,117,1,106.36363636363637,117.0
V Kohli,DJ Bravo,110,157,2,142.72727272727272,78.5
SV Samson,Rashid Khan,109,121,2,111.0091743119266,60.5
V Kohli,A Mishra,108,162,3,150.0,54.0
KL Rahul,DL Chahar,107,160,1,149.53271028037383,160.0
KL Rahul,B Kumar,106,112,2,105.66037735849056,56.0
V Kohli,PP Chawla,106,140,3,132.0754716981132,46.666666666666664
S Dhawan,R Ashwin,104,78,4,75.0,19.5
CH Gayle,Harbhajan Singh,103,102,5,99.02912621359224,20.4
F du Plessis,TA Boult,102,114,4,111.76470588235294,28.5
SK Raina,PP Chawla,102,175,4,171.5686274509804,43.75
AM Rahane,PP Chawla,101,146,3,144.55445544554456,48.666666666666664
MS Dhoni,PP Ojha,100,98,7,98.0,14.0
SV Samson,B Kumar,99,120,4,121.21212121212122,30.0
KL Rahul,YS Chahal,99,148,2,149.4949494949495,74.0
DA Warner,YS Chahal,99,156,2,157.57575757575756,78.0
KL Rahul,SP Narine,98,141,2,143.87755102040816,70.5
DA Warner,Harbhajan Singh,98,113,4,115.3061224489796,28.25
V Kohli,UT Yadav,98,168,5,171.42857142857142,33.6
RR Pant,Rashid Khan,98,117,3,119.38775510204083,39.0
KL Rahul,KH Pandya,98,103,1,105.10204081632652,103.0
KL Rahul,Mohammed Siraj,96,147,3,153.125,49.0
RV Uthappa,R Ashwin,96,123,7,128.125,17.571428571428573
S Dhawan,DS Kulkarni,94,127,2,135.1063829787234,63.5
KL Rahul,Sandeep Sharma,94,103,1,109.57446808510637,103.0
V Kohli,B Kumar,94,129,5,137.2340425531915,25.8
CH Gayle,B Kumar,94,131,1,139.36170212765958,131.0
SK Raina,UT Yadav,93,93,3,100.0,31.0
RG Sharma,RA Jadeja,93,97,3,104.3010752688172,32.333333333333336
AB de Villiers,RA Jadeja,93,111,2,119.35483870967742,55.5
CH Gayle,P Kumar,93,103,1,110.75268817204301,103.0
DA Warner,P Kumar,92,124,3,134.7826086956522,41.333333333333336
KA Pollard,DJ Bravo,92,136,4,147.82608695652172,34.0
SA Yadav,R Ashwin,92,128,0,139.1304347826087,128.0
V Kohli,Sandeep Sharma,92,141,7,153.26086956521738,20.142857142857142
S Dhawan,SP Narine,91,105,2,115.38461538461537,52.5
SS Iyer,Rashid Khan,91,105,2,115.38461538461537,52.5
RG Sharma,A Mishra,91,87,7,95.6043956043956,12.428571428571429
S Dhawan,UT Yadav,91,103,2,113.18681318681318,51.5
V Kohli,AR Patel,91,100,1,109.8901098901099,100.0
Q de Kock,DL Chahar,90,109,5,121.1111111111111,21.8
V Kohli,Rashid Khan,90,117,2,130.0,58.5
AB de Villiers,JJ Bumrah,90,131,3,145.55555555555554,43.666666666666664
SR Watson,B Kumar,89,78,4,87.64044943820225,19.5
SK Raina,A Mishra,89,122,4,137.07865168539325,30.5
SV Samson,SP Narine,89,70,3,78.65168539325843,23.333333333333332
S Dhawan,JJ Bumrah,89,105,1,117.97752808988764,105.0
SA Yadav,YS Chahal,88,116,4,131.8181818181818,29.0
RR Pant,YS Chahal,88,130,4,147.72727272727272,32.5
V Kohli,Mohammed Shami,88,119,5,135.22727272727272,23.8
S Dhawan,DJ Bravo,88,132,3,150.0,44.0
SK Raina,SP Narine,88,118,3,134.0909090909091,39.333333333333336
S Dhawan,B Kumar,87,89,3,102.29885057471265,29.666666666666668
MS Dhoni,YS Chahal,87,108,4,124.13793103448276,27.0
AT Rayudu,R Ashwin,87,90,5,103.44827586206897,18.0
RD Gaikwad,Mohammed Shami,86,73,0,84.88372093023256,73.0
SS Iyer,RA Jadeja,86,84,2,97.67441860465115,42.0
KA Pollard,A Mishra,86,136,2,158.13953488372093,68.0
Shubman Gill,B Kumar,85,85,6,100.0,14.166666666666666
G Gambhir,Z Khan,85,109,6,128.23529411764707,18.166666666666668
AT Rayudu,A Mishra,85,100,3,117.64705882352942,33.333333333333336
SV Samson,AR Patel,85,103,3,121.17647058823529,34.333333333333336
JH Kallis,PP Ojha,84,89,3,105.95238095238095,29.666666666666668
AM Rahane,AR Patel,83,108,2,130.12048192771084,54.0
AT Rayudu,YS Chahal,83,63,4,75.90361445783132,15.75
N Rana,YS Chahal,83,97,6,116.86746987951808,16.166666666666668
S Dhawan,RA Jadeja,83,119,1,143.3734939759036,119.0
RV Uthappa,AR Patel,82,86,3,104.8780487804878,28.666666666666668
N Rana,Rashid Khan,82,99,3,120.73170731707317,33.0
DA Warner,Mohammed Shami,82,109,2,132.9268292682927,54.5
F du Plessis,Sandeep Sharma,82,116,3,141.46341463414635,38.666666666666664
SV Samson,JJ Bumrah,82,89,3,108.53658536585367,29.666666666666668
V Kohli,DS Kulkarni,82,101,4,123.17073170731707,25.25
SA Yadav,RA Jadeja,82,88,3,107.31707317073172,29.333333333333332
AB de Villiers,Harbhajan Singh,81,110,3,135.80246913580248,36.666666666666664
RV Uthappa,SL Malinga,81,76,1,93.82716049382715,76.0
GJ Maxwell,R Ashwin,81,141,4,174.07407407407408,35.25
AM Rahane,A Mishra,81,96,3,118.5185185185185,32.0
F du Plessis,AR Patel,81,88,3,108.64197530864197,29.333333333333332
AM Rahane,Sandeep Sharma,80,75,2,93.75,37.5
DA Warner,DL Chahar,80,98,2,122.50000000000001,49.0
V Kohli,TA Boult,80,97,1,121.24999999999999,97.0
DA Warner,Sandeep Sharma,80,93,3,116.25000000000001,31.0
RG Sharma,Mohammed Shami,80,103,4,128.75,25.75
SA Yadav,AR Patel,80,73,2,91.25,36.5
JC Buttler,JJ Bumrah,80,70,2,87.5,35.0
S Dhawan,TA Boult,80,86,1,107.5,86.0
RV Uthappa,B Kumar,80,86,1,107.5,86.0
WP Saha,UT Yadav,80,111,2,138.75,55.5
KD Karthik,MM Sharma,79,83,0,105.0632911392405,83.0
V Kohli,I Sharma,79,112,1,141.77215189873417,112.0
PP Shaw,DL Chahar,79,90,6,113.9240506329114,15.0
F du Plessis,B Kumar,79,109,2,137.9746835443038,54.5
JC Buttler,B Kumar,78,84,4,107.6923076923077,21.0
SA Yadav,Rashid Khan,78,108,0,138.46153846153845,108.0
S Dhawan,YS Chahal,78,106,3,135.8974358974359,35.333333333333336
G Gambhir,Harbhajan Singh,78,84,5,107.6923076923077,16.8
RG Sharma,B Kumar,78,102,2,130.76923076923077,51.0
RG Sharma,AR Patel,78,67,4,85.8974358974359,16.75
S Dhawan,DL Chahar,78,87,1,111.53846153846155,87.0
AM Rahane,UT Yadav,78,108,4,138.46153846153845,27.0
HH Pandya,YS Chahal,77,71,4,92.20779220779221,17.75
DA Warner,PP Chawla,77,115,2,149.35064935064935,57.5
Shubman Gill,RA Jadeja,77,124,1,161.03896103896105,124.0
MS Dhoni,SP Narine,77,40,3,51.94805194805194,13.333333333333334
S Dhawan,Mohammed Shami,77,113,1,146.75324675324674,113.0
MK Pandey,Harbhajan Singh,77,85,4,110.3896103896104,21.25
G Gambhir,JA Morkel,77,98,1,127.27272727272727,98.0
AT Rayudu,Rashid Khan,76,93,1,122.36842105263158,93.0
Q de Kock,R Ashwin,76,85,4,111.8421052631579,21.25
V Kohli,JD Unadkat,76,92,2,121.05263157894737,46.0
SPD Smith,RA Jadeja,75,68,5,90.66666666666666,13.6
Shubman Gill,DL Chahar,75,101,5,134.66666666666666,20.2
KL Rahul,JC Archer,75,108,2,144.0,54.0
RG Sharma,DJ Bravo,75,82,5,109.33333333333333,16.4
SA Yadav,SP Narine,74,91,0,122.97297297297298,91.0
RG Sharma,Mohammed Siraj,74,104,1,140.54054054054055,104.0
N Rana,R Ashwin,74,141,1,190.54054054054055,141.0
G Gambhir,B Kumar,74,84,0,113.51351351351352,84.0
RV Uthappa,A Mishra,74,84,5,113.51351351351352,16.8
CH Gayle,SL Malinga,74,57,1,77.02702702702703,57.0
RA Tripathi,SP Narine,73,93,2,127.3972602739726,46.5
V Kohli,CH Morris,73,109,2,149.31506849315068,54.5
V Kohli,SM Curran,73,111,3,152.05479452054794,37.0
DA Miller,R Ashwin,73,82,2,112.32876712328768,41.0
KL Rahul,TA Boult,73,108,3,147.94520547945206,36.0
SK Raina,YS Chahal,73,99,4,135.6164383561644,24.75
SE Marsh,Harbhajan Singh,73,84,1,115.06849315068493,84.0
SS Iyer,YS Chahal,73,94,2,128.76712328767124,47.0
V Kohli,Harpreet Brar,73,79,2,108.21917808219179,39.5
KS Williamson,A Mishra,73,96,0,131.50684931506848,96.0
AM Rahane,S Nadeem,73,90,4,123.28767123287672,22.5
DA Warner,DS Kulkarni,73,71,2,97.26027397260275,35.5
MK Pandey,AR Patel,73,57,2,78.08219178082192,28.5
PA Patel,B Kumar,73,65,7,89.04109589041096,9.285714285714286
JC Buttler,SP Narine,72,81,1,112.5,81.0
Shubman Gill,R Ashwin,72,111,1,154.16666666666669,111.0
Shubman Gill,TA Boult,72,75,2,104.16666666666667,37.5
RG Sharma,Shakib Al Hasan,72,92,1,127.77777777777777,92.0
SR Watson,A Mishra,71,79,6,111.26760563380283,13.166666666666666
SV Samson,UT Yadav,71,119,3,167.6056338028169,39.666666666666664
AM Rahane,Mohammed Shami,71,108,0,152.11267605633802,108.0
S Dhawan,P Kumar,71,78,4,109.85915492957747,19.5
JC Buttler,Mohammed Shami,71,90,3,126.7605633802817,30.0
V Kohli,K Rabada,71,124,4,174.64788732394365,31.0
KD Karthik,RA Jadeja,71,105,3,147.88732394366198,35.0
JC Buttler,AR Patel,70,98,1,140.0,98.0
V Kohli,IK Pathan,70,92,4,131.42857142857142,23.0
GJ Maxwell,SP Narine,70,67,4,95.71428571428572,16.75
KL Rahul,JD Unadkat,70,114,2,162.85714285714286,57.0
KL Rahul,Rashid Khan,70,65,3,92.85714285714286,21.666666666666668
DA Warner,UT Yadav,70,99,5,141.42857142857144,19.8
SV Samson,KH Pandya,70,95,1,135.71428571428572,95.0
AB de Villiers,AR Patel,70,71,2,101.42857142857142,35.5
AM Rahane,M Morkel,69,88,1,127.53623188405795,88.0
RG Sharma,M Morkel,69,119,2,172.46376811594203,59.5
RD Gaikwad,Rashid Khan,69,113,2,163.76811594202897,56.5
S Dhawan,SL Malinga,69,85,4,123.18840579710144,21.25
V Kohli,Arshdeep Singh,69,109,2,157.97101449275362,54.5
CH Gayle,SP Narine,69,65,2,94.20289855072464,32.5
SR Tendulkar,I Sharma,69,83,1,120.28985507246377,83.0
AT Rayudu,B Kumar,69,84,2,121.73913043478262,42.0
JH Kallis,Z Khan,69,92,0,133.33333333333331,92.0
V Kohli,Harbhajan Singh,69,87,1,126.08695652173914,87.0
AR Patel,Rashid Khan,69,89,3,128.9855072463768,29.666666666666668
MK Pandey,A Mishra,68,76,3,111.76470588235294,25.333333333333332
MS Dhoni,JJ Bumrah,68,62,5,91.17647058823529,12.4
S Dhawan,Sandeep Sharma,68,94,2,138.23529411764704,47.0
DA Warner,RA Jadeja,68,116,0,170.58823529411765,116.0
SS Iyer,JJ Bumrah,68,97,1,142.64705882352942,97.0
F du Plessis,R Ashwin,68,72,1,105.88235294117648,72.0
G Gambhir,SR Watson,68,60,3,88.23529411764706,20.0
DA Miller,RA Jadeja,67,111,2,165.67164179104478,55.5
V Kohli,AD Russell,67,88,2,131.34328358208955,44.0
Ishan Kishan,Rashid Khan,67,78,3,116.4179104477612,26.0
F du Plessis,Ravi Bishnoi,67,104,1,155.22388059701493,104.0
G Gambhir,DW Steyn,67,69,2,102.98507462686568,34.5
SR Watson,SL Malinga,67,125,4,186.56716417910448,31.25
RD Gaikwad,Mohammed Siraj,67,100,2,149.2537313432836,50.0
BB McCullum,Z Khan,67,90,2,134.32835820895522,45.0
MS Dhoni,AR Patel,67,77,0,114.92537313432835,77.0
SS Iyer,Kuldeep Yadav,67,116,3,173.13432835820893,38.666666666666664
F du Plessis,Mohammed Shami,67,118,2,176.11940298507463,59.0
SV Samson,T Natarajan,66,106,2,160.6060606060606,53.0
SA Yadav,K Rabada,66,101,4,153.03030303030303,25.25
CH Gayle,PP Chawla,66,116,1,175.75757575757575,116.0
S Dhawan,PP Chawla,65,105,3,161.53846153846155,35.0
Shubman Gill,AR Patel,65,95,0,146.15384615384613,95.0
R Parag,AR Patel,65,78,2,120.0,39.0
AT Rayudu,SP Narine,65,53,4,81.53846153846153,13.25
SV Samson,S Kaul,65,114,2,175.3846153846154,57.0
SS Iyer,R Ashwin,65,80,1,123.07692307692308,80.0
BB McCullum,SL Malinga,65,81,4,124.61538461538461,20.25
MS Dhoni,B Kumar,64,102,0,159.375,102.0
KL Rahul,UT Yadav,64,80,1,125.0,80.0
CH Gayle,R Ashwin,64,53,5,82.8125,10.6
Shubman Gill,Arshdeep Singh,64,77,3,120.3125,25.666666666666668
KD Karthik,B Kumar,64,82,1,128.125,82.0
KD Karthik,JD Unadkat,64,124,0,193.75,124.0
KC Sangakkara,Harbhajan Singh,64,63,4,98.4375,15.75
G Gambhir,P Kumar,64,88,2,137.5,44.0
SK Raina,YK Pathan,64,70,3,109.375,23.333333333333332
G Gambhir,R Vinay Kumar,64,62,2,96.875,31.0
SK Raina,JH Kallis,64,72,2,112.5,36.0
JH Kallis,SL Malinga,64,84,3,131.25,28.0
F du Plessis,PP Chawla,64,68,1,106.25,68.0
JH Kallis,I Sharma,64,78,2,121.875,39.0
SV Samson,RA Jadeja,64,82,3,128.125,27.333333333333332
AB de Villiers,SL Malinga,64,124,1,193.75,124.0
Ishan Kishan,R Ashwin,64,57,1,89.0625,57.0
V Kohli,Kuldeep Yadav,64,75,1,117.1875,75.0
JC Buttler,Kuldeep Yadav,64,87,3,135.9375,29.0
MS Dhoni,SL Malinga,64,89,2,139.0625,44.5
B Sai Sudharsan,TU Deshpande,64,97,2,151.5625,48.5
RG Sharma,AD Russell,63,97,1,153.96825396825398,97.0
KL Rahul,JR Hazlewood,63,107,2,169.84126984126985,53.5
MK Pandey,YS Chahal,63,53,4,84.12698412698413,13.25
V Kohli,DL Chahar,63,80,2,126.98412698412697,40.0
DA Warner,K Rabada,63,112,3,177.77777777777777,37.333333333333336
RG Sharma,P Kumar,63,81,1,128.57142857142858,81.0
Shubman Gill,Avesh Khan,63,75,4,119.04761904761905,18.75
WP Saha,SP Narine,63,74,4,117.46031746031747,18.5
YBK Jaiswal,Mohammed Siraj,63,81,2,128.57142857142858,40.5
F du Plessis,KH Pandya,63,74,2,117.46031746031747,37.0
JC Buttler,RA Jadeja,63,79,3,125.39682539682539,26.333333333333332
SR Watson,Shakib Al Hasan,63,96,1,152.38095238095238,96.0
AM Rahane,SP Narine,63,76,4,120.63492063492063,19.0
CH Gayle,Sandeep Sharma,63,64,4,101.58730158730158,16.0
RG Sharma,Imran Tahir,63,79,1,125.39682539682539,79.0
RG Sharma,R Bhatia,63,100,2,158.73015873015873,50.0
V Kohli,MM Sharma,62,90,1,145.16129032258064,90.0
V Kohli,M Morkel,62,66,3,106.4516129032258,22.0
KD Karthik,A Mishra,62,88,2,141.93548387096774,44.0
WP Saha,PP Chawla,62,100,4,161.29032258064515,25.0
SV Samson,KK Ahmed,62,87,1,140.3225806451613,87.0
SV Samson,Mohammed Shami,62,108,1,174.19354838709677,108.0
SK Raina,SL Malinga,62,71,2,114.51612903225808,35.5
SK Raina,R Vinay Kumar,62,98,1,158.06451612903226,98.0
SK Raina,SK Warne,62,65,3,104.83870967741935,21.666666666666668
AM Rahane,R Vinay Kumar,62,78,2,125.80645161290323,39.0
CA Lynn,YS Chahal,62,87,2,140.3225806451613,43.5
SP Narine,R Ashwin,62,133,1,214.51612903225805,133.0
Shubman Gill,Mohammed Shami,62,97,3,156.4516129032258,32.333333333333336
V Kohli,HV Patel,61,107,2,175.40983606557376,53.5
MS Dhoni,DW Steyn,61,111,2,181.9672131147541,55.5
SR Tendulkar,R Vinay Kumar,61,81,3,132.78688524590163,27.0
SS Iyer,AD Russell,61,74,5,121.31147540983606,14.8
SO Hetmyer,Rashid Khan,61,86,3,140.98360655737704,28.666666666666668
AM Rahane,I Sharma,61,65,2,106.55737704918033,32.5
AB de Villiers,R Ashwin,61,69,2,113.11475409836065,34.5
RG Sharma,CV Varun,61,71,1,116.39344262295081,71.0
F du Plessis,A Mishra,61,63,1,103.27868852459017,63.0
SR Watson,Sandeep Sharma,61,102,0,167.21311475409837,102.0
YK Pathan,A Mishra,61,94,1,154.0983606557377,94.0
YBK Jaiswal,B Kumar,61,102,0,167.21311475409837,102.0
AK Markram,SP Narine,61,52,2,85.24590163934425,26.0
RG Sharma,MM Sharma,61,81,1,132.78688524590163,81.0
MK Pandey,R Ashwin,61,66,2,108.19672131147541,33.0
KL Rahul,K Rabada,61,97,4,159.01639344262296,24.25
AM Rahane,P Kumar,61,44,2,72.1311475409836,22.0
S Dhawan,M Morkel,61,79,2,129.5081967213115,39.5
SK Raina,B Kumar,61,79,3,129.5081967213115,26.333333333333332
R Dravid,PP Ojha,61,71,2,116.39344262295081,35.5
Q de Kock,B Kumar,61,57,1,93.44262295081968,57.0
KL Rahul,RA Jadeja,61,80,0,131.14754098360655,80.0
KL Rahul,M Prasidh Krishna,60,102,3,170.0,34.0
DA Warner,TA Boult,60,75,0,125.0,75.0
V Kohli,P Kumar,60,69,1,114.99999999999999,69.0
BB McCullum,PP Chawla,60,63,4,105.0,15.75
MS Dhoni,PP Chawla,60,82,2,136.66666666666666,41.0
RA Jadeja,B Kumar,60,68,1,113.33333333333333,68.0
RR Pant,B Kumar,60,122,2,203.33333333333331,61.0
Ishan Kishan,Mohammed Siraj,60,82,2,136.66666666666666,41.0
RG Sharma,SN Thakur,60,80,1,133.33333333333331,80.0
Shubman Gill,K Rabada,60,78,2,130.0,39.0
Shubman Gill,KH Pandya,60,65,1,108.33333333333333,65.0
DA Warner,AR Patel,60,95,2,158.33333333333331,47.5
AM Rahane,MJ McClenaghan,59,76,2,128.81355932203388,38.0
KS Williamson,UT Yadav,59,83,1,140.67796610169492,83.0
RR Pant,SP Narine,59,68,1,115.2542372881356,68.0
Yuvraj Singh,Harbhajan Singh,59,45,1,76.27118644067797,45.0
Shubman Gill,YS Chahal,59,69,4,116.94915254237289,17.25
SV Samson,Sandeep Sharma,59,59,2,100.0,29.5
PA Patel,P Kumar,59,52,3,88.13559322033898,17.333333333333332
SS Iyer,Sandeep Sharma,59,47,3,79.66101694915254,15.666666666666666
SV Samson,R Ashwin,59,76,3,128.81355932203388,25.333333333333332
KL Rahul,HH Pandya,59,96,1,162.71186440677968,96.0
RR Pant,RA Jadeja,59,84,2,142.3728813559322,42.0
KD Karthik,R Ashwin,59,76,1,128.81355932203388,76.0
SS Iyer,AR Patel,59,82,1,138.98305084745763,82.0
WP Saha,JJ Bumrah,59,66,3,111.86440677966101,22.0
SR Tendulkar,P Kumar,59,38,2,64.40677966101694,19.0
RV Uthappa,RA Jadeja,58,65,3,112.06896551724137,21.666666666666668
RR Pant,Mohammed Siraj,58,93,5,160.3448275862069,18.6
RA Jadeja,PP Chawla,58,70,4,120.6896551724138,17.5
M Vijay,Harbhajan Singh,58,43,3,74.13793103448276,14.333333333333334
V Kohli,S Nadeem,58,65,1,112.06896551724137,65.0
PA Patel,Sandeep Sharma,58,34,3,58.620689655172406,11.333333333333334
S Dhawan,Rashid Khan,58,53,4,91.37931034482759,13.25
YK Pathan,DJ Bravo,58,73,3,125.86206896551724,24.333333333333332
AM Rahane,R Ashwin,58,54,6,93.10344827586206,9.0
KL Rahul,Arshdeep Singh,58,90,3,155.17241379310346,30.0
JH Kallis,JA Morkel,57,65,2,114.03508771929825,32.5
SPD Smith,JJ Bumrah,57,68,3,119.29824561403508,22.666666666666668
AR Patel,SP Narine,57,57,5,100.0,11.4
CH Gayle,DJ Bravo,57,60,2,105.26315789473684,30.0
Ishan Kishan,AR Patel,57,85,1,149.12280701754386,85.0
AB de Villiers,Sandeep Sharma,57,107,2,187.71929824561403,53.5
KL Rahul,R Ashwin,57,62,0,108.77192982456141,62.0
Yuvraj Singh,SK Raina,57,55,2,96.49122807017544,27.5
CH Gayle,UT Yadav,57,72,4,126.3157894736842,18.0
MS Dhoni,KA Pollard,57,100,3,175.43859649122805,33.333333333333336
CH Gayle,YK Pathan,57,68,0,119.29824561403508,68.0
DA Warner,I Sharma,57,66,1,115.78947368421053,66.0
KL Rahul,MJ McClenaghan,57,75,2,131.57894736842107,37.5
V Kohli,A Nehra,57,60,6,105.26315789473684,10.0
MK Pandey,PP Ojha,57,66,2,115.78947368421053,33.0
SR Watson,RA Jadeja,57,74,5,129.82456140350877,14.8
AT Rayudu,PP Chawla,57,78,6,136.8421052631579,13.0
RV Uthappa,SR Watson,57,64,2,112.28070175438596,32.0
V Kohli,SB Jakati,57,74,2,129.82456140350877,37.0
DA Warner,SL Malinga,56,74,2,132.14285714285714,37.0
AT Rayudu,Shakib Al Hasan,56,82,4,146.42857142857142,20.5
F du Plessis,Harpreet Brar,56,88,1,157.14285714285714,88.0
AB de Villiers,S Nadeem,56,77,1,137.5,77.0
AC Gilchrist,DW Steyn,56,50,1,89.28571428571429,50.0
Ishan Kishan,JC Archer,56,113,2,201.78571428571428,56.5
YK Pathan,SL Malinga,56,74,0,132.14285714285714,74.0
V Sehwag,RP Singh,56,88,1,157.14285714285714,88.0
SK Raina,SK Trivedi,56,92,1,164.28571428571428,92.0
RG Sharma,S Nadeem,56,69,1,123.21428571428572,69.0
SV Samson,Kuldeep Yadav,56,85,1,151.78571428571428,85.0
AC Gilchrist,I Sharma,56,62,0,110.71428571428572,62.0
SR Tendulkar,IK Pathan,56,48,1,85.71428571428571,48.0
MK Tiwary,PP Chawla,56,56,1,100.0,56.0
RV Uthappa,Sandeep Sharma,56,69,3,123.21428571428572,23.0
AM Rahane,JJ Bumrah,56,68,0,121.42857142857142,68.0
SA Yadav,Noor Ahmad,56,80,2,142.85714285714286,40.0
RG Sharma,SR Watson,56,80,1,142.85714285714286,80.0
KS Williamson,YS Chahal,55,54,1,98.18181818181819,54.0
KS Williamson,AR Patel,55,63,1,114.54545454545455,63.0
RR Pant,Ravi Bishnoi,55,61,2,110.9090909090909,30.5
V Kohli,YS Chahal,55,72,2,130.9090909090909,36.0
SPD Smith,SP Narine,55,64,2,116.36363636363636,32.0
Abhishek Sharma,Arshdeep Singh,55,94,1,170.9090909090909,94.0
G Gambhir,IK Pathan,55,72,2,130.9090909090909,36.0
G Gambhir,R Ashwin,55,52,2,94.54545454545455,26.0
S Dhawan,CV Varun,55,54,3,98.18181818181819,18.0
KD Karthik,YS Chahal,55,49,3,89.0909090909091,16.333333333333332
F du Plessis,SP Narine,55,42,2,76.36363636363637,21.0
PA Patel,AB Dinda,55,54,2,98.18181818181819,27.0
S Dhawan,MJ McClenaghan,55,69,3,125.45454545454547,23.0
S Dhawan,MM Sharma,55,62,3,112.72727272727272,20.666666666666668
AM Rahane,MG Johnson,55,86,2,156.36363636363637,43.0
SK Raina,R Ashwin,55,54,1,98.18181818181819,54.0
V Kohli,HH Pandya,55,60,3,109.09090909090908,20.0
V Kohli,MS Gony,55,60,1,109.09090909090908,60.0
DA Miller,YS Chahal,55,95,3,172.72727272727272,31.666666666666668
S Dhawan,SR Watson,55,62,2,112.72727272727272,31.0
Shubman Gill,CV Varun,55,93,0,169.0909090909091,93.0
Abhishek Sharma,Mohammed Siraj,55,66,1,120.0,66.0
AK Markram,CV Varun,55,84,2,152.72727272727275,42.0
F du Plessis,PJ Cummins,55,92,3,167.27272727272725,30.666666666666668
DA Warner,NM Coulter-Nile,55,59,1,107.27272727272728,59.0
HH Pandya,SP Narine,55,79,1,143.63636363636363,79.0
AT Rayudu,UT Yadav,55,67,1,121.81818181818183,67.0
F du Plessis,Arshdeep Singh,55,62,1,112.72727272727272,62.0
B Sai Sudharsan,RA Jadeja,55,96,1,174.54545454545453,96.0
N Pooran,CV Varun,55,82,3,149.0909090909091,27.333333333333332
WP Saha,KH Pandya,54,62,2,114.81481481481481,31.0
MA Agarwal,AR Patel,54,43,4,79.62962962962963,10.75
VR Iyer,Mohammed Siraj,54,65,1,120.37037037037037,65.0
Ishan Kishan,Mohammed Shami,54,57,0,105.55555555555556,57.0
AC Gilchrist,A Nehra,54,100,1,185.1851851851852,100.0
AM Rahane,SL Malinga,54,48,0,88.88888888888889,48.0
H Klaasen,SP Narine,54,92,0,170.37037037037038,92.0
DA Warner,DJ Bravo,54,53,1,98.14814814814815,53.0
AM Rahane,TA Boult,54,55,3,101.85185185185186,18.333333333333332
DA Warner,Kuldeep Yadav,54,69,2,127.77777777777777,34.5
AD Russell,YS Chahal,54,99,1,183.33333333333331,99.0
S Dhawan,JO Holder,54,67,1,124.07407407407408,67.0
M Vijay,P Kumar,54,85,1,157.40740740740742,85.0
KL Rahul,Harbhajan Singh,54,81,3,150.0,27.0
S Dhawan,SN Thakur,54,80,3,148.14814814814815,26.666666666666668
JC Buttler,Sandeep Sharma,54,97,1,179.62962962962962,97.0
MK Pandey,RA Jadeja,54,45,2,83.33333333333334,22.5
SR Tendulkar,PP Chawla,54,61,4,112.96296296296295,15.25
Q de Kock,AR Patel,53,84,1,158.49056603773585,84.0
SV Samson,YS Chahal,53,61,5,115.09433962264151,12.2
Q de Kock,YS Chahal,53,73,6,137.73584905660377,12.166666666666666
SS Iyer,SN Thakur,53,88,3,166.03773584905662,29.333333333333332
SA Yadav,Ravi Bishnoi,53,86,3,162.26415094339623,28.666666666666668
CH Gayle,JJ Bumrah,53,37,0,69.81132075471697,37.0
CH Gayle,CH Morris,53,51,3,96.22641509433963,17.0
CH Gayle,DS Kulkarni,53,60,3,113.20754716981132,20.0
KA Pollard,RA Jadeja,53,114,2,215.0943396226415,57.0
V Kohli,Avesh Khan,53,81,4,152.83018867924528,20.25
MK Pandey,KH Pandya,53,59,0,111.32075471698113,59.0
RD Gaikwad,Sandeep Sharma,53,50,1,94.33962264150944,50.0
AM Rahane,KH Pandya,53,61,4,115.09433962264151,15.25
AR Patel,JJ Bumrah,53,53,5,100.0,10.6
F du Plessis,KK Ahmed,53,68,1,128.30188679245282,68.0
SA Yadav,Harbhajan Singh,53,75,1,141.50943396226415,75.0
Q de Kock,K Rabada,53,79,1,149.0566037735849,79.0
KL Rahul,CV Varun,53,53,1,100.0,53.0
N Pooran,Rashid Khan,53,64,2,120.75471698113208,32.0
V Kohli,JA Morkel,53,73,2,137.73584905660377,36.5
V Kohli,SN Thakur,53,83,2,156.60377358490567,41.5
PA Patel,IK Pathan,53,75,1,141.50943396226415,75.0
SK Raina,Sandeep Sharma,53,110,2,207.54716981132074,55.0
RA Jadeja,SP Narine,53,49,4,92.45283018867924,12.25
DA Miller,A Mishra,52,68,1,130.76923076923077,68.0
RG Sharma,SK Warne,52,52,4,100.0,13.0
Tilak Varma,YS Chahal,52,88,1,169.23076923076923,88.0
AM Rahane,KV Sharma,52,62,3,119.23076923076923,20.666666666666668
B Sai Sudharsan,B Kumar,52,54,2,103.84615384615385,27.0
NV Ojha,SP Narine,52,32,2,61.53846153846154,16.0
DA Warner,HV Patel,52,91,1,175.0,91.0
Shubman Gill,TU Deshpande,52,90,2,173.0769230769231,45.0
MK Pandey,JJ Bumrah,52,87,2,167.30769230769232,43.5
SR Watson,M Kartik,52,94,0,180.76923076923077,94.0
SS Iyer,TA Boult,52,68,1,130.76923076923077,68.0
Ishan Kishan,Sandeep Sharma,52,82,4,157.69230769230768,20.5
Ishan Kishan,Washington Sundar,52,45,0,86.53846153846155,45.0
SR Watson,AR Patel,52,53,6,101.92307692307692,8.833333333333334
KS Williamson,RA Jadeja,52,61,0,117.3076923076923,61.0
KD Karthik,R Vinay Kumar,52,57,3,109.61538461538463,19.0
PA Patel,MM Sharma,52,93,2,178.84615384615387,46.5
WP Saha,DL Chahar,52,67,3,128.84615384615387,22.333333333333332
AB de Villiers,PP Chawla,52,53,4,101.92307692307692,13.25
Ishan Kishan,Ravi Bishnoi,51,59,4,115.68627450980394,14.75
SR Watson,PP Chawla,51,87,3,170.58823529411765,29.0
N Rana,RA Jadeja,51,74,1,145.09803921568627,74.0
RG Sharma,KK Ahmed,51,42,3,82.35294117647058,14.0
RG Sharma,DL Chahar,51,60,3,117.64705882352942,20.0
H Klaasen,YS Chahal,51,78,1,152.94117647058823,78.0
DR Smith,Harbhajan Singh,51,72,4,141.1764705882353,18.0
SS Iyer,KH Pandya,51,42,1,82.35294117647058,42.0
KA Pollard,YS Chahal,51,71,4,139.2156862745098,17.75
JC Buttler,CV Varun,51,85,3,166.66666666666669,28.333333333333332
SK Raina,KA Pollard,51,75,2,147.05882352941177,37.5
SS Iyer,B Kumar,51,46,3,90.19607843137256,15.333333333333334
Shubman Gill,HV Patel,51,64,1,125.49019607843137,64.0
JC Buttler,KH Pandya,51,72,1,141.1764705882353,72.0
JC Buttler,Yash Dayal,51,100,1,196.078431372549,100.0
G Gambhir,AR Patel,51,58,0,113.72549019607843,58.0
MK Pandey,SL Malinga,51,57,4,111.76470588235294,14.25
S Dhawan,GJ Maxwell,51,82,3,160.7843137254902,27.333333333333332
DA Miller,PP Chawla,51,60,2,117.64705882352942,30.0
LMP Simmons,R Ashwin,51,58,2,113.72549019607843,29.0
P Simran Singh,KK Ahmed,51,55,1,107.84313725490196,55.0
P Simran Singh,B Kumar,51,79,5,154.90196078431373,15.8
DA Warner,Arshdeep Singh,51,71,0,139.2156862745098,71.0
TM Dilshan,SL Malinga,51,61,2,119.6078431372549,30.5
GJ Maxwell,RA Jadeja,51,70,6,137.2549019607843,11.666666666666666
WP Saha,YS Chahal,51,58,3,113.72549019607843,19.333333333333332
N Rana,M Jansen,51,52,1,101.96078431372548,52.0
CH Gayle,DW Steyn,50,59,1,118.0,59.0
HH Pandya,R Ashwin,50,79,0,158.0,79.0
R Dravid,I Sharma,50,63,2,126.0,31.5
SR Tendulkar,JA Morkel,50,73,0,146.0,73.0
F du Plessis,Harbhajan Singh,50,49,3,98.0,16.333333333333332
JC Buttler,Rashid Khan,50,30,4,60.0,7.5
AM Rahane,Shakib Al Hasan,50,54,2,108.0,27.0
V Kohli,TG Southee,50,60,1,120.0,60.0
SPD Smith,SL Malinga,50,72,1,144.0,72.0
RR Pant,DJ Bravo,50,55,1,110.00000000000001,55.0
F du Plessis,YS Chahal,50,44,3,88.0,14.666666666666666
JC Buttler,SN Thakur,50,69,2,138.0,34.5
S Dhawan,TG Southee,50,53,3,106.0,17.666666666666668
MA Agarwal,YS Chahal,50,72,7,144.0,10.285714285714286
AB de Villiers,SR Watson,50,53,1,106.0,53.0
RG Sharma,IK Pathan,50,70,2,140.0,35.0
RD Gaikwad,CV Varun,50,45,2,90.0,22.5
RG Sharma,JH Kallis,50,82,1,164.0,82.0
Q de Kock,SP Narine,50,49,2,98.0,24.5
Ishan Kishan,KH Pandya,50,85,0,170.0,85.0
Shubman Gill,T Natarajan,50,71,0,142.0,71.0
S Dhawan,Z Khan,50,49,4,98.0,12.25
Tilak Varma,R Ashwin,50,60,1,120.0,60.0
DA Warner,J Yadav,50,71,1,142.0,71.0
DA Warner,SM Curran,50,53,2,106.0,26.5
AT Rayudu,MM Sharma,50,71,7,142.0,10.142857142857142
YK Pathan,PP Ojha,49,93,3,189.79591836734696,31.0
JH Kallis,RP Singh,49,51,4,104.08163265306123,12.75
JC Buttler,JR Hazlewood,49,84,2,171.42857142857142,42.0
RV Uthappa,P Kumar,49,56,1,114.28571428571428,56.0
BB McCullum,R Vinay Kumar,49,94,1,191.83673469387753,94.0
SPD Smith,KV Sharma,49,57,1,116.3265306122449,57.0
RD Gaikwad,AR Patel,49,63,2,128.57142857142858,31.5
SPD Smith,PP Chawla,49,62,1,126.53061224489797,62.0
KS Williamson,DL Chahar,49,63,0,128.57142857142858,63.0
Ishan Kishan,B Kumar,49,88,1,179.59183673469389,88.0
DR Smith,Iqbal Abdulla,49,82,1,167.3469387755102,82.0
AM Rahane,Rashid Khan,49,61,1,124.48979591836735,61.0
RV Uthappa,Harbhajan Singh,49,77,2,157.14285714285714,38.5
BB McCullum,JH Kallis,49,64,0,130.6122448979592,64.0
A Badoni,SP Narine,49,42,3,85.71428571428571,14.0
YK Pathan,DW Steyn,49,82,2,167.3469387755102,41.0
SE Marsh,SR Watson,49,69,2,140.81632653061226,34.5
RA Jadeja,JJ Bumrah,49,61,1,124.48979591836735,61.0
RD Gaikwad,B Kumar,49,69,0,140.81632653061226,69.0
SR Watson,R Ashwin,49,76,2,155.10204081632654,38.0
M Vijay,UT Yadav,49,71,2,144.89795918367346,35.5
RD Gaikwad,SP Narine,49,63,1,128.57142857142858,63.0
AB de Villiers,KH Pandya,49,51,4,104.08163265306123,12.75
S Badrinath,KA Pollard,49,49,2,100.0,24.5
SR Tendulkar,SB Jakati,49,60,2,122.44897959183673,30.0
S Dube,SN Thakur,49,71,0,144.89795918367346,71.0
S Dube,SP Narine,49,44,0,89.79591836734694,44.0
DR Smith,S Nadeem,49,59,2,120.40816326530613,29.5
AT Rayudu,S Nadeem,49,66,3,134.6938775510204,22.0
F du Plessis,Avesh Khan,49,62,1,126.53061224489797,62.0
RG Sharma,I Sharma,48,56,3,116.66666666666667,18.666666666666668
Shubman Gill,SN Thakur,48,51,2,106.25,25.5
RD Gaikwad,YS Chahal,48,53,3,110.41666666666667,17.666666666666668
KA Pollard,Rashid Khan,48,28,2,58.333333333333336,14.0
SK Raina,AR Patel,48,63,2,131.25,31.5
N Rana,MP Stoinis,48,69,2,143.75,34.5
RV Uthappa,DW Steyn,48,57,0,118.75,57.0
SR Watson,MM Sharma,48,60,2,125.0,30.0
SV Samson,MM Sharma,48,45,1,93.75,45.0
GJ Maxwell,YS Chahal,48,65,3,135.41666666666669,21.666666666666668
BB McCullum,IK Pathan,48,38,1,79.16666666666666,38.0
RR Pant,KH Pandya,48,80,3,166.66666666666669,26.666666666666668
Yuvraj Singh,SP Narine,48,35,1,72.91666666666666,35.0
Yuvraj Singh,R Ashwin,48,45,0,93.75,45.0
LMP Simmons,A Nehra,48,60,0,125.0,60.0
RA Tripathi,Mohammed Siraj,48,58,2,120.83333333333333,29.0
V Kohli,Ravi Bishnoi,48,37,2,77.08333333333334,18.5
TM Dilshan,RP Singh,48,38,2,79.16666666666666,19.0
JC Buttler,DL Chahar,48,72,0,150.0,72.0
M Vijay,SL Malinga,48,43,2,89.58333333333334,21.5
G Gambhir,I Sharma,48,57,0,118.75,57.0
RR Pant,JJ Bumrah,48,55,7,114.58333333333333,7.857142857142857
SR Tendulkar,SK Trivedi,48,57,1,118.75,57.0
N Rana,T Natarajan,48,77,3,160.41666666666669,25.666666666666668
V Kohli,Mustafizur Rahman,48,67,2,139.58333333333331,33.5
V Kohli,JC Archer,48,64,1,133.33333333333331,64.0
V Kohli,CV Varun,48,55,1,114.58333333333333,55.0
SV Samson,Arshdeep Singh,48,82,1,170.83333333333331,82.0
DJ Hooda,AR Patel,48,62,0,129.16666666666669,62.0
Shubman Gill,Mohammed Siraj,48,65,1,135.41666666666669,65.0
M Vijay,SR Watson,48,63,3,131.25,21.0
Shubman Gill,SP Narine,48,62,3,129.16666666666669,20.666666666666668
DA Warner,MM Sharma,48,90,1,187.5,90.0
SC Ganguly,PP Ojha,47,65,2,138.29787234042556,32.5
RG Sharma,Kuldeep Yadav,47,62,1,131.91489361702128,62.0
SV Samson,PP Chawla,47,68,2,144.6808510638298,34.0
SE Marsh,MM Patel,47,51,1,108.51063829787233,51.0
SS Iyer,Mohammed Siraj,47,60,2,127.65957446808511,30.0
SS Iyer,DL Chahar,47,61,0,129.7872340425532,61.0
BB McCullum,Harbhajan Singh,47,76,2,161.70212765957444,38.0
MS Dhoni,JD Unadkat,47,106,1,225.531914893617,106.0
D Padikkal,JO Holder,47,52,2,110.63829787234043,26.0
YK Pathan,RA Jadeja,47,61,0,129.7872340425532,61.0
Shubman Gill,JC Archer,47,56,4,119.14893617021276,14.0
SR Watson,Rashid Khan,47,82,0,174.468085106383,82.0
AB de Villiers,DJ Bravo,47,72,1,153.19148936170214,72.0
GJ Maxwell,RD Chahar,47,65,2,138.29787234042556,32.5
RG Sharma,JD Unadkat,47,79,3,168.08510638297872,26.333333333333332
RG Sharma,DW Steyn,47,37,1,78.72340425531915,37.0
G Gambhir,WD Parnell,47,39,2,82.97872340425532,19.5
M Vijay,VR Aaron,47,56,0,119.14893617021276,56.0
RG Sharma,Sandeep Sharma,47,38,6,80.85106382978722,6.333333333333333
DA Warner,JJ Bumrah,47,54,0,114.89361702127661,54.0
SA Yadav,CV Varun,47,48,1,102.12765957446808,48.0
SA Yadav,DL Chahar,47,58,1,123.40425531914893,58.0
S Dhawan,Washington Sundar,47,37,0,78.72340425531915,37.0
JC Buttler,KK Ahmed,47,61,2,129.7872340425532,30.5
JC Buttler,HH Pandya,47,83,3,176.59574468085106,27.666666666666668
AT Rayudu,HV Patel,47,55,5,117.02127659574468,11.0
KL Rahul,Mustafizur Rahman,47,64,1,136.17021276595744,64.0
SK Raina,P Kumar,47,85,3,180.85106382978725,28.333333333333332
G Gambhir,PP Chawla,47,55,1,117.02127659574468,55.0
JH Kallis,Harbhajan Singh,47,49,2,104.25531914893618,24.5
PA Patel,DW Steyn,47,51,1,108.51063829787233,51.0
V Sehwag,P Kumar,47,79,3,168.08510638297872,26.333333333333332
JH Kallis,IK Pathan,47,56,2,119.14893617021276,28.0
S Dhawan,LH Ferguson,47,53,1,112.7659574468085,53.0
S Badrinath,M Kartik,47,64,0,136.17021276595744,64.0
G Gambhir,Sandeep Sharma,47,43,2,91.48936170212765,21.5
KL Rahul,Avesh Khan,47,70,1,148.93617021276594,70.0
MM Ali,R Ashwin,47,55,2,117.02127659574468,27.5
N Rana,DL Chahar,47,40,2,85.1063829787234,20.0
KD Karthik,PP Chawla,47,56,3,119.14893617021276,18.666666666666668
BB McCullum,S Nadeem,47,48,0,102.12765957446808,48.0
D Padikkal,K Rabada,47,91,1,193.61702127659575,91.0
KD Karthik,AR Patel,46,64,2,139.1304347826087,32.0
D Padikkal,RD Chahar,46,61,0,132.6086956521739,61.0
D Padikkal,Rashid Khan,46,40,6,86.95652173913044,6.666666666666667
JH Kallis,SB Jakati,46,56,2,121.73913043478262,28.0
JH Kallis,MM Patel,46,56,2,121.73913043478262,28.0
S Dube,CV Varun,46,64,1,139.1304347826087,64.0
PA Patel,R Ashwin,46,32,4,69.56521739130434,8.0
S Dhawan,IK Pathan,46,56,3,121.73913043478262,18.666666666666668
S Dhawan,J Yadav,46,54,2,117.3913043478261,27.0
V Kohli,KV Sharma,46,89,0,193.47826086956522,89.0
RG Sharma,YS Chahal,46,42,2,91.30434782608695,21.0
RG Sharma,PJ Cummins,46,57,4,123.91304347826086,14.25
B Sai Sudharsan,Arshdeep Singh,46,56,2,121.73913043478262,28.0
R Dravid,M Muralitharan,46,35,2,76.08695652173914,17.5
Shubman Gill,JJ Bumrah,46,43,2,93.47826086956522,21.5
KS Williamson,SN Thakur,46,58,2,126.08695652173914,29.0
SK Raina,MG Johnson,46,64,2,139.1304347826087,32.0
AT Rayudu,Sandeep Sharma,46,72,3,156.52173913043478,24.0
RD Gaikwad,TA Boult,46,57,3,123.91304347826086,19.0
KL Rahul,RD Chahar,46,47,1,102.17391304347827,47.0
HH Pandya,K Rabada,46,58,3,126.08695652173914,19.333333333333332
KL Rahul,SN Thakur,46,82,2,178.26086956521738,41.0
DA Warner,A Mishra,46,52,3,113.04347826086956,17.333333333333332
SV Samson,Ravi Bishnoi,46,75,0,163.04347826086956,75.0
F du Plessis,RD Chahar,46,54,1,117.3913043478261,54.0
DJ Hussey,R Bhatia,46,41,0,89.13043478260869,41.0
SV Samson,HH Pandya,46,86,2,186.95652173913044,43.0
Q de Kock,Rashid Khan,46,48,2,104.34782608695652,24.0
AD Russell,JJ Bumrah,46,57,4,123.91304347826086,14.25
YBK Jaiswal,Mohammed Shami,46,55,1,119.56521739130434,55.0
MEK Hussey,Harbhajan Singh,46,39,1,84.78260869565217,39.0
CH Gayle,AD Russell,46,82,2,178.26086956521738,41.0
Q de Kock,Mohammed Shami,45,58,4,128.88888888888889,14.5
SPD Smith,DJ Bravo,45,64,3,142.22222222222223,21.333333333333332
GJ Maxwell,PP Chawla,45,76,3,168.88888888888889,25.333333333333332
MK Pandey,I Sharma,45,31,1,68.88888888888889,31.0
SA Yadav,PJ Cummins,45,49,3,108.88888888888889,16.333333333333332
AC Gilchrist,R Ashwin,45,46,2,102.22222222222221,23.0
V Kohli,Shakib Al Hasan,45,56,1,124.44444444444444,56.0
MS Bisla,DW Steyn,45,36,0,80.0,36.0
JC Buttler,YS Chahal,45,33,2,73.33333333333333,16.5
JC Buttler,Mujeeb Ur Rahman,45,61,3,135.55555555555557,20.333333333333332
V Kohli,Noor Ahmad,45,63,2,140.0,31.5
V Kohli,LH Ferguson,45,72,0,160.0,72.0
V Kohli,SK Raina,45,54,1,120.0,54.0
V Sehwag,JA Morkel,45,59,1,131.11111111111111,59.0
MS Dhoni,TA Boult,45,82,3,182.22222222222223,27.333333333333332
RV Uthappa,I Sharma,45,58,1,128.88888888888889,58.0
MC Henriques,A Mishra,45,48,1,106.66666666666667,48.0
YK Pathan,R Vinay Kumar,45,66,4,146.66666666666666,16.5
MS Dhoni,MG Johnson,45,59,1,131.11111111111111,59.0
DR Smith,B Kumar,45,45,3,100.0,15.0
F du Plessis,M Ashwin,45,58,0,128.88888888888889,58.0
AM Rahane,YS Chahal,45,46,4,102.22222222222221,11.5
RA Jadeja,Mohammed Siraj,45,54,0,120.0,54.0
Tilak Varma,Kuldeep Yadav,45,64,0,142.22222222222223,64.0
AR Patel,CV Varun,45,32,3,71.11111111111111,10.666666666666666
SK Raina,PP Ojha,45,68,2,151.11111111111111,34.0
G Gambhir,PP Ojha,45,55,5,122.22222222222223,11.0
RD Gaikwad,K Rabada,45,48,3,106.66666666666667,16.0
SR Tendulkar,AB Dinda,45,59,0,131.11111111111111,59.0
HH Pandya,M Prasidh Krishna,45,63,1,140.0,63.0
SR Tendulkar,A Mishra,45,55,2,122.22222222222223,27.5
D Padikkal,DL Chahar,45,72,1,160.0,72.0
RV Uthappa,PP Chawla,45,43,2,95.55555555555556,21.5
KA Pollard,PP Chawla,45,58,1,128.88888888888889,58.0
CH Gayle,MJ McClenaghan,45,51,1,113.33333333333333,51.0
KA Pollard,DW Steyn,45,38,1,84.44444444444444,38.0
RV Uthappa,L Balaji,45,66,0,146.66666666666666,66.0
ML Hayden,Harbhajan Singh,45,40,1,88.88888888888889,40.0
S Dhawan,M Prasidh Krishna,45,65,1,144.44444444444443,65.0
PA Patel,RA Jadeja,45,56,2,124.44444444444444,28.0
RV Uthappa,M Muralitharan,44,57,3,129.54545454545453,19.0
JH Kallis,UT Yadav,44,46,2,104.54545454545455,23.0
RV Uthappa,MM Sharma,44,78,0,177.27272727272728,78.0
MEK Hussey,L Balaji,44,59,2,134.0909090909091,29.5
R Dravid,L Balaji,44,59,1,134.0909090909091,59.0
MA Agarwal,R Ashwin,44,71,3,161.36363636363635,23.666666666666668
RR Pant,Mustafizur Rahman,44,72,1,163.63636363636365,72.0
RG Sharma,Yuvraj Singh,44,41,1,93.18181818181817,41.0
KL Rahul,KK Ahmed,44,52,2,118.18181818181819,26.0
AC Gilchrist,IK Pathan,44,66,4,150.0,16.5
S Dhawan,JD Unadkat,44,70,1,159.0909090909091,70.0
AT Rayudu,JJ Bumrah,44,60,2,136.36363636363635,30.0
JC Buttler,Mohammed Siraj,44,55,2,125.0,27.5
AM Rahane,AD Mathews,44,52,1,118.18181818181819,52.0
N Pooran,SP Narine,44,39,3,88.63636363636364,13.0
R Dravid,IK Pathan,44,58,2,131.8181818181818,29.0
RV Uthappa,IK Pathan,44,30,4,68.18181818181817,7.5
RV Uthappa,JJ Bumrah,44,54,3,122.72727272727273,18.0
AM Rahane,A Nehra,44,59,0,134.0909090909091,59.0
DJ Bravo,PP Chawla,44,45,2,102.27272727272727,22.5
SS Iyer,MJ McClenaghan,44,61,2,138.63636363636365,30.5
RA Jadeja,Rashid Khan,44,32,2,72.72727272727273,16.0
AB de Villiers,IK Pathan,44,67,0,152.27272727272728,67.0
SK Raina,Shakib Al Hasan,44,47,2,106.81818181818181,23.5
RG Sharma,HV Patel,44,52,3,118.18181818181819,17.333333333333332
SA Yadav,KH Pandya,44,59,2,134.0909090909091,29.5
RG Sharma,Rashid Khan,44,56,4,127.27272727272727,14.0
MA Agarwal,Sandeep Sharma,44,47,3,106.81818181818181,15.666666666666666
Q de Kock,Sandeep Sharma,44,50,2,113.63636363636364,25.0
MEK Hussey,R Bhatia,44,59,0,134.0909090909091,59.0
MEK Hussey,SP Narine,44,37,4,84.0909090909091,9.25
RA Tripathi,YS Chahal,44,43,2,97.72727272727273,21.5
Shubman Gill,RD Chahar,44,75,2,170.45454545454547,37.5
KL Rahul,TG Southee,44,64,1,145.45454545454547,64.0
DA Warner,JD Unadkat,44,51,1,115.90909090909092,51.0
Q de Kock,UT Yadav,44,65,2,147.72727272727272,32.5
G Gambhir,SL Malinga,44,39,2,88.63636363636364,19.5
SK Raina,Kuldeep Yadav,44,51,2,115.90909090909092,25.5
LMP Simmons,RA Jadeja,44,61,2,138.63636363636365,30.5
V Kohli,M Prasidh Krishna,44,70,3,159.0909090909091,23.333333333333332
MK Pandey,Mohammed Shami,44,35,3,79.54545454545455,11.666666666666666
AR Patel,B Kumar,44,62,4,140.9090909090909,15.5
DA Warner,RD Chahar,44,67,0,152.27272727272728,67.0
M Vijay,B Kumar,43,35,1,81.3953488372093,35.0
G Gambhir,A Mishra,43,54,2,125.5813953488372,27.0
SR Watson,Z Khan,43,42,1,97.67441860465115,42.0
SR Tendulkar,RP Singh,43,48,3,111.62790697674419,16.0
RV Uthappa,CH Morris,43,53,3,123.25581395348837,17.666666666666668
RV Uthappa,Z Khan,43,42,2,97.67441860465115,21.0
KK Nair,A Mishra,43,61,2,141.86046511627907,30.5
N Rana,B Kumar,43,51,2,118.6046511627907,25.5
CH Gayle,SK Raina,43,67,1,155.8139534883721,67.0
YK Pathan,KV Sharma,43,80,1,186.04651162790697,80.0
YBK Jaiswal,Arshdeep Singh,43,73,2,169.7674418604651,36.5
CH Gayle,M Morkel,43,61,3,141.86046511627907,20.333333333333332
AT Rayudu,Navdeep Saini,43,48,0,111.62790697674419,48.0
Ishan Kishan,SP Narine,43,62,3,144.1860465116279,20.666666666666668
KD Karthik,M Muralitharan,43,53,3,123.25581395348837,17.666666666666668
PA Patel,MG Johnson,43,84,1,195.3488372093023,84.0
Mandeep Singh,SP Narine,43,58,3,134.88372093023256,19.333333333333332
BJ Hodge,SL Malinga,43,41,2,95.34883720930233,20.5
R Parag,T Natarajan,43,69,2,160.46511627906978,34.5
DJ Hooda,TA Boult,43,60,0,139.53488372093022,60.0
Ishan Kishan,Harbhajan Singh,43,44,1,102.32558139534885,44.0
MK Pandey,KV Sharma,43,51,2,118.6046511627907,25.5
JC Buttler,Shivam Mavi,43,59,2,137.2093023255814,29.5
AT Rayudu,DJ Bravo,43,44,2,102.32558139534885,22.0
MK Pandey,Washington Sundar,43,41,1,95.34883720930233,41.0
V Kohli,Z Khan,43,64,4,148.8372093023256,16.0
MM Ali,Rashid Khan,43,58,4,134.88372093023256,14.5
D Padikkal,Arshdeep Singh,43,64,3,148.8372093023256,21.333333333333332
V Kohli,RD Chahar,43,42,1,97.67441860465115,42.0
DA Miller,HV Patel,43,64,0,148.8372093023256,64.0
JH Kallis,DL Vettori,43,45,3,104.65116279069768,15.0
JH Kallis,RJ Harris,43,36,0,83.72093023255815,36.0
KL Rahul,CH Morris,43,72,1,167.4418604651163,72.0
AC Gilchrist,JH Kallis,43,56,0,130.2325581395349,56.0
AB de Villiers,Rashid Khan,43,45,3,104.65116279069768,15.0
SK Raina,IK Pathan,43,65,1,151.1627906976744,65.0
YK Pathan,B Kumar,43,50,4,116.27906976744187,12.5
KA Pollard,SR Watson,43,75,1,174.41860465116278,75.0
WP Saha,RA Jadeja,43,48,2,111.62790697674419,24.0
MA Agarwal,UT Yadav,43,42,2,97.67441860465115,21.0
MS Dhoni,Z Khan,43,74,7,172.09302325581396,10.571428571428571
AB de Villiers,B Kumar,43,68,3,158.13953488372093,22.666666666666668
Ishan Kishan,TU Deshpande,43,58,0,134.88372093023256,58.0
V Kohli,MJ Santner,43,52,1,120.93023255813952,52.0
GJ Maxwell,Rashid Khan,43,49,1,113.95348837209302,49.0
G Gambhir,M Muralitharan,43,51,0,118.6046511627907,51.0
GJ Maxwell,A Mishra,43,80,5,186.04651162790697,16.0
SA Yadav,Kuldeep Yadav,43,62,1,144.1860465116279,62.0
F du Plessis,M Prasidh Krishna,43,41,1,95.34883720930233,41.0
AJ Finch,Sandeep Sharma,43,46,1,106.9767441860465,46.0
F du Plessis,JJ Bumrah,43,65,1,151.1627906976744,65.0
SPD Smith,A Mishra,43,39,1,90.69767441860465,39.0
DA Warner,DW Steyn,43,48,2,111.62790697674419,24.0
SA Yadav,M Prasidh Krishna,43,63,2,146.51162790697674,31.5
DA Warner,AB Dinda,43,50,2,116.27906976744187,25.0
PA Patel,Z Khan,43,43,0,100.0,43.0
AM Rahane,AD Russell,42,56,1,133.33333333333331,56.0
N Pooran,YS Chahal,42,54,2,128.57142857142858,27.0
RR Pant,HV Patel,42,56,3,133.33333333333331,18.666666666666668
RR Pant,JD Unadkat,42,75,2,178.57142857142858,37.5
NV Ojha,JA Morkel,42,68,2,161.9047619047619,34.0
N Rana,Sandeep Sharma,42,71,0,169.04761904761904,71.0
KD Karthik,SP Narine,42,51,2,121.42857142857142,25.5
RV Uthappa,R Vinay Kumar,42,65,0,154.76190476190476,65.0
RV Uthappa,PP Ojha,42,38,1,90.47619047619048,38.0
MS Dhoni,IK Pathan,42,80,1,190.47619047619045,80.0
RV Uthappa,S Nadeem,42,60,2,142.85714285714286,30.0
KH Pandya,Rashid Khan,42,40,4,95.23809523809523,10.0
JC Buttler,Avesh Khan,42,90,2,214.28571428571428,45.0
JC Buttler,PJ Cummins,42,57,3,135.71428571428572,19.0
MK Pandey,RJ Harris,42,32,2,76.19047619047619,16.0
V Kohli,NLTC Perera,42,66,1,157.14285714285714,66.0
S Dhawan,R Bhatia,42,46,2,109.52380952380953,23.0
DA Miller,M Prasidh Krishna,42,72,1,171.42857142857142,72.0
SR Watson,DS Kulkarni,42,48,2,114.28571428571428,24.0
SR Tendulkar,DW Steyn,42,50,1,119.04761904761905,50.0
PD Salt,KK Ahmed,42,62,0,147.61904761904762,62.0
RG Sharma,DS Kulkarni,42,65,4,154.76190476190476,16.25
A Symonds,A Mishra,42,60,3,142.85714285714286,20.0
DA Warner,KA Pollard,42,55,0,130.95238095238096,55.0
HH Pandya,AR Patel,42,46,1,109.52380952380953,46.0
SK Raina,I Sharma,42,77,1,183.33333333333331,77.0
KL Rahul,Shahbaz Ahmed,42,41,1,97.61904761904762,41.0
HH Pandya,Rashid Khan,42,38,2,90.47619047619048,19.0
SV Samson,Shakib Al Hasan,42,40,2,95.23809523809523,20.0
MK Pandey,JD Unadkat,42,35,3,83.33333333333334,11.666666666666666
Shubman Gill,Sandeep Sharma,42,34,2,80.95238095238095,17.0
KS Williamson,R Ashwin,42,58,0,138.0952380952381,58.0
AB de Villiers,JH Kallis,42,36,1,85.71428571428571,36.0
RA Jadeja,KH Pandya,42,41,2,97.61904761904762,20.5
F du Plessis,JD Unadkat,42,83,3,197.61904761904762,27.666666666666668
SV Samson,Harbhajan Singh,42,56,0,133.33333333333331,56.0
DPMD Jayawardene,JH Kallis,42,39,0,92.85714285714286,39.0
DPMD Jayawardene,R Bhatia,42,57,0,135.71428571428572,57.0
SR Watson,P Kumar,42,67,2,159.52380952380955,33.5
SV Samson,Mohammed Siraj,42,41,4,97.61904761904762,10.25
Yuvraj Singh,SK Warne,42,69,1,164.28571428571428,69.0
R Dravid,DL Vettori,42,39,1,92.85714285714286,39.0
C Green,Rashid Khan,42,65,1,154.76190476190476,65.0
MS Dhoni,Rashid Khan,42,41,2,97.61904761904762,20.5
BB McCullum,R Ashwin,41,29,3,70.73170731707317,9.666666666666666
B Sai Sudharsan,M Jansen,41,41,2,100.0,20.5
KA Pollard,R Ashwin,41,54,4,131.70731707317074,13.5
BB McCullum,B Kumar,41,29,1,70.73170731707317,29.0
SO Hetmyer,HV Patel,41,55,1,134.14634146341464,55.0
Q de Kock,JD Unadkat,41,58,0,141.46341463414635,58.0
F du Plessis,Rashid Khan,41,24,3,58.536585365853654,8.0
DPMD Jayawardene,RP Singh,41,70,0,170.73170731707316,70.0
Abhishek Sharma,Mukesh Choudhary,41,82,1,200.0,82.0
SR Watson,JD Unadkat,41,57,0,139.02439024390242,57.0
MK Pandey,HH Pandya,41,57,3,139.02439024390242,19.0
DJ Hooda,YS Chahal,41,53,4,129.26829268292684,13.25
AB de Villiers,Imran Tahir,41,58,3,141.46341463414635,19.333333333333332
AB de Villiers,A Kumble,41,39,0,95.1219512195122,39.0
M Vijay,R Vinay Kumar,41,51,1,124.39024390243902,51.0
RA Jadeja,Sandeep Sharma,41,40,1,97.5609756097561,40.0
Q de Kock,Harbhajan Singh,41,35,1,85.36585365853658,35.0
SPD Smith,YS Chahal,41,42,0,102.4390243902439,42.0
F du Plessis,CV Varun,41,59,2,143.90243902439025,29.5
RV Uthappa,Rashid Khan,41,64,2,156.09756097560975,32.0
JP Duminy,SP Narine,41,60,1,146.34146341463415,60.0
BJ Hodge,PP Ojha,41,44,0,107.31707317073172,44.0
KD Karthik,Iqbal Abdulla,41,49,0,119.51219512195121,49.0
AD Russell,Mohammed Shami,41,99,2,241.46341463414635,49.5
S Dhawan,M Muralitharan,41,36,0,87.8048780487805,36.0
KL Rahul,MM Sharma,41,46,3,112.19512195121952,15.333333333333334
SC Ganguly,P Kumar,41,41,2,100.0,20.5
SA Yadav,HV Patel,41,53,1,129.26829268292684,53.0
S Dhawan,YK Pathan,41,42,1,102.4390243902439,42.0
AC Gilchrist,YK Pathan,41,32,2,78.04878048780488,16.0
DA Miller,B Kumar,41,54,1,131.70731707317074,54.0
S Dhawan,I Sharma,41,41,4,100.0,10.25
PA Patel,PP Chawla,41,44,1,107.31707317073172,44.0
PA Patel,Harbhajan Singh,41,33,1,80.48780487804879,33.0
AM Rahane,MM Sharma,41,60,2,146.34146341463415,30.0
RG Sharma,M Kartik,41,36,2,87.8048780487805,18.0
DA Miller,UT Yadav,41,55,2,134.14634146341464,27.5
V Kohli,MJ McClenaghan,41,39,4,95.1219512195122,9.75
GC Smith,M Muralitharan,41,36,1,87.8048780487805,36.0
KL Rahul,PJ Cummins,41,56,2,136.58536585365854,28.0
RG Sharma,A Kumble,41,57,2,139.02439024390242,28.5
RD Gaikwad,Arshdeep Singh,41,42,3,102.4390243902439,14.0
RV Uthappa,DS Kulkarni,41,60,4,146.34146341463415,15.0
AD Russell,B Kumar,41,97,1,236.58536585365852,97.0
RV Uthappa,Mohammed Shami,41,52,2,126.82926829268293,26.0
RR Pant,R Ashwin,41,43,0,104.8780487804878,43.0
JH Kallis,DJ Bravo,41,45,3,109.75609756097562,15.0
RK Singh,RA Jadeja,41,54,1,131.70731707317074,54.0
KL Rahul,DJ Bravo,41,52,0,126.82926829268293,52.0
RV Uthappa,YS Chahal,41,44,3,107.31707317073172,14.666666666666666
DA Miller,JJ Bumrah,41,52,2,126.82926829268293,26.0
MS Dhoni,A Mishra,41,50,1,121.95121951219512,50.0
JC Buttler,M Jansen,41,61,1,148.78048780487805,61.0
Q de Kock,HV Patel,40,55,0,137.5,55.0
DR Smith,P Kumar,40,41,1,102.49999999999999,41.0
Yuvraj Singh,SK Trivedi,40,47,2,117.5,23.5
R Dravid,PP Chawla,40,38,1,95.0,38.0
M Vijay,RJ Harris,40,42,1,105.0,42.0
YK Pathan,R Ashwin,40,56,3,140.0,18.666666666666668
Mandeep Singh,RA Jadeja,40,43,3,107.5,14.333333333333334
YBK Jaiswal,KK Ahmed,40,65,2,162.5,32.5
BB McCullum,AR Patel,40,35,4,87.5,8.75
WP Saha,Mohammed Siraj,40,37,4,92.5,9.25
N Pooran,KK Ahmed,40,71,2,177.5,35.5
Mandeep Singh,Sandeep Sharma,40,32,1,80.0,32.0
SS Iyer,SP Narine,40,46,3,114.99999999999999,15.333333333333334
DPMD Jayawardene,PP Ojha,40,44,1,110.00000000000001,44.0
DJ Hussey,PP Ojha,40,41,1,102.49999999999999,41.0
MEK Hussey,JH Kallis,40,62,2,155.0,31.0
DPMD Jayawardene,SL Malinga,40,58,3,145.0,19.333333333333332
M Vijay,RP Singh,40,62,2,155.0,31.0
M Vijay,Z Khan,40,34,0,85.0,34.0
RA Jadeja,HV Patel,40,78,1,195.0,78.0
Abhishek Sharma,SP Narine,40,74,1,185.0,74.0
RA Tripathi,Arshdeep Singh,40,43,0,107.5,43.0
Q de Kock,JC Archer,40,76,2,190.0,38.0
Ishan Kishan,TA Boult,40,36,2,90.0,18.0
DA Miller,Avesh Khan,40,61,2,152.5,30.5
HH Pandya,Kuldeep Yadav,40,46,0,114.99999999999999,46.0
SA Yadav,S Gopal,40,64,1,160.0,64.0
AT Rayudu,RA Jadeja,40,50,1,125.0,50.0
S Dhawan,SM Curran,40,59,0,147.5,59.0
KL Rahul,S Gopal,40,42,0,105.0,42.0
G Gambhir,VR Aaron,40,44,1,110.00000000000001,44.0
H Klaasen,Noor Ahmad,40,89,1,222.5,89.0
H Klaasen,CV Varun,40,81,1,202.5,81.0
TM Dilshan,MM Patel,40,26,2,65.0,13.0
AB de Villiers,SP Narine,40,53,4,132.5,13.25
HH Pandya,Avesh Khan,40,35,3,87.5,11.666666666666666
Ishan Kishan,YS Chahal,40,62,3,155.0,20.666666666666668
RV Uthappa,Mohammed Siraj,40,60,1,150.0,60.0
V Sehwag,Harbhajan Singh,40,55,2,137.5,27.5
S Dhawan,CH Morris,40,54,1,135.0,54.0
JH Kallis,A Mishra,40,34,2,85.0,17.0
S Dhawan,PP Ojha,40,51,2,127.49999999999999,25.5
JH Kallis,R Ashwin,40,36,2,90.0,18.0
KD Karthik,DJ Bravo,40,49,4,122.50000000000001,12.25
KL Rahul,AR Patel,40,30,2,75.0,15.0
AR Patel,RA Jadeja,40,74,0,185.0,74.0
KH Pandya,YS Chahal,40,54,2,135.0,27.0
V Sehwag,MM Patel,40,52,3,130.0,17.333333333333332
RV Uthappa,MC Henriques,40,64,1,160.0,64.0
MS Dhoni,A Nehra,40,76,3,190.0,25.333333333333332
MS Dhoni,Harbhajan Singh,40,47,1,117.5,47.0
V Shankar,RA Jadeja,40,25,0,62.5,25.0
Yuvraj Singh,M Muralitharan,40,44,0,110.00000000000001,44.0
Shubman Gill,Kuldeep Yadav,39,73,0,187.17948717948718,73.0
KK Nair,YS Chahal,39,49,1,125.64102564102564,49.0
SPD Smith,KH Pandya,39,57,0,146.15384615384613,57.0
G Gambhir,MM Sharma,39,43,1,110.25641025641026,43.0
KH Pandya,HV Patel,39,51,2,130.76923076923077,25.5
V Kohli,S Gopal,39,68,3,174.35897435897436,22.666666666666668
SA Yadav,Arshdeep Singh,39,42,4,107.6923076923077,10.5
JA Morkel,SK Warne,39,89,0,228.2051282051282,89.0
MS Dhoni,JH Kallis,39,47,1,120.51282051282051,47.0
MP Stoinis,RD Chahar,39,78,3,200.0,26.0
V Suryavanshi,Mohammed Siraj,39,68,1,174.35897435897436,68.0
RG Sharma,Ravi Bishnoi,39,46,4,117.94871794871796,11.5
N Rana,AR Patel,39,52,2,133.33333333333331,26.0
SR Tendulkar,SK Warne,39,44,1,112.82051282051282,44.0
GJ Maxwell,JJ Bumrah,39,44,5,112.82051282051282,8.8
RV Uthappa,K Rabada,39,46,1,117.94871794871796,46.0
KC Sangakkara,DL Vettori,39,43,1,110.25641025641026,43.0
PA Patel,Mohammed Shami,39,52,2,133.33333333333331,26.0
WP Saha,Harbhajan Singh,39,58,0,148.71794871794873,58.0
G Gambhir,AD Mathews,39,60,0,153.84615384615387,60.0
NV Ojha,PP Chawla,39,55,2,141.02564102564102,27.5
V Kohli,M Muralitharan,39,50,2,128.2051282051282,25.0
Tilak Varma,Rashid Khan,39,46,2,117.94871794871796,23.0
JP Duminy,YS Chahal,39,49,1,125.64102564102564,49.0
RV Uthappa,UT Yadav,39,34,2,87.17948717948718,17.0
S Dhawan,Kuldeep Yadav,39,34,2,87.17948717948718,17.0
AT Rayudu,Avesh Khan,39,63,0,161.53846153846155,63.0
ST Jayasuriya,JH Kallis,39,49,0,125.64102564102564,49.0
HH Pandya,DJ Bravo,39,55,1,141.02564102564102,55.0
DPMD Jayawardene,P Kumar,39,36,1,92.3076923076923,36.0
SE Marsh,KA Pollard,39,46,0,117.94871794871796,46.0
SK Raina,R Bhatia,39,45,2,115.38461538461537,22.5
SK Raina,JJ Bumrah,39,50,2,128.2051282051282,25.0
CH Gayle,P Awana,39,64,2,164.1025641025641,32.0
CH Gayle,KA Pollard,39,65,1,166.66666666666669,65.0
CH Gayle,JH Kallis,39,46,2,117.94871794871796,23.0
MP Stoinis,JJ Bumrah,39,30,3,76.92307692307693,10.0
S Dhawan,SK Trivedi,39,46,1,117.94871794871796,46.0
LS Livingstone,Rashid Khan,39,66,3,169.23076923076923,22.0
S Dhawan,L Balaji,39,50,0,128.2051282051282,50.0
R Dravid,JA Morkel,39,48,1,123.07692307692308,48.0
B Sai Sudharsan,JC Archer,39,54,0,138.46153846153845,54.0
B Sai Sudharsan,Sandeep Sharma,39,39,0,100.0,39.0
Yuvraj Singh,UT Yadav,39,55,4,141.02564102564102,13.75
AB de Villiers,HH Pandya,39,88,0,225.64102564102564,88.0
SR Watson,A Nehra,39,48,2,123.07692307692308,24.0
SK Raina,Z Khan,39,62,2,158.97435897435898,31.0
Yuvraj Singh,JH Kallis,39,70,2,179.4871794871795,35.0
B Sai Sudharsan,TA Boult,39,43,2,110.25641025641026,21.5
WP Saha,K Rabada,39,58,4,148.71794871794873,14.5
MK Pandey,Bipul Sharma,39,50,1,128.2051282051282,50.0
Q de Kock,Mustafizur Rahman,39,53,1,135.8974358974359,53.0
JC Buttler,M Theekshana,39,55,1,141.02564102564102,55.0
DR Smith,L Balaji,39,27,1,69.23076923076923,27.0
S Dhawan,VR Aaron,39,43,1,110.25641025641026,43.0
AB de Villiers,AD Russell,39,87,1,223.0769230769231,87.0
SR Watson,S Nadeem,39,38,2,97.43589743589743,19.0
AM Rahane,Mohammed Siraj,39,25,3,64.1025641025641,8.333333333333334
Q de Kock,SN Thakur,39,53,2,135.8974358974359,26.5
V Sehwag,SL Malinga,39,41,1,105.12820512820514,41.0
V Kohli,PJ Cummins,39,58,0,148.71794871794873,58.0
R Parag,KH Pandya,39,40,1,102.56410256410255,40.0
DR Smith,I Sharma,39,44,1,112.82051282051282,44.0
V Kohli,RP Singh,39,62,2,158.97435897435898,31.0
AM Rahane,MA Starc,39,49,1,125.64102564102564,49.0
CH Gayle,Z Khan,39,34,3,87.17948717948718,11.333333333333334
MK Pandey,UT Yadav,39,59,0,151.28205128205127,59.0
SC Ganguly,YK Pathan,39,45,0,115.38461538461537,45.0
JC Buttler,UT Yadav,39,55,0,141.02564102564102,55.0
Shubman Gill,Rashid Khan,38,31,2,81.57894736842105,15.5
DA Warner,Mohammed Siraj,38,64,2,168.42105263157893,32.0
KD Karthik,T Natarajan,38,66,1,173.6842105263158,66.0
Abhishek Sharma,TA Boult,38,44,3,115.78947368421053,14.666666666666666
S Dhawan,HV Patel,38,42,2,110.5263157894737,21.0
RA Jadeja,T Natarajan,38,60,1,157.89473684210526,60.0
JH Kallis,PP Chawla,38,34,0,89.47368421052632,34.0
SV Samson,JO Holder,38,40,3,105.26315789473684,13.333333333333334
JM Sharma,YS Chahal,38,41,3,107.89473684210526,13.666666666666666
CH Gayle,IK Pathan,38,65,1,171.05263157894737,65.0
AB de Villiers,SK Warne,38,43,2,113.1578947368421,21.5
Shubman Gill,VG Arora,38,60,2,157.89473684210526,30.0
DPMD Jayawardene,Harbhajan Singh,38,48,2,126.3157894736842,24.0
RV Uthappa,SK Trivedi,38,45,0,118.42105263157893,45.0
SE Marsh,M Morkel,38,40,2,105.26315789473684,20.0
HH Pandya,KH Pandya,38,32,1,84.21052631578947,32.0
KL Rahul,Mohammed Shami,38,43,3,113.1578947368421,14.333333333333334
RR Pant,K Gowtham,38,39,0,102.63157894736842,39.0
A Symonds,SK Warne,38,65,0,171.05263157894737,65.0
Shubman Gill,SM Curran,38,47,1,123.6842105263158,47.0
MS Dhoni,UT Yadav,38,68,2,178.94736842105263,34.0
KD Karthik,Rashid Khan,38,49,3,128.94736842105263,16.333333333333332
YBK Jaiswal,JR Hazlewood,38,93,4,244.73684210526315,23.25
MS Dhoni,SR Watson,38,43,3,113.1578947368421,14.333333333333334
P Simran Singh,AR Patel,38,41,1,107.89473684210526,41.0
DA Warner,Washington Sundar,38,47,2,123.6842105263158,23.5
DA Warner,Z Khan,38,44,2,115.78947368421053,22.0
AB de Villiers,DS Kulkarni,38,50,1,131.57894736842107,50.0
RG Sharma,SK Trivedi,38,45,6,118.42105263157893,7.5
KS Williamson,Mohammed Shami,38,48,4,126.3157894736842,12.0
KA Pollard,SP Narine,38,40,1,105.26315789473684,40.0
KC Sangakkara,M Muralitharan,38,26,3,68.42105263157895,8.666666666666666
RA Jadeja,A Mishra,38,31,4,81.57894736842105,7.75
R Tewatia,HV Patel,38,58,0,152.63157894736844,58.0
Q de Kock,Mohammed Siraj,38,53,2,139.4736842105263,26.5
Harbhajan Singh,DJ Bravo,38,46,4,121.05263157894737,11.5
DR Smith,SK Trivedi,38,45,0,118.42105263157893,45.0
AT Rayudu,SR Watson,38,40,4,105.26315789473684,10.0
R Parag,Kuldeep Yadav,38,47,0,123.6842105263158,47.0
DA Miller,SP Narine,38,51,0,134.21052631578948,51.0
D Padikkal,Mohammed Siraj,38,46,3,121.05263157894737,15.333333333333334
MK Pandey,Z Khan,38,31,1,81.57894736842105,31.0
AC Gilchrist,A Kumble,38,34,3,89.47368421052632,11.333333333333334
AK Markram,Mohammed Siraj,38,47,0,123.6842105263158,47.0
V Sehwag,A Nehra,38,65,3,171.05263157894737,21.666666666666668
S Dhawan,RP Singh,38,48,2,126.3157894736842,24.0
AM Rahane,S Kaul,38,37,1,97.36842105263158,37.0
AT Rayudu,IK Pathan,38,69,2,181.57894736842107,34.5
YK Pathan,Harbhajan Singh,38,47,0,123.6842105263158,47.0
SA Yadav,JC Archer,38,45,1,118.42105263157893,45.0
AC Gilchrist,M Morkel,38,30,1,78.94736842105263,30.0
SC Ganguly,DW Steyn,38,36,0,94.73684210526315,36.0
SC Ganguly,A Mishra,38,35,0,92.10526315789474,35.0
R Dravid,UT Yadav,38,32,1,84.21052631578947,32.0
V Kohli,SL Malinga,38,34,0,89.47368421052632,34.0
DA Miller,Kuldeep Yadav,38,43,1,113.1578947368421,43.0
MA Agarwal,K Rabada,38,57,1,150.0,57.0
BB McCullum,M Morkel,38,59,1,155.26315789473685,59.0
MS Dhoni,MM Sharma,38,61,3,160.5263157894737,20.333333333333332
MS Dhoni,RE van der Merwe,38,32,2,84.21052631578947,16.0
KL Rahul,C Sakariya,38,61,3,160.5263157894737,20.333333333333332
MS Dhoni,JC Archer,38,44,0,115.78947368421053,44.0
G Gambhir,MG Johnson,38,47,3,123.6842105263158,15.666666666666666
Yuvraj Singh,SR Watson,38,51,1,134.21052631578948,51.0
G Gambhir,MC Henriques,37,53,2,143.24324324324326,26.5
SR Watson,Harbhajan Singh,37,41,2,110.8108108108108,20.5
SK Raina,SR Watson,37,53,2,143.24324324324326,26.5
KD Karthik,Sandeep Sharma,37,68,3,183.7837837837838,22.666666666666668
G Gambhir,SK Warne,37,50,0,135.13513513513513,50.0
MS Dhoni,Yuvraj Singh,37,59,0,159.45945945945945,59.0
Mandeep Singh,AR Patel,37,34,3,91.8918918918919,11.333333333333334
RR Pant,Noor Ahmad,37,35,0,94.5945945945946,35.0
MS Dhoni,M Kartik,37,46,0,124.32432432432432,46.0
Yuvraj Singh,Mohammed Shami,37,44,0,118.91891891891892,44.0
KL Rahul,DR Sams,37,50,0,135.13513513513513,50.0
SP Narine,KK Ahmed,37,57,3,154.05405405405406,19.0
SE Marsh,JA Morkel,37,44,0,118.91891891891892,44.0
HH Gibbs,M Kartik,37,28,1,75.67567567567568,28.0
SS Iyer,Mohammed Shami,37,49,1,132.43243243243242,49.0
MEK Hussey,SL Malinga,37,41,2,110.8108108108108,20.5
AB de Villiers,A Mishra,37,40,1,108.10810810810811,40.0
SA Yadav,AS Rajpoot,37,79,0,213.51351351351352,79.0
MEK Hussey,IK Pathan,37,59,2,159.45945945945945,29.5
M Vijay,I Sharma,37,52,0,140.54054054054055,52.0
V Sehwag,DW Steyn,37,33,2,89.1891891891892,16.5
HH Pandya,PJ Cummins,37,65,0,175.67567567567568,65.0
SR Watson,RP Singh,37,32,3,86.48648648648648,10.666666666666666
D Padikkal,SM Curran,37,54,1,145.94594594594594,54.0
AT Rayudu,RD Chahar,37,55,1,148.64864864864865,55.0
Ishan Kishan,K Rabada,37,64,3,172.97297297297297,21.333333333333332
Ishan Kishan,MP Stoinis,37,46,2,124.32432432432432,23.0
DR Smith,KV Sharma,37,49,2,132.43243243243242,24.5
S Badrinath,Harbhajan Singh,37,42,0,113.51351351351352,42.0
JP Duminy,M Muralitharan,37,44,1,118.91891891891892,44.0
RA Tripathi,R Ashwin,37,52,1,140.54054054054055,52.0
AJ Finch,S Nadeem,37,34,2,91.8918918918919,17.0
PA Patel,JD Unadkat,37,45,3,121.62162162162163,15.0
HH Pandya,JC Archer,37,42,3,113.51351351351352,14.0
S Dhawan,M Ashwin,37,50,0,135.13513513513513,50.0
AJ Finch,YS Chahal,37,45,0,121.62162162162163,45.0
SS Iyer,UT Yadav,37,53,0,143.24324324324326,53.0
SS Iyer,SM Curran,37,72,1,194.5945945945946,72.0
S Dhawan,AD Russell,37,63,1,170.27027027027026,63.0
SC Ganguly,SK Warne,37,40,1,108.10810810810811,40.0
DR Smith,A Mishra,37,59,1,159.45945945945945,59.0
Q de Kock,AD Russell,37,89,2,240.54054054054052,44.5
AM Rahane,K Rabada,37,43,2,116.21621621621621,21.5
MK Pandey,R Tewatia,37,47,0,127.02702702702702,47.0
AM Rahane,JD Unadkat,37,36,5,97.2972972972973,7.2
RV Uthappa,MM Patel,37,32,1,86.48648648648648,32.0
S Badrinath,SL Malinga,37,37,1,100.0,37.0
KD Karthik,S Gopal,37,49,0,132.43243243243242,49.0
PA Patel,A Nehra,37,62,3,167.56756756756758,20.666666666666668
WP Saha,DJ Bravo,37,36,3,97.2972972972973,12.0
WP Saha,B Kumar,37,48,1,129.72972972972974,48.0
KD Karthik,JJ Bumrah,37,68,0,183.7837837837838,68.0
AB de Villiers,MC Henriques,37,57,1,154.05405405405406,57.0
MS Dhoni,HV Patel,37,25,4,67.56756756756756,6.25
Tilak Varma,RA Jadeja,37,49,1,132.43243243243242,49.0
VR Iyer,B Kumar,37,49,0,132.43243243243242,49.0
N Rana,Mohammed Shami,37,31,1,83.78378378378379,31.0
DA Warner,YK Pathan,37,45,0,121.62162162162163,45.0
DJ Bravo,PP Ojha,37,39,3,105.40540540540539,13.0
ML Hayden,A Kumble,37,24,2,64.86486486486487,12.0
RD Gaikwad,RD Chahar,37,40,1,108.10810810810811,40.0
AJ Finch,MG Johnson,37,32,3,86.48648648648648,10.666666666666666
KD Karthik,IK Pathan,37,47,2,127.02702702702702,23.5
RG Sharma,A Nehra,37,62,2,167.56756756756758,31.0
KS Williamson,K Rabada,37,38,2,102.7027027027027,19.0
KD Karthik,HV Patel,37,44,2,118.91891891891892,22.0
SK Raina,Rashid Khan,37,47,3,127.02702702702702,15.666666666666666
KM Jadhav,JJ Bumrah,37,41,0,110.8108108108108,41.0
SK Raina,MM Patel,37,63,2,170.27027027027026,31.5
DPMD Jayawardene,L Balaji,37,46,1,124.32432432432432,46.0
DJ Hooda,SN Thakur,37,53,2,143.24324324324326,26.5
SK Raina,MJ McClenaghan,37,50,1,135.13513513513513,50.0
PA Patel,YK Pathan,37,31,3,83.78378378378379,10.333333333333334
Yuvraj Singh,A Mishra,36,29,2,80.55555555555556,14.5
N Pooran,Arshdeep Singh,36,56,2,155.55555555555557,28.0
N Pooran,Kuldeep Yadav,36,50,1,138.88888888888889,50.0
PP Shaw,B Kumar,36,35,2,97.22222222222221,17.5
SE Marsh,Z Khan,36,41,2,113.88888888888889,20.5
SE Marsh,RP Singh,36,59,1,163.88888888888889,59.0
PJ Cummins,JJ Bumrah,36,54,1,150.0,54.0
PA Patel,I Sharma,36,50,1,138.88888888888889,50.0
S Dhawan,AB Dinda,36,33,2,91.66666666666666,16.5
JM Bairstow,Mohammed Siraj,36,69,1,191.66666666666669,69.0
DR Smith,DW Steyn,36,27,0,75.0,27.0
SK Raina,HV Patel,36,24,2,66.66666666666666,12.0
Q de Kock,I Sharma,36,53,2,147.22222222222223,26.5
Q de Kock,DS Kulkarni,36,55,1,152.77777777777777,55.0
HH Pandya,A Nortje,36,50,2,138.88888888888889,25.0
V Kohli,R Tewatia,36,40,0,111.11111111111111,40.0
V Kohli,T Natarajan,36,66,1,183.33333333333331,66.0
DR Smith,JA Morkel,36,63,1,175.0,63.0
SR Watson,SP Narine,36,39,5,108.33333333333333,7.8
MEK Hussey,Z Khan,36,31,4,86.11111111111111,7.75
S Dhawan,S Nadeem,36,64,2,177.77777777777777,32.0
MA Agarwal,TG Southee,36,46,0,127.77777777777777,46.0
AM Rahane,RA Jadeja,36,39,3,108.33333333333333,13.0
SA Yadav,Imran Tahir,36,46,1,127.77777777777777,46.0
G Gambhir,MM Patel,36,43,2,119.44444444444444,21.5
SA Yadav,Mohammed Siraj,36,72,1,200.0,72.0
Abhishek Sharma,Rashid Khan,36,82,1,227.77777777777777,82.0
Ishan Kishan,KK Ahmed,36,58,0,161.11111111111111,58.0
DR Smith,Z Khan,36,47,0,130.55555555555557,47.0
S Dube,JJ Bumrah,36,23,3,63.888888888888886,7.666666666666667
SV Samson,Mukesh Kumar,36,63,1,175.0,63.0
V Kohli,AJ Tye,36,43,0,119.44444444444444,43.0
RA Tripathi,DL Chahar,36,52,1,144.44444444444443,52.0
DJ Hussey,A Mishra,36,53,0,147.22222222222223,53.0
GJ Maxwell,KH Pandya,36,42,3,116.66666666666667,14.0
AR Patel,YS Chahal,36,46,3,127.77777777777777,15.333333333333334
KS Williamson,DJ Bravo,36,51,2,141.66666666666669,25.5
KL Rahul,Suyash Sharma,36,37,0,102.77777777777777,37.0
RM Patidar,YS Chahal,36,51,2,141.66666666666669,25.5
SK Raina,AB Dinda,36,56,1,155.55555555555557,56.0
RV Uthappa,MS Gony,36,40,0,111.11111111111111,40.0
KD Karthik,A Nehra,36,46,4,127.77777777777777,11.5
PA Patel,JH Kallis,36,34,2,94.44444444444444,17.0
SV Samson,RD Chahar,36,56,2,155.55555555555557,28.0
SV Samson,R Vinay Kumar,36,45,1,125.0,45.0
DP Conway,M Jansen,36,69,0,191.66666666666669,69.0
JM Bairstow,YS Chahal,36,29,4,80.55555555555556,7.25
MP Stoinis,PP Chawla,36,41,1,113.88888888888889,41.0
SO Hetmyer,B Kumar,36,53,2,147.22222222222223,26.5
N Wadhera,PWH de Silva,36,72,1,200.0,72.0
RV Uthappa,A Nehra,36,55,2,152.77777777777777,27.5
RR Pant,CV Varun,36,36,3,100.0,12.0
TM Dilshan,Harbhajan Singh,36,41,1,113.88888888888889,41.0
RG Sharma,Washington Sundar,36,44,3,122.22222222222223,14.666666666666666
SO Hetmyer,Arshdeep Singh,36,54,1,150.0,54.0
G Gambhir,MS Gony,36,53,2,147.22222222222223,26.5
MS Dhoni,AD Russell,36,50,2,138.88888888888889,25.0
MS Dhoni,S Kaul,36,62,1,172.22222222222223,62.0
KD Karthik,M Morkel,36,38,2,105.55555555555556,19.0
RR Pant,Sandeep Sharma,36,33,2,91.66666666666666,16.5
KH Pandya,Kuldeep Yadav,36,36,1,100.0,36.0
KD Karthik,JH Kallis,36,53,1,147.22222222222223,53.0
Shubman Gill,M Jansen,36,40,0,111.11111111111111,40.0
DA Warner,SK Raina,36,49,1,136.11111111111111,49.0
DA Warner,Mujeeb Ur Rahman,36,61,0,169.44444444444443,61.0
KD Karthik,Yuvraj Singh,36,45,2,125.0,22.5
SR Tendulkar,M Kartik,35,35,1,100.0,35.0
G Gambhir,KV Sharma,35,47,2,134.28571428571428,23.5
Abhishek Sharma,DL Chahar,35,44,2,125.71428571428571,22.0
G Gambhir,DS Kulkarni,35,43,0,122.85714285714286,43.0
WP Saha,SL Malinga,35,41,1,117.14285714285715,41.0
G Gambhir,SB Jakati,35,56,1,160.0,56.0
F du Plessis,SL Malinga,35,23,2,65.71428571428571,11.5
SR Watson,NLTC Perera,35,60,1,171.42857142857142,60.0
KD Karthik,Mohammed Shami,35,53,3,151.42857142857142,17.666666666666668
AD Russell,RD Chahar,35,39,0,111.42857142857143,39.0
DA Warner,VR Aaron,35,46,1,131.42857142857142,46.0
KL Rahul,Navdeep Saini,35,50,0,142.85714285714286,50.0
GJ Maxwell,AR Patel,35,45,0,128.57142857142858,45.0
GC Smith,Z Khan,35,53,1,151.42857142857142,53.0
GC Smith,P Kumar,35,16,2,45.714285714285715,8.0
SO Hetmyer,Mohammed Siraj,35,48,2,137.14285714285714,24.0
R Parag,Noor Ahmad,35,55,1,157.14285714285714,55.0
DA Warner,B Kumar,35,19,2,54.285714285714285,9.5
M Vijay,Iqbal Abdulla,35,42,2,120.0,21.0
JC Buttler,MP Stoinis,35,41,2,117.14285714285715,20.5
AD Russell,RA Jadeja,35,47,0,134.28571428571428,47.0
MS Bisla,P Kumar,35,24,1,68.57142857142857,24.0
MK Pandey,Kartik Tyagi,35,61,0,174.28571428571428,61.0
RG Sharma,Z Khan,35,29,2,82.85714285714286,14.5
RR Pant,MM Ali,35,41,2,117.14285714285715,20.5
TM Head,TA Boult,35,46,1,131.42857142857142,46.0
MP Stoinis,KH Pandya,35,39,0,111.42857142857143,39.0
MP Stoinis,Mohammed Shami,35,63,1,180.0,63.0
N Rana,TA Boult,35,55,1,157.14285714285714,55.0
AB de Villiers,CH Morris,35,71,0,202.85714285714283,71.0
SR Watson,I Sharma,35,54,2,154.2857142857143,27.0
RR Pant,S Gopal,35,60,1,171.42857142857142,60.0
KD Karthik,SK Warne,35,36,1,102.85714285714285,36.0
RV Uthappa,M Morkel,35,45,1,128.57142857142858,45.0
AM Rahane,Kuldeep Yadav,35,31,3,88.57142857142857,10.333333333333334
AM Rahane,DL Chahar,35,32,4,91.42857142857143,8.0
PP Shaw,PP Chawla,35,62,2,177.14285714285714,31.0
DPMD Jayawardene,AB Agarkar,35,44,1,125.71428571428571,44.0
DJ Hooda,R Ashwin,35,32,3,91.42857142857143,10.666666666666666
RV Uthappa,KA Pollard,35,42,3,120.0,14.0
KC Sangakkara,YK Pathan,35,37,1,105.71428571428572,37.0
DA Warner,GJ Maxwell,35,40,1,114.28571428571428,40.0
AJ Finch,Mohammed Shami,35,33,1,94.28571428571428,33.0
SK Raina,AJ Tye,35,54,0,154.2857142857143,54.0
HH Pandya,CV Varun,35,33,1,94.28571428571428,33.0
HH Pandya,B Kumar,35,44,2,125.71428571428571,22.0
RR Pant,Harbhajan Singh,35,56,0,160.0,56.0
Shubman Gill,I Sharma,35,46,1,131.42857142857142,46.0
DPMD Jayawardene,PP Chawla,35,40,0,114.28571428571428,40.0
JP Duminy,Harbhajan Singh,35,35,1,100.0,35.0
RA Tripathi,KH Pandya,35,38,3,108.57142857142857,12.666666666666666
RA Tripathi,UT Yadav,35,69,0,197.14285714285717,69.0
PA Patel,UT Yadav,35,61,2,174.28571428571428,30.5
HH Pandya,Mohammed Siraj,35,45,1,128.57142857142858,45.0
AM Rahane,Z Khan,35,34,2,97.14285714285714,17.0
Q de Kock,A Nortje,35,55,1,157.14285714285714,55.0
MK Pandey,Mohammed Siraj,35,28,0,80.0,28.0
PP Shaw,Mohammed Shami,35,46,2,131.42857142857142,23.0
DPMD Jayawardene,DW Steyn,35,24,0,68.57142857142857,24.0
N Pooran,RA Jadeja,35,52,2,148.57142857142858,26.0
MS Dhoni,RP Singh,35,44,1,125.71428571428571,44.0
G Gambhir,SK Trivedi,35,33,2,94.28571428571428,16.5
AT Rayudu,JD Unadkat,35,54,0,154.2857142857143,54.0
MA Agarwal,TA Boult,35,58,0,165.71428571428572,58.0
AC Gilchrist,JA Morkel,35,47,3,134.28571428571428,15.666666666666666
DA Miller,Harbhajan Singh,35,39,0,111.42857142857143,39.0
R Dravid,RP Singh,35,40,0,114.28571428571428,40.0
Dhruv Jurel,PJ Cummins,35,64,1,182.85714285714286,64.0
R Dravid,Z Khan,35,37,0,105.71428571428572,37.0
V Kohli,JH Kallis,35,29,3,82.85714285714286,9.666666666666666
V Sehwag,JH Kallis,35,60,2,171.42857142857142,30.0
M Manhas,PP Chawla,35,49,0,140.0,49.0
F du Plessis,CJ Jordan,35,63,1,180.0,63.0
V Kohli,M Markande,35,38,1,108.57142857142857,38.0
S Dhawan,T Natarajan,35,53,0,151.42857142857142,53.0
JM Bairstow,TA Boult,35,65,1,185.71428571428572,65.0
D Padikkal,RA Jadeja,35,44,1,125.71428571428571,44.0
IK Pathan,A Mishra,35,29,2,82.85714285714286,14.5
RG Sharma,Arshdeep Singh,35,32,1,91.42857142857143,32.0
G Gambhir,MJ McClenaghan,34,39,1,114.70588235294117,39.0
G Gambhir,RP Singh,34,52,2,152.94117647058823,26.0
SPD Smith,Rashid Khan,34,25,1,73.52941176470588,25.0
AB de Villiers,I Sharma,34,37,0,108.8235294117647,37.0
KD Karthik,UT Yadav,34,60,1,176.47058823529412,60.0
MS Dhoni,RD Chahar,34,19,2,55.88235294117647,9.5
SR Watson,A Kumble,34,45,0,132.35294117647058,45.0
AB de Villiers,S Gopal,34,30,4,88.23529411764706,7.5
SR Watson,YS Chahal,34,24,3,70.58823529411765,8.0
MK Pandey,KA Pollard,34,40,2,117.64705882352942,20.0
MK Tiwary,Harbhajan Singh,34,48,0,141.1764705882353,48.0
PA Patel,RR Powar,34,33,1,97.05882352941177,33.0
RR Pant,S Kaul,34,55,1,161.76470588235296,55.0
SR Watson,JJ Bumrah,34,25,3,73.52941176470588,8.333333333333334
KD Karthik,CH Morris,34,33,4,97.05882352941177,8.25
RG Sharma,R Vinay Kumar,34,22,6,64.70588235294117,3.6666666666666665
Shubman Gill,Ravi Bishnoi,34,57,0,167.64705882352942,57.0
RG Sharma,MC Henriques,34,49,0,144.11764705882354,49.0
RG Sharma,M Prasidh Krishna,34,52,3,152.94117647058823,17.333333333333332
GJ Maxwell,B Kumar,34,39,3,114.70588235294117,13.0
SK Raina,JD Unadkat,34,47,2,138.23529411764704,23.5
SR Tendulkar,YK Pathan,34,49,0,144.11764705882354,49.0
SC Ganguly,SK Trivedi,34,40,2,117.64705882352942,20.0
AJ Finch,PJ Cummins,34,37,0,108.8235294117647,37.0
MK Tiwary,A Mishra,34,47,0,138.23529411764704,47.0
HH Pandya,JD Unadkat,34,59,2,173.52941176470588,29.5
MP Stoinis,CJ Jordan,34,89,1,261.7647058823529,89.0
RG Sharma,Mustafizur Rahman,34,53,2,155.88235294117646,26.5
AT Rayudu,AR Patel,34,51,1,150.0,51.0
Ishan Kishan,A Nortje,34,76,0,223.52941176470588,76.0
V Sehwag,PP Chawla,34,59,2,173.52941176470588,29.5
AM Rahane,NM Coulter-Nile,34,55,0,161.76470588235296,55.0
KA Pollard,PJ Cummins,34,50,1,147.05882352941177,50.0
SA Yadav,AD Russell,34,71,4,208.82352941176472,17.75
V Kohli,JO Holder,34,48,4,141.1764705882353,12.0
DPMD Jayawardene,YK Pathan,34,32,1,94.11764705882352,32.0
RA Jadeja,TA Boult,34,51,2,150.0,25.5
RA Jadeja,RD Chahar,34,29,1,85.29411764705883,29.0
S Dhawan,RJ Harris,34,47,0,138.23529411764704,47.0
SA Yadav,MM Sharma,34,50,2,147.05882352941177,25.0
V Kohli,M Ashwin,34,38,0,111.76470588235294,38.0
SV Samson,SN Thakur,34,40,1,117.64705882352942,40.0
AT Rayudu,P Kumar,34,40,0,117.64705882352942,40.0
SS Iyer,Mohsin Khan,34,25,1,73.52941176470588,25.0
SC Ganguly,IK Pathan,34,42,1,123.52941176470588,42.0
KA Pollard,MM Sharma,34,37,3,108.8235294117647,12.333333333333334
S Dhawan,A Nehra,34,42,0,123.52941176470588,42.0
SV Samson,M Ashwin,34,51,0,150.0,51.0
KL Rahul,Washington Sundar,34,51,1,150.0,51.0
R Parag,Rashid Khan,34,38,2,111.76470588235294,19.0
JC Buttler,Mukesh Kumar,34,63,1,185.29411764705884,63.0
V Kohli,PV Tambe,34,49,1,144.11764705882354,49.0
V Kohli,R Sharma,34,46,1,135.29411764705884,46.0
V Kohli,P Negi,34,45,0,132.35294117647058,45.0
M Vohra,M Morkel,34,43,2,126.47058823529412,21.5
MEK Hussey,M Morkel,34,30,0,88.23529411764706,30.0
S Dhawan,RD Chahar,34,47,2,138.23529411764704,23.5
YK Pathan,M Muralitharan,34,43,1,126.47058823529412,43.0
BJ Hodge,Harbhajan Singh,34,35,0,102.94117647058823,35.0
BB McCullum,UT Yadav,34,50,1,147.05882352941177,50.0
BB McCullum,MG Johnson,34,55,0,161.76470588235296,55.0
AT Rayudu,JH Kallis,34,37,2,108.8235294117647,18.5
N Pooran,K Rabada,34,34,4,100.0,8.5
N Pooran,T Natarajan,34,53,0,155.88235294117646,53.0
CA Lynn,MJ McClenaghan,34,49,1,144.11764705882354,49.0
CH Gayle,AR Patel,33,61,2,184.84848484848484,30.5
CH Gayle,BA Stokes,33,52,1,157.57575757575756,52.0
WP Saha,M Morkel,33,39,3,118.18181818181819,13.0
V Sehwag,Z Khan,33,56,3,169.6969696969697,18.666666666666668
AM Rahane,AB Agarkar,33,39,1,118.18181818181819,39.0
RM Patidar,K Rabada,33,31,0,93.93939393939394,31.0
WP Saha,TA Boult,33,40,3,121.21212121212122,13.333333333333334
DA Miller,TA Boult,33,44,0,133.33333333333331,44.0
SS Tiwary,A Mishra,33,46,1,139.3939393939394,46.0
MS Dhoni,SK Trivedi,33,38,1,115.15151515151516,38.0
Mandeep Singh,MM Sharma,33,28,2,84.84848484848484,14.0
JC Buttler,R Ashwin,33,33,1,100.0,33.0
S Dhawan,MM Patel,33,40,1,121.21212121212122,40.0
V Kohli,KA Pollard,33,44,3,133.33333333333331,14.666666666666666
MA Agarwal,PP Chawla,33,49,2,148.4848484848485,24.5
S Dhawan,JA Morkel,33,51,1,154.54545454545453,51.0
Dhruv Jurel,KH Pandya,33,34,0,103.03030303030303,34.0
M Vijay,PP Ojha,33,31,1,93.93939393939394,31.0
M Vijay,IK Pathan,33,34,0,103.03030303030303,34.0
Ishan Kishan,SN Thakur,33,60,1,181.8181818181818,60.0
KM Jadhav,A Mishra,33,46,1,139.3939393939394,46.0
S Dhawan,A Mishra,33,39,3,118.18181818181819,13.0
JM Bairstow,UT Yadav,33,59,1,178.78787878787878,59.0
AC Gilchrist,Z Khan,33,42,3,127.27272727272727,14.0
SR Watson,TA Boult,33,25,1,75.75757575757575,25.0
F du Plessis,JO Holder,33,44,3,133.33333333333331,14.666666666666666
SS Iyer,LH Ferguson,33,44,0,133.33333333333331,44.0
Ishan Kishan,Suyash Sharma,33,55,0,166.66666666666669,55.0
KM Jadhav,B Kumar,33,39,0,118.18181818181819,39.0
LRPL Taylor,JA Morkel,33,35,2,106.06060606060606,17.5
SA Asnodkar,MS Gony,33,56,0,169.6969696969697,56.0
Tilak Varma,TA Boult,33,34,0,103.03030303030303,34.0
Tilak Varma,Ravi Bishnoi,33,54,2,163.63636363636365,27.0
Abhishek Sharma,Yash Dayal,33,40,2,121.21212121212122,20.0
R Dravid,JH Kallis,33,42,1,127.27272727272727,42.0
R Dravid,S Nadeem,33,37,0,112.12121212121211,37.0
MEK Hussey,J Botha,33,29,1,87.87878787878788,29.0
MEK Hussey,SK Trivedi,33,46,0,139.3939393939394,46.0
DR Smith,YS Chahal,33,59,2,178.78787878787878,29.5
HH Pandya,Ravi Bishnoi,33,73,1,221.2121212121212,73.0
R Dravid,A Nehra,33,33,1,100.0,33.0
JP Duminy,JJ Bumrah,33,70,1,212.12121212121212,70.0
CH Gayle,Rashid Khan,33,54,3,163.63636363636365,18.0
RA Tripathi,Ravi Bishnoi,33,29,2,87.87878787878788,14.5
KH Pandya,Mohammed Siraj,33,31,2,93.93939393939394,15.5
RS Bopara,P Kumar,33,60,1,181.8181818181818,60.0
MS Dhoni,Kuldeep Yadav,33,50,2,151.5151515151515,25.0
G Gambhir,JJ Bumrah,33,29,1,87.87878787878788,29.0
CA Lynn,B Kumar,33,42,1,127.27272727272727,42.0
MS Dhoni,Mohammed Siraj,33,52,0,157.57575757575756,52.0
Yuvraj Singh,AR Patel,33,63,1,190.9090909090909,63.0
Abhishek Sharma,JJ Bumrah,33,31,2,93.93939393939394,15.5
SR Watson,R Vinay Kumar,33,64,1,193.93939393939394,64.0
KD Karthik,SR Watson,33,31,1,93.93939393939394,31.0
KH Pandya,Imran Tahir,33,59,2,178.78787878787878,29.5
GJ Maxwell,CV Varun,33,50,5,151.5151515151515,10.0
GJ Bailey,PP Chawla,33,31,2,93.93939393939394,15.5
AB de Villiers,PP Ojha,33,39,1,118.18181818181819,39.0
G Gambhir,S Sreesanth,33,50,0,151.5151515151515,50.0
SV Samson,TA Boult,33,38,3,115.15151515151516,12.666666666666666
DA Warner,MJ McClenaghan,33,52,2,157.57575757575756,26.0
DJ Hooda,Kuldeep Yadav,33,43,3,130.3030303030303,14.333333333333334
DJ Hooda,Rashid Khan,33,32,4,96.96969696969697,8.0
DA Warner,MA Starc,33,33,2,100.0,16.5
V Kohli,Arshad Khan,33,49,1,148.4848484848485,49.0
RD Gaikwad,HH Pandya,33,52,1,157.57575757575756,52.0
KA Pollard,SN Thakur,33,54,0,163.63636363636365,54.0
RV Uthappa,RP Singh,33,37,0,112.12121212121211,37.0
DA Miller,DJ Bravo,33,44,2,133.33333333333331,22.0
SA Yadav,Sandeep Sharma,33,33,4,100.0,8.25
SC Ganguly,MM Patel,33,44,2,133.33333333333331,22.0
AJ Finch,JJ Bumrah,33,25,1,75.75757575757575,25.0
RG Sharma,DT Christian,33,74,0,224.24242424242422,74.0
AB de Villiers,Shakib Al Hasan,33,49,0,148.4848484848485,49.0
AM Rahane,IK Pathan,33,43,0,130.3030303030303,43.0
KH Pandya,SP Narine,33,31,3,93.93939393939394,10.333333333333334
Shubman Gill,KK Ahmed,33,49,2,148.4848484848485,24.5
PP Shaw,RA Jadeja,33,57,2,172.72727272727272,28.5
NV Ojha,Z Khan,33,32,2,96.96969696969697,16.0
CH Gayle,R Bhatia,33,64,2,193.93939393939394,32.0
ML Hayden,SL Malinga,33,25,0,75.75757575757575,25.0
AC Gilchrist,A Mishra,33,38,2,115.15151515151516,19.0
SK Raina,DJ Bravo,33,55,4,166.66666666666669,13.75
S Dube,Arshdeep Singh,32,44,3,137.5,14.666666666666666
JC Buttler,TU Deshpande,32,45,0,140.625,45.0
R Dravid,B Kumar,32,30,0,93.75,30.0
R Dravid,DW Steyn,32,32,1,100.0,32.0
MS Dhoni,AB Agarkar,32,46,0,143.75,46.0
MS Dhoni,KH Pandya,32,33,0,103.125,33.0
CH Gayle,A Mishra,32,67,0,209.375,67.0
VR Iyer,R Ashwin,32,36,0,112.5,36.0
MA Agarwal,SP Narine,32,40,2,125.0,20.0
AK Markram,M Theekshana,32,43,1,134.375,43.0
S Dube,JO Holder,32,57,1,178.125,57.0
DA Warner,CH Morris,32,36,1,112.5,36.0
Mandeep Singh,B Kumar,32,35,1,109.375,35.0
MS Dhoni,DJ Bravo,32,55,0,171.875,55.0
KL Rahul,HV Patel,32,45,1,140.625,45.0
BA Stokes,Imran Tahir,32,43,1,134.375,43.0
BB McCullum,P Kumar,32,41,1,128.125,41.0
YBK Jaiswal,M Jansen,32,61,1,190.625,61.0
AT Rayudu,JA Morkel,32,36,0,112.5,36.0
B Sai Sudharsan,Kuldeep Yadav,32,36,1,112.5,36.0
RV Uthappa,JA Morkel,32,42,2,131.25,21.0
RD Gaikwad,LH Ferguson,32,56,1,175.0,56.0
D Padikkal,Mustafizur Rahman,32,48,1,150.0,48.0
Q de Kock,CV Varun,32,39,2,121.875,19.5
RD Gaikwad,A Nortje,32,46,2,143.75,23.0
S Badrinath,R Sharma,32,38,0,118.75,38.0
KA Pollard,AD Russell,32,24,2,75.0,12.0
JM Bairstow,Arshdeep Singh,32,35,0,109.375,35.0
D Padikkal,R Tewatia,32,37,1,115.625,37.0
AC Gilchrist,SL Malinga,32,34,1,106.25,34.0
V Sehwag,R Vinay Kumar,32,63,2,196.875,31.5
MK Pandey,DJ Bravo,32,40,2,125.0,20.0
KA Pollard,Shakib Al Hasan,32,39,1,121.875,39.0
R Dravid,AD Mathews,32,39,3,121.875,13.0
LMP Simmons,Sandeep Sharma,32,58,0,181.25,58.0
LMP Simmons,MM Sharma,32,58,0,181.25,58.0
V Kohli,KK Ahmed,32,51,1,159.375,51.0
AM Rahane,Washington Sundar,32,52,2,162.5,26.0
V Kohli,MA Starc,32,59,1,184.375,59.0
S Dhawan,Ravi Bishnoi,32,48,1,150.0,48.0
SS Iyer,Harbhajan Singh,32,41,1,128.125,41.0
DR Smith,JP Faulkner,32,60,1,187.5,60.0
R Dravid,R Vinay Kumar,32,46,0,143.75,46.0
AC Gilchrist,L Balaji,32,41,0,128.125,41.0
Ishan Kishan,RA Jadeja,32,37,1,115.625,37.0
SS Iyer,M Prasidh Krishna,32,60,2,187.5,30.0
S Dhawan,KK Ahmed,32,32,1,100.0,32.0
SE Marsh,SL Malinga,32,34,2,106.25,17.0
CH Gayle,MG Johnson,32,51,0,159.375,51.0
HH Gibbs,PP Chawla,32,30,2,93.75,15.0
SV Samson,PWH de Silva,32,38,3,118.75,12.666666666666666
KA Pollard,Z Khan,32,45,1,140.625,45.0
TM Dilshan,SK Trivedi,32,54,0,168.75,54.0
Tilak Varma,CV Varun,32,38,1,118.75,38.0
Shubman Gill,JD Unadkat,32,34,0,106.25,34.0
RR Pant,NM Coulter-Nile,32,22,3,68.75,7.333333333333333
NV Ojha,P Kumar,32,34,0,106.25,34.0
WP Saha,Arshdeep Singh,32,50,2,156.25,25.0
PP Shaw,SP Narine,32,47,0,146.875,47.0
AM Rahane,DW Steyn,32,18,2,56.25,9.0
RG Sharma,P Negi,32,39,1,121.875,39.0
KS Williamson,Kuldeep Yadav,32,39,2,121.875,19.5
MK Pandey,S Gopal,32,48,2,150.0,24.0
KD Karthik,PP Ojha,32,45,2,140.625,22.5
RG Sharma,AB Dinda,32,58,2,181.25,29.0
RD Gaikwad,Yash Dayal,32,52,2,162.5,26.0
AR Patel,DJ Bravo,32,28,4,87.5,7.0
RG Sharma,KH Pandya,32,35,1,109.375,35.0
KH Pandya,PP Chawla,32,64,2,200.0,32.0
KK Nair,SP Narine,32,27,1,84.375,27.0
SO Hetmyer,T Natarajan,32,47,2,146.875,23.5
SPD Smith,MM Sharma,32,27,2,84.375,13.5
AB de Villiers,PV Tambe,32,54,1,168.75,54.0
SK Raina,RR Powar,32,43,0,134.375,43.0
SK Raina,M Ashwin,32,32,1,100.0,32.0
SP Narine,Mohammed Siraj,32,33,3,103.125,11.0
H Klaasen,Rashid Khan,32,46,1,143.75,46.0
Yuvraj Singh,Imran Tahir,32,46,1,143.75,46.0
KH Pandya,K Rabada,32,43,3,134.375,14.333333333333334
DA Warner,PP Ojha,32,54,0,168.75,54.0
SR Tendulkar,R Ashwin,32,39,1,121.875,39.0
YBK Jaiswal,Yash Dayal,32,61,2,190.625,30.5
MS Dhoni,R Ashwin,32,33,0,103.125,33.0
YBK Jaiswal,SM Curran,32,46,1,143.75,46.0
BB McCullum,JA Morkel,31,63,0,203.2258064516129,63.0
YK Pathan,MM Sharma,31,40,5,129.03225806451613,8.0
BB McCullum,Sandeep Sharma,31,38,2,122.58064516129032,19.0
B Sai Sudharsan,M Theekshana,31,43,1,138.70967741935485,43.0
SK Raina,KH Pandya,31,44,0,141.93548387096774,44.0
Abhishek Sharma,I Sharma,31,63,1,203.2258064516129,63.0
F du Plessis,TU Deshpande,31,47,0,151.61290322580646,47.0
AT Rayudu,Yuvraj Singh,31,26,1,83.87096774193549,26.0
SR Watson,KH Pandya,31,31,2,100.0,15.5
AB de Villiers,M Ashwin,31,55,1,177.41935483870967,55.0
RV Uthappa,Shakib Al Hasan,31,44,0,141.93548387096774,44.0
JM Bairstow,RA Jadeja,31,36,1,116.12903225806453,36.0
AD Russell,JC Archer,31,56,0,180.64516129032256,56.0
AC Gilchrist,S Sreesanth,31,56,2,180.64516129032256,28.0
S Dhawan,SK Raina,31,29,2,93.54838709677419,14.5
AT Rayudu,KH Pandya,31,37,2,119.35483870967742,18.5
DR Smith,SR Watson,31,29,0,93.54838709677419,29.0
S Dube,AS Joseph,31,32,1,103.2258064516129,32.0
JA Morkel,YK Pathan,31,47,1,151.61290322580646,47.0
AT Rayudu,M Morkel,31,29,1,93.54838709677419,29.0
SA Yadav,Shakib Al Hasan,31,28,1,90.32258064516128,28.0
IK Pathan,RP Singh,31,68,1,219.3548387096774,68.0
F du Plessis,AD Russell,31,49,0,158.06451612903226,49.0
SS Iyer,PP Chawla,31,42,1,135.48387096774192,42.0
Ishan Kishan,Lalit Yadav,31,24,1,77.41935483870968,24.0
AC Gilchrist,AB Dinda,31,32,2,103.2258064516129,16.0
HH Gibbs,S Sreesanth,31,28,0,90.32258064516128,28.0
HH Pandya,Arshdeep Singh,31,22,1,70.96774193548387,22.0
S Dhawan,B Lee,31,36,1,116.12903225806453,36.0
AD Mathews,R Bhatia,31,32,0,103.2258064516129,32.0
KA Pollard,M Prasidh Krishna,31,28,1,90.32258064516128,28.0
KA Pollard,B Kumar,31,49,3,158.06451612903226,16.333333333333332
SV Samson,CV Varun,31,47,0,151.61290322580646,47.0
JM Sharma,Kuldeep Yadav,31,33,2,106.4516129032258,16.5
JM Sharma,Rashid Khan,31,45,2,145.16129032258064,22.5
KA Pollard,AR Patel,31,42,1,135.48387096774192,42.0
STR Binny,Harbhajan Singh,31,48,0,154.83870967741936,48.0
S Dhawan,Mohammed Siraj,31,42,1,135.48387096774192,42.0
AT Rayudu,DW Steyn,31,33,1,106.4516129032258,33.0
SS Iyer,T Natarajan,31,44,1,141.93548387096774,44.0
MK Pandey,SN Thakur,31,38,2,122.58064516129032,19.0
D Padikkal,AR Patel,31,49,2,158.06451612903226,24.5
PA Patel,SN Thakur,31,46,2,148.38709677419354,23.0
Yuvraj Singh,L Balaji,31,34,2,109.6774193548387,17.0
MR Marsh,B Kumar,31,44,1,141.93548387096774,44.0
MP Stoinis,Rashid Khan,31,26,1,83.87096774193549,26.0
MS Dhoni,JP Faulkner,31,48,2,154.83870967741936,24.0
Mandeep Singh,PP Chawla,31,60,0,193.5483870967742,60.0
Mandeep Singh,A Mishra,31,32,2,103.2258064516129,16.0
N Rana,RD Chahar,31,38,3,122.58064516129032,12.666666666666666
MS Dhoni,HH Pandya,31,42,1,135.48387096774192,42.0
MR Marsh,JR Hazlewood,31,42,1,135.48387096774192,42.0
MS Dhoni,Iqbal Abdulla,31,34,0,109.6774193548387,34.0
N Pooran,M Prasidh Krishna,31,11,1,35.483870967741936,11.0
MR Marsh,TA Boult,31,47,1,151.61290322580646,47.0
VR Iyer,Rashid Khan,31,33,1,106.4516129032258,33.0
CH Gayle,HH Pandya,31,53,1,170.96774193548387,53.0
VR Iyer,Ravi Bishnoi,31,33,1,106.4516129032258,33.0
NV Ojha,R Bhatia,31,34,3,109.6774193548387,11.333333333333334
P Simran Singh,TA Boult,31,31,3,100.0,10.333333333333334
YK Pathan,JA Morkel,31,33,2,106.4516129032258,16.5
RD Gaikwad,T Natarajan,31,39,3,125.80645161290323,13.0
AJ Finch,R Ashwin,31,29,0,93.54838709677419,29.0
RA Tripathi,R Tewatia,31,46,1,148.38709677419354,46.0
RA Tripathi,RD Chahar,31,55,2,177.41935483870967,27.5
KP Pietersen,Harbhajan Singh,31,45,3,145.16129032258064,15.0
RA Jadeja,SR Watson,31,23,3,74.19354838709677,7.666666666666667
RA Jadeja,YS Chahal,31,31,2,100.0,15.5
MA Agarwal,Avesh Khan,31,48,0,154.83870967741936,48.0
MA Agarwal,CH Morris,31,40,1,129.03225806451613,40.0
M Vijay,R Ashwin,31,28,2,90.32258064516128,14.0
MEK Hussey,B Lee,31,39,0,125.80645161290323,39.0
RA Jadeja,PJ Cummins,31,41,0,132.25806451612902,41.0
V Kohli,PP Ojha,31,31,1,100.0,31.0
RM Patidar,Ravi Bishnoi,31,63,0,203.2258064516129,63.0
TM Head,Sandeep Sharma,31,36,2,116.12903225806453,18.0
KH Pandya,AR Patel,31,35,0,112.90322580645163,35.0
RR Pant,M Markande,31,51,0,164.51612903225808,51.0
RK Singh,B Kumar,31,46,1,148.38709677419354,46.0
RM Patidar,M Prasidh Krishna,31,44,0,141.93548387096774,44.0
KL Rahul,DS Kulkarni,31,35,4,112.90322580645163,8.75
TM Head,VG Arora,31,67,2,216.1290322580645,33.5
DA Warner,RP Singh,31,42,1,135.48387096774192,42.0
Shubman Gill,MJ Santner,31,47,0,151.61290322580646,47.0
RG Sharma,CH Morris,31,36,3,116.12903225806453,12.0
RR Pant,Washington Sundar,31,37,0,119.35483870967742,37.0
RV Uthappa,AN Ahmed,31,34,1,109.6774193548387,34.0
KD Karthik,Mustafizur Rahman,31,54,1,174.19354838709677,54.0
DJ Hooda,HH Pandya,31,44,1,141.93548387096774,44.0
KD Karthik,Avesh Khan,31,34,2,109.6774193548387,17.0
KD Karthik,HH Pandya,31,45,0,145.16129032258064,45.0
RV Uthappa,P Negi,31,24,1,77.41935483870968,24.0
MS Dhoni,P Kumar,31,46,1,148.38709677419354,46.0
Yuvraj Singh,SL Malinga,31,40,3,129.03225806451613,13.333333333333334
A Badoni,Rashid Khan,31,31,1,100.0,31.0
YBK Jaiswal,Sandeep Sharma,31,53,1,170.96774193548387,53.0
ML Hayden,DW Steyn,31,15,0,48.38709677419355,15.0
MK Tiwary,RA Jadeja,31,32,3,103.2258064516129,10.666666666666666
ML Hayden,JH Kallis,31,57,0,183.8709677419355,57.0
CH Gayle,R McLaren,31,61,0,196.7741935483871,61.0
MK Pandey,Imran Tahir,31,47,0,151.61290322580646,47.0
MK Pandey,IK Pathan,31,48,0,154.83870967741936,48.0
Q de Kock,TG Southee,31,57,1,183.8709677419355,57.0
Q de Kock,TU Deshpande,31,45,0,145.16129032258064,45.0
V Kohli,SK Trivedi,31,33,2,106.4516129032258,16.5
D Padikkal,SN Thakur,31,25,3,80.64516129032258,8.333333333333334
V Sehwag,R Sharma,31,43,0,138.70967741935485,43.0
RA Jadeja,AD Russell,31,48,0,154.83870967741936,48.0
J Botha,A Mishra,30,28,0,93.33333333333333,28.0
SA Yadav,JD Unadkat,30,41,1,136.66666666666666,41.0
SA Yadav,S Kaul,30,61,1,203.33333333333331,61.0
Ishan Kishan,Imran Tahir,30,45,5,150.0,9.0
RV Uthappa,S Kaul,30,35,1,116.66666666666667,35.0
JM Bairstow,AR Patel,30,37,0,123.33333333333334,37.0
KA Pollard,Mohammed Shami,30,45,1,150.0,45.0
S Dhawan,KH Pandya,30,32,0,106.66666666666667,32.0
SS Iyer,S Kaul,30,25,1,83.33333333333334,25.0
SS Tiwary,AD Mathews,30,37,0,123.33333333333334,37.0
S Dhawan,PJ Cummins,30,34,2,113.33333333333333,17.0
SV Samson,K Rabada,30,37,3,123.33333333333334,12.333333333333334
AD Mathews,M Muralitharan,30,43,1,143.33333333333334,43.0
JH Kallis,SK Trivedi,30,38,2,126.66666666666666,19.0
JH Kallis,S Sreesanth,30,21,0,70.0,21.0
AB de Villiers,SB Jakati,30,55,2,183.33333333333331,27.5
HH Gibbs,JH Kallis,30,33,0,110.00000000000001,33.0
SA Yadav,SM Curran,30,61,2,203.33333333333331,30.5
BJ Hodge,M Kartik,30,34,0,113.33333333333333,34.0
B Sai Sudharsan,SP Narine,30,34,2,113.33333333333333,17.0
BB McCullum,A Nehra,30,28,1,93.33333333333333,28.0
B Sai Sudharsan,Yash Dayal,30,28,0,93.33333333333333,28.0
AB de Villiers,JP Faulkner,30,62,1,206.66666666666669,62.0
BB McCullum,SB Jakati,30,32,2,106.66666666666667,16.0
GJ Maxwell,Harbhajan Singh,30,60,1,200.0,60.0
G Gambhir,TG Southee,30,43,0,143.33333333333334,43.0
AB de Villiers,Mohammed Shami,30,59,1,196.66666666666666,59.0
SR Watson,DJ Bravo,30,49,3,163.33333333333334,16.333333333333332
Yuvraj Singh,R Bhatia,30,41,0,136.66666666666666,41.0
SR Watson,JA Morkel,30,41,0,136.66666666666666,41.0
YK Pathan,SB Jakati,30,28,2,93.33333333333333,14.0
YK Pathan,RP Singh,30,44,1,146.66666666666666,44.0
BB McCullum,SP Narine,30,32,3,106.66666666666667,10.666666666666666
BB McCullum,Shakib Al Hasan,30,33,1,110.00000000000001,33.0
H Klaasen,JJ Bumrah,30,53,2,176.66666666666666,26.5
SK Raina,Iqbal Abdulla,30,55,0,183.33333333333331,55.0
AT Rayudu,TA Boult,30,43,0,143.33333333333334,43.0
HH Gibbs,M Muralitharan,30,27,0,90.0,27.0
AT Rayudu,MC Henriques,30,28,1,93.33333333333333,28.0
JC Buttler,K Rabada,30,47,2,156.66666666666666,23.5
SA Yadav,DJ Bravo,30,47,1,156.66666666666666,47.0
SC Ganguly,Harbhajan Singh,30,19,2,63.33333333333333,9.5
DR Smith,MM Sharma,30,44,1,146.66666666666666,44.0
DR Smith,MA Starc,30,25,1,83.33333333333334,25.0
DR Smith,CH Morris,30,34,0,113.33333333333333,34.0
S Dhawan,J Botha,30,22,2,73.33333333333333,11.0
JC Buttler,TA Boult,30,32,0,106.66666666666667,32.0
S Dhawan,PJ Sangwan,30,49,0,163.33333333333334,49.0
KD Karthik,AD Russell,30,58,1,193.33333333333334,58.0
DJ Hussey,IK Pathan,30,47,0,156.66666666666666,47.0
JP Duminy,R Vinay Kumar,30,62,0,206.66666666666669,62.0
S Dhawan,DJ Hooda,30,45,1,150.0,45.0
M Vohra,UT Yadav,30,30,1,100.0,30.0
M Vijay,A Nehra,30,29,2,96.66666666666667,14.5
RA Jadeja,R Bhatia,30,17,1,56.666666666666664,17.0
LRPL Taylor,M Kartik,30,44,0,146.66666666666666,44.0
DA Warner,JA Morkel,30,47,1,156.66666666666666,47.0
DA Warner,KH Pandya,30,39,0,130.0,39.0
RD Gaikwad,PJ Cummins,30,47,2,156.66666666666666,23.5
V Kohli,AB Dinda,30,36,3,120.0,12.0
LMP Simmons,DW Steyn,30,42,1,140.0,42.0
LRPL Taylor,A Mishra,30,45,1,150.0,45.0
LRPL Taylor,Harbhajan Singh,30,46,1,153.33333333333334,46.0
RA Tripathi,Mohammed Shami,30,34,4,113.33333333333333,8.5
RG Sharma,AB Agarkar,30,52,1,173.33333333333334,52.0
KL Rahul,PP Chawla,30,50,3,166.66666666666669,16.666666666666668
RG Sharma,RE van der Merwe,30,28,0,93.33333333333333,28.0
Shubman Gill,JR Hazlewood,30,51,2,170.0,25.5
KD Karthik,Arshdeep Singh,30,51,3,170.0,17.0
AD Russell,DJ Bravo,30,78,0,260.0,78.0
RV Uthappa,M Kartik,30,28,3,93.33333333333333,9.333333333333334
RV Uthappa,JP Faulkner,30,30,2,100.0,15.0
RV Uthappa,P Awana,30,37,2,123.33333333333334,18.5
RV Uthappa,JD Unadkat,30,43,3,143.33333333333334,14.333333333333334
AD Russell,K Rabada,30,64,2,213.33333333333334,32.0
KD Karthik,KH Pandya,30,24,2,80.0,12.0
RM Patidar,HV Patel,30,52,0,173.33333333333334,52.0
RR Pant,PJ Cummins,30,30,1,100.0,30.0
RR Pant,DS Kulkarni,30,48,0,160.0,48.0
RG Sharma,SK Raina,30,41,1,136.66666666666666,41.0
RS Bopara,A Kumble,30,30,0,100.0,30.0
M Vohra,SP Narine,30,29,1,96.66666666666667,29.0
MA Agarwal,I Sharma,30,50,1,166.66666666666669,50.0
R Parag,HV Patel,30,49,3,163.33333333333334,16.333333333333332
RA Jadeja,SL Malinga,30,27,3,90.0,9.0
AM Rahane,Harbhajan Singh,30,27,1,90.0,27.0
PP Shaw,KK Ahmed,30,43,3,143.33333333333334,14.333333333333334
D Padikkal,JC Archer,30,32,2,106.66666666666667,16.0
Q de Kock,RA Jadeja,30,42,0,140.0,42.0
MC Henriques,S Kaushik,30,32,0,106.66666666666667,32.0
RA Jadeja,Harbhajan Singh,30,37,1,123.33333333333334,37.0
R Parag,YS Chahal,30,31,1,103.33333333333334,31.0
MK Pandey,DL Chahar,30,41,1,136.66666666666666,41.0
MK Pandey,DW Steyn,30,28,0,93.33333333333333,28.0
MK Pandey,CH Morris,30,40,0,133.33333333333331,40.0
Q de Kock,TA Boult,30,42,3,140.0,14.0
V Kohli,S Sreesanth,30,24,0,80.0,24.0
MK Tiwary,SL Malinga,30,20,1,66.66666666666666,20.0
CH Gayle,NM Coulter-Nile,30,28,0,93.33333333333333,28.0
ML Hayden,YK Pathan,30,29,2,96.66666666666667,14.5
Q de Kock,KK Ahmed,30,46,1,153.33333333333334,46.0
MK Pandey,MM Sharma,30,44,0,146.66666666666666,44.0
N Rana,SN Thakur,30,36,2,120.0,18.0
AM Rahane,HH Pandya,30,66,1,220.00000000000003,66.0
MR Marsh,M Prasidh Krishna,30,50,0,166.66666666666669,50.0
VR Iyer,HV Patel,30,30,3,100.0,10.0
YBK Jaiswal,Harpreet Brar,30,32,2,106.66666666666667,16.0
WP Saha,JD Unadkat,30,47,1,156.66666666666666,47.0
MS Dhoni,S Gopal,30,34,1,113.33333333333333,34.0
MS Dhoni,Sandeep Sharma,30,37,1,123.33333333333334,37.0
CH Gayle,DL Chahar,30,37,2,123.33333333333334,18.5
WP Saha,KV Sharma,30,32,1,106.66666666666667,32.0
KA Pollard,UT Yadav,29,36,1,124.13793103448276,36.0
KA Pollard,CH Morris,29,38,1,131.0344827586207,38.0
AJ Finch,M Prasidh Krishna,29,36,2,124.13793103448276,18.0
NV Ojha,RP Singh,29,10,4,34.48275862068966,2.5
KD Karthik,R Sharma,29,32,0,110.34482758620689,32.0
AB de Villiers,SN Thakur,29,48,2,165.51724137931035,24.0
AJ Finch,TA Boult,29,34,2,117.24137931034481,17.0
AC Gilchrist,B Lee,29,33,0,113.79310344827587,33.0
AB de Villiers,KV Sharma,29,29,0,100.0,29.0
AB de Villiers,L Balaji,29,42,3,144.82758620689654,14.0
TM Dilshan,KA Pollard,29,26,0,89.65517241379311,26.0
CH Gayle,MS Gony,29,74,1,255.17241379310346,74.0
YBK Jaiswal,SN Thakur,29,58,0,200.0,58.0
CA Lynn,TG Southee,29,51,0,175.86206896551724,51.0
M Vohra,B Kumar,29,25,1,86.20689655172413,25.0
R Dravid,P Kumar,29,30,1,103.44827586206897,30.0
M Vijay,DW Steyn,29,22,0,75.86206896551724,22.0
SV Samson,S Nadeem,29,48,2,165.51724137931035,24.0
SR Tendulkar,NLTC Perera,29,43,0,148.27586206896552,43.0
RV Uthappa,MJ McClenaghan,29,20,1,68.96551724137932,20.0
SR Tendulkar,SR Watson,29,29,0,100.0,29.0
WP Saha,KK Ahmed,29,37,1,127.58620689655173,37.0
DJ Bravo,R Vinay Kumar,29,46,2,158.6206896551724,23.0
RV Uthappa,KV Sharma,29,32,3,110.34482758620689,10.666666666666666
N Rana,Kuldeep Yadav,29,52,0,179.31034482758622,52.0
CA Lynn,Shakib Al Hasan,29,20,2,68.96551724137932,10.0
PD Salt,Arshdeep Singh,29,37,2,127.58620689655173,18.5
SP Narine,JD Unadkat,29,28,4,96.55172413793103,7.0
RG Sharma,Harbhajan Singh,29,34,0,117.24137931034481,34.0
JP Duminy,Yuvraj Singh,29,41,0,141.3793103448276,41.0
JP Duminy,R Ashwin,29,31,0,106.89655172413792,31.0
DPMD Jayawardene,RJ Harris,29,27,0,93.10344827586206,27.0
DPMD Jayawardene,MM Patel,29,28,2,96.55172413793103,14.0
MS Dhoni,KV Sharma,29,37,0,127.58620689655173,37.0
S Dhawan,HH Pandya,29,35,1,120.6896551724138,35.0
MS Dhoni,Avesh Khan,29,49,2,168.9655172413793,24.5
MS Bisla,R Ashwin,29,52,0,179.31034482758622,52.0
HH Pandya,TA Boult,29,42,1,144.82758620689654,42.0
RV Uthappa,HV Patel,29,57,1,196.55172413793102,57.0
SM Curran,YS Chahal,29,60,0,206.89655172413794,60.0
D Padikkal,PJ Cummins,29,37,0,127.58620689655173,37.0
MA Agarwal,B Kumar,29,31,1,106.89655172413792,31.0
Ishan Kishan,Navdeep Saini,29,56,0,193.10344827586206,56.0
JC Buttler,PWH de Silva,29,52,0,179.31034482758622,52.0
JC Buttler,PP Chawla,29,37,2,127.58620689655173,18.5
CH Gayle,RP Singh,29,37,1,127.58620689655173,37.0
SA Yadav,JO Holder,29,47,1,162.06896551724137,47.0
TM Head,Arshdeep Singh,29,41,2,141.3793103448276,20.5
SP Narine,B Kumar,29,31,2,106.89655172413792,15.5
Ishan Kishan,Kuldeep Yadav,29,61,2,210.3448275862069,30.5
N Pooran,HV Patel,29,49,0,168.9655172413793,49.0
DJ Hooda,SP Narine,29,29,2,100.0,14.5
PA Patel,SP Narine,29,26,1,89.65517241379311,26.0
Shubman Gill,CJ Jordan,29,31,0,106.89655172413792,31.0
PD Salt,Mohammed Siraj,29,56,2,193.10344827586206,28.0
AM Rahane,CH Morris,29,42,0,144.82758620689654,42.0
MS Dhoni,KK Ahmed,29,51,0,175.86206896551724,51.0
AB de Villiers,A Nehra,29,61,2,210.3448275862069,30.5
RD Gaikwad,Avesh Khan,29,28,1,96.55172413793103,28.0
V Shankar,Kuldeep Yadav,29,36,1,124.13793103448276,36.0
PP Shaw,Mohammed Siraj,29,41,4,141.3793103448276,10.25
MM Ali,YS Chahal,29,40,0,137.93103448275863,40.0
KS Williamson,JD Unadkat,29,50,1,172.41379310344826,50.0
JH Kallis,M Morkel,29,40,1,137.93103448275863,40.0
KS Williamson,SP Narine,29,23,0,79.3103448275862,23.0
MK Pandey,SP Narine,29,27,0,93.10344827586206,27.0
YBK Jaiswal,Akash Singh,29,59,1,203.44827586206895,59.0
JM Bairstow,M Ashwin,29,28,1,96.55172413793103,28.0
G Gambhir,HV Patel,29,44,0,151.72413793103448,44.0
SS Tiwary,SK Raina,29,33,0,113.79310344827587,33.0
G Gambhir,SK Raina,29,26,1,89.65517241379311,26.0
RK Singh,HV Patel,29,47,2,162.06896551724137,23.5
SE Marsh,JP Faulkner,29,44,0,151.72413793103448,44.0
JH Kallis,PJ Sangwan,29,31,1,106.89655172413792,31.0
PA Patel,AB Agarkar,29,35,1,120.6896551724138,35.0
S Dube,VG Arora,29,38,2,131.0344827586207,19.0
R Dravid,SB Jakati,29,30,1,103.44827586206897,30.0
AB de Villiers,JA Morkel,29,36,3,124.13793103448276,12.0
S Dube,PWH de Silva,29,59,1,203.44827586206895,59.0
AD Russell,AR Patel,29,54,1,186.20689655172413,54.0
DA Warner,SN Thakur,29,41,0,141.3793103448276,41.0
SA Yadav,Vijaykumar Vyshak,29,43,2,148.27586206896552,21.5
KC Sangakkara,R Vinay Kumar,29,34,1,117.24137931034481,34.0
AD Russell,HV Patel,29,36,3,124.13793103448276,12.0
P Simran Singh,SN Thakur,29,54,1,186.20689655172413,54.0
MK Pandey,Sandeep Sharma,29,44,2,151.72413793103448,22.0
MK Tiwary,J Botha,29,31,1,106.89655172413792,31.0
CH Gayle,B Lee,29,50,1,172.41379310344826,50.0
Shubman Gill,Mustafizur Rahman,29,30,1,103.44827586206897,30.0
AM Rahane,RP Singh,29,20,0,68.96551724137932,20.0
JH Kallis,BA Bhatt,29,34,2,117.24137931034481,17.0
TM Head,YS Chahal,29,53,2,182.75862068965517,26.5
KL Rahul,BA Stokes,29,35,1,120.6896551724138,35.0
AR Patel,Imran Tahir,29,27,3,93.10344827586206,9.0
RG Sharma,S Sandeep Warrier,29,30,0,103.44827586206897,30.0
SV Samson,DL Chahar,29,39,3,134.48275862068965,13.0
MP Stoinis,S Gopal,29,38,1,131.0344827586207,38.0
G Gambhir,A Nehra,29,27,1,93.10344827586206,27.0
AT Rayudu,Washington Sundar,29,36,2,124.13793103448276,18.0
AM Rahane,DJ Bravo,29,58,1,200.0,58.0
S Badrinath,PP Chawla,29,31,1,106.89655172413792,31.0
G Gambhir,CH Morris,29,25,3,86.20689655172413,8.333333333333334
JH Kallis,M Kartik,29,19,1,65.51724137931035,19.0
F du Plessis,R Vinay Kumar,29,18,1,62.06896551724138,18.0
H Klaasen,Sandeep Sharma,29,40,2,137.93103448275863,20.0
JP Duminy,JP Faulkner,29,35,1,120.6896551724138,35.0
Tilak Varma,Suyash Sharma,29,34,2,117.24137931034481,17.0
EJG Morgan,Rashid Khan,29,21,1,72.41379310344827,21.0
EJG Morgan,YS Chahal,29,22,0,75.86206896551724,22.0
F du Plessis,Abhishek Sharma,29,38,0,131.0344827586207,38.0
RR Pant,J Yadav,29,25,1,86.20689655172413,25.0
TM Head,HH Pandya,29,51,1,175.86206896551724,51.0
F du Plessis,LH Ferguson,29,58,0,200.0,58.0
SE Marsh,A Nehra,29,33,1,113.79310344827587,33.0
Shubman Gill,CH Morris,29,22,1,75.86206896551724,22.0
SA Yadav,B Kumar,29,35,2,120.6896551724138,17.5
DJ Hussey,SK Trivedi,28,35,4,125.0,8.75
KA Pollard,JP Faulkner,28,44,2,157.14285714285714,22.0
DA Warner,AD Russell,28,58,1,207.14285714285717,58.0
NV Ojha,S Sreesanth,28,23,2,82.14285714285714,11.5
R Dravid,A Symonds,28,30,1,107.14285714285714,30.0
Shashank Singh,JR Hazlewood,28,48,0,171.42857142857142,48.0
SS Iyer,JO Holder,28,43,2,153.57142857142858,21.5
SR Watson,MJ McClenaghan,28,30,0,107.14285714285714,30.0
KH Pandya,JD Unadkat,28,42,1,150.0,42.0
DPMD Jayawardene,Iqbal Abdulla,28,36,1,128.57142857142858,36.0
D Padikkal,HH Pandya,28,17,1,60.71428571428571,17.0
VR Iyer,JJ Bumrah,28,33,2,117.85714285714286,16.5
DR Smith,Sandeep Sharma,28,30,2,107.14285714285714,15.0
DR Smith,SL Malinga,28,21,1,75.0,21.0
Q de Kock,S Gopal,28,18,1,64.28571428571429,18.0
MA Agarwal,KH Pandya,28,51,2,182.14285714285714,25.5
RG Sharma,Avesh Khan,28,46,2,164.28571428571428,23.0
AT Rayudu,S Kaul,28,47,2,167.85714285714286,23.5
VR Iyer,YS Chahal,28,57,2,203.57142857142856,28.5
BJ Hodge,PP Chawla,28,24,1,85.71428571428571,24.0
YBK Jaiswal,Mohsin Khan,28,51,1,182.14285714285714,51.0
RG Sharma,K Rabada,28,38,2,135.71428571428572,19.0
D Padikkal,PWH de Silva,28,41,0,146.42857142857142,41.0
S Dube,K Rabada,28,33,2,117.85714285714286,16.5
MS Dhoni,DL Vettori,28,24,1,85.71428571428571,24.0
MS Dhoni,CH Morris,28,44,0,157.14285714285714,44.0
N Pooran,Mohammed Siraj,28,51,1,182.14285714285714,51.0
SR Watson,CH Morris,28,49,0,175.0,49.0
SE Marsh,SK Trivedi,28,34,0,121.42857142857142,34.0
PA Patel,Washington Sundar,28,35,1,125.0,35.0
WP Saha,A Mishra,28,30,2,107.14285714285714,15.0
SR Watson,Mohammed Shami,28,18,1,64.28571428571429,18.0
SR Watson,PJ Cummins,28,22,0,78.57142857142857,22.0
Mandeep Singh,R Sharma,28,29,2,103.57142857142858,14.5
JP Duminy,SK Trivedi,28,24,2,85.71428571428571,12.0
RA Tripathi,JJ Bumrah,28,46,1,164.28571428571428,46.0
SC Ganguly,SB Styris,28,26,0,92.85714285714286,26.0
SR Watson,RJ Harris,28,45,0,160.71428571428572,45.0
AD Russell,Imran Tahir,28,26,2,92.85714285714286,13.0
DJ Hussey,Harbhajan Singh,28,30,0,107.14285714285714,30.0
Ishan Kishan,M Prasidh Krishna,28,35,1,125.0,35.0
AT Rayudu,Kuldeep Yadav,28,27,2,96.42857142857143,13.5
N Pooran,R Ashwin,28,30,2,107.14285714285714,15.0
R Parag,Arshdeep Singh,28,44,1,157.14285714285714,44.0
LMP Simmons,B Kumar,28,13,1,46.42857142857143,13.0
AB de Villiers,M Muralitharan,28,33,0,117.85714285714286,33.0
RA Jadeja,M Prasidh Krishna,28,54,0,192.85714285714286,54.0
KC Sangakkara,A Nehra,28,39,1,139.28571428571428,39.0
RA Jadeja,Suyash Sharma,28,50,0,178.57142857142858,50.0
DA Miller,CH Morris,28,27,2,96.42857142857143,13.5
P Simran Singh,I Sharma,28,44,1,157.14285714285714,44.0
CH Gayle,SR Watson,28,21,3,75.0,7.0
DJ Bravo,JJ Bumrah,28,35,4,125.0,8.75
N Rana,JJ Bumrah,28,25,3,89.28571428571429,8.333333333333334
SR Tendulkar,PP Ojha,28,27,1,96.42857142857143,27.0
N Wadhera,M Theekshana,28,35,0,125.0,35.0
PA Patel,M Morkel,28,32,0,114.28571428571428,32.0
SR Tendulkar,JH Kallis,28,39,3,139.28571428571428,13.0
RV Uthappa,KH Pandya,28,31,2,110.71428571428572,15.5
SR Tendulkar,L Balaji,28,18,1,64.28571428571429,18.0
DJ Bravo,Harbhajan Singh,28,17,0,60.71428571428571,17.0
RA Jadeja,DT Christian,28,23,1,82.14285714285714,23.0
KD Karthik,SN Thakur,28,34,1,121.42857142857142,34.0
JP Faulkner,MG Johnson,28,37,1,132.14285714285714,37.0
RA Jadeja,K Rabada,28,45,1,160.71428571428572,45.0
KH Pandya,AD Russell,28,39,2,139.28571428571428,19.5
M Vijay,JH Kallis,28,22,2,78.57142857142857,11.0
M Vijay,STR Binny,28,35,1,125.0,35.0
AC Gilchrist,MM Patel,28,40,0,142.85714285714286,40.0
CH Gayle,A Nehra,28,45,1,160.71428571428572,45.0
ML Hayden,RP Singh,28,44,0,157.14285714285714,44.0
MP Stoinis,JC Archer,28,45,1,160.71428571428572,45.0
JM Bairstow,CV Varun,28,53,1,189.28571428571428,53.0
JM Bairstow,M Prasidh Krishna,28,49,0,175.0,49.0
KL Rahul,Noor Ahmad,28,42,0,150.0,42.0
RG Sharma,VG Arora,28,41,1,146.42857142857142,41.0
AD Russell,T Natarajan,28,43,1,153.57142857142858,43.0
KL Rahul,Shivam Mavi,28,30,0,107.14285714285714,30.0
V Sehwag,AD Mascarenhas,28,47,1,167.85714285714286,47.0
AD Russell,Rashid Khan,28,28,4,100.0,7.0
S Dube,LH Ferguson,28,26,1,92.85714285714286,26.0
SK Raina,MM Sharma,28,36,1,128.57142857142858,36.0
RA Tripathi,SM Curran,28,41,0,146.42857142857142,41.0
MP Stoinis,SN Thakur,28,40,2,142.85714285714286,20.0
HH Gibbs,P Kumar,28,46,2,164.28571428571428,23.0
V Kohli,PJ Sangwan,28,38,0,135.71428571428572,38.0
AB de Villiers,MM Patel,28,37,0,132.14285714285714,37.0
RR Pant,MM Sharma,28,69,0,246.42857142857144,69.0
JD Ryder,KMDN Kulasekara,28,42,2,150.0,21.0
AB de Villiers,MM Sharma,28,69,1,246.42857142857144,69.0
MR Marsh,K Rabada,28,49,2,175.0,24.5
MR Marsh,KH Pandya,28,43,1,153.57142857142858,43.0
MS Dhoni,MJ McClenaghan,28,31,1,110.71428571428572,31.0
MS Dhoni,AJ Tye,28,44,0,157.14285714285714,44.0
Y Venugopal Rao,M Muralitharan,28,21,1,75.0,21.0
Q de Kock,M Prasidh Krishna,28,44,2,157.14285714285714,22.0
F du Plessis,Ankit Sharma,28,30,1,107.14285714285714,30.0
V Kohli,SK Warne,28,16,1,57.14285714285714,16.0
F du Plessis,J Suchith,28,29,1,103.57142857142858,29.0
F du Plessis,P Kumar,28,31,0,110.71428571428572,31.0
MM Ali,Mohammed Shami,28,35,0,125.0,35.0
MK Tiwary,SB Jakati,28,30,0,107.14285714285714,30.0
STR Binny,DJ Bravo,28,57,1,203.57142857142856,57.0
GJ Maxwell,KV Sharma,28,75,0,267.85714285714283,75.0
Q de Kock,Arshdeep Singh,28,30,1,107.14285714285714,30.0
Tilak Varma,KH Pandya,28,38,0,135.71428571428572,38.0
MK Pandey,Mujeeb Ur Rahman,28,29,0,103.57142857142858,29.0
MK Pandey,S Nadeem,28,32,2,114.28571428571428,16.0
PP Shaw,TA Boult,28,28,4,100.0,7.0
V Sehwag,M Morkel,28,24,1,85.71428571428571,24.0
KS Williamson,Mohammed Siraj,28,27,1,96.42857142857143,27.0
Shubman Gill,Harpreet Brar,28,36,0,128.57142857142858,36.0
YK Pathan,L Balaji,28,48,1,171.42857142857142,48.0
SK Raina,S Kaul,28,33,1,117.85714285714286,33.0
CH Gayle,L Balaji,28,38,0,135.71428571428572,38.0
V Sehwag,B Lee,28,30,1,107.14285714285714,30.0
H Klaasen,Avesh Khan,28,40,2,142.85714285714286,20.0
RG Sharma,VR Aaron,28,59,1,210.71428571428572,59.0
SPD Smith,P Kumar,28,49,0,175.0,49.0
SPD Smith,AR Patel,28,31,2,110.71428571428572,15.5
RM Patidar,R Ashwin,28,25,2,89.28571428571429,12.5
RK Singh,T Natarajan,28,39,3,139.28571428571428,13.0
G Gambhir,AD Mascarenhas,28,31,3,110.71428571428572,10.333333333333334
V Sehwag,R Ashwin,28,42,1,150.0,42.0
SK Raina,NLTC Perera,28,42,2,150.0,21.0
AB de Villiers,RD Chahar,28,34,0,121.42857142857142,34.0
H Klaasen,TA Boult,28,37,0,132.14285714285714,37.0
CH Gayle,JD Unadkat,28,72,0,257.14285714285717,72.0
KA Pollard,Imran Tahir,28,46,1,164.28571428571428,46.0
JC Buttler,MA Starc,28,51,1,182.14285714285714,51.0
DA Warner,TG Southee,28,45,0,160.71428571428572,45.0
DA Miller,JP Duminy,28,14,2,50.0,7.0
DA Miller,Imran Tahir,28,38,0,135.71428571428572,38.0
CA Lynn,KH Pandya,28,29,0,103.57142857142858,29.0
Yuvraj Singh,TG Southee,27,36,0,133.33333333333331,36.0
SPD Smith,HH Pandya,27,27,1,100.0,27.0
RA Jadeja,MM Sharma,27,50,1,185.1851851851852,50.0
DA Warner,M Prasidh Krishna,27,32,2,118.5185185185185,16.0
B Sai Sudharsan,Gurjapneet Singh,27,48,0,177.77777777777777,48.0
JC Buttler,HV Patel,27,40,0,148.14814814814815,40.0
CH Gayle,Navdeep Saini,27,19,0,70.37037037037037,19.0
BJ Hodge,Z Khan,27,29,2,107.40740740740742,14.5
DA Warner,DJ Hussey,27,21,0,77.77777777777779,21.0
RV Uthappa,Washington Sundar,27,49,1,181.4814814814815,49.0
DA Warner,M Ashwin,27,27,0,100.0,27.0
DA Warner,M Morkel,27,40,2,148.14814814814815,20.0
SPD Smith,R Ashwin,27,25,1,92.5925925925926,25.0
KL Rahul,TU Deshpande,27,32,0,118.5185185185185,32.0
AB de Villiers,R Bhatia,27,36,0,133.33333333333331,36.0
KM Jadhav,R Ashwin,27,27,0,100.0,27.0
Shubman Gill,M Ashwin,27,39,1,144.44444444444443,39.0
S Dhawan,WD Parnell,27,40,0,148.14814814814815,40.0
MK Pandey,BB Sran,27,30,0,111.11111111111111,30.0
MK Pandey,MC Henriques,27,34,0,125.92592592592592,34.0
MK Pandey,M Ashwin,27,24,1,88.88888888888889,24.0
BB McCullum,JJ Bumrah,27,40,1,148.14814814814815,40.0
MEK Hussey,SR Watson,27,30,0,111.11111111111111,30.0
STR Binny,A Mishra,27,26,2,96.29629629629629,13.0
ST Jayasuriya,I Sharma,27,39,1,144.44444444444443,39.0
MK Lomror,YS Chahal,27,38,3,140.74074074074073,12.666666666666666
AM Rahane,P Negi,27,21,1,77.77777777777779,21.0
YBK Jaiswal,K Rabada,27,27,3,100.0,9.0
Tilak Varma,M Prasidh Krishna,27,51,2,188.88888888888889,25.5
Tilak Varma,Arshdeep Singh,27,48,1,177.77777777777777,48.0
RK Singh,M Pathirana,27,28,1,103.7037037037037,28.0
S Dube,GJ Maxwell,27,26,1,96.29629629629629,26.0
YBK Jaiswal,Rashid Khan,27,28,1,103.7037037037037,28.0
RD Gaikwad,JJ Bumrah,27,35,0,129.62962962962962,35.0
RD Gaikwad,KK Ahmed,27,16,1,59.25925925925925,16.0
SK Raina,RP Singh,27,26,1,96.29629629629629,26.0
JH Kallis,KA Pollard,27,45,0,166.66666666666669,45.0
ML Hayden,Z Khan,27,36,1,133.33333333333331,36.0
MM Ali,M Prasidh Krishna,27,37,1,137.03703703703704,37.0
SS Tiwary,Harbhajan Singh,27,38,1,140.74074074074073,38.0
MK Tiwary,JJ Bumrah,27,30,1,111.11111111111111,30.0
MK Tiwary,KA Pollard,27,39,2,144.44444444444443,19.5
MK Tiwary,PP Ojha,27,23,1,85.18518518518519,23.0
ML Hayden,DJ Bravo,27,35,0,129.62962962962962,35.0
ML Hayden,DP Nannes,27,36,0,133.33333333333331,36.0
MP Stoinis,K Rabada,27,30,0,111.11111111111111,30.0
MP Stoinis,Mohammed Siraj,27,38,0,140.74074074074073,38.0
AM Rahane,DS Kulkarni,27,21,2,77.77777777777779,10.5
KL Rahul,KA Pollard,27,37,1,137.03703703703704,37.0
R Tewatia,CV Varun,27,20,2,74.07407407407408,10.0
KL Rahul,Mukesh Choudhary,27,41,0,151.85185185185185,41.0
KL Rahul,Yash Dayal,27,47,0,174.07407407407408,47.0
SS Iyer,Shivam Mavi,27,72,1,266.66666666666663,72.0
H Klaasen,SN Thakur,27,41,3,151.85185185185185,13.666666666666666
AM Rahane,S Aravind,27,54,0,200.0,54.0
MA Agarwal,M Prasidh Krishna,27,44,1,162.96296296296296,44.0
MA Agarwal,MA Starc,27,24,1,88.88888888888889,24.0
MA Agarwal,SN Thakur,27,47,1,174.07407407407408,47.0
SV Samson,Avesh Khan,27,28,1,103.7037037037037,28.0
MP Stoinis,R Ashwin,27,23,1,85.18518518518519,23.0
MP Stoinis,RA Jadeja,27,38,2,140.74074074074073,19.0
MP Stoinis,YS Chahal,27,34,1,125.92592592592592,34.0
JM Bairstow,PJ Cummins,27,16,3,59.25925925925925,5.333333333333333
KK Nair,S Kaul,27,44,1,162.96296296296296,44.0
MP Stoinis,C Green,27,38,2,140.74074074074073,19.0
BB McCullum,DL Vettori,27,25,2,92.5925925925926,12.5
RR Pant,AD Russell,27,52,4,192.59259259259258,13.0
AM Rahane,R Sharma,27,29,1,107.40740740740742,29.0
MEK Hussey,MG Johnson,27,30,0,111.11111111111111,30.0
AK Markram,Arshdeep Singh,27,37,2,137.03703703703704,18.5
JD Ryder,P Kumar,27,25,1,92.5925925925926,25.0
Tilak Varma,SP Narine,27,23,1,85.18518518518519,23.0
JH Kallis,A Nehra,27,31,0,114.81481481481481,31.0
Abhishek Sharma,RA Jadeja,27,35,1,129.62962962962962,35.0
AM Rahane,Bipul Sharma,27,13,2,48.148148148148145,6.5
MS Dhoni,P Negi,27,36,0,133.33333333333331,36.0
MS Dhoni,A Kumble,27,23,0,85.18518518518519,23.0
DPMD Jayawardene,SK Trivedi,27,31,2,114.81481481481481,15.5
Abhishek Sharma,Yash Thakur,27,72,0,266.66666666666663,72.0
DR Smith,Ankit Sharma,27,41,1,151.85185185185185,41.0
JP Duminy,RR Powar,27,29,0,107.40740740740742,29.0
KH Pandya,Mukesh Kumar,27,43,1,159.25925925925927,43.0
KK Nair,JD Unadkat,27,41,1,151.85185185185185,41.0
KK Nair,B Kumar,27,29,2,107.40740740740742,14.5
AC Gilchrist,Harbhajan Singh,27,27,2,100.0,13.5
JH Kallis,A Singh,27,17,3,62.96296296296296,5.666666666666667
Ishan Kishan,S Kaul,27,45,1,166.66666666666669,45.0
IK Pathan,JA Morkel,27,50,0,185.1851851851852,50.0
V Kohli,P Awana,27,38,2,140.74074074074073,19.0
IK Pathan,DJ Bravo,27,21,2,77.77777777777779,10.5
YBK Jaiswal,MA Starc,27,44,1,162.96296296296296,44.0
D Padikkal,PVD Chameera,27,36,0,133.33333333333331,36.0
D Padikkal,Ravi Bishnoi,27,34,1,125.92592592592592,34.0
MS Dhoni,R Vinay Kumar,27,33,1,122.22222222222223,33.0
RV Uthappa,AB Dinda,27,27,0,100.0,27.0
SC Ganguly,JP Duminy,27,29,0,107.40740740740742,29.0
Mandeep Singh,R Ashwin,27,24,2,88.88888888888889,12.0
N Pooran,JJ Bumrah,27,19,3,70.37037037037037,6.333333333333333
Ishan Kishan,GJ Maxwell,27,44,0,162.96296296296296,44.0
Shashank Singh,B Kumar,27,52,1,192.59259259259258,52.0
AT Rayudu,K Rabada,27,23,1,85.18518518518519,23.0
V Kohli,K Gowtham,27,24,1,88.88888888888889,24.0
V Kohli,DW Steyn,27,28,0,103.7037037037037,28.0
M Vijay,S Aravind,27,40,4,148.14814814814815,10.0
N Rana,HH Pandya,27,41,3,151.85185185185185,13.666666666666666
PA Patel,RP Singh,27,23,1,85.18518518518519,23.0
N Rana,M Markande,27,32,1,118.5185185185185,32.0
B Sai Sudharsan,Mukesh Kumar,27,38,1,140.74074074074073,38.0
DJ Bravo,SL Malinga,27,46,3,170.37037037037038,15.333333333333334
Yuvraj Singh,JP Duminy,27,14,2,51.85185185185185,7.0
PA Patel,SL Malinga,27,25,3,92.5925925925926,8.333333333333334
M Vijay,PP Chawla,27,33,2,122.22222222222223,16.5
M Vijay,TG Southee,27,30,1,111.11111111111111,30.0
AJ Finch,JP Faulkner,27,25,1,92.5925925925926,25.0
AJ Finch,KH Pandya,27,28,0,103.7037037037037,28.0
CH Gayle,MM Patel,27,53,2,196.2962962962963,26.5
M Vijay,DL Vettori,27,31,0,114.81481481481481,31.0
M Vijay,KH Pandya,27,31,0,114.81481481481481,31.0
SV Samson,Shivam Mavi,27,34,5,125.92592592592592,6.8
M Vijay,M Morkel,27,26,2,96.29629629629629,13.0
SR Tendulkar,M Muralitharan,27,36,0,133.33333333333331,36.0
RA Jadeja,Z Khan,27,36,1,133.33333333333331,36.0
CA Lynn,JJ Bumrah,27,33,2,122.22222222222223,16.5
KD Karthik,SM Curran,27,65,1,240.74074074074073,65.0
KD Karthik,SW Tait,27,32,2,118.5185185185185,16.0
SR Tendulkar,R Bhatia,27,27,3,100.0,9.0
N Rana,Umran Malik,27,44,1,162.96296296296296,44.0
WP Saha,R Ashwin,27,33,0,122.22222222222223,33.0
N Rana,TU Deshpande,27,34,1,125.92592592592592,34.0
CA Lynn,Sandeep Sharma,27,32,0,118.5185185185185,32.0
SK Raina,DW Steyn,27,26,1,96.29629629629629,26.0
RA Tripathi,AD Russell,27,44,4,162.96296296296296,11.0
KD Karthik,Imran Tahir,27,31,3,114.81481481481481,10.333333333333334
YK Pathan,CH Morris,27,30,1,111.11111111111111,30.0
KD Karthik,JC Archer,27,38,2,140.74074074074073,19.0
AR Patel,R Ashwin,27,15,3,55.55555555555556,5.0
NV Ojha,M Muralitharan,27,33,1,122.22222222222223,33.0
SPD Smith,R Vinay Kumar,27,37,3,137.03703703703704,12.333333333333334
YK Pathan,AR Patel,27,24,0,88.88888888888889,24.0
V Kohli,Ankit Sharma,27,23,0,85.18518518518519,23.0
P Simran Singh,Kuldeep Yadav,27,46,2,170.37037037037038,23.0
SA Yadav,RD Chahar,27,37,0,137.03703703703704,37.0
SA Yadav,R Sai Kishore,27,45,2,166.66666666666669,22.5
Yuvraj Singh,P Kumar,27,21,1,77.77777777777779,21.0
TH David,Rashid Khan,27,32,3,118.5185185185185,10.666666666666666
DA Warner,DT Christian,26,33,0,126.92307692307692,33.0
DA Warner,JL Pattinson,26,37,1,142.30769230769232,37.0
DA Warner,JO Holder,26,28,0,107.6923076923077,28.0
SPD Smith,Kuldeep Yadav,26,34,0,130.76923076923077,34.0
DA Miller,PJ Cummins,26,25,0,96.15384615384616,25.0
Washington Sundar,Ravi Bishnoi,26,24,3,92.3076923076923,8.0
DA Warner,B Lee,26,34,0,130.76923076923077,34.0
DA Warner,CV Varun,26,37,2,142.30769230769232,18.5
JC Buttler,Arshdeep Singh,26,42,1,161.53846153846155,42.0
Shakib Al Hasan,DJ Bravo,26,44,2,169.23076923076923,22.0
R Dravid,SL Malinga,26,20,0,76.92307692307693,20.0
LRPL Taylor,M Muralitharan,26,35,0,134.6153846153846,35.0
R Dravid,R Sharma,26,32,1,123.07692307692308,32.0
R Dravid,M Kartik,26,35,1,134.6153846153846,35.0
R Dravid,Harbhajan Singh,26,23,3,88.46153846153845,7.666666666666667
A Raghuvanshi,KH Pandya,26,31,0,119.23076923076923,31.0
V Kohli,Basil Thampi,26,29,1,111.53846153846155,29.0
R Dravid,AB Agarkar,26,37,0,142.30769230769232,37.0
M Vijay,DS Kulkarni,26,20,1,76.92307692307693,20.0
M Vijay,MJ McClenaghan,26,38,0,146.15384615384613,38.0
R Dravid,Harmeet Singh,26,42,2,161.53846153846155,21.0
R Dravid,A Mishra,26,26,2,100.0,13.0
AB de Villiers,P Kumar,26,52,0,200.0,52.0
Shashank Singh,Noor Ahmad,26,41,0,157.69230769230768,41.0
LMP Simmons,KV Sharma,26,50,1,192.30769230769232,50.0
R Dravid,Yuvraj Singh,26,33,1,126.92307692307692,33.0
Ishan Kishan,T Natarajan,26,25,1,96.15384615384616,25.0
Ishan Kishan,VG Arora,26,23,3,88.46153846153845,7.666666666666667
SA Yadav,Harpreet Brar,26,33,0,126.92307692307692,33.0
V Kohli,Imran Tahir,26,34,1,130.76923076923077,34.0
RG Sharma,Gagandeep Singh,26,50,0,192.30769230769232,50.0
Ishan Kishan,JR Hazlewood,26,42,0,161.53846153846155,42.0
JC Buttler,RD Chahar,26,43,2,165.3846153846154,21.5
V Kohli,A Ashish Reddy,26,32,2,123.07692307692308,16.0
SK Raina,A Nehra,26,15,1,57.692307692307686,15.0
KS Williamson,Shivam Mavi,26,44,0,169.23076923076923,44.0
HH Pandya,KK Ahmed,26,37,3,142.30769230769232,12.333333333333334
RG Sharma,Mohsin Khan,26,38,1,146.15384615384613,38.0
RG Sharma,KV Sharma,26,34,1,130.76923076923077,34.0
V Kohli,R Bhatia,26,40,0,153.84615384615387,40.0
Q de Kock,S Aravind,26,40,0,153.84615384615387,40.0
AM Rahane,SN Thakur,26,32,2,123.07692307692308,16.0
SV Samson,HV Patel,26,27,3,103.84615384615385,9.0
SE Marsh,R Vinay Kumar,26,23,1,88.46153846153845,23.0
V Kohli,Yash Dayal,26,48,0,184.6153846153846,48.0
HH Gibbs,Z Khan,26,32,3,123.07692307692308,10.666666666666666
HH Pandya,CH Morris,26,41,2,157.69230769230768,20.5
BJ Hodge,DJ Bravo,26,46,0,176.9230769230769,46.0
V Kohli,SR Watson,26,19,1,73.07692307692307,19.0
SK Raina,S Sreesanth,26,35,1,134.6153846153846,35.0
R Parag,SP Narine,26,26,1,100.0,26.0
JH Kallis,MS Gony,26,30,2,115.38461538461537,15.0
V Sehwag,A Mishra,26,50,1,192.30769230769232,50.0
SE Marsh,R Ashwin,26,17,0,65.38461538461539,17.0
MEK Hussey,YK Pathan,26,37,0,142.30769230769232,37.0
MEK Hussey,RP Singh,26,28,1,107.6923076923077,28.0
Q de Kock,GJ Maxwell,26,19,0,73.07692307692307,19.0
ST Jayasuriya,JA Morkel,26,51,0,196.15384615384613,51.0
SE Marsh,R Tewatia,26,46,1,176.9230769230769,46.0
SS Tiwary,SL Malinga,26,27,0,103.84615384615385,27.0
MK Pandey,CV Varun,26,29,0,111.53846153846155,29.0
BB McCullum,P Negi,26,31,1,119.23076923076923,31.0
AT Rayudu,Z Khan,26,44,0,169.23076923076923,44.0
Gurkeerat Singh,R Ashwin,26,39,2,150.0,19.5
Abdul Samad,CV Varun,26,35,1,134.6153846153846,35.0
H Klaasen,Harshit Rana,26,48,2,184.6153846153846,24.0
AB de Villiers,UT Yadav,26,42,1,161.53846153846155,42.0
CH Gayle,Imran Tahir,26,45,1,173.0769230769231,45.0
CH Gayle,JC Archer,26,32,3,123.07692307692308,10.666666666666666
JH Kallis,R Vinay Kumar,26,25,3,96.15384615384616,8.333333333333334
BB McCullum,R Bhatia,26,30,1,115.38461538461537,30.0
MK Pandey,MJ McClenaghan,26,46,0,176.9230769230769,46.0
Priyansh Arya,KK Ahmed,26,56,1,215.3846153846154,56.0
AM Rahane,KK Ahmed,26,28,1,107.6923076923077,28.0
V Sehwag,L Balaji,26,39,1,150.0,39.0
G Gambhir,JH Kallis,26,28,1,107.6923076923077,28.0
SE Marsh,DW Steyn,26,44,0,169.23076923076923,44.0
MK Pandey,PP Chawla,26,25,2,96.15384615384616,12.5
MK Pandey,TG Southee,26,31,1,119.23076923076923,31.0
CL White,S Nadeem,26,27,1,103.84615384615385,27.0
G Gambhir,S Nadeem,26,39,0,150.0,39.0
V Sehwag,MM Sharma,26,33,2,126.92307692307692,16.5
SS Tiwary,DJ Bravo,26,26,0,100.0,26.0
S Badrinath,PP Ojha,26,28,3,107.6923076923077,9.333333333333334
JH Kallis,SR Watson,26,32,0,123.07692307692308,32.0
Tilak Varma,Avesh Khan,26,31,0,119.23076923076923,31.0
Shubman Gill,S Gopal,26,49,0,188.46153846153845,49.0
KL Rahul,SM Curran,26,29,0,111.53846153846155,29.0
F du Plessis,PV Tambe,26,41,1,157.69230769230768,41.0
F du Plessis,RA Jadeja,26,46,0,176.9230769230769,46.0
SS Iyer,TG Southee,26,18,0,69.23076923076923,18.0
MM Ali,RD Chahar,26,30,2,115.38461538461537,15.0
PP Shaw,AD Russell,26,35,0,134.6153846153846,35.0
SS Iyer,RD Chahar,26,30,3,115.38461538461537,10.0
G Gambhir,BA Bhatt,26,35,0,134.6153846153846,35.0
RA Tripathi,TA Boult,26,30,4,115.38461538461537,7.5
AT Rayudu,Bipul Sharma,26,24,1,92.3076923076923,24.0
JM Bairstow,Mohammed Shami,26,27,1,103.84615384615385,27.0
JM Bairstow,Ravi Bishnoi,26,36,1,138.46153846153845,36.0
JM Bairstow,SP Narine,26,31,0,119.23076923076923,31.0
RA Tripathi,RA Jadeja,26,25,3,96.15384615384616,8.333333333333334
KK Nair,D Wiese,26,28,0,107.6923076923077,28.0
S Dhawan,MG Johnson,26,22,3,84.61538461538461,7.333333333333333
RA Tripathi,Rashid Khan,26,35,1,134.6153846153846,35.0
SS Iyer,Kartik Tyagi,26,17,1,65.38461538461539,17.0
F du Plessis,M Theekshana,26,24,1,92.3076923076923,24.0
F du Plessis,Mustafizur Rahman,26,30,1,115.38461538461537,30.0
V Shankar,R Tewatia,26,19,0,73.07692307692307,19.0
AM Rahane,HV Patel,26,39,1,150.0,39.0
MR Marsh,AR Patel,26,22,0,84.61538461538461,22.0
MP Stoinis,SP Narine,26,26,1,100.0,26.0
SS Iyer,KV Sharma,26,41,0,157.69230769230768,41.0
AM Rahane,Arshdeep Singh,26,33,2,126.92307692307692,16.5
SS Iyer,CV Varun,26,40,1,153.84615384615387,40.0
RR Pant,Kuldeep Yadav,26,23,3,88.46153846153845,7.666666666666667
RR Pant,M Prasidh Krishna,26,37,2,142.30769230769232,18.5
JP Duminy,PP Chawla,26,33,1,126.92307692307692,33.0
RA Jadeja,IK Pathan,26,30,2,115.38461538461537,15.0
T Stubbs,Gurjapneet Singh,26,48,0,184.6153846153846,48.0
KH Pandya,SN Thakur,26,32,2,123.07692307692308,16.0
KK Nair,AD Russell,26,28,2,107.6923076923077,14.0
D Padikkal,Mohammed Shami,26,27,0,103.84615384615385,27.0
RR Pant,R Parag,26,51,1,196.15384615384613,51.0
RR Pant,SK Raina,26,51,0,196.15384615384613,51.0
MS Dhoni,DS Kulkarni,26,44,0,169.23076923076923,44.0
D Padikkal,JJ Bumrah,26,18,2,69.23076923076923,9.0
MS Dhoni,RA Jadeja,26,30,2,115.38461538461537,15.0
RV Uthappa,AJ Tye,26,39,1,150.0,39.0
DP Conway,KK Ahmed,26,32,1,123.07692307692308,32.0
AK Markram,VG Arora,26,34,2,130.76923076923077,17.0
N Pooran,Sandeep Sharma,26,37,3,142.30769230769232,12.333333333333334
N Pooran,PJ Cummins,26,43,1,165.3846153846154,43.0
N Pooran,RD Chahar,26,52,0,200.0,52.0
TM Head,A Kamboj,26,41,1,157.69230769230768,41.0
KD Karthik,SK Trivedi,26,35,1,134.6153846153846,35.0
AR Patel,Mohammed Shami,26,29,2,111.53846153846155,14.5
KH Pandya,M Prasidh Krishna,26,41,0,157.69230769230768,41.0
N Rana,K Rabada,26,22,0,84.61538461538461,22.0
RV Uthappa,Harmeet Singh,26,32,2,123.07692307692308,16.0
RV Uthappa,Iqbal Abdulla,26,24,3,92.3076923076923,8.0
DJ Bravo,R Bhatia,26,31,0,119.23076923076923,31.0
DJ Hooda,JD Unadkat,26,38,3,146.15384615384613,12.666666666666666
WP Saha,MJ McClenaghan,26,38,2,146.15384615384613,19.0
AD Russell,Avesh Khan,26,35,3,134.6153846153846,11.666666666666666
AD Russell,CH Morris,26,38,4,146.15384615384613,9.5
N Rana,Mohammed Siraj,26,35,3,134.6153846153846,11.666666666666666
SR Tendulkar,RA Jadeja,26,37,1,142.30769230769232,37.0
N Rana,Washington Sundar,26,36,2,138.46153846153845,18.0
SK Raina,CH Morris,26,21,3,80.76923076923077,7.0
CA Lynn,S Kaul,26,48,1,184.6153846153846,48.0
AR Patel,RD Chahar,26,20,1,76.92307692307693,20.0
AB de Villiers,SK Trivedi,26,38,1,146.15384615384613,38.0
S Dhawan,JH Kallis,26,43,2,165.3846153846154,21.5
S Dube,R Ashwin,26,42,2,161.53846153846155,21.0
S Dube,Rashid Khan,26,48,2,184.6153846153846,24.0
PA Patel,DS Kulkarni,26,40,2,153.84615384615387,20.0
SR Tendulkar,DE Bollinger,26,17,2,65.38461538461539,8.5
SP Narine,Sandeep Sharma,26,44,1,169.23076923076923,44.0
WP Saha,P Kumar,26,35,0,134.6153846153846,35.0
DA Warner,S Gopal,26,33,0,126.92307692307692,33.0
DA Warner,SK Trivedi,26,36,0,138.46153846153845,36.0
DA Warner,S Sreesanth,26,20,2,76.92307692307693,10.0
RV Uthappa,R Bhatia,26,38,0,146.15384615384613,38.0
AB de Villiers,JD Unadkat,26,45,0,173.0769230769231,45.0
NV Ojha,AR Patel,26,36,1,138.46153846153845,36.0
K Rabada,JJ Bumrah,26,18,2,69.23076923076923,9.0
SK Raina,DJ Hussey,26,31,0,119.23076923076923,31.0
KA Pollard,JD Unadkat,26,46,2,176.9230769230769,23.0
KC Sangakkara,DJ Hussey,26,31,0,119.23076923076923,31.0
KC Sangakkara,R Ashwin,26,21,3,80.76923076923077,7.0
SPD Smith,Bipul Sharma,26,48,0,184.6153846153846,48.0
SPD Smith,DL Chahar,26,27,0,103.84615384615385,27.0
SA Yadav,SR Watson,26,38,1,146.15384615384613,38.0
Yuvraj Singh,PP Chawla,26,37,2,142.30769230769232,18.5
Yuvraj Singh,R Dhawan,26,24,1,92.3076923076923,24.0
Yuvraj Singh,YK Pathan,25,39,0,156.0,39.0
P Simran Singh,DS Rathi,25,47,2,188.0,23.5
P Simran Singh,DL Chahar,25,42,0,168.0,42.0
B Sai Sudharsan,AR Patel,25,51,0,204.0,51.0
Yuvraj Singh,MJ McClenaghan,25,38,2,152.0,19.0
Yuvraj Singh,MM Sharma,25,43,1,172.0,43.0
P Simran Singh,T Natarajan,25,30,1,120.0,30.0
SPD Smith,MJ McClenaghan,25,36,1,144.0,36.0
DA Warner,RJ Harris,25,22,2,88.0,11.0
KC Sangakkara,DJ Bravo,25,27,2,108.0,13.5
KA Pollard,Sandeep Sharma,25,44,1,176.0,44.0
N Wadhera,Ravi Bishnoi,25,37,1,148.0,37.0
SR Tendulkar,BA Bhatt,25,31,0,124.0,31.0
N Rana,SM Curran,25,24,0,96.0,24.0
N Rana,A Nortje,25,26,1,104.0,26.0
N Rana,KK Ahmed,25,47,0,188.0,47.0
N Rana,HV Patel,25,38,2,152.0,19.0
B Sai Sudharsan,JR Hazlewood,25,29,2,115.99999999999999,14.5
DJ Hussey,MM Patel,25,20,2,80.0,10.0
D Padikkal,Sandeep Sharma,25,26,2,104.0,13.0
N Pooran,AD Russell,25,45,1,180.0,45.0
AK Markram,Rashid Khan,25,27,0,108.0,27.0
S Badrinath,DS Kulkarni,25,32,1,128.0,32.0
S Badrinath,IK Pathan,25,29,1,115.99999999999999,29.0
DJ Hussey,UT Yadav,25,10,3,40.0,3.3333333333333335
KD Karthik,DT Christian,25,38,1,152.0,38.0
S Dhawan,JP Faulkner,25,23,4,92.0,5.75
TM Dilshan,B Kumar,25,11,0,44.0,11.0
D Padikkal,M Prasidh Krishna,25,47,1,188.0,47.0
Yuvraj Singh,DT Christian,25,15,2,60.0,7.5
AM Nayar,M Muralitharan,25,20,0,80.0,20.0
SR Watson,KV Sharma,25,50,1,200.0,50.0
SP Narine,DS Kulkarni,25,31,0,124.0,31.0
N Pooran,JC Archer,25,30,1,120.0,30.0
D Padikkal,Umran Malik,25,16,2,64.0,8.0
D Padikkal,Harpreet Brar,25,27,2,108.0,13.5
D Padikkal,S Gopal,25,32,0,128.0,32.0
S Dube,MM Sharma,25,30,1,120.0,30.0
SR Watson,UT Yadav,25,43,2,172.0,21.5
SR Watson,PP Ojha,25,32,2,128.0,16.0
DPMD Jayawardene,M Kartik,25,31,0,124.0,31.0
VR Iyer,RD Chahar,25,26,1,104.0,26.0
KD Karthik,Shakib Al Hasan,25,26,2,104.0,13.0
KD Karthik,TU Deshpande,25,35,3,140.0,11.666666666666666
RA Tripathi,CH Morris,25,31,2,124.0,15.5
RA Tripathi,HV Patel,25,30,2,120.0,15.0
SK Raina,CR Woakes,25,45,0,180.0,45.0
Abhishek Sharma,VG Arora,25,19,1,76.0,19.0
DR Smith,MJ McClenaghan,25,25,1,100.0,25.0
DR Smith,JD Unadkat,25,37,0,148.0,37.0
RR Pant,T Natarajan,25,26,0,104.0,26.0
VR Iyer,K Rabada,25,45,2,180.0,22.5
RR Pant,PP Chawla,25,37,0,148.0,37.0
T Stubbs,KH Pandya,25,27,0,108.0,27.0
KH Pandya,Mustafizur Rahman,25,36,1,144.0,36.0
AJ Finch,Rashid Khan,25,37,2,148.0,18.5
JP Duminy,R Bhatia,25,31,0,124.0,31.0
MS Dhoni,CH Gayle,25,44,0,176.0,44.0
MS Dhoni,L Balaji,25,44,2,176.0,22.0
MS Dhoni,MP Stoinis,25,23,0,92.0,23.0
SS Iyer,K Rabada,25,39,0,156.0,39.0
SS Iyer,KK Ahmed,25,33,3,132.0,11.0
PJ Cummins,SN Thakur,25,47,1,188.0,47.0
SA Yadav,Mohammad Nabi,25,41,0,164.0,41.0
RR Pant,JR Hazlewood,25,38,0,152.0,38.0
V Suryavanshi,K Rabada,25,43,1,172.0,43.0
D Padikkal,B Kumar,25,15,1,60.0,15.0
D Padikkal,C Sakariya,25,30,0,120.0,30.0
EJG Morgan,Mohammed Shami,25,36,1,144.0,36.0
KK Nair,UT Yadav,25,38,2,152.0,19.0
SK Raina,CH Gayle,25,28,1,112.00000000000001,28.0
RA Tripathi,MM Ali,25,33,0,132.0,33.0
TM Head,JJ Bumrah,25,34,1,136.0,34.0
SS Iyer,NM Coulter-Nile,25,31,2,124.0,15.5
PP Shaw,Arshdeep Singh,25,37,1,148.0,37.0
MP Stoinis,AR Patel,25,15,2,60.0,7.5
F du Plessis,SM Curran,25,39,1,156.0,39.0
F du Plessis,Shakib Al Hasan,25,35,1,140.0,35.0
G Gambhir,BB Sran,25,30,0,120.0,30.0
S Badrinath,MM Patel,25,29,1,115.99999999999999,29.0
PP Shaw,CV Varun,25,37,3,148.0,12.333333333333334
V Shankar,DJ Bravo,25,57,1,227.99999999999997,57.0
G Gambhir,GJ Maxwell,25,42,0,168.0,42.0
SE Marsh,DJ Hooda,25,50,0,200.0,50.0
V Sehwag,UT Yadav,25,26,2,104.0,13.0
G Gambhir,UT Yadav,25,31,1,124.0,31.0
SA Yadav,DS Kulkarni,25,34,1,136.0,34.0
R Tewatia,JR Hazlewood,25,43,1,172.0,43.0
RD Gaikwad,Arshad Khan,25,39,0,156.0,39.0
TM Head,SP Narine,25,30,1,120.0,30.0
C de Grandhomme,S Kaul,25,25,2,100.0,12.5
V Sehwag,PP Ojha,25,18,2,72.0,9.0
V Sehwag,RA Jadeja,25,55,0,220.00000000000003,55.0
SS Tiwary,R Sharma,25,40,0,160.0,40.0
RK Singh,Noor Ahmad,25,15,3,60.0,5.0
GJ Maxwell,Imran Tahir,25,45,2,180.0,22.5
RK Singh,JJ Bumrah,25,25,3,100.0,8.333333333333334
GJ Maxwell,TA Boult,25,31,2,124.0,15.5
YK Pathan,VR Aaron,25,35,2,140.0,17.5
AM Rahane,P Awana,25,36,0,144.0,36.0
SN Khan,RA Jadeja,25,33,2,132.0,16.5
SS Tiwary,PP Chawla,25,29,2,115.99999999999999,14.5
JH Kallis,Yuvraj Singh,25,42,1,168.0,42.0
A Symonds,PP Chawla,25,35,0,140.0,35.0
R Ravindra,TA Boult,25,24,0,96.0,24.0
KM Jadhav,RA Jadeja,25,39,1,156.0,39.0
JJ Roy,B Kumar,25,27,1,108.0,27.0
RD Gaikwad,AS Joseph,25,47,1,188.0,47.0
SE Marsh,P Kumar,25,16,0,64.0,16.0
H Klaasen,HH Pandya,25,33,0,132.0,33.0
S Badrinath,SK Warne,25,14,1,56.00000000000001,14.0
RG Sharma,TA Boult,25,23,3,92.0,7.666666666666667
HH Gibbs,B Lee,25,34,0,136.0,34.0
HH Gibbs,DW Steyn,25,24,1,96.0,24.0
ST Jayasuriya,MS Gony,25,34,1,136.0,34.0
SS Tiwary,UT Yadav,25,35,0,140.0,35.0
V Kohli,VG Arora,25,54,0,216.0,54.0
HH Pandya,A Zampa,25,60,1,240.0,60.0
HH Pandya,AJ Tye,25,27,2,108.0,13.5
Tilak Varma,PJ Cummins,25,34,1,136.0,34.0
SK Raina,S Aravind,25,34,0,136.0,34.0
Shubman Gill,HH Pandya,25,19,4,76.0,4.75
AK Markram,LH Ferguson,25,41,1,164.0,41.0
Q de Kock,P Kumar,25,30,1,120.0,30.0
MEK Hussey,A Mishra,25,44,1,176.0,44.0
HH Pandya,I Sharma,25,33,0,132.0,33.0
HH Pandya,Mohammed Shami,25,45,3,180.0,15.0
HH Pandya,S Kaul,25,21,2,84.0,10.5
RG Sharma,Kartik Tyagi,25,44,0,176.0,44.0
MA Agarwal,Harbhajan Singh,25,44,2,176.0,22.0
Harbhajan Singh,MM Sharma,25,37,2,148.0,18.5
IK Pathan,I Sharma,25,35,0,140.0,35.0
V Kohli,MM Patel,25,20,1,80.0,20.0
IK Pathan,Harbhajan Singh,25,27,0,108.0,27.0
JD Ryder,IK Pathan,25,30,2,120.0,15.0
JC Buttler,T Natarajan,25,38,1,152.0,38.0
KS Williamson,PJ Cummins,25,33,0,132.0,33.0
KS Williamson,PP Chawla,25,25,1,100.0,25.0
AK Markram,AR Patel,25,35,2,140.0,17.5
R Parag,Mohammed Shami,25,25,4,100.0,6.25
Shubman Gill,A Nortje,25,38,4,152.0,9.5
AB de Villiers,MJ McClenaghan,25,55,1,220.00000000000003,55.0
CH Gayle,Mohammed Siraj,25,59,0,236.0,59.0
YBK Jaiswal,MP Stoinis,25,35,3,140.0,11.666666666666666
SM Curran,Sandeep Sharma,25,22,1,88.0,22.0
MA Agarwal,AD Russell,25,22,3,88.0,7.333333333333333
SV Samson,L Ngidi,25,29,1,115.99999999999999,29.0
YK Pathan,SK Trivedi,25,22,1,88.0,22.0
CH Gayle,RD Chahar,25,30,1,120.0,30.0
A Badoni,M Jansen,25,44,0,176.0,44.0
R Parag,JJ Bumrah,25,23,1,92.0,23.0
LMP Simmons,AR Patel,25,46,0,184.0,46.0
LMP Simmons,IC Pandey,25,20,1,80.0,20.0
R Parag,Harshit Rana,25,44,2,176.0,22.0
Shakib Al Hasan,R Ashwin,25,26,1,104.0,26.0
Shakib Al Hasan,RA Jadeja,25,34,2,136.0,17.0
SE Marsh,SK Raina,25,45,0,180.0,45.0
Ishan Kishan,Arshdeep Singh,25,42,5,168.0,8.4
V Kohli,L Balaji,25,23,3,92.0,7.666666666666667
V Kohli,MC Henriques,25,37,1,148.0,37.0
Ishan Kishan,CV Varun,25,34,1,136.0,34.0
Ishan Kishan,DL Chahar,25,30,2,120.0,15.0
A Badoni,Mukesh Kumar,25,43,1,172.0,43.0
SV Samson,P Kumar,25,30,0,120.0,30.0
M Vijay,SP Narine,25,17,2,68.0,8.5
V Kohli,DT Christian,25,22,1,88.0,22.0
BJ Hodge,SK Raina,25,27,0,108.0,27.0
M Vijay,IC Pandey,25,27,0,108.0,27.0
DA Miller,MC Henriques,25,27,1,108.0,27.0
AC Gilchrist,DP Nannes,25,45,2,180.0,22.5
DA Miller,DJ Hooda,25,43,1,172.0,43.0
DA Warner,L Balaji,25,27,3,108.0,9.0
DA Warner,Anureet Singh,25,43,1,172.0,43.0
AC Gilchrist,DJ Bravo,25,35,2,140.0,17.5
P Simran Singh,RA Jadeja,24,30,2,125.0,15.0
P Simran Singh,Avesh Khan,24,47,0,195.83333333333331,47.0
P Simran Singh,Mukesh Kumar,24,45,2,187.5,22.5
SP Narine,Yash Dayal,24,34,1,141.66666666666669,34.0
RA Jadeja,RP Singh,24,33,1,137.5,33.0
KA Pollard,SM Curran,24,54,1,225.0,54.0
NV Ojha,R Vinay Kumar,24,28,1,116.66666666666667,28.0
S Dube,Suyash Sharma,24,38,0,158.33333333333331,38.0
S Dube,T Natarajan,24,43,1,179.16666666666669,43.0
S Dube,Ravi Bishnoi,24,34,1,141.66666666666669,34.0
NLTC Perera,SP Narine,24,32,0,133.33333333333331,32.0
NV Ojha,AB Dinda,24,20,1,83.33333333333334,20.0
R Dravid,B Lee,24,23,0,95.83333333333334,23.0
SV Samson,Washington Sundar,24,51,1,212.5,51.0
V Kohli,Azmatullah Omarzai,24,27,1,112.5,27.0
JC Buttler,A Nortje,24,51,1,212.5,51.0
JC Buttler,Harshit Rana,24,40,1,166.66666666666669,40.0
Yuvraj Singh,RA Jadeja,24,17,1,70.83333333333334,17.0
A Badoni,Azmatullah Omarzai,24,45,0,187.5,45.0
SA Yadav,R Tewatia,24,28,1,116.66666666666667,28.0
SA Yadav,SN Thakur,24,32,2,133.33333333333331,16.0
AT Rayudu,Mohammed Shami,24,34,2,141.66666666666669,17.0
A Badoni,Mohammed Siraj,24,21,0,87.5,21.0
M Vijay,M Kartik,24,22,0,91.66666666666666,22.0
M Vijay,SK Warne,24,26,1,108.33333333333333,26.0
AC Gilchrist,SR Watson,24,31,1,129.16666666666669,31.0
S Dhawan,S Gopal,24,41,2,170.83333333333331,20.5
V Kohli,Harshit Rana,24,33,1,137.5,33.0
RG Sharma,A Nortje,24,37,2,154.16666666666669,18.5
V Kohli,DE Bollinger,24,26,1,108.33333333333333,26.0
BJ Hodge,SB Jakati,24,30,0,125.0,30.0
RV Uthappa,M Ashwin,24,44,2,183.33333333333331,22.0
N Rana,Avesh Khan,24,29,2,120.83333333333333,14.5
B Sai Sudharsan,Mohammed Shami,24,34,1,141.66666666666669,34.0
DJ Hooda,JJ Bumrah,24,27,1,112.5,27.0
N Pooran,Washington Sundar,24,38,0,158.33333333333331,38.0
SR Watson,AD Russell,24,33,0,137.5,33.0
D Padikkal,TA Boult,24,29,2,120.83333333333333,14.5
DJ Hussey,RP Singh,24,38,0,158.33333333333331,38.0
CA Lynn,Rashid Khan,24,23,1,95.83333333333334,23.0
CA Lynn,DL Chahar,24,35,1,145.83333333333331,35.0
KD Karthik,L Balaji,24,25,2,104.16666666666667,12.5
AB de Villiers,S Kaul,24,52,1,216.66666666666666,52.0
AK Markram,DL Chahar,24,27,0,112.5,27.0
AB de Villiers,MS Gony,24,40,1,166.66666666666669,40.0
AT Rayudu,KK Cooper,24,42,1,175.0,42.0
JC Buttler,M Ashwin,24,35,0,145.83333333333331,35.0
CH Gayle,VR Aaron,24,31,0,129.16666666666669,31.0
IK Pathan,SK Warne,24,39,1,162.5,39.0
IK Pathan,YK Pathan,24,31,0,129.16666666666669,31.0
AJ Finch,Harbhajan Singh,24,30,1,125.0,30.0
SA Yadav,KA Jamieson,24,42,1,175.0,42.0
CH Gayle,YS Chahal,24,28,0,116.66666666666667,28.0
Ishan Kishan,Mohammad Nabi,24,25,1,104.16666666666667,25.0
YK Pathan,KA Pollard,24,31,2,129.16666666666669,15.5
SK Raina,VR Aaron,24,34,1,141.66666666666669,34.0
BJ Hodge,DW Steyn,24,45,1,187.5,45.0
MA Agarwal,A Nortje,24,32,0,133.33333333333331,32.0
MA Agarwal,Anureet Singh,24,25,1,104.16666666666667,25.0
R Dravid,M Morkel,24,27,1,112.5,27.0
TM Dilshan,DW Steyn,24,13,1,54.166666666666664,13.0
AT Rayudu,AB Dinda,24,28,4,116.66666666666667,7.0
KA Pollard,A Nehra,24,46,2,191.66666666666669,23.0
KA Pollard,HV Patel,24,27,2,112.5,13.5
DP Conway,GJ Maxwell,24,28,0,116.66666666666667,28.0
Mandeep Singh,R Vinay Kumar,24,45,3,187.5,15.0
SP Narine,K Rabada,24,47,2,195.83333333333331,23.5
DPMD Jayawardene,B Lee,24,37,1,154.16666666666669,37.0
AD Russell,Mohammed Siraj,24,23,2,95.83333333333334,11.5
V Kohli,R Sai Kishore,24,27,0,112.5,27.0
Q de Kock,SM Curran,24,24,1,100.0,24.0
Q de Kock,SR Watson,24,38,1,158.33333333333331,38.0
MA Agarwal,Mohammed Siraj,24,34,0,141.66666666666669,34.0
S Badrinath,YK Pathan,24,31,0,129.16666666666669,31.0
JC Buttler,M Markande,24,38,0,158.33333333333331,38.0
JC Buttler,Ravi Bishnoi,24,25,1,104.16666666666667,25.0
SA Yadav,Avesh Khan,24,29,3,120.83333333333333,9.666666666666666
DPMD Jayawardene,P Awana,24,18,0,75.0,18.0
MS Dhoni,R Bhatia,24,21,2,87.5,10.5
S Dube,PJ Cummins,24,19,1,79.16666666666666,19.0
Mandeep Singh,JA Morkel,24,33,1,137.5,33.0
SR Watson,M Muralitharan,24,54,1,225.0,54.0
SR Watson,MG Johnson,24,26,1,108.33333333333333,26.0
DPMD Jayawardene,JD Unadkat,24,32,1,133.33333333333331,32.0
KD Karthik,S Nadeem,24,40,1,166.66666666666669,40.0
AR Patel,Noor Ahmad,24,36,2,150.0,18.0
A Symonds,DW Steyn,24,36,1,150.0,36.0
KS Williamson,LE Plunkett,24,41,0,170.83333333333331,41.0
JH Kallis,MG Johnson,24,19,0,79.16666666666666,19.0
JH Kallis,RA Jadeja,24,25,0,104.16666666666667,25.0
AT Rayudu,HH Pandya,24,31,0,129.16666666666669,31.0
JH Kallis,YA Abdulla,24,30,1,125.0,30.0
BB McCullum,YS Chahal,24,20,3,83.33333333333334,6.666666666666667
MEK Hussey,KA Pollard,24,32,0,133.33333333333331,32.0
Q de Kock,MM Sharma,24,30,1,125.0,30.0
CJ Anderson,AR Patel,24,48,1,200.0,48.0
SC Ganguly,SR Watson,24,25,0,104.16666666666667,25.0
DR Smith,AR Patel,24,31,2,129.16666666666669,15.5
Abhishek Sharma,WG Jacks,24,42,0,175.0,42.0
VR Iyer,AR Patel,24,26,2,108.33333333333333,13.0
Dhruv Jurel,Mohammed Siraj,24,58,1,241.66666666666666,58.0
YK Pathan,WD Parnell,24,33,2,137.5,16.5
AK Markram,RA Jadeja,24,27,0,112.5,27.0
AK Markram,RD Chahar,24,24,1,100.0,24.0
SE Marsh,S Kaul,24,28,0,116.66666666666667,28.0
HH Pandya,AD Russell,24,35,2,145.83333333333331,17.5
RG Sharma,P Awana,24,31,2,129.16666666666669,15.5
KH Pandya,R Ashwin,24,19,1,79.16666666666666,19.0
JP Duminy,PP Ojha,24,22,1,91.66666666666666,22.0
JP Duminy,SL Malinga,24,12,1,50.0,12.0
SS Iyer,K Gowtham,24,50,0,208.33333333333334,50.0
SS Iyer,J Yadav,24,24,0,100.0,24.0
MS Dhoni,AB Dinda,24,41,2,170.83333333333331,20.5
MS Bisla,JA Morkel,24,31,2,129.16666666666669,15.5
SA Yadav,MP Stoinis,24,41,2,170.83333333333331,20.5
S Badrinath,DJ Bravo,24,30,1,125.0,30.0
EJG Morgan,Azhar Mahmood,24,26,2,108.33333333333333,13.0
EJG Morgan,CH Morris,24,29,0,120.83333333333333,29.0
RR Pant,HH Pandya,24,35,1,145.83333333333331,35.0
D Padikkal,CV Varun,24,24,0,100.0,24.0
EJG Morgan,PP Chawla,24,39,0,162.5,39.0
KL Rahul,A Nehra,24,26,1,108.33333333333333,26.0
KL Rahul,AD Russell,24,37,1,154.16666666666669,37.0
KP Pietersen,A Mishra,24,30,1,125.0,30.0
SK Raina,P Awana,24,51,1,212.5,51.0
RD Gaikwad,Akash Singh,24,44,1,183.33333333333331,44.0
Tilak Varma,M Markande,24,37,0,154.16666666666669,37.0
YBK Jaiswal,JJ Bumrah,24,29,1,120.83333333333333,29.0
H Klaasen,RA Jadeja,24,25,1,104.16666666666667,25.0
R Tewatia,Sandeep Sharma,24,35,1,145.83333333333331,35.0
R Tewatia,T Natarajan,24,41,1,170.83333333333331,41.0
KL Rahul,Imran Tahir,24,22,0,91.66666666666666,22.0
TM Head,DL Chahar,24,24,0,100.0,24.0
JP Duminy,DS Kulkarni,24,19,0,79.16666666666666,19.0
BB McCullum,AG Murtaza,24,13,0,54.166666666666664,13.0
BB McCullum,Ankit Sharma,24,27,1,112.5,27.0
MR Marsh,DL Chahar,24,45,0,187.5,45.0
MR Marsh,A Kamboj,24,49,1,204.16666666666666,49.0
GJ Maxwell,AD Russell,24,26,0,108.33333333333333,26.0
YK Pathan,UT Yadav,24,22,2,91.66666666666666,11.0
BB McCullum,S Aravind,24,17,0,70.83333333333334,17.0
SK Raina,Mohammed Shami,24,34,1,141.66666666666669,34.0
Shubman Gill,PP Chawla,24,45,1,187.5,45.0
Shubman Gill,PVD Chameera,24,32,1,133.33333333333331,32.0
SO Hetmyer,MM Ali,24,27,0,112.5,27.0
MP Stoinis,JR Hazlewood,24,33,2,137.5,16.5
SS Iyer,MM Ali,24,19,1,79.16666666666666,19.0
MP Stoinis,Mustafizur Rahman,24,47,1,195.83333333333331,47.0
MP Stoinis,Sandeep Sharma,24,23,3,95.83333333333334,7.666666666666667
F du Plessis,Navdeep Saini,24,34,0,141.66666666666669,34.0
AD Russell,SR Watson,24,46,1,191.66666666666669,46.0
SS Iyer,Washington Sundar,24,35,2,145.83333333333331,17.5
BB McCullum,KH Pandya,24,30,0,125.0,30.0
BB McCullum,KV Sharma,24,38,1,158.33333333333331,38.0
JM Bairstow,DL Chahar,24,23,1,95.83333333333334,23.0
S Dhawan,J Suchith,24,32,0,133.33333333333331,32.0
RK Singh,Ravi Bishnoi,24,41,1,170.83333333333331,41.0
MK Pandey,JA Morkel,24,38,2,158.33333333333331,19.0
Priyansh Arya,B Kumar,24,17,1,70.83333333333334,17.0
MK Pandey,PJ Cummins,24,25,0,104.16666666666667,25.0
SS Iyer,Ravi Bishnoi,24,27,0,112.5,27.0
Y Venugopal Rao,SB Jakati,24,31,1,129.16666666666669,31.0
V Shankar,JJ Bumrah,24,23,1,95.83333333333334,23.0
AD Russell,SM Curran,24,55,2,229.16666666666666,27.5
PP Shaw,SM Curran,24,28,1,116.66666666666667,28.0
PP Shaw,M Prasidh Krishna,24,33,1,137.5,33.0
MK Tiwary,UT Yadav,24,25,0,104.16666666666667,25.0
ML Hayden,A Nehra,24,31,1,129.16666666666669,31.0
SS Tiwary,AB Dinda,24,21,2,87.5,10.5
SA Yadav,Kartik Tyagi,24,39,1,162.5,39.0
V Sehwag,SR Watson,24,32,3,133.33333333333331,10.666666666666666
MK Pandey,RD Chahar,24,24,1,100.0,24.0
G Gambhir,S Aravind,24,27,3,112.5,9.0
KL Rahul,J Suchith,24,23,0,95.83333333333334,23.0
OA Shah,KA Pollard,24,40,0,166.66666666666669,40.0
SA Yadav,V Nigam,24,35,0,145.83333333333331,35.0
B Sai Sudharsan,A Kamboj,24,43,1,179.16666666666669,43.0
AB de Villiers,K Rabada,24,42,1,175.0,42.0
AM Nayar,A Mishra,24,15,1,62.5,15.0
RA Jadeja,Mohammed Shami,24,33,2,137.5,16.5
DA Warner,Imran Tahir,24,43,0,179.16666666666669,43.0
DA Warner,JH Kallis,24,32,2,133.33333333333331,16.0
DA Warner,KC Cariappa,24,51,0,212.5,51.0
DA Miller,KA Pollard,24,48,1,200.0,48.0
DA Miller,KV Sharma,24,39,3,162.5,13.0
Washington Sundar,TA Boult,24,37,1,154.16666666666669,37.0
Washington Sundar,K Rabada,24,27,3,112.5,9.0
DA Warner,J Botha,24,30,0,125.0,30.0
AC Gilchrist,CK Langeveldt,23,40,1,173.91304347826087,40.0
DA Miller,Washington Sundar,23,20,1,86.95652173913044,20.0
DA Miller,JP Faulkner,23,42,0,182.6086956521739,42.0
KC Sangakkara,MM Patel,23,24,1,104.34782608695652,24.0
RA Jadeja,Ravi Bishnoi,23,28,1,121.73913043478262,28.0
RV Uthappa,STR Binny,23,20,1,86.95652173913044,20.0
RV Uthappa,SK Warne,23,35,3,152.17391304347828,11.666666666666666
SPD Smith,CH Morris,23,38,1,165.2173913043478,38.0
KA Pollard,S Aravind,23,28,1,121.73913043478262,28.0
RA Jadeja,M Muralitharan,23,27,0,117.3913043478261,27.0
KD Karthik,CJ Jordan,23,32,4,139.1304347826087,8.0
KD Karthik,AB Dinda,23,26,2,113.04347826086956,13.0
RA Jadeja,Mustafizur Rahman,23,36,3,156.52173913043478,12.0
TH David,Mukesh Kumar,23,54,1,234.7826086956522,54.0
SA Yadav,TA Boult,23,32,1,139.1304347826087,32.0
SA Yadav,T Natarajan,23,26,0,113.04347826086956,26.0
AD Mathews,UT Yadav,23,27,3,117.3913043478261,9.0
SPD Smith,MC Henriques,23,29,0,126.08695652173914,29.0
AR Patel,Avesh Khan,23,25,0,108.69565217391303,25.0
KL Rahul,K Gowtham,23,23,0,100.0,23.0
C Green,Noor Ahmad,23,38,2,165.2173913043478,19.0
YBK Jaiswal,CV Varun,23,25,0,108.69565217391303,25.0
YBK Jaiswal,C Green,23,30,1,130.43478260869566,30.0
MK Tiwary,B Kumar,23,26,3,113.04347826086956,8.666666666666666
MK Tiwary,IK Pathan,23,42,1,182.6086956521739,42.0
PP Shaw,Washington Sundar,23,38,1,165.2173913043478,38.0
YV Takawale,M Morkel,23,40,0,173.91304347826087,40.0
BB McCullum,RP Singh,23,32,3,139.1304347826087,10.666666666666666
S Dhawan,VS Malik,23,30,0,130.43478260869566,30.0
SE Marsh,CH Morris,23,25,1,108.69565217391303,25.0
G Gambhir,L Balaji,23,20,2,86.95652173913044,10.0
Y Venugopal Rao,R Vinay Kumar,23,23,1,100.0,23.0
G Gambhir,DJ Bravo,23,32,1,139.1304347826087,32.0
RM Patidar,Noor Ahmad,23,28,0,121.73913043478262,28.0
G Gambhir,A Singh,23,35,1,152.17391304347828,35.0
Abhishek Sharma,L Ngidi,23,32,1,139.1304347826087,32.0
BB McCullum,PJ Cummins,23,54,0,234.7826086956522,54.0
V Sehwag,MS Gony,23,42,2,182.6086956521739,21.0
GC Smith,PJ Sangwan,23,22,1,95.65217391304348,22.0
GC Smith,GD McGrath,23,16,1,69.56521739130434,16.0
GC Smith,Shahid Afridi,23,25,1,108.69565217391303,25.0
JM Bairstow,KH Pandya,23,32,1,139.1304347826087,32.0
TM Head,WG Jacks,23,39,2,169.56521739130434,19.5
S Dhawan,CH Gayle,23,20,0,86.95652173913044,20.0
R Tewatia,A Nortje,23,38,1,165.2173913043478,38.0
R Tewatia,K Rabada,23,34,3,147.82608695652172,11.333333333333334
MM Ali,Avesh Khan,23,37,1,160.8695652173913,37.0
Abhishek Sharma,JR Hazlewood,23,36,1,156.52173913043478,36.0
F du Plessis,UT Yadav,23,29,1,126.08695652173914,29.0
F du Plessis,M Kartik,23,29,1,126.08695652173914,29.0
SS Iyer,Mujeeb Ur Rahman,23,25,1,108.69565217391303,25.0
SA Asnodkar,P Kumar,23,20,2,86.95652173913044,10.0
YBK Jaiswal,RD Chahar,23,37,1,160.8695652173913,37.0
SS Tiwary,SK Trivedi,23,23,1,100.0,23.0
MK Pandey,AJ Tye,23,22,0,95.65217391304348,22.0
AC Gilchrist,SK Trivedi,23,28,1,121.73913043478262,28.0
YBK Jaiswal,DL Chahar,23,47,1,204.34782608695653,47.0
GJ Maxwell,Avesh Khan,23,47,0,204.34782608695653,47.0
CL White,B Kumar,23,32,1,139.1304347826087,32.0
CL White,R Vinay Kumar,23,39,2,169.56521739130434,19.5
MK Pandey,MM Patel,23,41,0,178.26086956521738,41.0
MK Pandey,L Balaji,23,29,0,126.08695652173914,29.0
BA Stokes,TA Boult,23,39,2,169.56521739130434,19.5
BA Stokes,RA Jadeja,23,44,0,191.30434782608697,44.0
F du Plessis,HV Patel,23,16,2,69.56521739130434,8.0
JP Duminy,AB Dinda,23,50,1,217.39130434782606,50.0
CH Gayle,A Chandila,23,23,0,100.0,23.0
KL Rahul,IS Sodhi,23,21,0,91.30434782608695,21.0
R Tewatia,Ravi Bishnoi,23,34,1,147.82608695652172,34.0
H Klaasen,Ravi Bishnoi,23,47,0,204.34782608695653,47.0
V Sehwag,AA Chavan,23,34,0,147.82608695652172,34.0
H Klaasen,HV Patel,23,35,2,152.17391304347828,17.5
Abdul Samad,Arshdeep Singh,23,38,2,165.2173913043478,19.0
SE Marsh,PP Ojha,23,27,1,117.3913043478261,27.0
V Sehwag,I Sharma,23,15,1,65.21739130434783,15.0
CL White,R Sharma,23,39,0,169.56521739130434,39.0
CL White,PP Chawla,23,24,1,104.34782608695652,24.0
JH Kallis,SK Warne,23,18,0,78.26086956521739,18.0
KP Pietersen,PP Ojha,23,25,1,108.69565217391303,25.0
KK Nair,MC Henriques,23,38,2,165.2173913043478,19.0
F du Plessis,GB Hogg,23,25,1,108.69565217391303,25.0
V Shankar,SN Thakur,23,39,0,169.56521739130434,39.0
EJG Morgan,RD Chahar,23,16,1,69.56521739130434,16.0
RR Pant,M Pathirana,23,41,2,178.26086956521738,20.5
RR Pant,LH Ferguson,23,29,2,126.08695652173914,14.5
E Lewis,Harbhajan Singh,23,13,0,56.52173913043478,13.0
E Lewis,GJ Maxwell,23,29,0,126.08695652173914,29.0
S Badrinath,AM Nayar,23,34,0,147.82608695652172,34.0
MS Bisla,PP Chawla,23,12,2,52.17391304347826,6.0
JP Duminy,VR Aaron,23,17,0,73.91304347826086,17.0
AJ Finch,PP Chawla,23,34,1,147.82608695652172,34.0
KH Pandya,R Tewatia,23,28,0,121.73913043478262,28.0
KH Pandya,Mohammed Shami,23,37,3,160.8695652173913,12.333333333333334
RA Jadeja,Arshdeep Singh,23,30,2,130.43478260869566,15.0
KH Pandya,DJ Bravo,23,20,0,86.95652173913044,20.0
KS Williamson,HH Pandya,23,28,2,121.73913043478262,14.0
Shubman Gill,M Theekshana,23,32,1,139.1304347826087,32.0
JEC Franklin,P Kumar,23,33,1,143.47826086956522,33.0
JH Kallis,A Symonds,23,21,0,91.30434782608695,21.0
RD Gaikwad,Umran Malik,23,40,0,173.91304347826087,40.0
SE Marsh,S Aravind,23,23,1,100.0,23.0
MEK Hussey,STR Binny,23,39,1,169.56521739130434,39.0
MEK Hussey,R Vinay Kumar,23,20,2,86.95652173913044,10.0
MEK Hussey,MM Patel,23,30,0,130.43478260869566,30.0
CL White,Azhar Mahmood,23,24,0,104.34782608695652,24.0
C de Grandhomme,Rashid Khan,23,33,1,143.47826086956522,33.0
JP Duminy,R Sharma,23,16,0,69.56521739130434,16.0
JP Duminy,HV Patel,23,26,0,113.04347826086956,26.0
B Sai Sudharsan,YS Chahal,23,52,0,226.08695652173913,52.0
RR Pant,SR Watson,23,35,0,152.17391304347828,35.0
RR Pant,SN Thakur,23,41,0,178.26086956521738,41.0
RR Pant,V Shankar,23,27,1,117.3913043478261,27.0
DR Smith,SB Jakati,23,31,2,134.7826086956522,15.5
JR Hopes,MM Patel,23,24,0,104.34782608695652,24.0
TM Dilshan,PP Ojha,23,22,1,95.65217391304348,22.0
RA Tripathi,CV Varun,23,38,0,165.2173913043478,38.0
SV Samson,A Zampa,23,38,2,165.2173913043478,19.0
SV Samson,A Mishra,23,14,1,60.86956521739131,14.0
MC Henriques,YS Chahal,23,36,1,156.52173913043478,36.0
V Kohli,S Kaushik,23,50,0,217.39130434782606,50.0
AT Rayudu,CH Morris,23,19,0,82.6086956521739,19.0
KS Williamson,Mustafizur Rahman,23,27,1,117.3913043478261,27.0
KS Williamson,A Nortje,23,23,1,100.0,23.0
RA Tripathi,K Rabada,23,26,0,113.04347826086956,26.0
T Stubbs,Sandeep Sharma,23,54,1,234.7826086956522,54.0
S Dhawan,JR Hazlewood,23,19,1,82.6086956521739,19.0
AJ Finch,SK Trivedi,23,27,0,117.3913043478261,27.0
JP Faulkner,AR Patel,23,19,0,82.6086956521739,19.0
MS Dhoni,S Nadeem,23,22,0,95.65217391304348,22.0
RD Gaikwad,SM Curran,23,38,0,165.2173913043478,38.0
V Kohli,Mohammed Siraj,23,37,0,160.8695652173913,37.0
S Dhawan,AN Ahmed,23,25,0,108.69565217391303,25.0
MA Agarwal,Rashid Khan,23,23,1,100.0,23.0
YK Pathan,SR Watson,23,39,1,169.56521739130434,39.0
YK Pathan,SN Thakur,23,31,1,134.7826086956522,31.0
V Kohli,R Parag,23,39,0,169.56521739130434,39.0
HH Pandya,UT Yadav,23,45,1,195.65217391304347,45.0
RS Bopara,JH Kallis,23,34,1,147.82608695652172,34.0
SC Ganguly,PP Chawla,23,46,1,200.0,46.0
N Pooran,A Kamboj,23,57,1,247.82608695652172,57.0
Yuvraj Singh,DW Steyn,23,20,1,86.95652173913044,20.0
DP Conway,Noor Ahmad,23,23,1,100.0,23.0
YK Pathan,AD Mathews,23,19,0,82.6086956521739,19.0
YK Pathan,A Nehra,23,37,1,160.8695652173913,37.0
YK Pathan,Mustafizur Rahman,23,26,1,113.04347826086956,26.0
CH Gayle,TG Southee,23,41,2,178.26086956521738,20.5
SV Samson,M Markande,23,54,0,234.7826086956522,54.0
SV Samson,KA Pollard,23,32,1,139.1304347826087,32.0
MA Agarwal,JD Unadkat,23,29,0,126.08695652173914,29.0
SV Samson,Mohsin Khan,23,45,0,195.65217391304347,45.0
M Vohra,SR Watson,23,34,0,147.82608695652172,34.0
SM Curran,SP Narine,23,39,1,169.56521739130434,39.0
YBK Jaiswal,MM Ali,23,21,2,91.30434782608695,10.5
RD Gaikwad,Shahbaz Ahmed,23,28,3,121.73913043478262,9.333333333333334
V Kohli,Kartik Tyagi,23,37,1,160.8695652173913,37.0
V Kohli,M Theekshana,23,28,0,121.73913043478262,28.0
IK Pathan,R Ashwin,23,29,0,126.08695652173914,29.0
RD Rickelton,Mukesh Kumar,23,29,1,126.08695652173914,29.0
Shakib Al Hasan,YS Chahal,23,41,0,178.26086956521738,41.0
CA Lynn,S Nadeem,23,25,0,108.69565217391303,25.0
KD Karthik,JP Faulkner,23,22,2,95.65217391304348,11.0
KD Karthik,KV Sharma,23,26,2,113.04347826086956,13.0
RV Uthappa,BB Sran,23,38,2,165.2173913043478,19.0
DJ Hussey,KA Pollard,23,26,1,113.04347826086956,26.0
SR Watson,CR Brathwaite,23,37,0,160.8695652173913,37.0
WP Saha,JP Faulkner,23,30,1,130.43478260869566,30.0
WP Saha,MC Henriques,23,32,2,139.1304347826087,16.0
B Sai Sudharsan,PJ Cummins,23,20,1,86.95652173913044,20.0
B Sai Sudharsan,M Pathirana,23,38,2,165.2173913043478,19.0
PA Patel,SK Raina,23,27,0,117.3913043478261,27.0
PA Patel,R Vinay Kumar,23,23,2,100.0,11.5
N Rana,Lalit Yadav,23,49,1,213.0434782608696,49.0
AB de Villiers,HV Patel,23,53,0,230.43478260869566,53.0
AB de Villiers,DW Steyn,23,55,2,239.1304347826087,27.5
N Rana,MM Sharma,23,39,1,169.56521739130434,39.0
DJ Bravo,CH Morris,23,31,1,134.7826086956522,31.0
RV Uthappa,MG Johnson,23,38,2,165.2173913043478,19.0
WP Saha,Ravi Bishnoi,23,20,0,86.95652173913044,20.0
DA Warner,TU Deshpande,23,21,0,91.30434782608695,21.0
YBK Jaiswal,PP Chawla,23,46,0,200.0,46.0
YBK Jaiswal,PJ Cummins,23,35,0,152.17391304347828,35.0
CH Gayle,Shakib Al Hasan,23,46,1,200.0,46.0
M Vijay,YK Pathan,23,39,0,169.56521739130434,39.0
R Ashwin,Kuldeep Yadav,23,27,1,117.3913043478261,27.0
CH Gayle,R Tewatia,23,29,0,126.08695652173914,29.0
SPD Smith,HV Patel,23,21,1,91.30434782608695,21.0
P Negi,MJ McClenaghan,23,25,1,108.69565217391303,25.0
JC Buttler,DJ Willey,23,31,0,134.7826086956522,31.0
AT Rayudu,M Muralitharan,23,21,0,91.30434782608695,21.0
JC Buttler,AD Russell,23,53,1,230.43478260869566,53.0
AJ Finch,M Morkel,23,19,1,82.6086956521739,19.0
SV Samson,Simarjeet Singh,23,28,1,121.73913043478262,28.0
B Kumar,DJ Bravo,23,11,0,47.82608695652174,11.0
B Sai Sudharsan,KH Pandya,23,35,1,152.17391304347828,35.0
SPD Smith,Sandeep Sharma,23,28,0,121.73913043478262,28.0
RA Jadeja,R Vinay Kumar,23,42,0,182.6086956521739,42.0
KA Pollard,P Negi,23,41,0,178.26086956521738,41.0
AT Rayudu,A Kumble,23,29,0,126.08695652173914,29.0
S Dhawan,KW Richardson,23,19,1,82.6086956521739,19.0
S Dhawan,KV Sharma,23,44,0,191.30434782608697,44.0
OA Shah,PP Ojha,23,23,0,100.0,23.0
D Padikkal,SP Narine,22,27,2,122.72727272727273,13.5
MP Stoinis,JO Holder,22,40,1,181.8181818181818,40.0
BB McCullum,DJ Bravo,22,11,1,50.0,11.0
DR Smith,R Ashwin,22,40,1,181.8181818181818,40.0
DR Smith,Mohammed Shami,22,40,1,181.8181818181818,40.0
SS Iyer,PJ Cummins,22,42,0,190.9090909090909,42.0
CH Gayle,Azhar Mahmood,22,20,1,90.9090909090909,20.0
JH Kallis,VY Mahesh,22,23,0,104.54545454545455,23.0
JJ Roy,JJ Bumrah,22,39,0,177.27272727272728,39.0
DR Smith,JJ Bumrah,22,28,0,127.27272727272727,28.0
MM Ali,HV Patel,22,22,2,100.0,11.0
MR Marsh,Brijesh Sharma,22,31,0,140.9090909090909,31.0
BB McCullum,A Mishra,22,26,0,118.18181818181819,26.0
BB McCullum,A Kumble,22,11,1,50.0,11.0
DPMD Jayawardene,Azhar Mahmood,22,35,1,159.0909090909091,35.0
PP Shaw,JJ Bumrah,22,16,2,72.72727272727273,8.0
AM Rahane,Imran Tahir,22,15,1,68.18181818181817,15.0
PP Shaw,LH Ferguson,22,36,2,163.63636363636365,18.0
SS Iyer,JR Hazlewood,22,11,4,50.0,2.75
MS Bisla,DP Nannes,22,22,0,100.0,22.0
MR Marsh,RA Jadeja,22,22,2,100.0,11.0
SC Ganguly,RR Powar,22,19,0,86.36363636363636,19.0
Tilak Varma,Mohammed Siraj,22,30,1,136.36363636363635,30.0
JP Duminy,J Botha,22,21,0,95.45454545454545,21.0
SK Raina,BA Stokes,22,35,0,159.0909090909091,35.0
TM Head,Mukesh Kumar,22,47,0,213.63636363636363,47.0
CH Gayle,AB Dinda,22,33,0,150.0,33.0
Nithish Kumar Reddy,Sandeep Sharma,22,30,0,136.36363636363635,30.0
MK Tiwary,DW Steyn,22,36,1,163.63636363636365,36.0
MK Pandey,SM Curran,22,29,1,131.8181818181818,29.0
SO Hetmyer,CV Varun,22,19,2,86.36363636363636,9.5
SA Yadav,Mohammed Shami,22,44,2,200.0,22.0
MS Bisla,JH Kallis,22,30,1,136.36363636363635,30.0
JP Duminy,SK Warne,22,22,1,100.0,22.0
AJ Finch,RP Singh,22,17,0,77.27272727272727,17.0
AJ Finch,RA Jadeja,22,34,1,154.54545454545453,34.0
JP Duminy,MA Starc,22,36,1,163.63636363636365,36.0
SPD Smith,Mohammed Shami,22,41,0,186.36363636363635,41.0
P Simran Singh,Rashid Khan,22,16,1,72.72727272727273,16.0
JP Duminy,CH Gayle,22,26,0,118.18181818181819,26.0
RR Pant,KK Ahmed,22,30,1,136.36363636363635,30.0
MK Pandey,MG Johnson,22,24,0,109.09090909090908,24.0
EJG Morgan,DJ Bravo,22,20,1,90.9090909090909,20.0
MK Pandey,Iqbal Abdulla,22,18,2,81.81818181818183,9.0
SS Iyer,DS Kulkarni,22,31,0,140.9090909090909,31.0
MK Pandey,B Kumar,22,22,4,100.0,5.5
SS Tiwary,RA Jadeja,22,34,2,154.54545454545453,17.0
EJG Morgan,Ravi Bishnoi,22,12,3,54.54545454545454,4.0
SA Yadav,MG Johnson,22,42,1,190.9090909090909,42.0
Q de Kock,AB Dinda,22,30,2,136.36363636363635,15.0
RR Pant,JO Holder,22,29,0,131.8181818181818,29.0
Q de Kock,DW Steyn,22,28,1,127.27272727272727,28.0
S Dhawan,BA Stokes,22,31,1,140.9090909090909,31.0
RD Gaikwad,Washington Sundar,22,26,0,118.18181818181819,26.0
RA Tripathi,KV Sharma,22,37,1,168.1818181818182,37.0
Yuvraj Singh,M Morkel,22,21,0,95.45454545454545,21.0
SPD Smith,S Nadeem,22,54,1,245.45454545454547,54.0
RD Gaikwad,M Jansen,22,35,0,159.0909090909091,35.0
YK Pathan,Z Khan,22,34,1,154.54545454545453,34.0
YK Pathan,YS Chahal,22,13,3,59.09090909090909,4.333333333333333
Abhishek Sharma,Mohammed Shami,22,8,2,36.36363636363637,4.0
MS Dhoni,I Sharma,22,29,1,131.8181818181818,29.0
D Brevis,CV Varun,22,22,2,100.0,11.0
MEK Hussey,JP Faulkner,22,23,0,104.54545454545455,23.0
STR Binny,RA Jadeja,22,30,2,136.36363636363635,15.0
Q de Kock,MJ McClenaghan,22,14,3,63.63636363636363,4.666666666666667
Q de Kock,M Ashwin,22,38,0,172.72727272727272,38.0
MS Dhoni,Navdeep Saini,22,21,1,95.45454545454545,21.0
WG Jacks,Rashid Khan,22,40,1,181.8181818181818,40.0
AD Russell,SN Thakur,22,54,4,245.45454545454547,13.5
SE Marsh,A Kumble,22,37,0,168.1818181818182,37.0
AT Rayudu,AB Agarkar,22,27,1,122.72727272727273,27.0
TM Dilshan,J Botha,22,25,1,113.63636363636364,25.0
RA Jadeja,Yash Thakur,22,25,0,113.63636363636364,25.0
TM Dilshan,Pankaj Singh,22,38,0,172.72727272727272,38.0
NV Ojha,SB Jakati,22,50,1,227.27272727272728,50.0
SV Samson,Abhishek Sharma,22,33,1,150.0,33.0
F du Plessis,R Bhatia,22,20,1,90.9090909090909,20.0
V Shankar,KH Pandya,22,28,1,127.27272727272727,28.0
G Gambhir,AB Agarkar,22,18,0,81.81818181818183,18.0
MA Agarwal,DW Steyn,22,23,1,104.54545454545455,23.0
BA Stokes,JJ Bumrah,22,27,0,122.72727272727273,27.0
KA Pollard,S Nadeem,22,17,1,77.27272727272727,17.0
KC Sangakkara,AD Mathews,22,36,0,163.63636363636365,36.0
JC Buttler,DR Sams,22,30,0,136.36363636363635,30.0
JC Buttler,JC Archer,22,32,0,145.45454545454547,32.0
KA Pollard,R Bhatia,22,30,2,136.36363636363635,15.0
RD Rickelton,PJ Cummins,22,29,0,131.8181818181818,29.0
KA Pollard,K Rabada,22,13,1,59.09090909090909,13.0
AT Rayudu,Imran Tahir,22,27,1,122.72727272727273,27.0
RV Uthappa,Bipul Sharma,22,26,1,118.18181818181819,26.0
M Vohra,Shakib Al Hasan,22,28,0,127.27272727272727,28.0
MA Agarwal,DE Bollinger,22,25,0,113.63636363636364,25.0
V Sehwag,WPUJC Vaas,22,28,2,127.27272727272727,14.0
AD Russell,M Markande,22,32,2,145.45454545454547,16.0
DJ Hussey,DL Vettori,22,20,0,90.9090909090909,20.0
G Gambhir,Imran Tahir,22,28,1,127.27272727272727,28.0
KC Sangakkara,DS Kulkarni,22,32,1,145.45454545454547,32.0
KC Sangakkara,MR Marsh,22,26,0,118.18181818181819,26.0
NV Ojha,M Morkel,22,25,1,113.63636363636364,25.0
AB de Villiers,KA Pollard,22,23,3,104.54545454545455,7.666666666666667
KC Sangakkara,M Morkel,22,24,1,109.09090909090908,24.0
S Dhawan,SB Jakati,22,27,2,122.72727272727273,13.5
DJ Hooda,RA Jadeja,22,24,1,109.09090909090908,24.0
G Gambhir,SW Tait,22,11,0,50.0,11.0
M Vijay,JP Faulkner,22,18,1,81.81818181818183,18.0
M Vijay,JJ Bumrah,22,14,1,63.63636363636363,14.0
GC Smith,JA Morkel,22,21,1,95.45454545454545,21.0
GC Smith,RP Singh,22,18,1,81.81818181818183,18.0
M Vijay,Ankit Sharma,22,21,1,95.45454545454545,21.0
M Vijay,AB Dinda,22,24,0,109.09090909090908,24.0
M Shahrukh Khan,SN Thakur,22,34,0,154.54545454545453,34.0
M Shahrukh Khan,RA Jadeja,22,20,1,90.9090909090909,20.0
SV Samson,Yash Thakur,22,50,0,227.27272727272728,50.0
AC Gilchrist,MS Gony,22,27,1,122.72727272727273,27.0
CL White,JA Morkel,22,17,1,77.27272727272727,17.0
CL White,RJ Harris,22,42,0,190.9090909090909,42.0
DJ Hooda,DJ Bravo,22,27,3,122.72727272727273,9.0
GJ Bailey,SP Narine,22,25,1,113.63636363636364,25.0
RK Singh,Mohammed Shami,22,32,0,145.45454545454547,32.0
KC Sangakkara,TL Suman,22,20,0,90.9090909090909,20.0
KC Sangakkara,SL Malinga,22,19,2,86.36363636363636,9.5
RA Jadeja,Kuldeep Yadav,22,22,1,100.0,22.0
PA Patel,AR Patel,22,26,0,118.18181818181819,26.0
KC Sangakkara,KA Pollard,22,29,0,131.8181818181818,29.0
YBK Jaiswal,AU Rashid,22,30,0,136.36363636363635,30.0
R Dravid,DE Bollinger,22,23,1,104.54545454545455,23.0
GJ Maxwell,JO Holder,22,29,1,131.8181818181818,29.0
SE Marsh,KK Cooper,22,19,2,86.36363636363636,9.5
R Dravid,MM Patel,22,20,3,90.9090909090909,6.666666666666667
M Jansen,M Pathirana,22,28,1,127.27272727272727,28.0
GJ Maxwell,Kuldeep Yadav,22,59,4,268.1818181818182,14.75
KD Karthik,KA Pollard,22,30,1,136.36363636363635,30.0
SP Narine,PJ Cummins,22,47,2,213.63636363636363,23.5
DA Warner,JP Duminy,22,20,2,90.9090909090909,10.0
GJ Maxwell,Shakib Al Hasan,22,36,0,163.63636363636365,36.0
V Sehwag,IC Pandey,22,29,1,131.8181818181818,29.0
R Dravid,RJ Harris,22,26,2,118.18181818181819,13.0
S Badrinath,A Nehra,22,19,1,86.36363636363636,19.0
S Badrinath,A Mishra,22,18,1,81.81818181818183,18.0
RV Uthappa,IC Pandey,22,42,0,190.9090909090909,42.0
R Dravid,YK Pathan,22,38,1,172.72727272727272,38.0
R Dravid,VRV Singh,22,30,2,136.36363636363635,15.0
LRPL Taylor,PP Chawla,22,14,1,63.63636363636363,14.0
YK Pathan,PP Chawla,22,22,3,100.0,7.333333333333333
YK Pathan,P Kumar,22,32,1,145.45454545454547,32.0
V Sehwag,AD Mathews,22,39,0,177.27272727272728,39.0
AD Russell,HH Pandya,22,34,1,154.54545454545453,34.0
DJ Bravo,RP Singh,22,20,3,90.9090909090909,6.666666666666667
RG Sharma,TU Deshpande,22,27,1,122.72727272727273,27.0
KD Karthik,J Syed Mohammad,22,37,0,168.1818181818182,37.0
RG Sharma,B Lee,22,39,1,177.27272727272728,39.0
KD Karthik,M Theekshana,22,40,0,181.8181818181818,40.0
SR Tendulkar,Iqbal Abdulla,22,30,0,136.36363636363635,30.0
SR Tendulkar,DT Christian,22,20,0,90.9090909090909,20.0
H Klaasen,Vijaykumar Vyshak,22,40,1,181.8181818181818,40.0
R Parag,K Rabada,22,27,2,122.72727272727273,13.5
AB de Villiers,MP Stoinis,22,48,0,218.18181818181816,48.0
Shubman Gill,C Green,22,53,0,240.9090909090909,53.0
SK Raina,TM Dilshan,22,22,1,100.0,22.0
RG Sharma,SB Jakati,22,28,1,127.27272727272727,28.0
AT Rayudu,NLTC Perera,22,27,0,122.72727272727273,27.0
KD Karthik,R Bhatia,22,20,1,90.9090909090909,20.0
KD Karthik,PJ Cummins,22,35,2,159.0909090909091,17.5
DA Warner,MG Johnson,22,51,1,231.81818181818184,51.0
RA Jadeja,JO Holder,22,36,0,163.63636363636365,36.0
KS Williamson,HV Patel,22,16,1,72.72727272727273,16.0
N Pooran,Harshit Rana,22,36,0,163.63636363636365,36.0
R Parag,Ravi Bishnoi,22,20,1,90.9090909090909,20.0
HH Pandya,PP Chawla,22,46,2,209.0909090909091,23.0
Shubman Gill,K Kartikeya,22,34,1,154.54545454545453,34.0
KR Mayers,DL Chahar,22,34,0,154.54545454545453,34.0
HM Amla,YS Chahal,22,31,0,140.9090909090909,31.0
KM Jadhav,Mustafizur Rahman,22,27,0,122.72727272727273,27.0
N Rana,I Sharma,22,26,1,118.18181818181819,26.0
PA Patel,SK Warne,22,25,2,113.63636363636364,12.5
RG Sharma,L Balaji,22,30,3,136.36363636363635,10.0
Ishan Kishan,M Jansen,22,26,2,118.18181818181819,13.0
RG Sharma,CJ Anderson,22,44,2,200.0,22.0
KK Nair,AB Dinda,22,33,0,150.0,33.0
B Sai Sudharsan,KK Ahmed,22,29,0,131.8181818181818,29.0
SK Raina,K Gowtham,22,28,0,127.27272727272727,28.0
A Symonds,M Kartik,22,18,0,81.81818181818183,18.0
S Badrinath,Z Khan,22,13,0,59.09090909090909,13.0
KL Rahul,T Natarajan,22,14,1,63.63636363636363,14.0
KL Rahul,M Pathirana,22,23,2,104.54545454545455,11.5
N Rana,KH Pandya,22,26,1,118.18181818181819,26.0
N Rana,KA Pollard,22,34,1,154.54545454545453,34.0
R Tewatia,Mohammed Siraj,22,27,1,122.72727272727273,27.0
V Kohli,N Burger,22,24,0,109.09090909090908,24.0
Shubman Gill,Shahbaz Ahmed,22,28,1,127.27272727272727,28.0
KL Rahul,J Yadav,22,18,0,81.81818181818183,18.0
B Sai Sudharsan,Noor Ahmad,22,31,0,140.9090909090909,31.0
DA Warner,WD Parnell,22,33,1,150.0,33.0
V Kohli,MG Johnson,22,28,0,127.27272727272727,28.0
KK Nair,Shakib Al Hasan,22,27,1,122.72727272727273,27.0
SR Tendulkar,PJ Sangwan,22,21,2,95.45454545454545,10.5
AD Russell,AJ Tye,22,43,2,195.45454545454547,21.5
KK Nair,RA Jadeja,22,22,1,100.0,22.0
SA Yadav,KK Ahmed,22,33,2,150.0,16.5
AT Rayudu,R Vinay Kumar,22,29,2,131.8181818181818,14.5
Shubman Gill,Zeeshan Ansari,22,35,0,159.0909090909091,35.0
SA Yadav,Suyash Sharma,22,33,0,150.0,33.0
WP Saha,SN Thakur,22,21,0,95.45454545454545,21.0
P Simran Singh,K Rabada,22,31,3,140.9090909090909,10.333333333333334
JM Bairstow,AD Russell,22,50,0,227.27272727272728,50.0
Yuvraj Singh,PP Ojha,22,28,1,127.27272727272727,28.0
BA Stokes,Rashid Khan,22,17,3,77.27272727272727,5.666666666666667
MP Stoinis,KV Sharma,22,39,2,177.27272727272728,19.5
VR Iyer,PP Chawla,22,18,1,81.81818181818183,18.0
JM Bairstow,PP Chawla,22,45,1,204.54545454545453,45.0
JM Bairstow,K Rabada,22,28,1,127.27272727272727,28.0
RA Tripathi,VG Arora,22,21,0,95.45454545454545,21.0
A Badoni,TU Deshpande,22,23,2,104.54545454545455,11.5
A Badoni,T Natarajan,22,38,1,172.72727272727272,38.0
Tilak Varma,HV Patel,22,38,0,172.72727272727272,38.0
PP Chawla,L Balaji,21,19,1,90.47619047619048,19.0
JM Sharma,JJ Bumrah,21,28,0,133.33333333333331,28.0
VR Iyer,TA Boult,21,19,0,90.47619047619048,19.0
A Badoni,Arshdeep Singh,21,21,1,100.0,21.0
MP Stoinis,HV Patel,21,28,2,133.33333333333331,14.0
AT Rayudu,CV Varun,21,26,0,123.80952380952381,26.0
ML Hayden,IK Pathan,21,26,1,123.80952380952381,26.0
ML Hayden,P Kumar,21,36,0,171.42857142857142,36.0
MM Ali,AR Patel,21,19,2,90.47619047619048,9.5
MR Marsh,Mohammed Siraj,21,16,0,76.19047619047619,16.0
MR Marsh,Mukesh Kumar,21,30,3,142.85714285714286,10.0
KK Nair,Harbhajan Singh,21,20,4,95.23809523809523,5.0
RV Uthappa,TG Southee,21,28,0,133.33333333333331,28.0
AD Russell,A Mishra,21,21,2,100.0,10.5
A Raghuvanshi,E Malinga,21,26,2,123.80952380952381,13.0
SE Marsh,SP Narine,21,18,1,85.71428571428571,18.0
JM Bairstow,S Gopal,21,21,1,100.0,21.0
Abishek Porel,JJ Bumrah,21,14,1,66.66666666666666,14.0
DPMD Jayawardene,I Sharma,21,27,3,128.57142857142858,9.0
MR Marsh,Arshdeep Singh,21,36,3,171.42857142857142,12.0
MR Marsh,HV Patel,21,28,1,133.33333333333331,28.0
RS Bopara,DW Steyn,21,25,0,119.04761904761905,25.0
C Green,R Ashwin,21,20,2,95.23809523809523,10.0
V Kohli,MR Marsh,21,28,0,133.33333333333331,28.0
N Rana,BA Stokes,21,16,0,76.19047619047619,16.0
DB Ravi Teja,L Balaji,21,30,0,142.85714285714286,30.0
KL Rahul,Mohammad Nabi,21,55,0,261.9047619047619,55.0
IK Pathan,SK Trivedi,21,13,1,61.904761904761905,13.0
IK Pathan,MS Gony,21,30,0,142.85714285714286,30.0
AR Patel,KH Pandya,21,26,0,123.80952380952381,26.0
BB McCullum,JP Faulkner,21,25,1,119.04761904761905,25.0
MR Marsh,JC Archer,21,38,3,180.95238095238096,12.666666666666666
RS Bopara,PJ Sangwan,21,33,0,157.14285714285714,33.0
DPMD Jayawardene,DJ Bravo,21,18,0,85.71428571428571,18.0
Abishek Porel,B Kumar,21,34,1,161.9047619047619,34.0
MM Ali,Ravi Bishnoi,21,33,2,157.14285714285714,16.5
SK Raina,AN Ahmed,21,26,0,123.80952380952381,26.0
Tilak Varma,Mukesh Choudhary,21,18,0,85.71428571428571,18.0
MS Bisla,Harmeet Singh,21,24,0,114.28571428571428,24.0
KH Pandya,MP Stoinis,21,51,3,242.85714285714283,17.0
KK Nair,NM Coulter-Nile,21,23,2,109.52380952380953,11.5
Ishan Kishan,Kartik Tyagi,21,29,1,138.0952380952381,29.0
SR Tendulkar,RJ Harris,21,26,1,123.80952380952381,26.0
N Rana,MM Ali,21,32,1,152.38095238095238,32.0
AR Patel,JD Unadkat,21,27,1,128.57142857142858,27.0
SK Raina,LR Shukla,21,22,0,104.76190476190477,22.0
SK Raina,M Morkel,21,32,0,152.38095238095238,32.0
PP Shaw,DR Sams,21,29,0,138.0952380952381,29.0
RR Pant,VG Arora,21,17,0,80.95238095238095,17.0
SO Hetmyer,SM Curran,21,46,2,219.04761904761907,23.0
SS Iyer,HV Patel,21,34,3,161.9047619047619,11.333333333333334
SS Iyer,JC Archer,21,23,1,109.52380952380953,23.0
MK Tiwary,KK Cooper,21,29,0,138.0952380952381,29.0
SS Tiwary,JH Kallis,21,31,0,147.61904761904762,31.0
AB de Villiers,TA Boult,21,55,1,261.9047619047619,55.0
SP Narine,YS Chahal,21,49,0,233.33333333333334,49.0
JP Duminy,B Kumar,21,22,1,104.76190476190477,22.0
DP Conway,A Nortje,21,30,1,142.85714285714286,30.0
MS Dhoni,BA Stokes,21,21,1,100.0,21.0
AM Rahane,Azhar Mahmood,21,23,1,109.52380952380953,23.0
MK Pandey,MM Ali,21,26,0,123.80952380952381,26.0
KM Jadhav,SP Narine,21,32,0,152.38095238095238,32.0
SK Raina,PJ Sangwan,21,27,2,128.57142857142858,13.5
RG Sharma,NLTC Perera,21,40,0,190.47619047619045,40.0
RG Sharma,MP Stoinis,21,25,1,119.04761904761905,25.0
N Pooran,SN Thakur,21,53,4,252.38095238095238,13.25
N Pooran,VG Arora,21,29,0,138.0952380952381,29.0
RG Sharma,K Gowtham,21,39,0,185.71428571428572,39.0
Ishan Kishan,PJ Cummins,21,22,4,104.76190476190477,5.5
B Sai Sudharsan,K Rabada,21,28,0,133.33333333333331,28.0
B Sai Sudharsan,MJ Santner,21,40,0,190.47619047619045,40.0
B Sai Sudharsan,Rasikh Salam,21,30,1,142.85714285714286,30.0
SR Watson,DW Steyn,21,14,1,66.66666666666666,14.0
A Symonds,SK Trivedi,21,43,1,204.76190476190476,43.0
CH Morris,MM Sharma,21,35,0,166.66666666666669,35.0
KS Williamson,NM Coulter-Nile,21,29,1,138.0952380952381,29.0
SR Tendulkar,SW Tait,21,20,0,95.23809523809523,20.0
V Kohli,R Vinay Kumar,21,26,1,123.80952380952381,26.0
V Kohli,RJ Harris,21,21,2,100.0,10.5
Dhruv Jurel,Rashid Khan,21,26,2,123.80952380952381,13.0
AB de Villiers,Z Khan,21,28,1,133.33333333333331,28.0
PP Shaw,YS Chahal,21,41,2,195.23809523809524,20.5
PP Shaw,PJ Cummins,21,32,1,152.38095238095238,32.0
EJG Morgan,A Mishra,21,29,0,138.0952380952381,29.0
MK Pandey,JP Duminy,21,40,0,190.47619047619045,40.0
MK Pandey,Karanveer Singh,21,43,1,204.76190476190476,43.0
P Simran Singh,PJ Cummins,21,28,0,133.33333333333331,28.0
KD Karthik,VR Aaron,21,32,0,152.38095238095238,32.0
KD Karthik,RP Singh,21,25,1,119.04761904761905,25.0
RA Jadeja,I Sharma,21,22,2,104.76190476190477,11.0
YK Pathan,JJ Bumrah,21,18,2,85.71428571428571,9.0
SA Yadav,Akash Deep,21,48,0,228.57142857142856,48.0
HH Pandya,Washington Sundar,21,22,0,104.76190476190477,22.0
AJ Finch,B Kumar,21,19,1,90.47619047619048,19.0
KS Williamson,CH Morris,21,18,2,85.71428571428571,9.0
JH Kallis,DW Steyn,21,26,3,123.80952380952381,8.666666666666666
JH Kallis,AM Nayar,21,17,0,80.95238095238095,17.0
TM Dilshan,SK Warne,21,21,2,100.0,10.5
JP Faulkner,JJ Bumrah,21,27,2,128.57142857142858,13.5
SS Iyer,DS Rathi,21,39,1,185.71428571428572,39.0
MEK Hussey,UT Yadav,21,12,1,57.14285714285714,12.0
SN Khan,JJ Bumrah,21,30,1,142.85714285714286,30.0
MJ Lumb,S Sreesanth,21,25,0,119.04761904761905,25.0
AM Rahane,PJ Cummins,21,29,1,138.0952380952381,29.0
SA Yadav,M Jansen,21,45,1,214.28571428571428,45.0
DP Conway,B Kumar,21,17,0,80.95238095238095,17.0
MS Dhoni,Arshdeep Singh,21,32,1,152.38095238095238,32.0
F du Plessis,MA Starc,21,34,0,161.9047619047619,34.0
MEK Hussey,I Sharma,21,38,0,180.95238095238096,38.0
F du Plessis,DW Steyn,21,25,0,119.04761904761905,25.0
HH Gibbs,Shakib Al Hasan,21,11,0,52.38095238095239,11.0
AK Markram,AS Roy,21,16,0,76.19047619047619,16.0
HH Gibbs,Harbhajan Singh,21,28,0,133.33333333333331,28.0
KS Williamson,MM Ali,21,33,0,157.14285714285714,33.0
SK Raina,J Botha,21,19,0,90.47619047619048,19.0
CA Lynn,JC Archer,21,32,0,152.38095238095238,32.0
S Dube,YS Chahal,21,22,0,104.76190476190477,22.0
RA Tripathi,Harpreet Brar,21,27,1,128.57142857142858,27.0
YBK Jaiswal,VG Arora,21,32,1,152.38095238095238,32.0
SK Raina,A Kumble,21,13,0,61.904761904761905,13.0
RA Tripathi,AF Milne,21,25,0,119.04761904761905,25.0
TM Dilshan,AB Dinda,21,22,2,104.76190476190477,11.0
JC Buttler,SM Curran,21,34,0,161.9047619047619,34.0
RR Pant,A Zampa,21,27,2,128.57142857142858,13.5
HH Gibbs,AD Mathews,21,19,0,90.47619047619048,19.0
YK Pathan,DR Smith,21,24,1,114.28571428571428,24.0
YK Pathan,DS Kulkarni,21,20,1,95.23809523809523,20.0
PA Patel,J Botha,21,18,0,85.71428571428571,18.0
DA Warner,PJ Cummins,21,25,0,119.04761904761905,25.0
DA Warner,KW Richardson,21,56,0,266.66666666666663,56.0
DA Warner,M Muralitharan,21,21,1,100.0,21.0
AT Rayudu,VR Aaron,21,22,1,104.76190476190477,22.0
MS Dhoni,Mohammed Shami,21,37,1,176.19047619047618,37.0
Y Venugopal Rao,PP Chawla,21,11,2,52.38095238095239,5.5
F du Plessis,MJ McClenaghan,21,35,1,166.66666666666669,35.0
D Brevis,SP Narine,21,34,0,161.9047619047619,34.0
SS Iyer,Avesh Khan,21,21,0,100.0,21.0
MS Dhoni,CV Varun,21,13,4,61.904761904761905,3.25
SV Samson,GJ Maxwell,21,40,0,190.47619047619045,40.0
MC Henriques,HV Patel,21,37,1,176.19047619047618,37.0
RM Patidar,TA Boult,21,26,2,123.80952380952381,13.0
F du Plessis,Yash Dayal,21,20,1,95.23809523809523,20.0
LR Shukla,SK Warne,21,19,0,90.47619047619048,19.0
S Badrinath,R McLaren,21,28,0,133.33333333333331,28.0
LRPL Taylor,KA Pollard,21,11,0,52.38095238095239,11.0
RV Uthappa,Imran Tahir,21,38,1,180.95238095238096,38.0
Shashank Singh,RA Jadeja,21,25,1,119.04761904761905,25.0
WP Saha,Mukesh Choudhary,21,26,0,123.80952380952381,26.0
Kartik Sharma,Shahbaz Ahmed,21,36,1,171.42857142857142,36.0
LMP Simmons,DS Kulkarni,21,19,1,90.47619047619048,19.0
Mandeep Singh,LH Ferguson,21,27,1,128.57142857142858,27.0
CL White,R Ashwin,21,19,0,90.47619047619048,19.0
KD Karthik,M Kartik,21,19,1,90.47619047619048,19.0
R Parag,CV Varun,21,28,2,133.33333333333331,14.0
Shakib Al Hasan,SR Watson,21,29,0,138.0952380952381,29.0
F du Plessis,S Gopal,21,30,0,142.85714285714286,30.0
SV Samson,A Nortje,21,14,1,66.66666666666666,14.0
RD Gaikwad,VG Arora,21,28,0,133.33333333333331,28.0
JC Buttler,Shahbaz Ahmed,21,44,0,209.52380952380955,44.0
MA Agarwal,HV Patel,21,21,1,100.0,21.0
MA Agarwal,JA Morkel,21,29,1,138.0952380952381,29.0
MA Agarwal,MP Stoinis,21,32,2,152.38095238095238,16.0
MA Agarwal,JJ Bumrah,21,15,3,71.42857142857143,5.0
Q de Kock,STR Binny,21,26,0,123.80952380952381,26.0
F du Plessis,T Natarajan,21,21,2,100.0,10.5
AK Markram,Kuldeep Yadav,21,32,1,152.38095238095238,32.0
PD Salt,Harpreet Brar,21,35,1,166.66666666666669,35.0
BB McCullum,TA Boult,21,41,0,195.23809523809524,41.0
PD Salt,M Markande,21,38,2,180.95238095238096,19.0
SC Ganguly,DJ Bravo,21,24,0,114.28571428571428,24.0
SR Watson,VY Mahesh,21,49,0,233.33333333333334,49.0
SV Samson,K Khejroliya,21,55,0,261.9047619047619,55.0
Abhishek Sharma,CV Varun,21,52,1,247.61904761904762,52.0
CH Gayle,MM Sharma,21,18,0,85.71428571428571,18.0
DA Warner,JP Faulkner,21,31,1,147.61904761904762,31.0
NV Ojha,A Mishra,21,48,2,228.57142857142856,24.0
SP Narine,Rasikh Salam,21,43,1,204.76190476190476,43.0
SP Narine,Ravi Bishnoi,21,37,1,176.19047619047618,37.0
SK Raina,HH Pandya,21,32,2,152.38095238095238,16.0
KD Karthik,I Sharma,21,15,2,71.42857142857143,7.5
KD Karthik,IS Sodhi,21,17,0,80.95238095238095,17.0
H Klaasen,AR Patel,21,29,1,138.0952380952381,29.0
GJ Maxwell,SN Thakur,21,22,2,104.76190476190477,11.0
LRPL Taylor,SB Jakati,21,30,0,142.85714285714286,30.0
Abdul Samad,R Ashwin,21,17,0,80.95238095238095,17.0
SM Curran,KK Ahmed,21,32,1,152.38095238095238,32.0
YBK Jaiswal,AR Patel,21,31,0,147.61904761904762,31.0
B Sai Sudharsan,DL Chahar,21,25,0,119.04761904761905,25.0
GJ Maxwell,K Rabada,21,23,2,109.52380952380953,11.5
AJ Finch,KK Cooper,21,22,1,104.76190476190477,22.0
KA Pollard,DS Kulkarni,21,20,1,95.23809523809523,20.0
RD Rickelton,Arshdeep Singh,21,24,1,114.28571428571428,24.0
AD Mathews,JP Faulkner,21,29,1,138.0952380952381,29.0
JC Buttler,MM Sharma,21,42,2,200.0,21.0
KC Sangakkara,AB Agarkar,21,23,0,109.52380952380953,23.0
BJ Hodge,L Balaji,21,32,0,152.38095238095238,32.0
G Gambhir,NM Coulter-Nile,21,16,1,76.19047619047619,16.0
SV Samson,MP Stoinis,21,27,2,128.57142857142858,13.5
AB de Villiers,AJ Tye,21,23,1,109.52380952380953,23.0
Mandeep Singh,CH Morris,21,25,0,119.04761904761905,25.0
R Dravid,AB Dinda,21,25,0,119.04761904761905,25.0
BJ Hodge,RE van der Merwe,21,22,1,104.76190476190477,22.0
RM Patidar,Avesh Khan,21,37,1,176.19047619047618,37.0
SR Watson,P Negi,21,24,3,114.28571428571428,8.0
SC Ganguly,A Symonds,21,14,0,66.66666666666666,14.0
SV Samson,NM Coulter-Nile,21,33,0,157.14285714285714,33.0
V Shankar,AR Patel,21,23,1,109.52380952380953,23.0
G Gambhir,M Kartik,21,17,1,80.95238095238095,17.0
SV Samson,MA Starc,21,18,0,85.71428571428571,18.0
AJ Finch,SL Malinga,21,13,2,61.904761904761905,6.5
JC Buttler,DJ Bravo,21,25,2,119.04761904761905,12.5
AJ Finch,UT Yadav,21,34,2,161.9047619047619,17.0
DA Miller,CJ Jordan,21,36,0,171.42857142857142,36.0
JC Buttler,C Green,21,22,0,104.76190476190477,22.0
KC Sangakkara,J Botha,21,17,2,80.95238095238095,8.5
RM Patidar,M Markande,21,62,1,295.23809523809524,62.0
RM Patidar,MJ Santner,21,25,2,119.04761904761905,12.5
RM Patidar,HH Pandya,21,45,0,214.28571428571428,45.0
GC Smith,I Sharma,21,19,1,90.47619047619048,19.0
GC Smith,AB Dinda,21,19,1,90.47619047619048,19.0
BJ Hodge,JH Kallis,21,29,2,138.0952380952381,14.5
SV Samson,PJ Cummins,21,23,1,109.52380952380953,23.0
V Sehwag,S Sreesanth,21,18,1,85.71428571428571,18.0
DJ Hooda,Shahbaz Ahmed,21,22,1,104.76190476190477,22.0
AM Rahane,TG Southee,21,26,1,123.80952380952381,26.0
SE Marsh,DJ Bravo,21,29,1,138.0952380952381,29.0
G Gambhir,JP Faulkner,21,24,1,114.28571428571428,24.0
JA Morkel,SR Watson,21,19,1,90.47619047619048,19.0
KC Sangakkara,RP Singh,21,26,1,123.80952380952381,26.0
SS Iyer,Mustafizur Rahman,21,18,1,85.71428571428571,18.0
Y Venugopal Rao,DJ Bravo,21,26,1,123.80952380952381,26.0
D Padikkal,KH Pandya,21,33,0,157.14285714285714,33.0
VR Iyer,NT Ellis,21,33,0,157.14285714285714,33.0
SPD Smith,J Botha,21,20,1,95.23809523809523,20.0
VR Iyer,PJ Cummins,21,50,0,238.0952380952381,50.0
MM Ali,Kuldeep Yadav,21,48,2,228.57142857142856,24.0
SO Hetmyer,Kartik Tyagi,21,37,2,176.19047619047618,18.5
RS Bopara,A Mishra,21,21,0,100.0,21.0
KK Nair,Mohammed Shami,21,26,0,123.80952380952381,26.0
RA Jadeja,AR Patel,21,30,1,142.85714285714286,30.0
WP Saha,TU Deshpande,21,32,0,152.38095238095238,32.0
RG Sharma,JA Morkel,21,16,3,76.19047619047619,5.333333333333333
RD Gaikwad,C Sakariya,21,13,1,61.904761904761905,13.0
JJ Roy,KH Pandya,21,30,1,142.85714285714286,30.0
Tilak Varma,B Kumar,21,27,3,128.57142857142858,9.0
DA Miller,MA Starc,20,23,0,114.99999999999999,23.0
P Simran Singh,Noor Ahmad,20,35,3,175.0,11.666666666666666
P Dogra,A Mishra,20,15,0,75.0,15.0
N Rana,NT Ellis,20,21,0,105.0,21.0
DA Warner,R Dhawan,20,33,0,165.0,33.0
R Tewatia,R Ashwin,20,14,1,70.0,14.0
JJ Roy,TA Boult,20,25,2,125.0,12.5
SPD Smith,Harbhajan Singh,20,20,1,100.0,20.0
DR Smith,RA Jadeja,20,23,1,114.99999999999999,23.0
DR Smith,R Vinay Kumar,20,33,0,165.0,33.0
MM Ali,TA Boult,20,43,1,215.0,43.0
PP Shaw,JR Hazlewood,20,32,0,160.0,32.0
P Negi,JJ Bumrah,20,27,1,135.0,27.0
DPMD Jayawardene,JA Morkel,20,29,3,145.0,9.666666666666666
Abhishek Sharma,YS Chahal,20,47,1,235.0,47.0
Tilak Varma,Akash Deep,20,31,1,155.0,31.0
M Shahrukh Khan,HV Patel,20,25,1,125.0,25.0
KC Sangakkara,Y Venugopal Rao,20,29,0,145.0,29.0
JA Morkel,RP Singh,20,28,1,140.0,28.0
V Kohli,Abhishek Sharma,20,28,0,140.0,28.0
G Gambhir,RA Jadeja,20,31,0,155.0,31.0
SE Marsh,DS Kulkarni,20,29,1,145.0,29.0
M Vijay,SW Tait,20,29,0,145.0,29.0
AM Rahane,Suyash Sharma,20,29,0,145.0,29.0
M Vijay,MM Patel,20,37,2,185.0,18.5
RM Patidar,E Malinga,20,31,1,155.0,31.0
KC Sangakkara,R Sharma,20,12,5,60.0,2.4
KC Sangakkara,R Bhatia,20,24,2,120.0,12.0
YBK Jaiswal,YS Chahal,20,27,1,135.0,27.0
AJ Finch,SP Narine,20,35,0,175.0,35.0
TH David,SM Curran,20,41,0,204.99999999999997,41.0
SV Samson,MC Henriques,20,22,0,110.00000000000001,22.0
MA Agarwal,DJ Bravo,20,12,1,60.0,12.0
MA Agarwal,CV Varun,20,16,1,80.0,16.0
RM Patidar,RA Jadeja,20,30,0,150.0,30.0
G Gambhir,DT Christian,20,26,1,130.0,26.0
S Badrinath,R Bhatia,20,21,1,105.0,21.0
SV Samson,Mustafizur Rahman,20,22,0,110.00000000000001,22.0
DJ Hussey,DJ Bravo,20,24,1,120.0,24.0
Sameer Rizvi,MJ Santner,20,14,1,70.0,14.0
AK Markram,HH Pandya,20,26,1,130.0,26.0
LS Livingstone,YS Chahal,20,17,1,85.0,17.0
R Dravid,KA Pollard,20,30,1,150.0,30.0
KD Karthik,K Rabada,20,15,3,75.0,5.0
SM Curran,NM Coulter-Nile,20,16,0,80.0,16.0
GC Smith,S Sreesanth,20,24,0,120.0,24.0
GC Smith,M Ntini,20,21,0,105.0,21.0
GC Smith,JH Kallis,20,17,1,85.0,17.0
B Sai Sudharsan,SN Thakur,20,24,0,120.0,24.0
DJ Hooda,PP Chawla,20,18,1,90.0,18.0
SP Goswami,R Bhatia,20,35,2,175.0,17.5
AB de Villiers,Ankit Sharma,20,39,0,195.0,39.0
G Gambhir,Mustafizur Rahman,20,21,1,105.0,21.0
TL Suman,Harbhajan Singh,20,25,3,125.0,8.333333333333334
KA Pollard,R Vinay Kumar,20,41,2,204.99999999999997,20.5
SK Raina,GJ Maxwell,20,13,2,65.0,6.5
S Badrinath,JR Hopes,20,38,0,190.0,38.0
AR Patel,UT Yadav,20,29,2,145.0,14.5
GJ Maxwell,Ravi Bishnoi,20,37,1,185.0,37.0
LS Livingstone,Kuldeep Yadav,20,20,1,100.0,20.0
LS Livingstone,KK Ahmed,20,33,0,165.0,33.0
B Sai Sudharsan,A Nortje,20,40,0,200.0,40.0
WP Saha,Z Khan,20,39,0,195.0,39.0
AL Menaria,PP Chawla,20,27,2,135.0,13.5
SP Narine,SN Thakur,20,34,0,170.0,34.0
KC Sangakkara,P Kumar,20,33,1,165.0,33.0
RK Singh,DS Rathi,20,42,0,210.0,42.0
LS Livingstone,Mohammed Shami,20,38,0,190.0,38.0
H Klaasen,Arshdeep Singh,20,22,0,110.00000000000001,22.0
Y Nagar,RA Jadeja,20,12,0,60.0,12.0
TH David,Arshdeep Singh,20,44,1,220.00000000000003,44.0
Rahmanullah Gurbaz,B Kumar,20,22,1,110.00000000000001,22.0
D Padikkal,R Ashwin,20,16,2,80.0,8.0
SV Samson,B Stanlake,20,25,1,125.0,25.0
SV Samson,Imran Tahir,20,21,1,105.0,21.0
MA Agarwal,PJ Cummins,20,19,0,95.0,19.0
RM Patidar,MP Yadav,20,33,1,165.0,33.0
WP Saha,AR Patel,20,31,0,155.0,31.0
D Padikkal,TU Deshpande,20,42,0,210.0,42.0
YK Pathan,S Aravind,20,28,1,140.0,28.0
S Dhawan,AS Joseph,20,30,0,150.0,30.0
JD Ryder,R Ashwin,20,19,2,95.0,9.5
TM Dilshan,L Balaji,20,20,1,100.0,20.0
K Goel,MS Gony,20,17,2,85.0,8.5
NV Ojha,UT Yadav,20,24,2,120.0,12.0
AK Markram,MA Starc,20,26,0,130.0,26.0
A Badoni,YS Chahal,20,18,3,90.0,6.0
AK Markram,Yash Dayal,20,18,1,90.0,18.0
AK Markram,YS Chahal,20,25,1,125.0,25.0
GJ Maxwell,UT Yadav,20,17,3,85.0,5.666666666666667
RK Singh,AR Patel,20,18,1,90.0,18.0
LS Livingstone,I Sharma,20,32,3,160.0,10.666666666666666
LS Livingstone,Shahbaz Ahmed,20,36,0,180.0,36.0
V Sehwag,BW Hilfenhaus,20,19,2,95.0,9.5
Mandeep Singh,VR Aaron,20,19,2,95.0,9.5
WP Saha,Kuldeep Yadav,20,27,2,135.0,13.5
Mandeep Singh,L Balaji,20,32,1,160.0,32.0
N Pooran,KH Pandya,20,26,0,130.0,26.0
WP Saha,Mohsin Khan,20,32,1,160.0,32.0
V Sehwag,B Kumar,20,27,1,135.0,27.0
S Badrinath,R Vinay Kumar,20,26,2,130.0,13.0
H Klaasen,Prince Yadav,20,28,0,140.0,28.0
Shakib Al Hasan,PP Chawla,20,14,2,70.0,7.0
H Klaasen,KH Pandya,20,17,1,85.0,17.0
S Badrinath,SK Trivedi,20,24,0,120.0,24.0
AK Markram,M Prasidh Krishna,20,38,2,190.0,19.0
MC Henriques,AR Patel,20,22,1,110.00000000000001,22.0
RV Uthappa,Avesh Khan,20,40,0,200.0,40.0
MEK Hussey,A Nehra,20,9,1,45.0,9.0
F du Plessis,Kuldeep Yadav,20,18,0,90.0,18.0
F du Plessis,JP Behrendorff,20,42,0,210.0,42.0
Shubman Gill,Brijesh Sharma,20,34,1,170.0,34.0
SK Raina,TA Boult,20,22,2,110.00000000000001,11.0
KS Williamson,VR Aaron,20,26,0,130.0,26.0
Yuvraj Singh,JP Faulkner,20,23,1,114.99999999999999,23.0
RV Uthappa,NM Coulter-Nile,20,20,0,100.0,20.0
DA Warner,Kartik Tyagi,20,33,0,165.0,33.0
JA Morkel,P Kumar,20,19,1,95.0,19.0
R Parag,KK Ahmed,20,37,0,185.0,37.0
SE Marsh,AB Dinda,20,31,0,155.0,31.0
A Symonds,AB Agarkar,20,27,2,135.0,13.5
JP Inglis,KH Pandya,20,30,1,150.0,30.0
JP Inglis,JJ Bumrah,20,39,0,195.0,39.0
RD Gaikwad,Yash Thakur,20,38,1,190.0,38.0
CA Pujara,DW Steyn,20,25,1,125.0,25.0
RD Gaikwad,MA Starc,20,18,1,90.0,18.0
BJ Hodge,A Mishra,20,20,1,100.0,20.0
A Raghuvanshi,Mohammed Siraj,20,36,0,180.0,36.0
RG Sharma,Navdeep Saini,20,33,0,165.0,33.0
KS Williamson,SR Watson,20,32,1,160.0,32.0
HH Gibbs,L Balaji,20,19,0,95.0,19.0
HH Gibbs,A Kumble,20,15,1,75.0,15.0
V Kohli,Yuvraj Singh,20,30,0,150.0,30.0
HH Gibbs,R Vinay Kumar,20,30,1,150.0,30.0
KS Williamson,TA Boult,20,24,1,120.0,24.0
HH Gibbs,SP Narine,20,21,0,105.0,21.0
HH Gibbs,RE van der Merwe,20,26,0,130.0,26.0
MEK Hussey,PP Chawla,20,25,1,125.0,25.0
MEK Hussey,P Kumar,20,23,2,114.99999999999999,11.5
Abhishek Sharma,M Theekshana,20,33,1,165.0,33.0
RV Uthappa,A Nortje,20,24,2,120.0,12.0
SS Iyer,Basil Thampi,20,26,1,130.0,26.0
MS Bisla,SR Watson,20,22,1,110.00000000000001,22.0
Priyansh Arya,Auqib Nabi,20,27,0,135.0,27.0
DJG Sammy,STR Binny,20,18,0,90.0,18.0
DJG Sammy,SP Narine,20,9,0,45.0,9.0
BA Stokes,Kuldeep Yadav,20,21,1,105.0,21.0
B Sai Sudharsan,T Natarajan,20,47,1,235.0,47.0
JR Hopes,Z Khan,20,21,1,105.0,21.0
EJG Morgan,GJ Maxwell,20,45,0,225.0,45.0
TM Head,Avesh Khan,20,44,1,220.00000000000003,44.0
JP Duminy,IK Pathan,20,17,0,85.0,17.0
JH Kallis,GB Hogg,20,23,0,114.99999999999999,23.0
P Simran Singh,Prince Yadav,20,29,0,145.0,29.0
YK Pathan,MF Maharoof,20,20,2,100.0,10.0
YK Pathan,MC Henriques,20,22,2,110.00000000000001,11.0
KP Pietersen,SB Jakati,20,23,0,114.99999999999999,23.0
DJ Bravo,AB Dinda,20,15,1,75.0,15.0
CH Gayle,S Kaul,20,18,0,90.0,18.0
N Wadhera,Suyash Sharma,20,28,0,140.0,28.0
PA Patel,Imran Tahir,20,31,1,155.0,31.0
DA Warner,PV Tambe,20,21,1,105.0,21.0
AM Rahane,M Prasidh Krishna,20,30,1,150.0,30.0
RR Pant,Imran Tahir,20,32,1,160.0,32.0
PP Shaw,RD Chahar,20,27,2,135.0,13.5
AC Gilchrist,AB Agarkar,20,47,1,235.0,47.0
MK Pandey,Mustafizur Rahman,20,27,1,135.0,27.0
YV Takawale,MM Patel,20,16,0,80.0,16.0
Dhruv Jurel,Suyash Sharma,20,25,0,125.0,25.0
S Dhawan,Shakib Al Hasan,20,23,1,114.99999999999999,23.0
KM Jadhav,SL Malinga,20,27,2,135.0,13.5
V Kohli,PWH de Silva,20,27,0,135.0,27.0
Shubman Gill,PJ Cummins,20,28,0,140.0,28.0
HH Pandya,Imran Tahir,20,16,1,80.0,16.0
A Symonds,SB Jakati,20,32,0,160.0,32.0
AT Rayudu,Ravi Bishnoi,20,20,1,100.0,20.0
HH Pandya,OC McCoy,20,25,0,125.0,25.0
SK Raina,JP Duminy,20,27,0,135.0,27.0
V Kohli,PVD Chameera,20,18,2,90.0,9.0
AB de Villiers,R Vinay Kumar,20,16,1,80.0,16.0
KP Pietersen,AR Patel,20,30,1,150.0,30.0
RV Uthappa,MA Starc,20,28,0,140.0,28.0
RV Uthappa,S Sreesanth,20,56,0,280.0,56.0
KM Jadhav,Z Khan,20,28,1,140.0,28.0
S Dube,C Green,20,19,1,95.0,19.0
DP Conway,Kuldeep Yadav,20,43,0,215.0,43.0
CH Gayle,Kamran Khan,20,49,2,245.00000000000003,24.5
SP Narine,TU Deshpande,20,32,0,160.0,32.0
Nithish Kumar Reddy,Harpreet Brar,20,45,0,225.0,45.0
AJ Finch,MC Henriques,20,37,1,185.0,37.0
MK Tiwary,M Morkel,20,20,4,100.0,5.0
SS Iyer,HH Pandya,20,20,1,100.0,20.0
SO Hetmyer,SP Narine,20,25,0,125.0,25.0
SO Hetmyer,RD Chahar,20,21,0,105.0,21.0
ML Hayden,S Sreesanth,20,33,1,165.0,33.0
ML Hayden,RG Sharma,20,27,0,135.0,27.0
DT Christian,Harbhajan Singh,20,15,1,75.0,15.0
AM Rahane,JA Morkel,20,25,1,125.0,25.0
MK Tiwary,RR Powar,20,22,0,110.00000000000001,22.0
AM Rahane,JO Holder,20,29,1,145.0,29.0
RR Pant,Mohammed Shami,20,23,1,114.99999999999999,23.0
SS Iyer,JP Faulkner,20,37,1,185.0,37.0
KL Rahul,I Sharma,20,22,1,110.00000000000001,22.0
YBK Jaiswal,M Prasidh Krishna,20,46,0,229.99999999999997,46.0
SR Watson,AD Mathews,20,25,1,125.0,25.0
S Dhawan,MM Ali,20,18,0,90.0,18.0
T Stubbs,B Kumar,20,35,3,175.0,11.666666666666666
CH Morris,DJ Bravo,20,40,0,200.0,40.0
Ishan Kishan,R Shepherd,20,29,0,145.0,29.0
KH Pandya,S Kaul,20,41,1,204.99999999999997,41.0
PP Shaw,Shakib Al Hasan,20,31,1,155.0,31.0
Dhruv Jurel,AR Patel,20,27,1,135.0,27.0
CH Gayle,K Gowtham,20,13,1,65.0,13.0
VR Iyer,M Jansen,20,14,3,70.0,4.666666666666667
Abhishek Sharma,R Ashwin,20,28,1,140.0,28.0
MS Bisla,AA Chavan,20,22,1,110.00000000000001,22.0
MR Marsh,VG Arora,20,22,2,110.00000000000001,11.0
YBK Jaiswal,MJ Henry,20,32,0,160.0,32.0
R Tewatia,Shivam Mavi,20,28,1,140.0,28.0
IK Pathan,Z Khan,20,26,3,130.0,8.666666666666666
KL Rahul,N Thushara,20,24,0,120.0,24.0
KL Rahul,N Burger,20,32,0,160.0,32.0
WP Saha,S Aravind,20,33,1,165.0,33.0
Shubman Gill,Suyash Sharma,20,18,1,90.0,18.0
KL Rahul,Kuldeep Yadav,20,34,2,170.0,17.0
Ishan Kishan,JD Unadkat,20,31,1,155.0,31.0
Ishan Kishan,A Kamboj,20,32,1,160.0,32.0
V Kohli,M Jansen,20,26,1,130.0,26.0
DA Warner,SR Watson,20,34,2,170.0,17.0
YK Pathan,I Sharma,20,36,0,180.0,36.0
MR Marsh,N Burger,20,32,2,160.0,16.0
JM Bairstow,R Ashwin,20,21,1,105.0,21.0
YBK Jaiswal,RP Meredith,20,45,0,225.0,45.0
AT Rayudu,GJ Maxwell,20,31,1,155.0,31.0
SPD Smith,B Kumar,20,15,0,75.0,15.0
CH Gayle,JO Holder,20,34,1,170.0,34.0
CH Gayle,JA Morkel,20,19,0,95.0,19.0
CH Gayle,J Yadav,20,16,0,80.0,16.0
CH Gayle,I Sharma,20,36,1,180.0,36.0
JM Bairstow,Mujeeb Ur Rahman,20,24,1,120.0,24.0
BA Stokes,AR Patel,20,26,1,130.0,26.0
S Dhawan,DJ Willey,20,35,0,175.0,35.0
MP Stoinis,MM Ali,20,39,1,195.0,39.0
AB de Villiers,T Natarajan,20,25,1,125.0,25.0
JH Kallis,M Muralitharan,20,25,0,125.0,25.0
JM Sharma,M Prasidh Krishna,20,23,0,114.99999999999999,23.0
S Dhawan,RP Meredith,19,32,0,168.42105263157893,32.0
M Vohra,JP Duminy,19,35,0,184.21052631578948,35.0
RM Patidar,AR Patel,19,31,1,163.1578947368421,31.0
DJ Hooda,RD Chahar,19,22,0,115.78947368421053,22.0
MV Boucher,A Nehra,19,29,0,152.63157894736844,29.0
BJ Hodge,IK Pathan,19,39,1,205.26315789473685,39.0
BJ Hodge,Harmeet Singh,19,17,0,89.47368421052632,17.0
M Vohra,AD Russell,19,18,2,94.73684210526315,9.0
Abdul Samad,YS Chahal,19,21,2,110.5263157894737,10.5
SK Raina,AD Russell,19,22,2,115.78947368421053,11.0
AT Rayudu,DS Kulkarni,19,41,0,215.78947368421052,41.0
Yuvraj Singh,CH Morris,19,25,2,131.57894736842107,12.5
MP Stoinis,S Nadeem,19,18,1,94.73684210526315,18.0
MP Stoinis,R Tewatia,19,22,2,115.78947368421053,11.0
AC Gilchrist,AD Mathews,19,19,2,100.0,9.5
S Sohal,RJ Harris,19,20,1,105.26315789473684,20.0
Abdul Samad,SN Thakur,19,22,1,115.78947368421053,22.0
M Vijay,PJ Sangwan,19,40,0,210.52631578947367,40.0
CR Brathwaite,SN Thakur,19,40,2,210.52631578947367,20.0
YBK Jaiswal,Avesh Khan,19,27,1,142.10526315789474,27.0
M Vijay,RA Jadeja,19,17,2,89.47368421052632,8.5
AM Rahane,WD Parnell,19,26,1,136.8421052631579,26.0
SC Ganguly,DP Nannes,19,8,2,42.10526315789473,4.0
MA Agarwal,DL Chahar,19,22,1,115.78947368421053,22.0
RD Gaikwad,KH Pandya,19,34,0,178.94736842105263,34.0
RD Gaikwad,JO Holder,19,23,1,121.05263157894737,23.0
RD Gaikwad,JD Unadkat,19,28,0,147.36842105263156,28.0
DA Miller,K Rabada,19,25,0,131.57894736842107,25.0
AM Rahane,DS Rathi,19,26,1,136.8421052631579,26.0
MP Stoinis,M Prasidh Krishna,19,50,2,263.15789473684214,25.0
MP Stoinis,M Ashwin,19,24,0,126.3157894736842,24.0
DPMD Jayawardene,M Muralitharan,19,31,3,163.1578947368421,10.333333333333334
CH Gayle,BCJ Cutting,19,24,2,126.3157894736842,12.0
RD Gaikwad,R Sai Kishore,19,12,0,63.1578947368421,12.0
JP Duminy,TG Southee,19,15,0,78.94736842105263,15.0
CH Gayle,AD Mathews,19,16,1,84.21052631578947,16.0
SS Iyer,Navdeep Saini,19,20,1,105.26315789473684,20.0
RR Powar,L Balaji,19,25,0,131.57894736842107,25.0
JH Kallis,Harmeet Singh,19,17,1,89.47368421052632,17.0
RM Patidar,Harpreet Brar,19,21,1,110.5263157894737,21.0
M Vijay,CH Morris,19,24,1,126.3157894736842,24.0
AM Rahane,Yuvraj Singh,19,25,0,131.57894736842107,25.0
Mandeep Singh,JH Kallis,19,15,2,78.94736842105263,7.5
RV Uthappa,JP Duminy,19,34,0,178.94736842105263,34.0
SV Samson,M Kartik,19,41,0,215.78947368421052,41.0
RV Uthappa,BW Hilfenhaus,19,21,1,110.5263157894737,21.0
V Sehwag,Mohammed Shami,19,18,1,94.73684210526315,18.0
SV Samson,V Shankar,19,25,1,131.57894736842107,25.0
Y Venugopal Rao,Yuvraj Singh,19,27,2,142.10526315789474,13.5
SR Watson,MM Patel,19,14,0,73.68421052631578,14.0
DJ Hooda,HV Patel,19,19,0,100.0,19.0
MS Dhoni,R Sharma,19,21,1,110.5263157894737,21.0
RK Singh,Naveen-ul-Haq,19,37,1,194.73684210526315,37.0
RK Singh,YS Chahal,19,15,2,78.94736842105263,7.5
RD Gaikwad,Mohsin Khan,19,31,0,163.1578947368421,31.0
S Dube,Avesh Khan,19,12,2,63.1578947368421,6.0
SA Asnodkar,JA Morkel,19,12,2,63.1578947368421,6.0
A Manohar,Kuldeep Yadav,19,13,1,68.42105263157895,13.0
Abhishek Sharma,TU Deshpande,19,32,1,168.42105263157893,32.0
SS Iyer,P Negi,19,27,0,142.10526315789474,27.0
RA Tripathi,Kuldeep Yadav,19,38,1,200.0,38.0
Rashid Khan,CJ Jordan,19,52,1,273.6842105263158,52.0
SM Curran,Kuldeep Yadav,19,15,0,78.94736842105263,15.0
SM Curran,Avesh Khan,19,32,0,168.42105263157893,32.0
M Manhas,Yuvraj Singh,19,13,0,68.42105263157895,13.0
RM Patidar,Mohammed Shami,19,26,0,136.8421052631579,26.0
Abhishek Sharma,Avesh Khan,19,18,2,94.73684210526315,9.0
MA Agarwal,Harshit Rana,19,27,2,142.10526315789474,13.5
Abdul Samad,M Jansen,19,24,1,126.3157894736842,24.0
GJ Bailey,MC Henriques,19,15,3,78.94736842105263,5.0
R Dravid,DT Christian,19,25,1,131.57894736842107,25.0
RK Singh,HH Pandya,19,24,0,126.3157894736842,24.0
RA Jadeja,Yash Dayal,19,24,0,126.3157894736842,24.0
RA Jadeja,YK Pathan,19,22,0,115.78947368421053,22.0
S Dhawan,Anureet Singh,19,26,0,136.8421052631579,26.0
RA Tripathi,DJ Bravo,19,29,2,152.63157894736844,14.5
NV Ojha,SL Malinga,19,20,0,105.26315789473684,20.0
NV Ojha,R Ashwin,19,15,2,78.94736842105263,7.5
DA Warner,A Nortje,19,27,1,142.10526315789474,27.0
Washington Sundar,KH Pandya,19,11,2,57.89473684210527,5.5
JP Inglis,MJ Santner,19,23,1,121.05263157894737,23.0
RD Rickelton,CV Varun,19,26,0,136.8421052631579,26.0
SK Raina,D Wiese,19,24,0,126.3157894736842,24.0
SO Hetmyer,KK Ahmed,19,34,1,178.94736842105263,34.0
SO Hetmyer,K Gowtham,19,15,0,78.94736842105263,15.0
SO Hetmyer,JJ Bumrah,19,11,4,57.89473684210527,2.75
SS Iyer,S Gopal,19,24,1,126.3157894736842,24.0
PP Chawla,SR Watson,19,22,2,115.78947368421053,11.0
PP Chawla,SL Malinga,19,11,2,57.89473684210527,5.5
AK Markram,K Rabada,19,41,0,215.78947368421052,41.0
AK Markram,JJ Bumrah,19,12,1,63.1578947368421,12.0
AK Markram,Harsh Dubey,19,29,0,152.63157894736844,29.0
AK Markram,HV Patel,19,22,1,115.78947368421053,22.0
SR Watson,P Awana,19,38,1,200.0,38.0
Azhar Mahmood,IK Pathan,19,11,0,57.89473684210527,11.0
Azhar Mahmood,Harbhajan Singh,19,24,1,126.3157894736842,24.0
V Shankar,JC Archer,19,27,0,142.10526315789474,27.0
Yuvraj Singh,DL Vettori,19,28,1,147.36842105263156,28.0
KA Pollard,KV Sharma,19,21,0,110.5263157894737,21.0
DA Warner,AS Rajpoot,19,18,0,94.73684210526315,18.0
DA Warner,BA Stokes,19,22,2,115.78947368421053,11.0
NV Ojha,JH Kallis,19,14,1,73.68421052631578,14.0
DR Smith,ST Jayasuriya,19,24,2,126.3157894736842,12.0
VR Iyer,Mohammed Shami,19,27,0,142.10526315789474,27.0
Yuvraj Singh,DJ Bravo,19,21,2,110.5263157894737,10.5
Lalit Yadav,YS Chahal,19,29,0,152.63157894736844,29.0
RK Singh,Kuldeep Yadav,19,30,1,157.89473684210526,30.0
S Dube,HR Shokeen,19,18,0,94.73684210526315,18.0
S Dube,Mohammed Siraj,19,27,0,142.10526315789474,27.0
WP Saha,CV Varun,19,20,0,105.26315789473684,20.0
GJ Maxwell,R Bhatia,19,37,0,194.73684210526315,37.0
Y Venugopal Rao,SK Warne,19,18,1,94.73684210526315,18.0
BB McCullum,SR Watson,19,37,1,194.73684210526315,37.0
SV Samson,JD Unadkat,19,23,0,121.05263157894737,23.0
GJ Maxwell,P Negi,19,36,0,189.4736842105263,36.0
CL White,R Bhatia,19,34,1,178.94736842105263,34.0
SR Watson,M Morkel,19,25,0,131.57894736842107,25.0
DJ Bravo,P Kumar,19,27,1,142.10526315789474,27.0
DJ Bravo,P Awana,19,14,0,73.68421052631578,14.0
Mandeep Singh,PJ Cummins,19,32,1,168.42105263157893,32.0
TL Suman,DW Steyn,19,21,2,110.5263157894737,10.5
TL Suman,A Kumble,19,24,1,126.3157894736842,24.0
KA Pollard,TA Boult,19,26,1,136.8421052631579,26.0
RS Bopara,R Vinay Kumar,19,17,0,89.47368421052632,17.0
ML Hayden,R Vinay Kumar,19,40,1,210.52631578947367,40.0
CA Lynn,RA Jadeja,19,33,1,173.6842105263158,33.0
CA Pujara,IK Pathan,19,14,0,73.68421052631578,14.0
KA Pollard,MP Stoinis,19,27,1,142.10526315789474,27.0
SE Marsh,MC Henriques,19,32,0,168.42105263157893,32.0
RG Sharma,YK Pathan,19,12,0,63.1578947368421,12.0
SR Watson,K Gowtham,19,37,0,194.73684210526315,37.0
F du Plessis,R Sharma,19,18,1,94.73684210526315,18.0
F du Plessis,SB Jakati,19,34,0,178.94736842105263,34.0
F du Plessis,Yuvraj Singh,19,17,0,89.47368421052632,17.0
RG Sharma,STR Binny,19,12,1,63.1578947368421,12.0
A Raghuvanshi,Shivang Kumar,19,25,1,131.57894736842107,25.0
KC Sangakkara,JP Duminy,19,27,0,142.10526315789474,27.0
KA Pollard,SK Trivedi,19,10,0,52.63157894736842,10.0
DR Smith,Shakib Al Hasan,19,31,2,163.1578947368421,15.5
H Klaasen,LH Ferguson,19,25,1,131.57894736842107,25.0
H Klaasen,Kuldeep Yadav,19,31,0,163.1578947368421,31.0
BJ Hodge,YK Pathan,19,22,2,115.78947368421053,11.0
BJ Hodge,SK Warne,19,18,1,94.73684210526315,18.0
S Badrinath,RP Singh,19,17,3,89.47368421052632,5.666666666666667
SV Samson,AD Russell,19,32,2,168.42105263157893,16.0
Q de Kock,Mohammad Nabi,19,13,0,68.42105263157895,13.0
JC Buttler,CH Morris,19,37,1,194.73684210526315,37.0
RD Rickelton,SP Narine,19,42,0,221.0526315789474,42.0
VVS Laxman,Z Khan,19,13,0,68.42105263157895,13.0
ML Hayden,RJ Harris,19,17,1,89.47368421052632,17.0
RR Pant,VR Iyer,19,46,0,242.10526315789474,46.0
MK Tiwary,WD Parnell,19,31,0,163.1578947368421,31.0
VR Iyer,JD Unadkat,19,25,0,131.57894736842107,25.0
YK Pathan,AG Murtaza,19,36,0,189.4736842105263,36.0
CA Lynn,DS Kulkarni,19,46,0,242.10526315789474,46.0
KC Sangakkara,MF Maharoof,19,20,1,105.26315789473684,20.0
NV Ojha,DW Steyn,19,14,0,73.68421052631578,14.0
NV Ojha,DE Bollinger,19,19,0,100.0,19.0
AD Russell,Arshdeep Singh,19,34,3,178.94736842105263,11.333333333333334
R Parag,M Pathirana,19,18,1,94.73684210526315,18.0
F du Plessis,JC Archer,19,22,2,115.78947368421053,11.0
PD Salt,PWH de Silva,19,26,1,136.8421052631579,26.0
MS Dhoni,LR Shukla,19,37,0,194.73684210526315,37.0
CJ Anderson,JP Faulkner,19,34,0,178.94736842105263,34.0
CJ Anderson,GJ Maxwell,19,9,0,47.368421052631575,9.0
Shashank Singh,KH Pandya,19,20,0,105.26315789473684,20.0
KC Sangakkara,RG Sharma,19,32,1,168.42105263157893,32.0
KD Karthik,A Kumble,19,31,1,163.1578947368421,31.0
KC Sangakkara,Z Khan,19,25,0,131.57894736842107,25.0
Washington Sundar,Arshdeep Singh,19,20,0,105.26315789473684,20.0
VR Iyer,DL Chahar,19,25,2,131.57894736842107,12.5
KC Sangakkara,M Kartik,19,17,1,89.47368421052632,17.0
KC Sangakkara,IK Pathan,19,11,0,57.89473684210527,11.0
C Connolly,Mohammed Shami,19,34,1,178.94736842105263,34.0
WP Saha,NM Coulter-Nile,19,22,2,115.78947368421053,11.0
F du Plessis,MC Henriques,19,21,1,110.5263157894737,21.0
MEK Hussey,DS Kulkarni,19,27,1,142.10526315789474,27.0
MEK Hussey,KK Cooper,19,30,1,157.89473684210526,30.0
AJ Finch,Z Khan,19,31,1,163.1578947368421,31.0
RG Sharma,AS Rajpoot,19,22,2,115.78947368421053,11.0
JA Morkel,R Ashwin,19,13,0,68.42105263157895,13.0
DA Warner,JC Archer,19,15,2,78.94736842105263,7.5
RV Uthappa,SP Narine,19,18,1,94.73684210526315,18.0
Dhruv Jurel,Abhishek Sharma,19,32,0,168.42105263157893,32.0
DP Conway,VG Arora,19,22,0,115.78947368421053,22.0
SC Ganguly,R Bhatia,19,26,1,136.8421052631579,26.0
HH Gibbs,R Ashwin,19,12,1,63.1578947368421,12.0
KV Sharma,DJ Bravo,19,17,2,89.47368421052632,8.5
RV Uthappa,Navdeep Saini,19,20,0,105.26315789473684,20.0
DJ Bravo,MJ McClenaghan,19,35,2,184.21052631578948,17.5
MS Dhoni,KK Cooper,19,23,1,121.05263157894737,23.0
KS Williamson,MP Stoinis,19,29,1,152.63157894736844,29.0
KS Williamson,M Theekshana,19,16,0,84.21052631578947,16.0
RG Sharma,PJ Sangwan,19,13,1,68.42105263157895,13.0
AD Russell,Yash Dayal,19,41,0,215.78947368421052,41.0
KS Williamson,KV Sharma,19,36,2,189.4736842105263,18.0
KS Williamson,Avesh Khan,19,25,1,131.57894736842107,25.0
STR Binny,MG Johnson,19,5,2,26.31578947368421,2.5
MEK Hussey,PP Ojha,19,17,1,89.47368421052632,17.0
Shubman Gill,DS Rathi,19,19,0,100.0,19.0
KD Karthik,JA Morkel,19,13,2,68.42105263157895,6.5
KD Karthik,MC Henriques,19,14,1,73.68421052631578,14.0
DA Warner,K Gowtham,19,30,0,157.89473684210526,30.0
DT Christian,SL Malinga,19,13,0,68.42105263157895,13.0
BB McCullum,Imran Tahir,19,41,0,215.78947368421052,41.0
MK Tiwary,DR Smith,19,12,0,63.1578947368421,12.0
MEK Hussey,RJ Harris,19,21,0,110.5263157894737,21.0
BB McCullum,SK Raina,19,29,0,152.63157894736844,29.0
F du Plessis,CH Morris,19,24,2,126.3157894736842,12.0
Q de Kock,CJ Jordan,19,22,1,115.78947368421053,22.0
HH Pandya,Kartik Tyagi,19,34,0,178.94736842105263,34.0
R Parag,RD Chahar,19,26,0,136.8421052631579,26.0
KS Williamson,A Zampa,19,11,1,57.89473684210527,11.0
Shubman Gill,JO Holder,19,28,0,147.36842105263156,28.0
KD Karthik,S Kaul,19,20,0,105.26315789473684,20.0
KD Karthik,TA Boult,19,25,1,131.57894736842107,25.0
KD Karthik,R Dhawan,19,30,0,157.89473684210526,30.0
KD Karthik,P Kumar,19,24,1,126.3157894736842,24.0
KD Karthik,SL Malinga,19,12,3,63.1578947368421,4.0
PA Patel,L Balaji,19,25,0,131.57894736842107,25.0
DA Miller,J Suchith,19,22,0,115.78947368421053,22.0
N Wadhera,Naveen-ul-Haq,19,19,0,100.0,19.0
MK Tiwary,M Muralitharan,19,20,0,105.26315789473684,20.0
RG Sharma,R Sharma,19,11,1,57.89473684210527,11.0
RG Sharma,R Sai Kishore,19,34,1,178.94736842105263,34.0
AT Rayudu,SK Trivedi,19,25,0,131.57894736842107,25.0
SK Raina,S Gopal,19,25,1,131.57894736842107,25.0
B Sai Sudharsan,Suyash Sharma,19,30,0,157.89473684210526,30.0
PD Salt,TA Boult,19,25,1,131.57894736842107,25.0
MG Johnson,CH Morris,19,21,1,110.5263157894737,21.0
AJ Finch,CJ Anderson,19,25,0,131.57894736842107,25.0
RG Sharma,DP Nannes,19,17,1,89.47368421052632,17.0
AT Rayudu,Mohammed Siraj,19,30,1,157.89473684210526,30.0
KH Pandya,GJ Maxwell,19,14,3,73.68421052631578,4.666666666666667
SS Iyer,E Malinga,19,43,1,226.3157894736842,43.0
MK Pandey,SR Watson,19,26,1,136.8421052631579,26.0
PP Shaw,Shivam Mavi,19,41,0,215.78947368421052,41.0
AM Rahane,JP Duminy,19,23,0,121.05263157894737,23.0
KH Pandya,A Mishra,19,41,1,215.78947368421052,41.0
HH Pandya,Umran Malik,19,28,1,147.36842105263156,28.0
KP Pietersen,R Sharma,19,29,1,152.63157894736844,29.0
RV Uthappa,RJ Harris,19,37,1,194.73684210526315,37.0
SA Yadav,Mustafizur Rahman,19,28,1,147.36842105263156,28.0
SR Watson,B Lee,19,9,1,47.368421052631575,9.0
ST Jayasuriya,R Vinay Kumar,19,31,0,163.1578947368421,31.0
Abhishek Sharma,LH Ferguson,19,32,1,168.42105263157893,32.0
V Shankar,SP Narine,19,28,1,147.36842105263156,28.0
V Shankar,RD Chahar,19,12,0,63.1578947368421,12.0
B Sai Sudharsan,LS Livingstone,19,19,0,100.0,19.0
SA Yadav,Mukesh Kumar,19,36,1,189.4736842105263,36.0
V Suryavanshi,Sakib Hussain,19,59,1,310.5263157894737,59.0
Y Venugopal Rao,I Sharma,19,13,2,68.42105263157895,6.5
KH Pandya,MM Ali,19,7,2,36.84210526315789,3.5
SK Raina,PJ Cummins,19,19,1,100.0,19.0
KM Jadhav,R Vinay Kumar,19,37,1,194.73684210526315,37.0
D Wiese,DJ Bravo,19,27,2,142.10526315789474,13.5
RR Pant,JC Archer,19,30,0,157.89473684210526,30.0
ST Jayasuriya,A Kumble,19,40,0,210.52631578947367,40.0
F du Plessis,A Nehra,19,26,0,136.8421052631579,26.0
EJG Morgan,Washington Sundar,19,22,3,115.78947368421053,7.333333333333333
RG Sharma,M Pathirana,19,33,0,173.6842105263158,33.0
RG Sharma,Fazalhaq Farooqi,19,10,0,52.63157894736842,10.0
KK Nair,BB Sran,19,37,0,194.73684210526315,37.0
MK Pandey,M Prasidh Krishna,19,22,1,115.78947368421053,22.0
MS Dhoni,A Nortje,19,34,1,178.94736842105263,34.0
KM Jadhav,KH Pandya,19,14,1,73.68421052631578,14.0
C Connolly,Shivang Kumar,19,23,1,121.05263157894737,23.0
KL Rahul,S Kaul,19,35,0,184.21052631578948,35.0
MK Lomror,R Ashwin,19,19,1,100.0,19.0
MK Pandey,A Symonds,19,18,0,94.73684210526315,18.0
BB McCullum,WD Parnell,19,20,1,105.26315789473684,20.0
RG Sharma,KK Cooper,19,20,0,105.26315789473684,20.0
KL Rahul,R Tewatia,19,24,0,126.3157894736842,24.0
WP Saha,RP Singh,19,24,0,126.3157894736842,24.0
N Rana,DJ Bravo,19,15,2,78.94736842105263,7.5
N Rana,K Gowtham,19,31,1,163.1578947368421,31.0
R Tewatia,DJ Bravo,19,25,2,131.57894736842107,12.5
V Suryavanshi,B Kumar,19,39,1,205.26315789473685,39.0
Shubman Gill,S Kaul,19,15,1,78.94736842105263,15.0
AR Patel,HV Patel,19,22,2,115.78947368421053,11.0
KL Rahul,DW Steyn,19,48,0,252.6315789473684,48.0
N Rana,Mustafizur Rahman,19,17,1,89.47368421052632,17.0
AB de Villiers,Harmeet Singh,19,26,0,136.8421052631579,26.0
DA Warner,R Bhatia,19,23,1,121.05263157894737,23.0
MK Pandey,Navdeep Saini,19,28,0,147.36842105263156,28.0
Priyansh Arya,DL Chahar,19,31,1,163.1578947368421,31.0
E Lewis,HV Patel,19,38,0,200.0,38.0
PA Patel,P Awana,19,31,1,163.1578947368421,31.0
N Rana,JD Unadkat,19,24,0,126.3157894736842,24.0
B Sai Sudharsan,JJ Bumrah,19,17,2,89.47368421052632,8.5
IK Pathan,PP Chawla,19,19,0,100.0,19.0
AR Patel,JR Hazlewood,19,21,1,110.5263157894737,21.0
Shubman Gill,Yash Raj Punja,19,31,0,163.1578947368421,31.0
Shubman Gill,Washington Sundar,19,27,0,142.10526315789474,27.0
SS Iyer,DJ Bravo,19,20,1,105.26315789473684,20.0
SC Ganguly,Harmeet Singh,19,20,1,105.26315789473684,20.0
RG Sharma,Iqbal Abdulla,19,22,1,115.78947368421053,22.0
IK Pathan,L Balaji,19,18,2,94.73684210526315,9.0
IK Pathan,JH Kallis,19,22,0,115.78947368421053,22.0
IK Pathan,SP Narine,19,22,2,115.78947368421053,11.0
A Badoni,CV Varun,19,20,1,105.26315789473684,20.0
SPD Smith,KA Pollard,19,38,1,200.0,38.0
DA Miller,R Tewatia,19,17,0,89.47368421052632,17.0
RD Gaikwad,C Green,19,18,0,94.73684210526315,18.0
Tilak Varma,AR Patel,19,32,0,168.42105263157893,32.0
Tilak Varma,AD Russell,19,27,1,142.10526315789474,27.0
Tilak Varma,JO Holder,19,21,2,110.5263157894737,10.5
Yuvraj Singh,YS Chahal,19,41,2,215.78947368421052,20.5
G Gambhir,Mohammed Shami,19,11,0,57.89473684210527,11.0
G Gambhir,M Morkel,19,28,1,147.36842105263156,28.0
G Gambhir,JD Unadkat,19,24,0,126.3157894736842,24.0
G Gambhir,J Botha,19,24,1,126.3157894736842,24.0
SPD Smith,A Nehra,19,17,0,89.47368421052632,17.0
JM Sharma,AR Patel,19,15,2,78.94736842105263,7.5
Tilak Varma,M Theekshana,19,26,0,136.8421052631579,26.0
TM Head,R Ashwin,19,9,0,47.368421052631575,9.0
JJ Roy,Shahbaz Ahmed,19,37,0,194.73684210526315,37.0
JJ Roy,Mustafizur Rahman,19,24,0,126.3157894736842,24.0
JH Kallis,ST Jayasuriya,19,17,0,89.47368421052632,17.0
P Kumar,SK Warne,19,27,1,142.10526315789474,27.0
P Simran Singh,Harshit Rana,19,37,2,194.73684210526315,18.5
DA Miller,Mohammed Siraj,19,27,2,142.10526315789474,13.5
AD Russell,KK Ahmed,18,15,0,83.33333333333334,15.0
DA Miller,MM Ali,18,19,1,105.55555555555556,19.0
DA Miller,MM Sharma,18,38,0,211.11111111111111,38.0
S Sohal,AB Dinda,18,26,0,144.44444444444443,26.0
JJ Roy,YS Chahal,18,12,2,66.66666666666666,6.0
AT Rayudu,B Lee,18,15,0,83.33333333333334,15.0
JM Sharma,Avesh Khan,18,19,1,105.55555555555556,19.0
JM Bairstow,FA Allen,18,14,0,77.77777777777779,14.0
S Dhawan,D Pretorius,18,23,0,127.77777777777777,23.0
P Simran Singh,JJ Bumrah,18,21,1,116.66666666666667,21.0
Yuvraj Singh,RG Sharma,18,25,0,138.88888888888889,25.0
IK Pathan,SL Malinga,18,19,2,105.55555555555556,9.5
Shubman Gill,VR Aaron,18,25,1,138.88888888888889,25.0
KL Rahul,Anureet Singh,18,27,0,150.0,27.0
G Gambhir,PV Tambe,18,17,0,94.44444444444444,17.0
G Gambhir,S Kaul,18,30,1,166.66666666666669,30.0
A Badoni,M Theekshana,18,35,0,194.44444444444443,35.0
BJ Hodge,UT Yadav,18,22,1,122.22222222222223,22.0
M Vijay,MG Johnson,18,18,2,100.0,9.0
AM Nayar,SK Warne,18,24,0,133.33333333333331,24.0
G Gambhir,Washington Sundar,18,26,2,144.44444444444443,13.0
R Ashwin,PP Chawla,18,13,0,72.22222222222221,13.0
RD Gaikwad,JR Hazlewood,18,9,2,50.0,4.5
CH Gayle,LH Ferguson,18,27,1,150.0,27.0
JO Holder,HV Patel,18,26,2,144.44444444444443,13.0
SS Iyer,Noor Ahmad,18,18,0,100.0,18.0
DPMD Jayawardene,KA Pollard,18,21,0,116.66666666666667,21.0
D Padikkal,LH Ferguson,18,28,2,155.55555555555557,14.0
TM Head,Mohammed Siraj,18,19,2,105.55555555555556,9.5
SPD Smith,SM Curran,18,18,2,100.0,9.0
Ishan Kishan,K Gowtham,18,17,1,94.44444444444444,17.0
KK Nair,DJ Bravo,18,41,2,227.77777777777777,20.5
S Dube,HH Pandya,18,27,0,150.0,27.0
MS Bisla,MM Sharma,18,22,0,122.22222222222223,22.0
MK Pandey,L Ngidi,18,17,2,94.44444444444444,8.5
KK Nair,KV Sharma,18,26,1,144.44444444444443,26.0
KK Nair,JJ Bumrah,18,33,2,183.33333333333331,16.5
Shubman Gill,PWH de Silva,18,19,0,105.55555555555556,19.0
Harbhajan Singh,B Kumar,18,8,1,44.44444444444444,8.0
C Green,RD Chahar,18,32,0,177.77777777777777,32.0
C Green,Mohsin Khan,18,25,1,138.88888888888889,25.0
KL Rahul,VG Arora,18,20,0,111.11111111111111,20.0
SS Tiwary,SB Jakati,18,14,2,77.77777777777779,7.0
AR Patel,C Green,18,25,1,138.88888888888889,25.0
RG Sharma,Joginder Sharma,18,37,0,205.55555555555554,37.0
KL Rahul,PWH de Silva,18,22,0,122.22222222222223,22.0
S Badrinath,BA Bhatt,18,28,0,155.55555555555557,28.0
V Suryavanshi,PP Hinge,18,57,2,316.66666666666663,28.5
C de Grandhomme,B Kumar,18,20,2,111.11111111111111,10.0
KP Pietersen,DW Steyn,18,15,1,83.33333333333334,15.0
KM Jadhav,R Tewatia,18,26,0,144.44444444444443,26.0
HM Amla,SL Malinga,18,51,0,283.33333333333337,51.0
SR Tendulkar,SB Wagh,18,22,0,122.22222222222223,22.0
F du Plessis,AS Rajpoot,18,17,1,94.44444444444444,17.0
EJG Morgan,R Vinay Kumar,18,18,1,100.0,18.0
Harbhajan Singh,Mustafizur Rahman,18,16,0,88.88888888888889,16.0
RG Sharma,MA Starc,18,34,0,188.88888888888889,34.0
AD Mathews,R Ashwin,18,15,0,83.33333333333334,15.0
SA Yadav,K Gowtham,18,24,0,133.33333333333331,24.0
KK Nair,HV Patel,18,31,1,172.22222222222223,31.0
T Stubbs,CV Varun,18,27,2,150.0,13.5
AJ Finch,IK Pathan,18,34,1,188.88888888888889,34.0
KD Karthik,STR Binny,18,28,1,155.55555555555557,28.0
HH Pandya,TG Southee,18,20,2,111.11111111111111,10.0
N Pooran,MM Ali,18,23,0,127.77777777777777,23.0
N Pooran,M Pathirana,18,21,2,116.66666666666667,10.5
MJ Guptill,UT Yadav,18,18,0,100.0,18.0
V Shankar,Ravi Bishnoi,18,11,0,61.111111111111114,11.0
SK Raina,R Sharma,18,16,1,88.88888888888889,16.0
RG Sharma,MG Johnson,18,20,1,111.11111111111111,20.0
KK Nair,A Zampa,18,20,1,111.11111111111111,20.0
KK Nair,DT Christian,18,25,1,138.88888888888889,25.0
RA Jadeja,BB Sran,18,16,0,88.88888888888889,16.0
KH Pandya,Shahbaz Ahmed,18,19,0,105.55555555555556,19.0
T Stubbs,E Malinga,18,29,1,161.11111111111111,29.0
N Wadhera,RA Jadeja,18,31,0,172.22222222222223,31.0
DA Warner,MP Stoinis,18,18,0,100.0,18.0
DA Miller,C Green,18,27,0,150.0,27.0
RA Jadeja,JD Unadkat,18,32,1,177.77777777777777,32.0
Shubman Gill,Harshit Rana,18,31,0,172.22222222222223,31.0
RG Sharma,R Dhawan,18,18,1,100.0,18.0
HH Pandya,MP Stoinis,18,28,2,155.55555555555557,14.0
AT Rayudu,S Aravind,18,18,0,100.0,18.0
YK Pathan,M Morkel,18,25,1,138.88888888888889,25.0
RV Uthappa,BCJ Cutting,18,32,1,177.77777777777777,32.0
HH Pandya,SN Thakur,18,33,1,183.33333333333331,33.0
HM Amla,Basil Thampi,18,41,1,227.77777777777777,41.0
AR Patel,Mohammed Siraj,18,21,0,116.66666666666667,21.0
KH Pandya,DT Christian,18,32,1,177.77777777777777,32.0
SO Hetmyer,DJ Bravo,18,25,1,138.88888888888889,25.0
MK Pandey,S Tyagi,18,15,0,83.33333333333334,15.0
RA Jadeja,DS Kulkarni,18,13,2,72.22222222222221,6.5
RA Jadeja,KK Ahmed,18,24,0,133.33333333333331,24.0
KD Karthik,YK Pathan,18,21,1,116.66666666666667,21.0
CA Lynn,Mohammed Siraj,18,18,0,100.0,18.0
CA Lynn,Mohammed Shami,18,15,2,83.33333333333334,7.5
DJ Bravo,JP Faulkner,18,27,0,150.0,27.0
DJ Bravo,B Lee,18,13,0,72.22222222222221,13.0
MEK Hussey,S Sreesanth,18,21,0,116.66666666666667,21.0
MEK Hussey,R Sharma,18,20,0,111.11111111111111,20.0
RR Pant,DL Chahar,18,24,1,133.33333333333331,24.0
BCJ Cutting,SR Watson,18,48,1,266.66666666666663,48.0
Shubman Gill,KA Jamieson,18,32,1,177.77777777777777,32.0
Shubman Gill,JP Behrendorff,18,20,0,111.11111111111111,20.0
KD Karthik,PV Tambe,18,19,1,105.55555555555556,19.0
Rashid Khan,TU Deshpande,18,28,3,155.55555555555557,9.333333333333334
MK Tiwary,JA Morkel,18,14,1,77.77777777777779,14.0
MK Pandey,TA Boult,18,25,1,138.88888888888889,25.0
MS Bisla,DJ Bravo,18,38,1,211.11111111111111,38.0
D Padikkal,M Pathirana,18,19,3,105.55555555555556,6.333333333333333
S Dhawan,PV Tambe,18,27,0,150.0,27.0
V Kohli,Shahbaz Ahmed,18,14,0,77.77777777777779,14.0
V Kohli,S Lamichhane,18,29,0,161.11111111111111,29.0
KS Williamson,C Sakariya,18,15,0,83.33333333333334,15.0
F du Plessis,Iqbal Abdulla,18,25,0,138.88888888888889,25.0
Abhishek Sharma,Mukesh Kumar,18,37,0,205.55555555555554,37.0
YBK Jaiswal,LH Ferguson,18,26,1,144.44444444444443,26.0
HH Pandya,HV Patel,18,24,4,133.33333333333331,6.0
AR Patel,SN Thakur,18,26,1,144.44444444444443,26.0
VR Iyer,Arshdeep Singh,18,24,1,133.33333333333331,24.0
BB McCullum,MJ McClenaghan,18,18,1,100.0,18.0
BB McCullum,BB Sran,18,23,0,127.77777777777777,23.0
MK Tiwary,DS Kulkarni,18,20,1,111.11111111111111,20.0
KD Karthik,DR Smith,18,27,0,150.0,27.0
KD Karthik,DL Chahar,18,20,0,111.11111111111111,20.0
KD Karthik,KW Richardson,18,21,0,116.66666666666667,21.0
DA Warner,MC Henriques,18,29,1,161.11111111111111,29.0
MK Tiwary,SP Narine,18,27,0,150.0,27.0
AB de Villiers,A Ashish Reddy,18,46,0,255.55555555555554,46.0
KD Karthik,B Laughlin,18,22,1,122.22222222222223,22.0
V Kohli,AS Roy,18,25,0,138.88888888888889,25.0
V Kohli,AS Rajpoot,18,33,0,183.33333333333331,33.0
Shubman Gill,Akash Deep,18,30,0,166.66666666666669,30.0
R Parag,Mohammed Siraj,18,25,1,138.88888888888889,25.0
Shubman Gill,Akash Madhwal,18,32,2,177.77777777777777,16.0
KS Williamson,TG Southee,18,29,0,161.11111111111111,29.0
AB de Villiers,MG Johnson,18,24,0,133.33333333333331,24.0
SK Raina,VRV Singh,18,28,0,155.55555555555557,28.0
RG Sharma,S Gopal,18,23,2,127.77777777777777,11.5
SR Watson,BA Stokes,18,22,2,122.22222222222223,11.0
RV Uthappa,MP Stoinis,18,17,1,94.44444444444444,17.0
DJ Bravo,IK Pathan,18,12,0,66.66666666666666,12.0
AM Rahane,JH Kallis,18,19,0,105.55555555555556,19.0
AT Rayudu,MR Marsh,18,15,0,83.33333333333334,15.0
AT Rayudu,MM Ali,18,11,0,61.111111111111114,11.0
S Dhawan,Mukesh Choudhary,18,26,0,144.44444444444443,26.0
Shashank Singh,Suyash Sharma,18,30,1,166.66666666666669,30.0
N Pooran,JO Holder,18,32,0,177.77777777777777,32.0
WP Saha,Mohammed Shami,18,30,2,166.66666666666669,15.0
Abishek Porel,Sandeep Sharma,18,22,2,122.22222222222223,11.0
AM Rahane,R Dhawan,18,14,1,77.77777777777779,14.0
AM Rahane,PP Ojha,18,29,1,161.11111111111111,29.0
MEK Hussey,AC Thomas,18,15,0,83.33333333333334,15.0
MEK Hussey,DL Vettori,18,23,0,127.77777777777777,23.0
F du Plessis,JDS Neesham,18,24,0,133.33333333333331,24.0
JA Morkel,DJ Bravo,18,29,0,161.11111111111111,29.0
JA Morkel,PP Ojha,18,19,2,105.55555555555556,9.5
SR Tendulkar,Jaskaran Singh,18,24,0,133.33333333333331,24.0
SR Tendulkar,A Symonds,18,20,0,111.11111111111111,20.0
NV Ojha,MF Maharoof,18,25,0,138.88888888888889,25.0
LMP Simmons,VR Aaron,18,30,0,166.66666666666669,30.0
N Pooran,DL Chahar,18,39,1,216.66666666666666,39.0
DJ Bravo,RE van der Merwe,18,30,0,166.66666666666669,30.0
R Parag,LH Ferguson,18,23,1,127.77777777777777,23.0
LMP Simmons,Ankit Sharma,18,11,2,61.111111111111114,5.5
RV Uthappa,CR Brathwaite,18,18,1,100.0,18.0
MS Dhoni,MA Starc,18,25,1,138.88888888888889,25.0
LMP Simmons,D Wiese,18,25,0,138.88888888888889,25.0
KD Karthik,AB Agarkar,18,15,2,83.33333333333334,7.5
Washington Sundar,B Kumar,18,22,0,122.22222222222223,22.0
DA Warner,HH Pandya,18,27,0,150.0,27.0
B Sai Sudharsan,HH Pandya,18,27,0,150.0,27.0
RA Jadeja,PP Ojha,18,19,1,105.55555555555556,19.0
VR Iyer,Harpreet Brar,18,27,0,150.0,27.0
Abhishek Sharma,T Natarajan,18,24,0,133.33333333333331,24.0
Abhishek Sharma,SN Thakur,18,17,3,94.44444444444444,5.666666666666667
MR Marsh,R Ashwin,18,22,0,122.22222222222223,22.0
MR Marsh,PJ Cummins,18,29,1,161.11111111111111,29.0
KC Sangakkara,A Singh,18,10,0,55.55555555555556,10.0
Shahbaz Ahmed,YS Chahal,18,9,1,50.0,9.0
LRPL Taylor,Harmeet Singh,18,21,1,116.66666666666667,21.0
LRPL Taylor,L Balaji,18,32,0,177.77777777777777,32.0
CL White,M Muralitharan,18,18,0,100.0,18.0
LMP Simmons,P Kumar,18,12,0,66.66666666666666,12.0
Q de Kock,R Parag,18,22,0,122.22222222222223,22.0
Q de Kock,Parvez Rasool,18,28,0,155.55555555555557,28.0
Q de Kock,Mujeeb Ur Rahman,18,11,1,61.111111111111114,11.0
LR Shukla,DJ Bravo,18,23,1,127.77777777777777,23.0
ML Hayden,PJ Sangwan,18,32,2,177.77777777777777,16.0
RR Pant,R Tewatia,18,32,0,177.77777777777777,32.0
Gurkeerat Singh,MC Henriques,18,18,1,100.0,18.0
R Dravid,R Ashwin,18,24,0,133.33333333333331,24.0
SR Watson,K Rabada,18,17,0,94.44444444444444,17.0
SR Watson,JO Holder,18,21,0,116.66666666666667,21.0
SR Watson,JH Kallis,18,20,1,111.11111111111111,20.0
SR Watson,Iqbal Abdulla,18,15,0,83.33333333333334,15.0
Y Nagar,R Vinay Kumar,18,17,2,94.44444444444444,8.5
F du Plessis,S Kaul,18,29,0,161.11111111111111,29.0
H Klaasen,A Nortje,18,36,1,200.0,36.0
SR Tendulkar,Azhar Mahmood,18,26,1,144.44444444444443,26.0
SR Tendulkar,AB Agarkar,18,34,1,188.88888888888889,34.0
AJ Finch,TG Southee,18,22,0,122.22222222222223,22.0
JC Buttler,CR Woakes,18,20,2,111.11111111111111,10.0
TH David,T Natarajan,18,47,1,261.11111111111114,47.0
KC Sangakkara,AB Dinda,18,16,1,88.88888888888889,16.0
BB McCullum,Kuldeep Yadav,18,27,1,150.0,27.0
LS Livingstone,PP Chawla,18,12,1,66.66666666666666,12.0
LS Livingstone,AR Patel,18,15,1,83.33333333333334,15.0
MC Henriques,Harbhajan Singh,18,20,0,111.11111111111111,20.0
MC Henriques,SR Watson,18,17,2,94.44444444444444,8.5
Abhishek Sharma,Kuldeep Yadav,18,50,2,277.77777777777777,25.0
SV Samson,CR Woakes,18,40,0,222.22222222222223,40.0
Mandeep Singh,V Pratap Singh,18,35,0,194.44444444444443,35.0
PC Valthaty,DW Steyn,18,15,1,83.33333333333334,15.0
JC Buttler,AS Joseph,18,50,0,277.77777777777777,50.0
V Kohli,A Nortje,18,18,1,100.0,18.0
RA Jadeja,RE van der Merwe,18,21,0,116.66666666666667,21.0
RA Jadeja,UT Yadav,18,15,1,83.33333333333334,15.0
PJ Cummins,SP Narine,18,13,0,72.22222222222221,13.0
DP Conway,YS Chahal,18,24,1,133.33333333333331,24.0
AD Russell,Mustafizur Rahman,18,19,1,105.55555555555556,19.0
Yuvraj Singh,A Kumble,18,31,1,172.22222222222223,31.0
AT Rayudu,JP Faulkner,18,18,2,100.0,9.0
TL Suman,P Kumar,18,27,0,150.0,27.0
KA Pollard,I Sharma,18,19,1,105.55555555555556,19.0
P Simran Singh,VG Arora,18,32,1,177.77777777777777,32.0
SPD Smith,Z Khan,18,16,0,88.88888888888889,16.0
PP Chawla,R Sharma,18,12,1,66.66666666666666,12.0
SS Iyer,V Nigam,18,28,0,155.55555555555557,28.0
SK Raina,DT Christian,18,17,1,94.44444444444444,17.0
Shahbaz Ahmed,Kuldeep Yadav,18,21,0,116.66666666666667,21.0
Shahbaz Ahmed,CV Varun,18,17,2,94.44444444444444,8.5
LS Livingstone,KH Pandya,18,15,1,83.33333333333334,15.0
S Dube,Mohammed Shami,18,30,1,166.66666666666669,30.0
S Dube,MR Marsh,18,11,2,61.111111111111114,5.5
WP Saha,CH Morris,18,22,1,122.22222222222223,22.0
YBK Jaiswal,HH Pandya,18,12,1,66.66666666666666,12.0
GJ Maxwell,T Natarajan,18,22,2,122.22222222222223,11.0
AT Rayudu,A Nehra,18,29,3,161.11111111111111,9.666666666666666
KA Pollard,AS Rajpoot,18,40,1,222.22222222222223,40.0
AT Rayudu,AD Russell,18,19,0,105.55555555555556,19.0
CA Lynn,SL Malinga,18,30,0,166.66666666666669,30.0
RA Tripathi,Avesh Khan,18,27,1,150.0,27.0
SO Hetmyer,JO Holder,18,47,0,261.11111111111114,47.0
SE Rutherford,Vijaykumar Vyshak,18,14,0,77.77777777777779,14.0
GJ Maxwell,M Theekshana,18,33,2,183.33333333333331,16.5
DJ Bravo,Yuvraj Singh,18,19,0,105.55555555555556,19.0
Yuvraj Singh,DS Kulkarni,18,18,1,100.0,18.0
AK Markram,KK Ahmed,18,18,2,100.0,9.0
F du Plessis,Shivam Mavi,18,28,2,155.55555555555557,14.0
MA Agarwal,Shivam Mavi,18,18,0,100.0,18.0
MA Agarwal,Shahbaz Ahmed,18,29,0,161.11111111111111,29.0
AT Rayudu,KK Ahmed,18,11,3,61.111111111111114,3.6666666666666665
CH Gayle,RA Jadeja,18,42,1,233.33333333333334,42.0
Rashid Khan,DJ Bravo,18,26,1,144.44444444444443,26.0
S Dube,Yash Thakur,18,34,0,188.88888888888889,34.0
V Sehwag,M Muralitharan,18,19,1,105.55555555555556,19.0
Abdul Samad,K Rabada,18,27,2,150.0,13.5
G Gambhir,DL Vettori,18,21,0,116.66666666666667,21.0
RM Patidar,Mukesh Kumar,18,27,1,150.0,27.0
MA Agarwal,MM Sharma,18,35,0,194.44444444444443,35.0
R Dravid,DS Kulkarni,18,16,1,88.88888888888889,16.0
JC Buttler,Washington Sundar,18,29,0,161.11111111111111,29.0
JD Ryder,UT Yadav,18,40,0,222.22222222222223,40.0
RA Tripathi,M Ashwin,18,31,0,172.22222222222223,31.0
SS Iyer,L Ngidi,18,17,1,94.44444444444444,17.0
VR Iyer,Yash Dayal,18,39,1,216.66666666666666,39.0
CH Gayle,Mohammed Shami,18,28,0,155.55555555555557,28.0
A Symonds,JA Morkel,18,24,1,133.33333333333331,24.0
SK Raina,DL Vettori,18,29,0,161.11111111111111,29.0
D Padikkal,R Parag,18,32,0,177.77777777777777,32.0
AM Rahane,Yash Dayal,18,44,0,244.44444444444446,44.0
M Vijay,AD Russell,18,21,0,116.66666666666667,21.0
GH Vihari,PP Chawla,18,20,2,111.11111111111111,10.0
SV Samson,Yash Dayal,18,22,0,122.22222222222223,22.0
SV Samson,VG Arora,18,31,1,172.22222222222223,31.0
DJ Hooda,NM Coulter-Nile,18,23,1,127.77777777777777,23.0
R Ashwin,AR Patel,18,19,2,105.55555555555556,9.5
MS Dhoni,SM Curran,18,38,0,211.11111111111111,38.0
M Manhas,S Sreesanth,18,16,0,88.88888888888889,16.0
YBK Jaiswal,Suyash Sharma,18,28,0,155.55555555555557,28.0
SC Ganguly,TM Dilshan,18,15,0,83.33333333333334,15.0
S Dube,Akash Madhwal,18,20,1,111.11111111111111,20.0
MP Stoinis,DJ Bravo,18,19,1,105.55555555555556,19.0
DR Smith,BW Hilfenhaus,18,41,0,227.77777777777777,41.0
Nithish Kumar Reddy,Avesh Khan,18,30,1,166.66666666666669,30.0
JP Duminy,YK Pathan,18,11,0,61.111111111111114,11.0
RD Gaikwad,MJ Henry,18,25,0,138.88888888888889,25.0
RD Gaikwad,Ravi Bishnoi,18,29,1,161.11111111111111,29.0
RA Tripathi,NM Coulter-Nile,18,33,0,183.33333333333331,33.0
D Padikkal,Kartik Tyagi,18,23,1,127.77777777777777,23.0
SS Iyer,MM Sharma,18,21,1,116.66666666666667,21.0
JP Duminy,RP Singh,18,19,0,105.55555555555556,19.0
JP Duminy,KA Pollard,18,30,0,166.66666666666669,30.0
JH Kallis,J Botha,18,13,1,72.22222222222221,13.0
RK Singh,Rashid Khan,18,23,0,127.77777777777777,23.0
RV Uthappa,Joginder Sharma,18,17,1,94.44444444444444,17.0
WP Saha,DS Kulkarni,18,22,0,122.22222222222223,22.0
YK Pathan,R Sharma,18,38,0,211.11111111111111,38.0
SV Samson,LH Ferguson,18,17,2,94.44444444444444,8.5
Abhishek Sharma,DJ Bravo,18,19,1,105.55555555555556,19.0
D Padikkal,T Natarajan,18,34,0,188.88888888888889,34.0
B Sai Sudharsan,C Green,18,31,1,172.22222222222223,31.0
RV Uthappa,HH Pandya,18,9,0,50.0,9.0
AB de Villiers,AB Dinda,18,50,0,277.77777777777777,50.0
AB de Villiers,AG Murtaza,18,18,1,100.0,18.0
G Gambhir,IC Pandey,18,20,3,111.11111111111111,6.666666666666667
RM Patidar,KH Pandya,18,33,0,183.33333333333331,33.0
R Ashwin,MM Ali,18,19,1,105.55555555555556,19.0
Nithish Kumar Reddy,DS Rathi,18,41,0,227.77777777777777,41.0
Nithish Kumar Reddy,YS Chahal,18,30,0,166.66666666666669,30.0
DA Miller,OC McCoy,18,24,0,133.33333333333331,24.0
SK Raina,AD Mathews,18,32,0,177.77777777777777,32.0
A Badoni,Vijaykumar Vyshak,18,43,1,238.88888888888889,43.0
JH Kallis,YS Chahal,18,15,1,83.33333333333334,15.0
MP Stoinis,Noor Ahmad,18,10,0,55.55555555555556,10.0
RA Tripathi,SN Thakur,18,29,1,161.11111111111111,29.0
OA Shah,R Bhatia,18,19,0,105.55555555555556,19.0
KL Rahul,MP Stoinis,18,34,0,188.88888888888889,34.0
AM Rahane,Noor Ahmad,18,16,1,88.88888888888889,16.0
V Kohli,Mukesh Kumar,18,18,2,100.0,9.0
SK Raina,M Muralitharan,18,17,1,94.44444444444444,17.0
SK Raina,M Kartik,18,25,0,138.88888888888889,25.0
KL Rahul,CR Woakes,18,24,0,133.33333333333331,24.0
YBK Jaiswal,M Theekshana,18,18,0,100.0,18.0
Ishan Kishan,AS Rajpoot,18,23,0,127.77777777777777,23.0
WP Saha,Shakib Al Hasan,18,17,1,94.44444444444444,17.0
RA Jadeja,A Nortje,18,32,0,177.77777777777777,32.0
KK Nair,Mohammed Siraj,18,26,1,144.44444444444443,26.0
SR Tendulkar,MF Maharoof,18,26,0,144.44444444444443,26.0
RR Pant,Kartik Tyagi,18,23,0,127.77777777777777,23.0
MK Pandey,Jaskaran Singh,18,31,0,172.22222222222223,31.0
KK Nair,SN Thakur,18,32,0,177.77777777777777,32.0
KK Nair,Rashid Khan,18,17,1,94.44444444444444,17.0
E Lewis,Imran Tahir,17,31,0,182.35294117647058,31.0
MK Pandey,NM Coulter-Nile,17,26,0,152.94117647058823,26.0
M Vohra,BB Sran,17,36,0,211.76470588235296,36.0
Yuvraj Singh,S Nadeem,17,31,0,182.35294117647058,31.0
S Dhawan,DE Bollinger,17,17,1,100.0,17.0
SV Samson,MG Johnson,17,20,1,117.64705882352942,20.0
SV Samson,MJ McClenaghan,17,22,4,129.41176470588235,5.5
MS Dhoni,VRV Singh,17,31,0,182.35294117647058,31.0
Ishan Kishan,RJW Topley,17,23,0,135.29411764705884,23.0
Ishan Kishan,Mohsin Khan,17,17,0,100.0,17.0
RA Jadeja,CV Varun,17,18,1,105.88235294117648,18.0
Mandeep Singh,DJ Bravo,17,15,1,88.23529411764706,15.0
OA Shah,SP Narine,17,16,1,94.11764705882352,16.0
S Sohal,RP Singh,17,14,2,82.35294117647058,7.0
S Sohal,SL Malinga,17,14,0,82.35294117647058,14.0
DA Miller,SL Malinga,17,10,3,58.82352941176471,3.3333333333333335
AB de Villiers,M Morkel,17,22,0,129.41176470588235,22.0
MR Marsh,A Mishra,17,22,0,129.41176470588235,22.0
BJ Hodge,VS Malik,17,18,0,105.88235294117648,18.0
CL White,SC Ganguly,17,32,0,188.23529411764704,32.0
JM Bairstow,I Sharma,17,22,0,129.41176470588235,22.0
D Padikkal,JD Unadkat,17,31,0,182.35294117647058,31.0
D Padikkal,JL Pattinson,17,31,0,182.35294117647058,31.0
D Padikkal,JR Hazlewood,17,23,1,135.29411764705884,23.0
BA Stokes,SN Thakur,17,23,0,135.29411764705884,23.0
M Vijay,S Narwal,17,58,0,341.1764705882353,58.0
SC Ganguly,A Kumble,17,9,0,52.94117647058824,9.0
PC Valthaty,Z Khan,17,21,1,123.52941176470588,21.0
M Vohra,RA Jadeja,17,17,2,100.0,8.5
RV Uthappa,GJ Maxwell,17,28,1,164.70588235294116,28.0
AD Russell,KH Pandya,17,15,0,88.23529411764706,15.0
DJ Hussey,Gagandeep Singh,17,33,1,194.11764705882354,33.0
DJ Hooda,Sandeep Sharma,17,10,1,58.82352941176471,10.0
S Dhawan,MR Marsh,17,24,0,141.1764705882353,24.0
KH Pandya,B Kumar,17,21,1,123.52941176470588,21.0
T Stubbs,M Pathirana,17,11,2,64.70588235294117,5.5
Ishan Kishan,Mukesh Choudhary,17,19,3,111.76470588235294,6.333333333333333
Ishan Kishan,Noor Ahmad,17,27,1,158.8235294117647,27.0
SK Raina,KP Pietersen,17,11,2,64.70588235294117,5.5
S Dhawan,TS Mills,17,17,0,100.0,17.0
DP Conway,JC Archer,17,19,0,111.76470588235294,19.0
MS Bisla,SK Warne,17,19,2,111.76470588235294,9.5
GC Smith,A Nehra,17,10,0,58.82352941176471,10.0
BA Stokes,R Ashwin,17,22,0,129.41176470588235,22.0
JM Sharma,TA Boult,17,36,1,211.76470588235296,36.0
JH Kallis,MF Maharoof,17,22,1,129.41176470588235,22.0
AB de Villiers,TG Southee,17,23,0,135.29411764705884,23.0
S Dhawan,SE Bond,17,24,1,141.1764705882353,24.0
SV Samson,Noor Ahmad,17,24,2,141.1764705882353,12.0
G Gambhir,R Bhatia,17,24,1,141.1764705882353,24.0
AJ Finch,JD Unadkat,17,33,0,194.11764705882354,33.0
Ishan Kishan,DJ Bravo,17,22,1,129.41176470588235,22.0
RA Jadeja,CH Gayle,17,13,0,76.47058823529412,13.0
S Dhawan,M Markande,17,15,1,88.23529411764706,15.0
AT Rayudu,R Bhatia,17,20,1,117.64705882352942,20.0
YK Pathan,IK Pathan,17,18,0,105.88235294117648,18.0
PA Patel,MM Patel,17,26,1,152.94117647058823,26.0
M Vijay,KV Sharma,17,9,0,52.94117647058824,9.0
CL White,SL Malinga,17,16,1,94.11764705882352,16.0
G Gambhir,YS Chahal,17,25,2,147.05882352941177,12.5
AB de Villiers,Azhar Mahmood,17,20,1,117.64705882352942,20.0
M Vohra,Rashid Khan,17,39,0,229.41176470588235,39.0
AM Rahane,A Kamboj,17,29,0,170.58823529411765,29.0
G Gambhir,Yuvraj Singh,17,16,0,94.11764705882352,16.0
MK Pandey,JH Kallis,17,25,1,147.05882352941177,25.0
PP Shaw,UT Yadav,17,25,2,147.05882352941177,12.5
SE Rutherford,B Kumar,17,25,1,147.05882352941177,25.0
RA Jadeja,DW Steyn,17,17,2,100.0,8.5
YK Pathan,JH Kallis,17,13,0,76.47058823529412,13.0
Ishan Kishan,Umran Malik,17,33,2,194.11764705882354,16.5
EJG Morgan,DJ Hooda,17,19,0,111.76470588235294,19.0
E Lewis,SN Thakur,17,22,1,129.41176470588235,22.0
E Lewis,Sandeep Sharma,17,19,1,111.76470588235294,19.0
TM Head,M Theekshana,17,22,1,129.41176470588235,22.0
Nithish Kumar Reddy,VG Arora,17,32,1,188.23529411764704,32.0
Nithish Kumar Reddy,HH Pandya,17,16,1,94.11764705882352,16.0
SP Narine,TA Boult,17,19,4,111.76470588235294,4.75
SP Narine,TG Southee,17,12,1,70.58823529411765,12.0
M Vijay,J Botha,17,26,1,152.94117647058823,26.0
RK Singh,SN Thakur,17,23,1,135.29411764705884,23.0
GC Smith,DP Nannes,17,16,1,94.11764705882352,16.0
Priyansh Arya,JJ Bumrah,17,21,0,123.52941176470588,21.0
Priyansh Arya,JR Hazlewood,17,29,2,170.58823529411765,14.5
MK Pandey,P Awana,17,35,0,205.88235294117646,35.0
N Saini,RP Singh,17,17,0,100.0,17.0
N Rana,S Kaul,17,12,1,70.58823529411765,12.0
SR Tendulkar,M Morkel,17,8,1,47.05882352941176,8.0
T Stubbs,Arshdeep Singh,17,11,0,64.70588235294117,11.0
AD Mathews,A Mishra,17,22,1,129.41176470588235,22.0
AB de Villiers,IC Pandey,17,23,1,135.29411764705884,23.0
AR Patel,M Markande,17,28,0,164.70588235294116,28.0
SM Curran,MR Marsh,17,31,0,182.35294117647058,31.0
Mandeep Singh,HH Pandya,17,19,1,111.76470588235294,19.0
Mandeep Singh,AB Dinda,17,23,0,135.29411764705884,23.0
SR Watson,Shivam Mavi,17,22,0,129.41176470588235,22.0
WP Saha,Harpreet Brar,17,14,0,82.35294117647058,14.0
RV Uthappa,JO Holder,17,24,0,141.1764705882353,24.0
SP Narine,AR Patel,17,32,1,188.23529411764704,32.0
SP Narine,Avesh Khan,17,24,0,141.1764705882353,24.0
MP Stoinis,MM Sharma,17,35,2,205.88235294117646,17.5
MP Stoinis,Shivam Mavi,17,24,2,141.1764705882353,12.0
DJ Hussey,S Sreesanth,17,25,1,147.05882352941177,25.0
V Sehwag,Pankaj Singh,17,33,1,194.11764705882354,33.0
GH Vihari,PP Ojha,17,18,0,105.88235294117648,18.0
M Vijay,B Lee,17,18,0,105.88235294117648,18.0
GC Smith,MF Maharoof,17,18,2,105.88235294117648,9.0
T Stubbs,SP Narine,17,21,1,123.52941176470588,21.0
AM Rahane,JP Faulkner,17,19,1,111.76470588235294,19.0
SO Hetmyer,HH Pandya,17,21,1,123.52941176470588,21.0
SA Yadav,PWH de Silva,17,35,0,205.88235294117646,35.0
KL Rahul,A Mishra,17,47,0,276.4705882352941,47.0
IK Pathan,Umar Gul,17,11,1,64.70588235294117,11.0
KK Nair,MJ McClenaghan,17,27,2,158.8235294117647,13.5
SR Tendulkar,RE van der Merwe,17,17,0,100.0,17.0
WP Saha,Sandeep Sharma,17,16,0,94.11764705882352,16.0
WP Saha,Shivam Mavi,17,17,0,100.0,17.0
SC Ganguly,Kamran Khan,17,13,1,76.47058823529412,13.0
Rashid Khan,Avesh Khan,17,22,1,129.41176470588235,22.0
P Simran Singh,SP Narine,17,29,0,170.58823529411765,29.0
JH Kallis,AB Dinda,17,13,1,76.47058823529412,13.0
DR Smith,HH Pandya,17,25,0,147.05882352941177,25.0
DR Smith,J Suchith,17,37,0,217.6470588235294,37.0
MP Stoinis,Kuldeep Yadav,17,22,1,129.41176470588235,22.0
SK Raina,L Balaji,17,20,1,117.64705882352942,20.0
Shubman Gill,Vijaykumar Vyshak,17,26,0,152.94117647058823,26.0
E Lewis,DJ Bravo,17,18,1,105.88235294117648,18.0
PA Patel,JP Duminy,17,13,0,76.47058823529412,13.0
Aman Hakim Khan,Rashid Khan,17,16,2,94.11764705882352,8.0
IK Pathan,P Kumar,17,23,2,135.29411764705884,11.5
DB Das,S Nadeem,17,14,0,82.35294117647058,14.0
B Sai Sudharsan,Mohammed Siraj,17,16,0,94.11764705882352,16.0
N Rana,Mohammad Nabi,17,15,1,88.23529411764706,15.0
MP Stoinis,JD Unadkat,17,12,2,70.58823529411765,6.0
JP Duminy,M Morkel,17,33,1,194.11764705882354,33.0
AJ Finch,PP Ojha,17,30,0,176.47058823529412,30.0
AC Gilchrist,JP Duminy,17,12,0,70.58823529411765,12.0
DJ Hooda,MM Sharma,17,14,3,82.35294117647058,4.666666666666667
DJ Hooda,Mustafizur Rahman,17,23,0,135.29411764705884,23.0
TM Head,JC Archer,17,32,2,188.23529411764704,16.0
RG Sharma,Ankit Sharma,17,10,0,58.82352941176471,10.0
CA Lynn,K Gowtham,17,11,1,64.70588235294117,11.0
RG Sharma,A Singh,17,29,0,170.58823529411765,29.0
SS Tiwary,SR Watson,17,13,1,76.47058823529412,13.0
MK Pandey,CJ Anderson,17,31,0,182.35294117647058,31.0
S Vidyut,PJ Sangwan,17,17,1,100.0,17.0
S Dube,M Jansen,17,32,0,188.23529411764704,32.0
N Rana,MJ Santner,17,36,0,211.76470588235296,36.0
KL Rahul,M Markande,17,31,1,182.35294117647058,31.0
VR Iyer,AS Joseph,17,33,1,194.11764705882354,33.0
DA Warner,M Kartik,17,22,0,129.41176470588235,22.0
SR Tendulkar,DP Nannes,17,16,1,94.11764705882352,16.0
KD Karthik,Harbhajan Singh,17,13,1,76.47058823529412,13.0
SE Marsh,SB Bangar,17,21,1,123.52941176470588,21.0
KL Rahul,R Bhatia,17,19,1,111.76470588235294,19.0
AR Patel,CH Morris,17,19,1,111.76470588235294,19.0
SM Curran,CV Varun,17,15,0,88.23529411764706,15.0
GJ Maxwell,JP Faulkner,17,27,1,158.8235294117647,27.0
V Sehwag,JD Unadkat,17,22,2,129.41176470588235,11.0
M Manhas,SK Raina,17,9,0,52.94117647058824,9.0
YBK Jaiswal,A Nortje,17,13,1,76.47058823529412,13.0
GJ Bailey,Shakib Al Hasan,17,24,1,141.1764705882353,24.0
RG Sharma,JP Faulkner,17,33,3,194.11764705882354,11.0
RR Pant,AJ Tye,17,35,0,205.88235294117646,35.0
D Padikkal,DJ Willey,17,20,1,117.64705882352942,20.0
R Tewatia,JJ Bumrah,17,21,1,123.52941176470588,21.0
KL Rahul,Ravi Bishnoi,17,38,0,223.52941176470588,38.0
MA Agarwal,JP Behrendorff,17,29,0,170.58823529411765,29.0
MA Agarwal,K Kartikeya,17,26,0,152.94117647058823,26.0
Tilak Varma,Rasikh Salam,17,24,0,141.1764705882353,24.0
JP Duminy,TL Suman,17,10,0,58.82352941176471,10.0
RD Gaikwad,R Tewatia,17,31,1,182.35294117647058,31.0
RD Gaikwad,M Markande,17,18,0,105.88235294117648,18.0
RD Gaikwad,M Prasidh Krishna,17,22,0,129.41176470588235,22.0
A Mishra,MM Patel,17,32,1,188.23529411764704,32.0
V Kohli,C Sakariya,17,17,0,100.0,17.0
Harbhajan Singh,R Ashwin,17,15,1,88.23529411764706,15.0
F du Plessis,A Nortje,17,26,1,152.94117647058823,26.0
SC Ganguly,R Vinay Kumar,17,10,4,58.82352941176471,2.5
PP Shaw,Mohammad Nabi,17,19,0,111.76470588235294,19.0
RV Uthappa,Yuvraj Singh,17,16,2,94.11764705882352,8.0
Priyansh Arya,Mohammed Siraj,17,23,1,135.29411764705884,23.0
AM Rahane,PJ Sangwan,17,16,2,94.11764705882352,8.0
SA Yadav,M Theekshana,17,27,0,158.8235294117647,27.0
SC Ganguly,R Ashwin,17,13,0,76.47058823529412,13.0
ST Jayasuriya,MF Maharoof,17,14,1,82.35294117647058,14.0
SS Tiwary,TG Southee,17,25,0,147.05882352941177,25.0
MK Lomror,I Sharma,17,23,1,135.29411764705884,23.0
GJ Maxwell,Harpreet Brar,17,18,4,105.88235294117648,4.5
SE Marsh,JR Hopes,17,31,0,182.35294117647058,31.0
SPD Smith,Ravi Bishnoi,17,25,1,147.05882352941177,25.0
SE Marsh,I Sharma,17,13,0,76.47058823529412,13.0
SE Marsh,IK Pathan,17,18,1,105.88235294117648,18.0
M Manhas,SK Warne,17,21,0,123.52941176470588,21.0
MA Agarwal,JC Archer,17,11,0,64.70588235294117,11.0
G Gambhir,AB Dinda,17,37,1,217.6470588235294,37.0
AA Jhunjhunwala,M Kartik,17,19,1,111.76470588235294,19.0
MA Agarwal,R Tewatia,17,34,1,200.0,34.0
DJ Bravo,SR Watson,17,28,2,164.70588235294116,14.0
DJ Hussey,R Ashwin,17,18,3,105.88235294117648,6.0
DJ Hussey,Shakib Al Hasan,17,21,0,123.52941176470588,21.0
AK Markram,Harshit Rana,17,17,1,100.0,17.0
GJ Maxwell,DR Smith,17,43,1,252.94117647058823,43.0
S Dube,A Nortje,17,19,0,111.76470588235294,19.0
Shubman Gill,Mujeeb Ur Rahman,17,23,0,135.29411764705884,23.0
DA Miller,AB Dinda,17,28,0,164.70588235294116,28.0
A Mishra,SK Trivedi,17,14,1,82.35294117647058,14.0
RG Sharma,M Jansen,17,15,0,88.23529411764706,15.0
RG Sharma,M Muralitharan,17,16,1,94.11764705882352,16.0
V Kohli,Pankaj Singh,17,23,1,135.29411764705884,23.0
V Kohli,R McLaren,17,18,0,105.88235294117648,18.0
KP Pietersen,A Nehra,17,26,0,152.94117647058823,26.0
MA Agarwal,S Kaul,17,25,1,147.05882352941177,25.0
SO Hetmyer,Mohammed Shami,17,24,4,141.1764705882353,6.0
YBK Jaiswal,TA Boult,17,37,2,217.6470588235294,18.5
SS Iyer,R Tewatia,17,21,1,123.52941176470588,21.0
SA Asnodkar,M Ntini,17,19,0,111.76470588235294,19.0
EJG Morgan,S Sreesanth,17,16,0,94.11764705882352,16.0
JA Morkel,JH Kallis,17,22,1,129.41176470588235,22.0
JA Morkel,MM Patel,17,30,0,176.47058823529412,30.0
KC Sangakkara,Umar Gul,17,28,2,164.70588235294116,14.0
KD Karthik,CR Brathwaite,17,14,1,82.35294117647058,14.0
PP Shaw,KH Pandya,17,18,1,105.88235294117648,18.0
ST Jayasuriya,P Kumar,17,16,0,94.11764705882352,16.0
ST Jayasuriya,Sohail Tanvir,17,10,0,58.82352941176471,10.0
KP Pietersen,R Bhatia,17,13,1,76.47058823529412,13.0
AD Russell,Harpreet Brar,17,30,0,176.47058823529412,30.0
AM Nayar,JD Ryder,17,16,1,94.11764705882352,16.0
SR Tendulkar,Yuvraj Singh,17,19,1,111.76470588235294,19.0
DA Warner,Harmeet Singh,17,16,0,94.11764705882352,16.0
CH Gayle,SK Warne,17,20,1,117.64705882352942,20.0
SR Tendulkar,S Nadeem,17,18,0,105.88235294117648,18.0
A Symonds,JH Kallis,17,29,0,170.58823529411765,29.0
MK Tiwary,R Bhatia,17,18,0,105.88235294117648,18.0
Shubman Gill,Mohammad Nabi,17,13,0,76.47058823529412,13.0
SV Samson,Harpreet Brar,17,21,0,123.52941176470588,21.0
PD Salt,JC Archer,17,23,1,135.29411764705884,23.0
WP Saha,BB Sran,17,21,0,123.52941176470588,21.0
GJ Maxwell,Kartik Tyagi,17,18,1,105.88235294117648,18.0
R Dravid,SB Styris,17,25,2,147.05882352941177,12.5
R Dravid,MG Johnson,17,16,1,94.11764705882352,16.0
HH Pandya,TK Curran,17,28,1,164.70588235294116,28.0
AJ Finch,DL Chahar,17,14,2,82.35294117647058,7.0
AM Rahane,BW Hilfenhaus,17,12,0,70.58823529411765,12.0
MG Johnson,SP Narine,17,15,2,88.23529411764706,7.5
YK Pathan,LR Shukla,17,23,1,135.29411764705884,23.0
YK Pathan,M Ashwin,17,32,0,188.23529411764704,32.0
YK Pathan,MG Johnson,17,18,1,105.88235294117648,18.0
DP Conway,Yash Thakur,17,16,0,94.11764705882352,16.0
RA Tripathi,B Kumar,17,35,0,205.88235294117646,35.0
Washington Sundar,JR Hazlewood,17,30,0,176.47058823529412,30.0
H Klaasen,AS Roy,17,28,0,164.70588235294116,28.0
V Sehwag,GB Hogg,17,25,2,147.05882352941177,12.5
KC Sangakkara,I Sharma,17,14,1,82.35294117647058,14.0
JC Archer,JJ Bumrah,17,20,1,117.64705882352942,20.0
TH David,KK Ahmed,17,36,1,211.76470588235296,36.0
TH David,Mohsin Khan,17,36,0,211.76470588235296,36.0
KC Sangakkara,PP Ojha,17,20,0,117.64705882352942,20.0
Dhruv Jurel,B Kumar,17,32,0,188.23529411764704,32.0
PP Shaw,JD Unadkat,17,34,1,200.0,34.0
Naman Dhir,Azmatullah Omarzai,17,35,2,205.88235294117646,17.5
RA Jadeja,Washington Sundar,17,16,0,94.11764705882352,16.0
JD Ryder,S Nadeem,17,28,1,164.70588235294116,28.0
RM Patidar,Rashid Khan,17,34,1,200.0,34.0
SV Samson,DW Steyn,17,15,1,88.23529411764706,15.0
MP Stoinis,TA Boult,17,20,1,117.64705882352942,20.0
MP Stoinis,TU Deshpande,17,28,0,164.70588235294116,28.0
R Parag,RA Jadeja,17,21,0,123.52941176470588,21.0
Q de Kock,D Wiese,17,47,0,276.4705882352941,47.0
WG Jacks,CV Varun,17,26,1,152.94117647058823,26.0
STR Binny,CH Morris,17,25,0,147.05882352941177,25.0
N Pooran,SH Johnson,17,18,0,105.88235294117648,18.0
Abhishek Sharma,M Prasidh Krishna,17,5,0,29.411764705882355,5.0
MEK Hussey,MA Starc,17,19,0,111.76470588235294,19.0
YK Pathan,AB Dinda,17,19,1,111.76470588235294,19.0
SS Tiwary,B Kumar,17,19,0,111.76470588235294,19.0
MR Marsh,YS Chahal,17,22,2,129.41176470588235,11.0
MS Bisla,A Kumble,17,18,1,105.88235294117648,18.0
BB McCullum,DP Nannes,17,36,0,211.76470588235296,36.0
F du Plessis,R Tewatia,17,26,1,152.94117647058823,26.0
SR Watson,J Suchith,17,11,2,64.70588235294117,5.5
R Dravid,P Negi,17,19,0,111.76470588235294,19.0
R Dravid,SK Warne,17,19,0,111.76470588235294,19.0
R Dravid,SM Pollock,17,6,0,35.294117647058826,6.0
LRPL Taylor,JH Kallis,17,10,2,58.82352941176471,5.0
V Sehwag,Harmeet Singh,17,13,2,76.47058823529412,6.5
V Sehwag,IK Pathan,17,24,2,141.1764705882353,12.0
Gurkeerat Singh,Basil Thampi,17,23,0,135.29411764705884,23.0
RK Singh,Avesh Khan,17,35,1,205.88235294117646,35.0
KA Pollard,S Kaul,17,30,0,176.47058823529412,30.0
AT Rayudu,M Ashwin,17,11,1,64.70588235294117,11.0
A Raghuvanshi,TA Boult,17,31,0,182.35294117647058,31.0
MEK Hussey,S Nadeem,17,24,0,141.1764705882353,24.0
B Sai Sudharsan,PP Chawla,17,24,0,141.1764705882353,24.0
DH Yagnik,Harbhajan Singh,17,15,2,88.23529411764706,7.5
SA Yadav,CH Morris,17,18,2,105.88235294117648,9.0
MR Marsh,Kuldeep Yadav,17,23,1,135.29411764705884,23.0
DPMD Jayawardene,DL Vettori,17,8,3,47.05882352941176,2.6666666666666665
RR Rossouw,RA Jadeja,17,17,1,100.0,17.0
SK Raina,A Symonds,17,19,1,111.76470588235294,19.0
RA Tripathi,AR Patel,17,13,1,76.47058823529412,13.0
TM Dilshan,I Sharma,17,18,3,105.88235294117648,6.0
Shakib Al Hasan,DS Kulkarni,17,29,0,170.58823529411765,29.0
Shakib Al Hasan,JP Faulkner,17,15,1,88.23529411764706,15.0
RM Patidar,SP Narine,17,33,1,194.11764705882354,33.0
MC Henriques,SN Thakur,17,30,0,176.47058823529412,30.0
JC Buttler,KA Pollard,17,33,0,194.11764705882354,33.0
RA Jadeja,R Sharma,17,23,0,135.29411764705884,23.0
V Kohli,TU Deshpande,17,32,0,188.23529411764704,32.0
F du Plessis,KA Pollard,17,13,1,76.47058823529412,13.0
MR Marsh,Mukesh Choudhary,17,20,0,117.64705882352942,20.0
DJ Bravo,I Sharma,17,26,1,152.94117647058823,26.0
Yuvraj Singh,KA Pollard,17,32,2,188.23529411764704,16.0
RG Sharma,Shivam Mavi,17,18,2,105.88235294117648,9.0
Abdul Samad,HV Patel,17,34,0,200.0,34.0
H Klaasen,DS Rathi,17,25,0,147.05882352941177,25.0
TM Dilshan,A Kumble,17,13,1,76.47058823529412,13.0
H Klaasen,AD Russell,17,32,0,188.23529411764704,32.0
SK Raina,Shahid Afridi,17,23,0,135.29411764705884,23.0
MS Dhoni,CJ Anderson,17,34,0,200.0,34.0
RV Uthappa,DJ Bravo,17,32,0,188.23529411764704,32.0
RV Uthappa,DL Vettori,17,21,1,123.52941176470588,21.0
RV Uthappa,AM Nayar,17,18,0,105.88235294117648,18.0
DJG Sammy,KK Cooper,17,28,0,164.70588235294116,28.0
Abhishek Sharma,M Jansen,17,59,0,347.05882352941177,59.0
V Kohli,VR Aaron,17,33,0,194.11764705882354,33.0
AB de Villiers,BB Sran,17,19,1,111.76470588235294,19.0
AB de Villiers,DL Chahar,17,10,1,58.82352941176471,10.0
AD Russell,VR Aaron,17,38,0,223.52941176470588,38.0
SV Samson,AS Roy,17,40,0,235.29411764705884,40.0
SE Marsh,AB Agarkar,17,27,0,158.8235294117647,27.0
F du Plessis,MM Sharma,17,32,1,188.23529411764704,32.0
AM Rahane,AF Milne,17,22,0,129.41176470588235,22.0
S Badrinath,S Sreesanth,17,16,1,94.11764705882352,16.0
H Klaasen,M Jansen,17,30,0,176.47058823529412,30.0
H Klaasen,PP Chawla,17,29,2,170.58823529411765,14.5
YK Pathan,NLTC Perera,17,24,0,141.1764705882353,24.0
RV Uthappa,PJ Cummins,17,24,2,141.1764705882353,12.0
RV Uthappa,PJ Sangwan,17,11,2,64.70588235294117,5.5
TL Suman,SK Warne,17,20,0,117.64705882352942,20.0
KA Pollard,MG Johnson,17,25,0,147.05882352941177,25.0
KA Pollard,NLTC Perera,17,50,0,294.11764705882354,50.0
TL Suman,I Sharma,17,9,0,52.94117647058824,9.0
BA Stokes,Basil Thampi,17,30,0,176.47058823529412,30.0
N Pooran,Avesh Khan,17,14,2,82.35294117647058,7.0
P Simran Singh,Yash Dayal,17,24,0,141.1764705882353,24.0
NV Ojha,PV Tambe,17,15,1,88.23529411764706,15.0
SP Narine,I Sharma,17,33,1,194.11764705882354,33.0
SP Narine,K Gowtham,17,49,1,288.2352941176471,49.0
Abishek Porel,Ravi Bishnoi,17,20,0,117.64705882352942,20.0
N Pooran,B Kumar,17,30,0,176.47058823529412,30.0
R Parag,Harpreet Brar,17,23,1,135.29411764705884,23.0
AD Russell,TG Southee,17,48,1,282.3529411764706,48.0
SK Raina,DS Kulkarni,17,19,1,111.76470588235294,19.0
D Padikkal,DR Sams,17,21,0,123.52941176470588,21.0
DA Warner,Avesh Khan,17,20,2,117.64705882352942,10.0
Washington Sundar,HH Pandya,17,31,1,182.35294117647058,31.0
JC Buttler,RP Meredith,17,21,0,123.52941176470588,21.0
A Raghuvanshi,PWH de Silva,17,27,0,158.8235294117647,27.0
TL Suman,SJ Srivastava,17,19,0,111.76470588235294,19.0
Kartik Sharma,AM Ghazanfar,17,25,0,147.05882352941177,25.0
Shubman Gill,A Kamboj,17,25,1,147.05882352941177,25.0
Shubman Gill,A Mishra,17,19,1,111.76470588235294,19.0
R Parag,MM Ali,17,39,1,229.41176470588235,39.0
R Parag,B Kumar,17,36,0,211.76470588235296,36.0
Shakib Al Hasan,SL Malinga,17,14,3,82.35294117647058,4.666666666666667
Shashank Singh,CV Varun,17,28,0,164.70588235294116,28.0
S Dhawan,P Negi,17,26,0,152.94117647058823,26.0
F du Plessis,Mohammed Siraj,17,27,0,158.8235294117647,27.0
STR Binny,R Vinay Kumar,17,26,3,152.94117647058823,8.666666666666666
SB Styris,M Muralitharan,17,10,1,58.82352941176471,10.0
WP Saha,MS Gony,17,29,1,170.58823529411765,29.0
Q de Kock,MA Starc,17,17,1,100.0,17.0
R Parag,M Jansen,17,28,0,164.70588235294116,28.0
R Parag,M Prasidh Krishna,17,30,1,176.47058823529412,30.0
JM Bairstow,SN Thakur,17,27,0,158.8235294117647,27.0
MK Pandey,Ravi Bishnoi,17,12,1,70.58823529411765,12.0
DA Miller,JA Morkel,17,25,1,147.05882352941177,25.0
P Simran Singh,Mohammed Siraj,17,15,0,88.23529411764706,15.0
AT Rayudu,BA Stokes,17,22,1,129.41176470588235,22.0
Nithish Kumar Reddy,Prince Yadav,17,19,1,111.76470588235294,19.0
AM Rahane,STR Binny,17,26,0,152.94117647058823,26.0
M Vijay,TA Boult,17,23,0,135.29411764705884,23.0
BA Stokes,SP Narine,17,17,1,100.0,17.0
SO Hetmyer,Noor Ahmad,17,16,0,94.11764705882352,16.0
Tilak Varma,K Rabada,17,31,0,182.35294117647058,31.0
SPD Smith,I Sharma,17,21,1,123.52941176470588,21.0
SPD Smith,J Suchith,17,23,0,135.29411764705884,23.0
JH Kallis,R Bhatia,17,22,0,129.41176470588235,22.0
AJ Finch,Mustafizur Rahman,17,14,0,82.35294117647058,14.0
Dhruv Jurel,YS Chahal,16,16,1,100.0,16.0
JH Kallis,R Rampaul,16,10,0,62.5,10.0
BJ Hodge,GR Napier,16,22,0,137.5,22.0
Q de Kock,Washington Sundar,16,9,1,56.25,9.0
Q de Kock,XC Bartlett,16,26,1,162.5,26.0
DJ Hussey,AB McDonald,16,13,0,81.25,13.0
PC Valthaty,VR Aaron,16,14,0,87.5,14.0
SR Watson,Ravi Bishnoi,16,22,0,137.5,22.0
MK Pandey,Kuldeep Yadav,16,16,1,100.0,16.0
C de Grandhomme,Imran Tahir,16,30,0,187.5,30.0
S Dhawan,Shivam Mavi,16,14,0,87.5,14.0
Y Venugopal Rao,GD McGrath,16,13,1,81.25,13.0
MS Bisla,R Vinay Kumar,16,25,0,156.25,25.0
DP Conway,PWH de Silva,16,30,1,187.5,30.0
MS Bisla,SB Jakati,16,17,1,106.25,17.0
M Vijay,J Suchith,16,25,0,156.25,25.0
DPMD Jayawardene,MF Maharoof,16,28,0,175.0,28.0
DPMD Jayawardene,SE Bond,16,22,0,137.5,22.0
SE Marsh,RG Sharma,16,17,0,106.25,17.0
YK Pathan,Mohammed Shami,16,23,0,143.75,23.0
LJ Wright,UT Yadav,16,27,1,168.75,27.0
H Klaasen,Suyash Sharma,16,27,1,168.75,27.0
LMP Simmons,TA Boult,16,12,1,75.0,12.0
AP Tare,JA Morkel,16,11,2,68.75,5.5
LMP Simmons,M Morkel,16,9,1,56.25,9.0
SR Watson,KK Ahmed,16,22,0,137.5,22.0
DR Smith,SP Narine,16,10,1,62.5,10.0
MM Ali,JC Archer,16,17,0,106.25,17.0
RR Pant,UT Yadav,16,39,1,243.75,39.0
Y Venugopal Rao,JA Morkel,16,17,1,106.25,17.0
Y Venugopal Rao,KA Pollard,16,19,1,118.75,19.0
NV Ojha,JP Faulkner,16,15,0,93.75,15.0
D Brevis,Kuldeep Yadav,16,22,0,137.5,22.0
Q de Kock,M Theekshana,16,15,0,93.75,15.0
WG Jacks,SP Narine,16,13,0,81.25,13.0
Q de Kock,M Jansen,16,18,0,112.5,18.0
SK Raina,DR Smith,16,45,0,281.25,45.0
SK Raina,GB Hogg,16,8,1,50.0,8.0
RA Jadeja,SN Thakur,16,19,0,118.75,19.0
TL Suman,R Vinay Kumar,16,24,1,150.0,24.0
TL Suman,SB Jakati,16,13,1,81.25,13.0
Shubman Gill,DJ Mitchell,16,32,0,200.0,32.0
MS Dhoni,JR Hopes,16,20,1,125.0,20.0
MS Dhoni,K Rabada,16,8,1,50.0,8.0
MS Dhoni,LS Livingstone,16,16,0,100.0,16.0
D Padikkal,GJ Maxwell,16,13,0,81.25,13.0
D Padikkal,HV Patel,16,18,1,112.5,18.0
R Parag,MM Sharma,16,29,1,181.25,29.0
R Parag,Avesh Khan,16,16,2,100.0,8.0
C Connolly,E Malinga,16,26,0,162.5,26.0
V Shankar,LH Ferguson,16,38,0,237.5,38.0
V Shankar,Mohammed Siraj,16,25,0,156.25,25.0
F du Plessis,MN Samuels,16,12,1,75.0,12.0
LMP Simmons,P Negi,16,21,0,131.25,21.0
S Badrinath,S Nadeem,16,18,0,112.5,18.0
LR Shukla,M Muralitharan,16,6,1,37.5,6.0
BJ Hodge,SP Narine,16,20,0,125.0,20.0
AB de Villiers,DR Smith,16,30,1,187.5,30.0
TL Suman,SK Raina,16,31,0,193.75,31.0
CH Gayle,RJ Harris,16,26,1,162.5,26.0
Shashank Singh,TU Deshpande,16,27,0,168.75,27.0
S Dhawan,N Rana,16,14,1,87.5,14.0
S Dhawan,NM Coulter-Nile,16,15,0,93.75,15.0
Mohammad Nabi,JJ Bumrah,16,21,2,131.25,10.5
SR Watson,Harpreet Brar,16,27,0,168.75,27.0
MS Dhoni,Mohammad Asif,16,21,1,131.25,21.0
JC Buttler,Navdeep Saini,16,19,1,118.75,19.0
UBT Chand,P Kumar,16,15,2,93.75,7.5
UBT Chand,YS Chahal,16,18,1,112.5,18.0
KA Pollard,A Zampa,16,43,1,268.75,43.0
JC Buttler,SH Johnson,16,20,0,125.0,20.0
AT Rayudu,IC Pandey,16,21,0,131.25,21.0
R Dravid,T Henderson,16,23,0,143.75,23.0
Mandeep Singh,Z Khan,16,26,0,162.5,26.0
RV Uthappa,JH Kallis,16,20,0,125.0,20.0
PP Chawla,SP Narine,16,13,1,81.25,13.0
R Parag,VG Arora,16,39,0,243.75,39.0
HH Pandya,GC Viljoen,16,23,0,143.75,23.0
AT Rayudu,T Natarajan,16,17,1,106.25,17.0
Shubman Gill,BB Sran,16,34,0,212.5,34.0
HH Gibbs,JA Morkel,16,16,0,100.0,16.0
R Parag,KA Jamieson,16,37,0,231.25,37.0
TM Dilshan,GB Hogg,16,20,0,125.0,20.0
Shakib Al Hasan,DR Smith,16,7,2,43.75,3.5
H Klaasen,MM Sharma,16,17,1,106.25,17.0
Abhishek Sharma,Harshit Rana,16,13,1,81.25,13.0
MC Henriques,MJ McClenaghan,16,15,0,93.75,15.0
MC Henriques,PV Tambe,16,5,1,31.25,5.0
SS Iyer,SL Malinga,16,10,2,62.5,5.0
TL Suman,JH Kallis,16,8,0,50.0,8.0
JC Buttler,AS Rajpoot,16,27,1,168.75,27.0
JC Buttler,DS Rathi,16,25,1,156.25,25.0
DP Conway,Rashid Khan,16,30,1,187.5,30.0
KS Williamson,JJ Bumrah,16,20,0,125.0,20.0
DJ Bravo,A Mishra,16,15,0,93.75,15.0
N Pooran,Mustafizur Rahman,16,30,0,187.5,30.0
Yuvraj Singh,K Rabada,16,30,1,187.5,30.0
Abdul Samad,A Nortje,16,37,0,231.25,37.0
BB McCullum,KA Pollard,16,32,0,200.0,32.0
SR Watson,KA Pollard,16,24,2,150.0,12.0
R Dravid,R Bhatia,16,27,1,168.75,27.0
R Dravid,R Rampaul,16,13,0,81.25,13.0
LRPL Taylor,AB Dinda,16,32,0,200.0,32.0
Shahbaz Ahmed,TA Boult,16,17,3,106.25,5.666666666666667
GJ Maxwell,SL Malinga,16,19,0,118.75,19.0
AT Rayudu,L Balaji,16,33,0,206.25,33.0
A Raghuvanshi,Rasikh Salam,16,33,0,206.25,33.0
A Raghuvanshi,Ravi Bishnoi,16,16,0,100.0,16.0
SR Tendulkar,AD Mathews,16,16,0,100.0,16.0
MEK Hussey,S Aravind,16,18,0,112.5,18.0
SA Yadav,AS Joseph,16,40,0,250.0,40.0
Yashpal Singh,MM Patel,16,9,1,56.25,9.0
MM Ali,M Ashwin,16,22,1,137.5,22.0
MN Samuels,P Kumar,16,8,1,50.0,8.0
V Shankar,PP Chawla,16,18,2,112.5,9.0
DJG Sammy,SK Trivedi,16,20,0,125.0,20.0
DJG Sammy,SR Watson,16,33,1,206.25,33.0
BA Stokes,PJ Cummins,16,19,2,118.75,9.5
DJ Bravo,JD Unadkat,16,13,0,81.25,13.0
B Sai Sudharsan,RD Chahar,16,20,1,125.0,20.0
N Pooran,HH Pandya,16,28,1,175.0,28.0
A Symonds,SR Watson,16,12,0,75.0,12.0
MEK Hussey,P Awana,16,24,0,150.0,24.0
SR Tendulkar,AJ Finch,16,14,1,87.5,14.0
DA Miller,HH Pandya,16,26,2,162.5,13.0
AL Menaria,YK Pathan,16,13,2,81.25,6.5
JC Archer,SN Thakur,16,33,1,206.25,33.0
SS Tiwary,AR Patel,16,16,1,100.0,16.0
PP Shaw,JC Archer,16,14,2,87.5,7.0
BB McCullum,DW Steyn,16,16,2,100.0,8.0
MR Marsh,SH Johnson,16,28,0,175.0,28.0
AT Rayudu,S Gopal,16,12,0,75.0,12.0
A Mishra,KV Sharma,16,6,0,37.5,6.0
R Powell,Ravi Bishnoi,16,6,2,37.5,3.0
LRPL Taylor,PP Ojha,16,15,2,93.75,7.5
LRPL Taylor,R Bhatia,16,10,2,62.5,5.0
NV Ojha,R Dhawan,16,25,0,156.25,25.0
NV Ojha,RJ Harris,16,17,0,106.25,17.0
RA Tripathi,CR Woakes,16,15,1,93.75,15.0
TM Dilshan,R Sharma,16,15,1,93.75,15.0
K Goel,MM Patel,16,21,1,131.25,21.0
FH Allen,MA Starc,16,33,1,206.25,33.0
Y Venugopal Rao,RA Jadeja,16,24,1,150.0,24.0
R Parag,Shahbaz Ahmed,16,22,1,137.5,22.0
F du Plessis,I Sharma,16,20,0,125.0,20.0
YK Pathan,Yuvraj Singh,16,40,1,250.0,40.0
SS Iyer,KL Nagarkoti,16,23,0,143.75,23.0
DPMD Jayawardene,A Nehra,16,16,0,100.0,16.0
VR Iyer,Vijaykumar Vyshak,16,13,0,81.25,13.0
VVS Laxman,I Sharma,16,15,0,93.75,15.0
Washington Sundar,JD Unadkat,16,29,1,181.25,29.0
Gurkeerat Singh,LH Ferguson,16,7,1,43.75,7.0
PP Chawla,JA Morkel,16,9,2,56.25,4.5
MR Marsh,Harsh Dubey,16,22,1,137.5,22.0
V Sehwag,DT Christian,16,29,0,181.25,29.0
LS Livingstone,PWH de Silva,16,15,0,93.75,15.0
LS Livingstone,JC Archer,16,36,0,225.0,36.0
R Ravindra,GJ Maxwell,16,15,2,93.75,7.5
DP Conway,Mohammed Shami,16,15,3,93.75,5.0
DP Conway,Mohammed Siraj,16,20,0,125.0,20.0
V Kohli,A Zampa,16,33,0,206.25,33.0
JC Buttler,AJ Tye,16,22,0,137.5,22.0
PC Valthaty,A Mishra,16,18,2,112.5,9.0
Mandeep Singh,UT Yadav,16,19,2,118.75,9.5
MA Agarwal,SM Curran,16,22,0,137.5,22.0
SV Samson,C Green,16,14,0,87.5,14.0
BJ Hodge,B Lee,16,34,1,212.5,34.0
S Dube,HV Patel,16,22,0,137.5,22.0
GJ Maxwell,M Prasidh Krishna,16,14,0,87.5,14.0
AJ Finch,BB Sran,16,26,0,162.5,26.0
HH Pandya,PWH de Silva,16,13,0,81.25,13.0
HH Pandya,RA Jadeja,16,18,2,112.5,9.0
EJG Morgan,SN Thakur,16,10,0,62.5,10.0
V Shankar,S Gopal,16,19,1,118.75,19.0
MJ Lumb,JA Morkel,16,36,2,225.0,18.0
MJ Guptill,A Mishra,16,17,1,106.25,17.0
KP Pietersen,SR Watson,16,18,1,112.5,18.0
YK Pathan,M Kartik,16,13,1,81.25,13.0
V Kohli,Anureet Singh,16,26,1,162.5,26.0
KC Sangakkara,SK Trivedi,16,23,2,143.75,11.5
AJ Finch,M Ashwin,16,26,2,162.5,13.0
KD Karthik,Bipul Sharma,16,21,1,131.25,21.0
N Pooran,M Theekshana,16,18,0,112.5,18.0
RV Uthappa,RG More,16,25,0,156.25,25.0
AM Rahane,JP Behrendorff,16,24,0,150.0,24.0
Abhishek Sharma,PP Chawla,16,40,2,250.0,20.0
SR Tendulkar,B Lee,16,24,0,150.0,24.0
AB de Villiers,JP Duminy,16,15,0,93.75,15.0
Shubman Gill,M Prasidh Krishna,16,16,1,100.0,16.0
HM Amla,KH Pandya,16,20,0,125.0,20.0
HM Amla,RA Jadeja,16,25,0,156.25,25.0
YBK Jaiswal,GJ Maxwell,16,28,0,175.0,28.0
YBK Jaiswal,HV Patel,16,15,1,93.75,15.0
Shahbaz Ahmed,MM Ali,16,26,1,162.5,26.0
A Symonds,R Ashwin,16,19,1,118.75,19.0
RG Sharma,LH Ferguson,16,26,0,162.5,26.0
KM Jadhav,UT Yadav,16,12,2,75.0,6.0
KP Pietersen,PV Tambe,16,16,1,100.0,16.0
RD Gaikwad,N Burger,16,17,0,106.25,17.0
RD Gaikwad,PWH de Silva,16,31,1,193.75,31.0
CA Pujara,M Morkel,16,14,1,87.5,14.0
SA Yadav,E Malinga,16,24,1,150.0,24.0
A Symonds,I Sharma,16,13,1,81.25,13.0
TM Dilshan,RA Jadeja,16,18,0,112.5,18.0
JD Ryder,DW Steyn,16,22,1,137.5,22.0
RD Gaikwad,UT Yadav,16,17,2,106.25,8.5
RA Tripathi,JC Archer,16,12,0,75.0,12.0
DR Smith,R Bhatia,16,30,1,187.5,30.0
MN van Wyk,R Bhatia,16,26,0,162.5,26.0
Q de Kock,DJ Bravo,16,15,1,93.75,15.0
S Dube,TA Boult,16,32,0,200.0,32.0
Yuvraj Singh,Kuldeep Yadav,16,39,0,243.75,39.0
Rahmanullah Gurbaz,Mohammed Siraj,16,13,1,81.25,13.0
DA Warner,AC Thomas,16,33,0,206.25,33.0
SV Samson,JR Hazlewood,16,15,0,93.75,15.0
D Brevis,Rashid Khan,16,19,1,118.75,19.0
DJ Bravo,UT Yadav,16,23,2,143.75,11.5
Yuvraj Singh,I Sharma,16,20,1,125.0,20.0
AM Nayar,PP Chawla,16,15,1,93.75,15.0
DJ Hussey,R Vinay Kumar,16,20,0,125.0,20.0
GJ Maxwell,DJ Bravo,16,20,2,125.0,10.0
GJ Maxwell,MJ McClenaghan,16,37,1,231.25,37.0
GJ Maxwell,HV Patel,16,13,2,81.25,6.5
S Dube,AK Markram,16,24,0,150.0,24.0
AR Patel,A Mishra,16,18,0,112.5,18.0
DA Miller,A Nehra,16,19,0,118.75,19.0
BB McCullum,Bipul Sharma,16,13,3,81.25,4.333333333333333
BB McCullum,M Muralitharan,16,16,0,100.0,16.0
MK Tiwary,RP Singh,16,17,1,106.25,17.0
VVS Laxman,S Sreesanth,16,19,1,118.75,19.0
MR Marsh,R Shepherd,16,36,0,225.0,36.0
RR Pant,N Thushara,16,17,0,106.25,17.0
SP Narine,S Aravind,16,35,0,218.75,35.0
SP Narine,S Badree,16,48,0,300.0,48.0
RA Jadeja,L Balaji,16,25,2,156.25,12.5
YK Pathan,Umar Gul,16,33,1,206.25,33.0
MK Pandey,AD Russell,16,24,1,150.0,24.0
ST Jayasuriya,DW Steyn,16,1,2,6.25,0.5
M Klinger,IK Pathan,16,14,0,87.5,14.0
SE Marsh,L Balaji,16,18,1,112.5,18.0
RD Gaikwad,MJ Suthar,16,18,0,112.5,18.0
TM Dilshan,S Sreesanth,16,14,3,87.5,4.666666666666667
C Green,RA Jadeja,16,14,1,87.5,14.0
AM Rahane,S Gopal,16,17,1,106.25,17.0
Tilak Varma,V Nigam,16,24,0,150.0,24.0
RD Gaikwad,R Ashwin,16,20,0,125.0,20.0
AM Nayar,R Vinay Kumar,16,29,0,181.25,29.0
S Dhawan,GB Hogg,16,17,1,106.25,17.0
AM Rahane,SB Jakati,16,27,0,168.75,27.0
FY Fazal,RP Singh,16,18,1,112.5,18.0
AD Russell,SC Kuggeleijn,16,27,0,168.75,27.0
MA Agarwal,S Gopal,16,41,0,256.25,41.0
AJ Finch,JO Holder,16,9,1,56.25,9.0
SK Raina,Harmeet Singh,16,18,1,112.5,18.0
TH David,Avesh Khan,16,10,0,62.5,10.0
TH David,B Kumar,16,32,1,200.0,32.0
YK Pathan,DL Vettori,16,38,0,237.5,38.0
V Kohli,B Lee,16,17,0,106.25,17.0
V Sehwag,M Kartik,16,27,1,168.75,27.0
SM Curran,JJ Bumrah,16,19,3,118.75,6.333333333333333
M Manhas,PP Ojha,16,20,0,125.0,20.0
M Manhas,R Ashwin,16,24,0,150.0,24.0
RK Singh,M Markande,16,21,0,131.25,21.0
GJ Bailey,SL Malinga,16,27,0,168.75,27.0
CH Gayle,Washington Sundar,16,32,0,200.0,32.0
AD Mathews,SP Narine,16,25,2,156.25,12.5
S Badrinath,VRV Singh,16,28,1,175.0,28.0
R Tewatia,Arshdeep Singh,16,22,0,137.5,22.0
RR Pant,JP Faulkner,16,38,1,237.5,38.0
BB McCullum,VR Aaron,16,21,2,131.25,10.5
BB McCullum,RJ Harris,16,20,1,125.0,20.0
KL Rahul,Yash Raj Punja,16,16,0,100.0,16.0
KL Rahul,SL Malinga,16,18,1,112.5,18.0
KL Rahul,VR Aaron,16,28,0,175.0,28.0
YBK Jaiswal,Mukesh Kumar,16,17,2,106.25,8.5
RG Sharma,GJ Maxwell,16,23,1,143.75,23.0
Yuvraj Singh,IK Pathan,16,23,1,143.75,23.0
Yuvraj Singh,JA Morkel,16,33,2,206.25,16.5
PA Patel,SB Jakati,16,24,0,150.0,24.0
VR Iyer,Akash Singh,16,17,0,106.25,17.0
PP Shaw,SN Thakur,16,42,0,262.5,42.0
SR Tendulkar,CH Gayle,16,18,0,112.5,18.0
SR Tendulkar,DL Vettori,16,18,0,112.5,18.0
KD Karthik,DW Steyn,16,14,3,87.5,4.666666666666667
SE Marsh,S Sreesanth,16,20,0,125.0,20.0
R Tewatia,AR Patel,16,13,2,81.25,6.5
SM Curran,AR Patel,16,19,0,118.75,19.0
SM Curran,Azmatullah Omarzai,16,28,1,175.0,28.0
SM Curran,JC Archer,16,16,1,100.0,16.0
GJ Bailey,B Kumar,16,16,1,100.0,16.0
KD Karthik,RD Chahar,16,23,2,143.75,11.5
AR Patel,SL Malinga,16,27,1,168.75,27.0
AB de Villiers,S Sreesanth,16,18,2,112.5,9.0
KD Karthik,SB Jakati,16,26,2,162.5,13.0
SC Ganguly,JH Kallis,16,28,0,175.0,28.0
KD Karthik,MJ McClenaghan,16,16,0,100.0,16.0
Shubman Gill,V Nigam,16,29,0,181.25,29.0
KL Rahul,GJ Maxwell,16,19,1,118.75,19.0
KL Rahul,Kartik Tyagi,16,34,1,212.5,34.0
C Green,T Natarajan,16,33,1,206.25,33.0
Harpreet Brar,JJ Bumrah,16,11,0,68.75,11.0
EJG Morgan,MM Sharma,16,22,1,137.5,22.0
EJG Morgan,Mohammad Nabi,16,15,2,93.75,7.5
EJG Morgan,P Kumar,16,20,0,125.0,20.0
SN Khan,SC Kuggeleijn,16,26,1,162.5,26.0
SS Tiwary,R Bhatia,16,20,1,125.0,20.0
MS Dhoni,A Ashish Reddy,16,27,2,168.75,13.5
Dhruv Jurel,Harpreet Brar,16,9,0,56.25,9.0
IK Pathan,DW Steyn,16,8,2,50.0,4.0
AC Gilchrist,SMSM Senanayake,16,18,1,112.5,18.0
S Dube,JR Hazlewood,16,28,0,175.0,28.0
VR Iyer,RP Meredith,16,37,1,231.25,37.0
DPMD Jayawardene,R Ashwin,16,28,2,175.0,14.0
DPMD Jayawardene,SR Watson,16,8,1,50.0,8.0
D Padikkal,Kuldeep Yadav,16,15,0,93.75,15.0
RA Tripathi,Mujeeb Ur Rahman,16,10,1,62.5,10.0
CH Gayle,JP Faulkner,16,17,0,106.25,17.0
JP Duminy,DR Smith,16,16,1,100.0,16.0
RG Sharma,AJ Tye,16,24,0,150.0,24.0
T Stubbs,Suyash Sharma,16,25,0,156.25,25.0
TG Southee,DJ Bravo,16,30,1,187.5,30.0
KD Karthik,Kuldeep Yadav,16,12,1,75.0,12.0
RR Pant,GJ Maxwell,16,12,3,75.0,4.0
R Tewatia,SP Narine,16,23,1,143.75,23.0
PA Patel,AJ Tye,16,25,0,156.25,25.0
SPD Smith,P Negi,16,14,0,87.5,14.0
RD Gaikwad,K Kartikeya,16,24,0,150.0,24.0
JH Kallis,AN Ahmed,16,14,0,87.5,14.0
RD Gaikwad,JC Archer,16,9,1,56.25,9.0
JP Duminy,RS Bopara,16,29,0,181.25,29.0
CL White,RA Jadeja,16,31,0,193.75,31.0
AC Gilchrist,P Kumar,16,20,0,125.0,20.0
GC Smith,SK Raina,16,18,2,112.5,9.0
MP Stoinis,M Pathirana,16,16,0,100.0,16.0
R Tewatia,TU Deshpande,16,27,0,168.75,27.0
SK Raina,KW Richardson,16,24,0,150.0,24.0
SC Ganguly,MS Gony,16,18,1,112.5,18.0
SS Iyer,JD Unadkat,16,27,2,168.75,13.5
V Kohli,Harmeet Singh,16,18,0,112.5,18.0
J Botha,DW Steyn,16,13,1,81.25,13.0
KD Karthik,Z Khan,16,20,0,125.0,20.0
RA Jadeja,KA Pollard,16,15,1,93.75,15.0
SE Marsh,VR Aaron,16,23,1,143.75,23.0
SA Yadav,NT Ellis,16,27,1,168.75,27.0
KK Nair,Washington Sundar,16,18,0,112.5,18.0
RG Sharma,J Botha,16,13,0,81.25,13.0
RG Sharma,JC Archer,16,11,3,68.75,3.6666666666666665
IK Pathan,R Bhatia,16,17,0,106.25,17.0
R Tewatia,Rasikh Salam,16,16,1,100.0,16.0
MK Pandey,BA Stokes,16,29,0,181.25,29.0
DP Conway,CV Varun,16,22,1,137.5,22.0
SC Ganguly,JA Morkel,16,9,0,56.25,9.0
PD Salt,SM Curran,16,24,1,150.0,24.0
RR Pant,E Malinga,16,18,1,112.5,18.0
M Shahrukh Khan,YS Chahal,16,14,1,87.5,14.0
GH Vihari,R Vinay Kumar,16,22,0,137.5,22.0
GH Vihari,SL Malinga,16,17,2,106.25,8.5
SP Narine,A Kamboj,16,25,0,156.25,25.0
Tilak Varma,R Sai Kishore,16,16,0,100.0,16.0
JH Kallis,JD Unadkat,16,15,0,93.75,15.0
RA Tripathi,MJ Santner,16,26,0,162.5,26.0
S Dube,KH Pandya,16,23,0,143.75,23.0
DJ Hussey,SK Warne,16,17,0,106.25,17.0
DJ Hussey,JR Hopes,16,34,1,212.5,34.0
MS Dhoni,SK Warne,16,12,1,75.0,12.0
MA Agarwal,Kuldeep Yadav,16,13,0,81.25,13.0
MP Stoinis,PWH de Silva,16,20,0,125.0,20.0
KD Karthik,SK Raina,16,31,0,193.75,31.0
KD Karthik,Navdeep Saini,16,25,1,156.25,25.0
AC Gilchrist,M Muralitharan,16,34,0,212.5,34.0
Nithish Kumar Reddy,Rashid Khan,16,27,0,168.75,27.0
Nithish Kumar Reddy,TA Boult,16,12,2,75.0,6.0
CH Gayle,Basil Thampi,16,18,2,112.5,9.0
DPMD Jayawardene,SP Narine,16,15,0,93.75,15.0
RK Singh,Shivang Kumar,16,30,1,187.5,30.0
R Bhatia,R Ashwin,16,7,0,43.75,7.0
MK Pandey,P Kumar,16,7,3,43.75,2.3333333333333335
DA Warner,SA Abbott,16,24,0,150.0,24.0
DA Warner,Parvez Rasool,16,25,0,156.25,25.0
N Rana,R Tewatia,16,17,1,106.25,17.0
AR Patel,Kartik Tyagi,16,18,0,112.5,18.0
AR Patel,M Pathirana,16,19,1,118.75,19.0
GC Smith,MS Gony,16,23,0,143.75,23.0
SM Curran,MM Sharma,16,10,1,62.5,10.0
SR Watson,MA Starc,16,26,0,162.5,26.0
B Sai Sudharsan,SM Curran,16,16,1,100.0,16.0
DJ Hussey,A Symonds,16,20,1,125.0,20.0
MS Dhoni,T Natarajan,16,26,2,162.5,13.0
Abhishek Sharma,B Kumar,16,27,0,168.75,27.0
BJ Hodge,KV Sharma,16,26,0,162.5,26.0
SP Goswami,VY Mahesh,16,15,0,93.75,15.0
V Shankar,CV Varun,16,41,1,256.25,41.0
GC Smith,A Mishra,16,20,1,125.0,20.0
AM Rahane,MJ Santner,16,19,1,118.75,19.0
PJ Cummins,Harshit Rana,16,21,0,131.25,21.0
SS Iyer,GC Viljoen,16,18,1,112.5,18.0
AR Patel,MP Stoinis,16,22,1,137.5,22.0
MS Dhoni,A Symonds,16,15,1,93.75,15.0
MK Pandey,R Dhawan,16,21,0,131.25,21.0
MK Pandey,K Rabada,16,14,2,87.5,7.0
AB de Villiers,VR Aaron,16,32,0,200.0,32.0
DA Miller,PV Tambe,16,28,0,175.0,28.0
JM Sharma,JD Unadkat,16,37,1,231.25,37.0
SK Raina,AB Agarkar,16,10,0,62.5,10.0
Mandeep Singh,JD Unadkat,16,28,0,175.0,28.0
SV Samson,R Bhatia,16,11,1,68.75,11.0
SM Curran,RA Jadeja,16,17,1,106.25,17.0
MK Pandey,M Pathirana,16,25,1,156.25,25.0
MK Pandey,MP Stoinis,16,24,1,150.0,24.0
Ishan Kishan,JO Holder,16,24,0,150.0,24.0
Ishan Kishan,LH Ferguson,16,20,1,125.0,20.0
N Wadhera,HV Patel,16,26,0,162.5,26.0
SR Tendulkar,Joginder Sharma,16,10,1,62.5,10.0
KH Pandya,PJ Cummins,16,13,1,81.25,13.0
KH Pandya,T Natarajan,16,17,2,106.25,8.5
AT Rayudu,R Tewatia,16,19,1,118.75,19.0
SV Samson,SM Curran,16,21,2,131.25,10.5
G Gambhir,WPUJC Vaas,16,18,0,112.5,18.0
P Nissanka,AJ Hosein,16,15,0,93.75,15.0
MV Boucher,I Sharma,16,23,0,143.75,23.0
SA Yadav,MM Ali,16,30,0,187.5,30.0
SA Yadav,Mukesh Choudhary,16,32,0,200.0,32.0
S Badrinath,B Kumar,16,22,0,137.5,22.0
SM Curran,Rashid Khan,16,16,1,100.0,16.0
BJ Hodge,R Bhatia,16,18,0,112.5,18.0
G Gambhir,MP Stoinis,16,21,0,131.25,21.0
RM Patidar,M Pathirana,16,17,2,106.25,8.5
SPD Smith,D Wiese,16,19,1,118.75,19.0
V Kohli,KC Cariappa,16,43,1,268.75,43.0
KH Pandya,Z Khan,16,27,0,168.75,27.0
Rashid Khan,Mohammed Siraj,16,24,0,150.0,24.0
P Dogra,S Ladda,16,19,1,118.75,19.0
M Vijay,SK Trivedi,16,29,2,181.25,14.5
AM Rahane,SR Watson,16,23,1,143.75,23.0
LMP Simmons,A Mishra,16,20,0,125.0,20.0
MK Pandey,Rashid Khan,16,12,0,75.0,12.0
DA Miller,JD Unadkat,16,23,0,143.75,23.0
DA Warner,NT Ellis,16,31,0,193.75,31.0
DA Warner,Ravi Bishnoi,16,11,3,68.75,3.6666666666666665
DA Miller,MJ McClenaghan,16,13,0,81.25,13.0
P Simran Singh,JC Archer,16,18,0,112.5,18.0
CH Gayle,J Botha,16,22,0,137.5,22.0
G Gambhir,P Awana,16,21,0,131.25,21.0
Tilak Varma,DJ Bravo,16,17,0,106.25,17.0
DA Miller,M Jansen,16,21,2,131.25,10.5
DA Miller,M Pathirana,16,9,0,56.25,9.0
JM Bairstow,LH Ferguson,16,19,2,118.75,9.5
P Negi,SL Malinga,16,17,2,106.25,8.5
Yuvraj Singh,R Sharma,16,19,0,118.75,19.0
SO Hetmyer,PJ Cummins,16,20,0,125.0,20.0
Yuvraj Singh,Sandeep Sharma,15,19,0,126.66666666666666,19.0
SPD Smith,JP Faulkner,15,28,1,186.66666666666666,28.0
A Badoni,LH Ferguson,15,23,0,153.33333333333334,23.0
A Badoni,HH Pandya,15,20,1,133.33333333333331,20.0
P Simran Singh,Auqib Nabi,15,33,0,220.00000000000003,33.0
JM Bairstow,MP Stoinis,15,20,0,133.33333333333331,20.0
SPD Smith,KK Ahmed,15,29,1,193.33333333333334,29.0
AB de Villiers,M Prasidh Krishna,15,29,0,193.33333333333334,29.0
D Padikkal,I Sharma,15,15,1,100.0,15.0
SV Samson,Mujeeb Ur Rahman,15,11,1,73.33333333333333,11.0
AB de Villiers,AS Rajpoot,15,34,0,226.66666666666666,34.0
PC Valthaty,M Morkel,15,9,1,60.0,9.0
OA Shah,SL Malinga,15,19,1,126.66666666666666,19.0
DA Miller,Mukesh Kumar,15,34,1,226.66666666666666,34.0
TM Head,N Burger,15,22,0,146.66666666666666,22.0
RA Tripathi,S Aravind,15,22,0,146.66666666666666,22.0
RA Tripathi,Sandeep Sharma,15,18,1,120.0,18.0
MR Marsh,AS Roy,15,12,0,80.0,12.0
MR Marsh,Abhishek Sharma,15,22,0,146.66666666666666,22.0
DPMD Jayawardene,CH Gayle,15,18,0,120.0,18.0
A Symonds,Yuvraj Singh,15,11,2,73.33333333333333,5.5
SV Samson,P Awana,15,26,1,173.33333333333334,26.0
R Ashwin,SN Thakur,15,22,2,146.66666666666666,11.0
SA Yadav,M Ashwin,15,8,2,53.333333333333336,4.0
MS Dhoni,STR Binny,15,19,0,126.66666666666666,19.0
KK Nair,S Gopal,15,31,0,206.66666666666669,31.0
SS Tiwary,P Kumar,15,12,0,80.0,12.0
SC Ganguly,WPUJC Vaas,15,20,1,133.33333333333331,20.0
PP Shaw,Rashid Khan,15,22,1,146.66666666666666,22.0
RA Jadeja,E Malinga,15,20,1,133.33333333333331,20.0
RA Jadeja,GB Hogg,15,16,2,106.66666666666667,8.0
RA Jadeja,GJ Maxwell,15,27,1,180.0,27.0
KH Pandya,HR Shokeen,15,12,0,80.0,12.0
AR Patel,PJ Cummins,15,17,0,113.33333333333333,17.0
AT Rayudu,Mustafizur Rahman,15,23,0,153.33333333333334,23.0
RS Bopara,VY Mahesh,15,17,1,113.33333333333333,17.0
KK Nair,BA Stokes,15,24,1,160.0,24.0
KK Nair,Mustafizur Rahman,15,12,0,80.0,12.0
Ishan Kishan,C Sakariya,15,26,0,173.33333333333334,26.0
N Rana,Vijaykumar Vyshak,15,33,0,220.00000000000003,33.0
V Kohli,KW Richardson,15,12,1,80.0,12.0
R Tewatia,Vijaykumar Vyshak,15,15,1,100.0,15.0
WP Saha,Simarjeet Singh,15,19,0,126.66666666666666,19.0
AD Russell,Anureet Singh,15,43,0,286.6666666666667,43.0
KL Rahul,AB Dinda,15,20,1,133.33333333333331,20.0
PA Patel,L Ngidi,15,20,0,133.33333333333331,20.0
T Stubbs,Rasikh Salam,15,20,0,133.33333333333331,20.0
MK Pandey,R Bhatia,15,18,0,120.0,18.0
SC Ganguly,VRV Singh,15,16,0,106.66666666666667,16.0
DA Warner,SJ Srivastava,15,22,1,146.66666666666666,22.0
SR Tendulkar,LR Shukla,15,14,1,93.33333333333333,14.0
SR Tendulkar,MS Gony,15,17,0,113.33333333333333,17.0
S Dhawan,Mohammad Nabi,15,16,1,106.66666666666667,16.0
S Dhawan,M Theekshana,15,18,0,120.0,18.0
AT Rayudu,R Parag,15,21,0,140.0,21.0
AT Rayudu,R Sharma,15,15,0,100.0,15.0
YK Pathan,Imran Tahir,15,28,2,186.66666666666666,14.0
D Padikkal,MP Stoinis,15,39,0,260.0,39.0
MK Tiwary,AB Agarkar,15,22,1,146.66666666666666,22.0
MK Tiwary,AD Russell,15,13,0,86.66666666666667,13.0
Dhruv Jurel,Kuldeep Yadav,15,18,0,120.0,18.0
MK Tiwary,MM Patel,15,5,2,33.33333333333333,2.5
SA Yadav,PP Chawla,15,18,1,120.0,18.0
PA Patel,K Rabada,15,12,2,80.0,6.0
AJ Finch,I Sharma,15,20,0,133.33333333333331,20.0
Ishan Kishan,Akash Deep,15,14,2,93.33333333333333,7.0
V Kohli,LS Livingstone,15,23,0,153.33333333333334,23.0
IK Pathan,M Muralitharan,15,20,0,133.33333333333331,20.0
MK Pandey,B Lee,15,26,0,173.33333333333334,26.0
DP Conway,AR Patel,15,21,1,140.0,21.0
KK Nair,Sandeep Sharma,15,19,0,126.66666666666666,19.0
KK Nair,MA Starc,15,15,1,100.0,15.0
A Raghuvanshi,AR Patel,15,17,1,113.33333333333333,17.0
B Sai Sudharsan,Mustafizur Rahman,15,24,0,160.0,24.0
B Sai Sudharsan,N Burger,15,22,0,146.66666666666666,22.0
N Rana,JR Hazlewood,15,13,1,86.66666666666667,13.0
SR Tendulkar,R Sharma,15,19,2,126.66666666666666,9.5
V Kohli,DP Nannes,15,20,1,133.33333333333331,20.0
AR Patel,SR Watson,15,21,1,140.0,21.0
AR Patel,Sandeep Sharma,15,17,0,113.33333333333333,17.0
AB de Villiers,Ravi Bishnoi,15,14,0,93.33333333333333,14.0
PA Patel,JJ Bumrah,15,12,1,80.0,12.0
SC Ganguly,M Muralitharan,15,3,1,20.0,3.0
MS Dhoni,Abdul Samad,15,19,0,126.66666666666666,19.0
MS Dhoni,Ankit Soni,15,8,0,53.333333333333336,8.0
MK Pandey,JDS Neesham,15,22,0,146.66666666666666,22.0
EJG Morgan,JJ Bumrah,15,12,2,80.0,6.0
SK Raina,KV Sharma,15,20,1,133.33333333333331,20.0
Shubman Gill,Yash Thakur,15,25,1,166.66666666666669,25.0
DH Yagnik,SL Malinga,15,23,1,153.33333333333334,23.0
N Rana,M Theekshana,15,18,0,120.0,18.0
VR Iyer,A Nortje,15,14,1,93.33333333333333,14.0
PA Patel,J Theron,15,18,1,120.0,18.0
WP Saha,Washington Sundar,15,22,0,146.66666666666666,22.0
RE van der Merwe,RP Singh,15,14,1,93.33333333333333,14.0
RG Sharma,AD Mathews,15,21,1,140.0,21.0
SK Raina,M Prasidh Krishna,15,18,0,120.0,18.0
SK Raina,MA Starc,15,16,0,106.66666666666667,16.0
C Green,M Prasidh Krishna,15,18,0,120.0,18.0
SS Tiwary,PJ Sangwan,15,29,1,193.33333333333334,29.0
Sikandar Raza,K Gowtham,15,19,0,126.66666666666666,19.0
IK Pathan,AD Mathews,15,19,1,126.66666666666666,19.0
B Sai Sudharsan,Brijesh Sharma,15,22,1,146.66666666666666,22.0
B Sai Sudharsan,DJ Mitchell,15,27,0,180.0,27.0
DA Warner,Tejas Baroka,15,26,0,173.33333333333334,26.0
EJG Morgan,HV Patel,15,10,1,66.66666666666666,10.0
R Tewatia,Avesh Khan,15,17,1,113.33333333333333,17.0
KM Jadhav,DW Steyn,15,15,1,100.0,15.0
TH David,CV Varun,15,21,1,140.0,21.0
TH David,JD Unadkat,15,18,0,120.0,18.0
V Kohli,Bipul Sharma,15,21,1,140.0,21.0
CA Lynn,BB Sran,15,38,0,253.33333333333331,38.0
BB McCullum,MJ Clarke,15,13,0,86.66666666666667,13.0
BB McCullum,MM Patel,15,14,0,93.33333333333333,14.0
CJ Anderson,PP Chawla,15,24,0,160.0,24.0
RG Sharma,JP Duminy,15,22,1,146.66666666666666,22.0
RR Pant,BA Stokes,15,20,1,133.33333333333331,20.0
BB McCullum,PV Tambe,15,20,1,133.33333333333331,20.0
Y Venugopal Rao,R Ashwin,15,14,2,93.33333333333333,7.0
D Brevis,VG Arora,15,42,0,280.0,42.0
SS Tiwary,R Vinay Kumar,15,21,0,140.0,21.0
A Symonds,M Muralitharan,15,5,0,33.33333333333333,5.0
A Symonds,P Kumar,15,20,0,133.33333333333331,20.0
Harbhajan Singh,AB Dinda,15,13,2,86.66666666666667,6.5
RG Sharma,KW Richardson,15,11,1,73.33333333333333,11.0
RG Sharma,Lalit Yadav,15,28,0,186.66666666666666,28.0
EJG Morgan,RP Singh,15,28,1,186.66666666666666,28.0
F du Plessis,AJ Tye,15,33,0,220.00000000000003,33.0
VVS Laxman,SR Watson,15,10,0,66.66666666666666,10.0
MR Marsh,Suyash Sharma,15,28,0,186.66666666666666,28.0
PP Shaw,MM Ali,15,24,0,160.0,24.0
Washington Sundar,GJ Maxwell,15,18,0,120.0,18.0
NV Ojha,AD Mathews,15,28,0,186.66666666666666,28.0
JA Morkel,A Nehra,15,18,1,120.0,18.0
JA Morkel,AA Jhunjhunwala,15,17,1,113.33333333333333,17.0
Priyansh Arya,Mohammed Shami,15,26,1,173.33333333333334,26.0
MK Lomror,Rashid Khan,15,14,0,93.33333333333333,14.0
HM Amla,DS Kulkarni,15,15,0,100.0,15.0
KP Pietersen,Kamran Khan,15,30,0,200.0,30.0
CH Gayle,SW Tait,15,15,0,100.0,15.0
CH Gayle,PJ Cummins,15,9,0,60.0,9.0
KC Sangakkara,S Nadeem,15,21,0,140.0,21.0
KC Sangakkara,SC Ganguly,15,22,0,146.66666666666666,22.0
KD Karthik,AJ Tye,15,17,0,113.33333333333333,17.0
D Padikkal,Noor Ahmad,15,15,1,100.0,15.0
Priyansh Arya,VG Arora,15,26,0,173.33333333333334,26.0
PA Patel,STR Binny,15,17,0,113.33333333333333,17.0
PA Patel,Sohail Tanvir,15,11,1,73.33333333333333,11.0
DB Ravi Teja,P Kumar,15,15,0,100.0,15.0
DA Miller,GJ Maxwell,15,26,0,173.33333333333334,26.0
N Rana,CH Morris,15,28,3,186.66666666666666,9.333333333333334
A Mishra,SC Ganguly,15,14,0,93.33333333333333,14.0
A Mishra,SL Malinga,15,5,2,33.33333333333333,2.5
RV Uthappa,S Gopal,15,30,0,200.0,30.0
MK Tiwary,R Vinay Kumar,15,9,3,60.0,3.0
MK Tiwary,S Aravind,15,16,0,106.66666666666667,16.0
MK Tiwary,S Nadeem,15,13,1,86.66666666666667,13.0
AM Rahane,Iqbal Abdulla,15,23,0,153.33333333333334,23.0
VR Iyer,DJ Willey,15,9,1,60.0,9.0
VR Iyer,DR Sams,15,21,0,140.0,21.0
VR Iyer,FA Allen,15,26,0,173.33333333333334,26.0
PA Patel,AS Rajpoot,15,20,0,133.33333333333331,20.0
AL Menaria,R Ashwin,15,9,2,60.0,4.5
DA Warner,DJ Hooda,15,18,0,120.0,18.0
SR Tendulkar,T Thushara,15,13,1,86.66666666666667,13.0
Shubman Gill,Navdeep Saini,15,9,1,60.0,9.0
RG Sharma,Mohammad Nabi,15,11,1,73.33333333333333,11.0
KM Jadhav,MM Sharma,15,20,2,133.33333333333331,10.0
KM Jadhav,SK Trivedi,15,11,1,73.33333333333333,11.0
BA Stokes,Mohammed Shami,15,16,2,106.66666666666667,8.0
STR Binny,DJG Sammy,15,16,1,106.66666666666667,16.0
KP Pietersen,Sandeep Sharma,15,12,0,80.0,12.0
CA Lynn,KK Ahmed,15,17,1,113.33333333333333,17.0
KC Sangakkara,LR Shukla,15,21,1,140.0,21.0
TH David,Naveen-ul-Haq,15,21,0,140.0,21.0
Dhruv Jurel,Arshdeep Singh,15,30,0,200.0,30.0
MK Tiwary,PJ Cummins,15,20,1,133.33333333333331,20.0
Shubman Gill,L Ngidi,15,10,1,66.66666666666666,10.0
Shubman Gill,M Markande,15,22,1,146.66666666666666,22.0
HH Pandya,Shivam Mavi,15,20,0,133.33333333333331,20.0
HH Pandya,T Natarajan,15,23,0,153.33333333333334,23.0
STR Binny,B Kumar,15,19,1,126.66666666666666,19.0
B Sai Sudharsan,VG Arora,15,18,0,120.0,18.0
EJG Morgan,TK Curran,15,22,0,146.66666666666666,22.0
N Pooran,Mukesh Kumar,15,22,1,146.66666666666666,22.0
CJ Anderson,PV Tambe,15,28,0,186.66666666666666,28.0
SA Yadav,Shahbaz Ahmed,15,28,0,186.66666666666666,28.0
NV Ojha,DJ Bravo,15,6,1,40.0,6.0
AL Menaria,RA Jadeja,15,14,0,93.33333333333333,14.0
YBK Jaiswal,Washington Sundar,15,28,0,186.66666666666666,28.0
PP Shaw,GJ Maxwell,15,15,0,100.0,15.0
DR Smith,VS Malik,15,19,0,126.66666666666666,19.0
A Mishra,AB Dinda,15,18,1,120.0,18.0
A Mishra,Harbhajan Singh,15,13,0,86.66666666666667,13.0
HH Pandya,JR Hazlewood,15,35,1,233.33333333333334,35.0
R Parag,Simarjeet Singh,15,17,1,113.33333333333333,17.0
Azhar Mahmood,R Vinay Kumar,15,28,0,186.66666666666666,28.0
MEK Hussey,WD Parnell,15,13,0,86.66666666666667,13.0
YK Pathan,WPUJC Vaas,15,35,0,233.33333333333334,35.0
WG Jacks,E Malinga,15,21,0,140.0,21.0
RV Uthappa,A Ashish Reddy,15,20,3,133.33333333333331,6.666666666666667
Q de Kock,C Sakariya,15,25,0,166.66666666666669,25.0
RN ten Doeschate,Harbhajan Singh,15,15,0,100.0,15.0
Abhishek Sharma,N Rana,15,43,1,286.6666666666667,43.0
F du Plessis,DL Chahar,15,22,1,146.66666666666666,22.0
F du Plessis,DT Christian,15,15,0,100.0,15.0
F du Plessis,Harshit Rana,15,28,1,186.66666666666666,28.0
KS Williamson,JC Archer,15,27,0,180.0,27.0
V Kohli,Shivam Mavi,15,25,0,166.66666666666669,25.0
SA Yadav,A Mishra,15,23,0,153.33333333333334,23.0
SA Yadav,A Nortje,15,18,2,120.0,9.0
BB McCullum,I Sharma,15,31,1,206.66666666666669,31.0
Abhishek Sharma,Noor Ahmad,15,14,0,93.33333333333333,14.0
Abhishek Sharma,RD Chahar,15,10,2,66.66666666666666,5.0
Azhar Mahmood,SK Trivedi,15,22,0,146.66666666666666,22.0
DJ Bravo,JH Kallis,15,9,1,60.0,9.0
B Sai Sudharsan,R Dhawan,15,15,0,100.0,15.0
SS Iyer,Ashwani Kumar,15,37,0,246.66666666666669,37.0
RV Uthappa,GC Viljoen,15,17,0,113.33333333333333,17.0
RV Uthappa,Akash Deep,15,24,0,160.0,24.0
MS Dhoni,Imran Tahir,15,8,1,53.333333333333336,8.0
AM Rahane,AB Dinda,15,9,0,60.0,9.0
F du Plessis,KK Cooper,15,13,1,86.66666666666667,13.0
Abhishek Sharma,LS Livingstone,15,23,0,153.33333333333334,23.0
PK Garg,DJ Bravo,15,17,1,113.33333333333333,17.0
SS Iyer,Shakib Al Hasan,15,19,0,126.66666666666666,19.0
SS Iyer,Umran Malik,15,16,2,106.66666666666667,8.0
JC Buttler,K Kartikeya,15,14,0,93.33333333333333,14.0
JC Buttler,GJ Maxwell,15,21,0,140.0,21.0
JC Buttler,I Sharma,15,13,0,86.66666666666667,13.0
STR Binny,PP Chawla,15,21,1,140.0,21.0
MEK Hussey,M Kartik,15,15,1,100.0,15.0
Q de Kock,Basil Thampi,15,26,0,173.33333333333334,26.0
F du Plessis,JP Faulkner,15,12,1,80.0,12.0
KA Pollard,JO Holder,15,19,1,126.66666666666666,19.0
AT Rayudu,KV Sharma,15,12,1,80.0,12.0
KA Pollard,Mohammed Siraj,15,8,1,53.333333333333336,8.0
S Dhawan,JDP Oram,15,17,0,113.33333333333333,17.0
CA Lynn,R Ashwin,15,25,0,166.66666666666669,25.0
CA Lynn,R Tewatia,15,9,0,60.0,9.0
KA Pollard,P Kumar,15,31,0,206.66666666666669,31.0
SS Iyer,Zeeshan Ansari,15,31,0,206.66666666666669,31.0
BA Stokes,CH Morris,15,12,2,80.0,6.0
DJ Bravo,M Kartik,15,18,1,120.0,18.0
Yuvraj Singh,KV Sharma,15,9,1,60.0,9.0
KS Williamson,Washington Sundar,15,21,0,140.0,21.0
KS Williamson,S Gopal,15,10,1,66.66666666666666,10.0
AT Rayudu,TG Southee,15,32,0,213.33333333333334,32.0
AM Rahane,CR Woakes,15,22,1,146.66666666666666,22.0
SN Khan,B Kumar,15,40,0,266.66666666666663,40.0
F du Plessis,K Rabada,15,16,3,106.66666666666667,5.333333333333333
SB Styris,JA Morkel,15,19,0,126.66666666666666,19.0
WP Saha,MG Johnson,15,19,0,126.66666666666666,19.0
Shashank Singh,T Natarajan,15,24,0,160.0,24.0
C Connolly,Prince Yadav,15,20,1,133.33333333333331,20.0
P Simran Singh,V Viyaskanth,15,22,1,146.66666666666666,22.0
DA Warner,CH Gayle,15,16,0,106.66666666666667,16.0
TL Suman,Yuvraj Singh,15,26,0,173.33333333333334,26.0
KA Pollard,LH Ferguson,15,9,1,60.0,9.0
KA Pollard,IK Pathan,15,13,3,86.66666666666667,4.333333333333333
JC Buttler,Rasikh Salam,15,30,0,200.0,30.0
V Kohli,A Chandila,15,15,0,100.0,15.0
Shubman Gill,C Sakariya,15,15,0,100.0,15.0
Kartik Sharma,MP Yadav,15,13,0,86.66666666666667,13.0
R Parag,PJ Cummins,15,14,3,93.33333333333333,4.666666666666667
SE Marsh,RA Jadeja,15,19,0,126.66666666666666,19.0
S Dhawan,P Awana,15,20,0,133.33333333333331,20.0
LA Pomersbach,A Kumble,15,20,0,133.33333333333331,20.0
Shashank Singh,MM Sharma,15,27,0,180.0,27.0
CJ Anderson,KK Cooper,15,24,0,160.0,24.0
SP Fleming,DP Vijaykumar,15,17,1,113.33333333333333,17.0
DR Smith,P Awana,15,14,0,93.33333333333333,14.0
MM Ali,GJ Maxwell,15,12,1,80.0,12.0
PP Shaw,K Gowtham,15,31,1,206.66666666666669,31.0
VR Iyer,KH Pandya,15,12,1,80.0,12.0
SPD Smith,TG Southee,15,21,0,140.0,21.0
SR Tendulkar,A Kumble,15,21,0,140.0,21.0
PA Patel,DJ Bravo,15,20,3,133.33333333333331,6.666666666666667
P Simran Singh,UT Yadav,15,25,0,166.66666666666669,25.0
STR Binny,Z Khan,15,14,1,93.33333333333333,14.0
AM Rahane,PWH de Silva,15,13,2,86.66666666666667,6.5
JC Buttler,P Kumar,15,9,0,60.0,9.0
TM Dilshan,A Symonds,15,16,1,106.66666666666667,16.0
KA Pollard,A Nortje,15,16,1,106.66666666666667,16.0
KA Pollard,CJ Jordan,15,31,1,206.66666666666669,31.0
SV Samson,AB Dinda,15,32,0,213.33333333333334,32.0
MD Mishra,DE Bollinger,15,20,1,133.33333333333331,20.0
LR Shukla,J Botha,15,16,1,106.66666666666667,16.0
LR Shukla,Joginder Sharma,15,21,1,140.0,21.0
V Sehwag,A Singh,15,22,0,146.66666666666666,22.0
N Jagadeesan,Mohammed Shami,15,13,1,86.66666666666667,13.0
Abishek Porel,R Ashwin,15,19,1,126.66666666666666,19.0
SR Watson,IC Pandey,15,18,0,120.0,18.0
MS Dhoni,P Awana,15,20,1,133.33333333333331,20.0
PD Salt,S Joseph,15,15,0,100.0,15.0
CL White,A Nehra,15,15,0,100.0,15.0
CJ Anderson,SK Raina,15,29,0,193.33333333333334,29.0
R McLaren,WD Parnell,15,14,0,93.33333333333333,14.0
R Parag,A Mishra,15,16,1,106.66666666666667,16.0
A Mhatre,M Jansen,15,19,1,126.66666666666666,19.0
RN ten Doeschate,AG Murtaza,15,27,0,180.0,27.0
RM Patidar,RD Chahar,15,34,1,226.66666666666666,34.0
D Padikkal,NT Ellis,15,11,1,73.33333333333333,11.0
MM Ali,Sandeep Sharma,15,26,0,173.33333333333334,26.0
RR Rossouw,Harpreet Brar,15,29,1,193.33333333333334,29.0
RR Rossouw,MM Ali,15,7,0,46.666666666666664,7.0
RA Tripathi,A Nortje,15,14,1,93.33333333333333,14.0
SK Raina,DJ Hooda,15,16,0,106.66666666666667,16.0
K Rabada,AR Patel,15,8,0,53.333333333333336,8.0
K Rabada,Harbhajan Singh,15,16,0,106.66666666666667,16.0
Shakib Al Hasan,BB Sran,15,20,0,133.33333333333331,20.0
S Badrinath,RJ Harris,15,10,0,66.66666666666666,10.0
S Badrinath,RR Powar,15,17,0,113.33333333333333,17.0
LRPL Taylor,SL Malinga,15,5,2,33.33333333333333,2.5
LRPL Taylor,Shakib Al Hasan,15,11,0,73.33333333333333,11.0
Naman Dhir,B Kumar,15,11,1,73.33333333333333,11.0
NV Ojha,SJ Srivastava,15,29,1,193.33333333333334,29.0
NV Ojha,SK Raina,15,18,1,120.0,18.0
RA Tripathi,CJ Jordan,15,29,0,193.33333333333334,29.0
CH Gayle,GJ Maxwell,15,35,0,233.33333333333334,35.0
JC Buttler,V Nigam,15,29,0,193.33333333333334,29.0
SK Raina,A Singh,15,27,2,180.0,13.5
D Ferreira,Sakib Hussain,15,29,1,193.33333333333334,29.0
MC Henriques,NLTC Perera,15,19,0,126.66666666666666,19.0
MC Henriques,P Kumar,15,28,1,186.66666666666666,28.0
AD Russell,Sandeep Sharma,15,11,1,73.33333333333333,11.0
Y Venugopal Rao,A Nehra,15,23,2,153.33333333333334,11.5
H Klaasen,MA Starc,15,33,0,220.00000000000003,33.0
AC Gilchrist,TM Dilshan,15,13,0,86.66666666666667,13.0
WP Saha,L Balaji,15,33,1,220.00000000000003,33.0
PC Valthaty,Harbhajan Singh,15,12,0,80.0,12.0
PC Valthaty,IK Pathan,15,20,2,133.33333333333331,10.0
PBB Rajapaksa,Rashid Khan,15,10,0,66.66666666666666,10.0
Y Venugopal Rao,S Sreesanth,15,5,1,33.33333333333333,5.0
BB Samantray,KK Cooper,15,28,0,186.66666666666666,28.0
MP Stoinis,Washington Sundar,15,22,1,146.66666666666666,22.0
DPMD Jayawardene,A Mishra,15,20,0,133.33333333333331,20.0
SS Iyer,M Ashwin,15,9,2,60.0,4.5
SS Iyer,M Tiwari,15,26,0,173.33333333333334,26.0
DA Warner,AB Agarkar,15,26,1,173.33333333333334,26.0
Aniket Verma,AR Patel,15,34,0,226.66666666666666,34.0
R Dravid,S Randiv,15,24,1,160.0,24.0
H Klaasen,DL Chahar,15,28,0,186.66666666666666,28.0
RK Singh,AS Joseph,15,15,0,100.0,15.0
LRPL Taylor,R Sharma,15,6,0,40.0,6.0
Shahbaz Ahmed,JO Holder,15,13,1,86.66666666666667,13.0
GJ Maxwell,M Jansen,15,12,1,80.0,12.0
GJ Maxwell,M Morkel,15,22,1,146.66666666666666,22.0
SA Asnodkar,SM Pollock,15,21,0,140.0,21.0
JP Inglis,Noor Ahmad,15,13,0,86.66666666666667,13.0
UBT Chand,MM Sharma,15,15,2,100.0,7.5
SS Iyer,OC McCoy,15,18,0,120.0,18.0
MC Henriques,SP Narine,15,17,2,113.33333333333333,8.5
GJ Maxwell,PJ Cummins,15,19,1,126.66666666666666,19.0
V Sehwag,DS Kulkarni,15,20,2,133.33333333333331,10.0
LS Livingstone,J Suchith,15,15,0,100.0,15.0
RK Singh,AK Markram,15,16,0,106.66666666666667,16.0
GJ Maxwell,Sandeep Sharma,15,25,2,166.66666666666669,12.5
YBK Jaiswal,G Coetzee,15,22,0,146.66666666666666,22.0
WP Saha,Avesh Khan,15,24,1,160.0,24.0
LS Livingstone,M Prasidh Krishna,15,19,1,126.66666666666666,19.0
SPD Smith,S Badree,15,28,0,186.66666666666666,28.0
B Sai Sudharsan,Akash Deep,15,17,0,113.33333333333333,17.0
Yuvraj Singh,MG Johnson,15,20,0,133.33333333333331,20.0
SA Asnodkar,M Muralitharan,15,13,1,86.66666666666667,13.0
AA Jhunjhunwala,S Ladda,15,16,0,106.66666666666667,16.0
MA Agarwal,Mustafizur Rahman,15,19,1,126.66666666666666,19.0
MA Agarwal,Navdeep Saini,15,16,0,106.66666666666667,16.0
MA Agarwal,Pankaj Singh,15,19,1,126.66666666666666,19.0
CM Gautam,Sandeep Sharma,15,21,0,140.0,21.0
FY Fazal,A Symonds,15,14,0,93.33333333333333,14.0
WP Saha,JR Hazlewood,15,9,0,60.0,9.0
AM Nayar,MG Johnson,15,16,0,106.66666666666667,16.0
DJ Hussey,RA Jadeja,15,14,0,93.33333333333333,14.0
DJ Hussey,VRV Singh,15,20,0,133.33333333333331,20.0
YBK Jaiswal,Harshit Rana,15,32,0,213.33333333333334,32.0
Lalit Yadav,RD Chahar,15,12,0,80.0,12.0
GJ Bailey,MM Sharma,15,42,0,280.0,42.0
Tilak Varma,Vijaykumar Vyshak,15,24,2,160.0,12.0
JEC Franklin,L Balaji,15,33,0,220.00000000000003,33.0
Ashutosh Sharma,Sandeep Sharma,15,8,0,53.333333333333336,8.0
JP Duminy,PV Tambe,15,17,1,113.33333333333333,17.0
JP Duminy,SR Watson,15,20,0,133.33333333333331,20.0
JP Duminy,Shakib Al Hasan,15,12,0,80.0,12.0
JP Duminy,UT Yadav,15,15,0,100.0,15.0
TM Dilshan,RR Powar,15,29,0,193.33333333333334,29.0
RD Gaikwad,Kuldeep Yadav,15,31,0,206.66666666666669,31.0
Mandeep Singh,KH Pandya,15,15,2,100.0,7.5
R Dravid,MS Gony,15,11,2,73.33333333333333,5.5
AK Markram,JC Archer,15,18,1,120.0,18.0
Lalit Yadav,SP Narine,15,4,3,26.666666666666668,1.3333333333333333
M Manhas,Harmeet Singh,15,23,0,153.33333333333334,23.0
M Kaif,AB Dinda,15,25,0,166.66666666666669,25.0
M Shahrukh Khan,TA Boult,15,34,0,226.66666666666666,34.0
S Dube,Harshit Rana,15,21,0,140.0,21.0
MP Stoinis,B Kumar,15,26,2,173.33333333333334,13.0
SS Iyer,MJ Santner,15,20,0,133.33333333333331,20.0
Abishek Porel,Arshad Khan,15,24,1,160.0,24.0
JP Duminy,SK Raina,15,14,0,93.33333333333333,14.0
RA Tripathi,NT Ellis,15,23,0,153.33333333333334,23.0
TM Dilshan,YK Pathan,15,13,1,86.66666666666667,13.0
MA Agarwal,RP Singh,15,24,0,160.0,24.0
GJ Bailey,UT Yadav,15,25,1,166.66666666666669,25.0
GJ Bailey,DW Steyn,15,27,0,180.0,27.0
V Sehwag,Joginder Sharma,15,36,1,240.0,36.0
V Sehwag,KA Pollard,15,37,0,246.66666666666669,37.0
GJ Maxwell,AF Milne,15,31,0,206.66666666666669,31.0
Salman Butt,SR Watson,15,13,0,86.66666666666667,13.0
V Sehwag,MA Starc,15,10,0,66.66666666666666,10.0
P Simran Singh,Ravi Bishnoi,15,38,0,253.33333333333331,38.0
Nithish Kumar Reddy,JC Archer,15,19,1,126.66666666666666,19.0
JH Kallis,DR Smith,15,15,1,100.0,15.0
JH Kallis,AB Agarkar,15,19,1,126.66666666666666,19.0
JP Duminy,MM Sharma,15,30,0,200.0,30.0
JH Kallis,AM Salvi,15,13,0,86.66666666666667,13.0
RD Gaikwad,Harpreet Brar,15,27,0,180.0,27.0
DR Smith,Imran Tahir,15,14,3,93.33333333333333,4.666666666666667
Abhishek Sharma,TG Southee,15,33,0,220.00000000000003,33.0
SM Curran,KH Pandya,15,28,0,186.66666666666666,28.0
M Shahrukh Khan,C Green,15,31,0,206.66666666666669,31.0
YBK Jaiswal,A Kamboj,15,15,1,100.0,15.0
RK Singh,M Prasidh Krishna,15,18,0,120.0,18.0
RK Singh,M Theekshana,15,13,0,86.66666666666667,13.0
M Shahrukh Khan,J Suchith,15,16,0,106.66666666666667,16.0
M Shahrukh Khan,KV Sharma,15,23,0,153.33333333333334,23.0
BA Stokes,DL Chahar,15,18,2,120.0,9.0
BA Stokes,DR Smith,15,28,0,186.66666666666666,28.0
MS Dhoni,R Tewatia,15,9,0,60.0,9.0
Mandeep Singh,JP Faulkner,15,31,1,206.66666666666669,31.0
AM Nayar,M Kartik,15,11,2,73.33333333333333,5.5
DJ Hooda,B Kumar,15,12,2,80.0,6.0
DJ Hooda,C Sakariya,15,22,0,146.66666666666666,22.0
CH Gayle,JP Duminy,15,24,0,160.0,24.0
A Badoni,R Shepherd,15,29,1,193.33333333333334,29.0
JP Duminy,DJ Hooda,15,11,0,73.33333333333333,11.0
JP Duminy,DW Steyn,15,24,1,160.0,24.0
Naman Dhir,KH Pandya,15,23,1,153.33333333333334,23.0
Naman Dhir,M Prasidh Krishna,15,23,3,153.33333333333334,7.666666666666667
Washington Sundar,T Natarajan,15,22,2,146.66666666666666,11.0
DA Miller,Sandeep Sharma,15,16,2,106.66666666666667,8.0
Rashid Khan,AR Patel,15,19,1,126.66666666666666,19.0
CL White,DJ Bravo,15,26,2,173.33333333333334,13.0
SW Billings,PP Chawla,15,30,0,200.0,30.0
AC Gilchrist,R Vinay Kumar,15,17,1,113.33333333333333,17.0
BJ Hodge,RJ Harris,15,22,2,146.66666666666666,11.0
R Bhatia,RA Jadeja,15,18,1,120.0,18.0
SV Samson,TG Southee,15,12,0,80.0,12.0
MP Stoinis,KK Ahmed,15,10,2,66.66666666666666,5.0
AM Rahane,DL Vettori,15,13,0,86.66666666666667,13.0
SO Hetmyer,PWH de Silva,15,14,1,93.33333333333333,14.0
JO Holder,Arshdeep Singh,15,12,1,80.0,12.0
Tilak Varma,Noor Ahmad,15,14,2,93.33333333333333,7.0
SK Raina,Anureet Singh,15,20,0,133.33333333333331,20.0
RA Tripathi,MJ McClenaghan,15,21,1,140.0,21.0
Tilak Varma,MP Stoinis,15,20,0,133.33333333333331,20.0
Tilak Varma,Mukesh Kumar,15,26,5,173.33333333333334,5.2
S Badrinath,Harmeet Singh,15,13,0,86.66666666666667,13.0
SV Samson,M Pathirana,15,18,0,120.0,18.0
BB Samantray,R Sharma,15,16,1,106.66666666666667,16.0
DJ Hussey,A Nehra,15,12,1,80.0,12.0
WP Saha,JP Behrendorff,15,15,0,100.0,15.0
AJ Finch,MM Sharma,15,20,3,133.33333333333331,6.666666666666667
YBK Jaiswal,Ravi Bishnoi,15,14,0,93.33333333333333,14.0
DA Miller,SN Thakur,15,19,0,126.66666666666666,19.0
DA Miller,PWH de Silva,15,19,1,126.66666666666666,19.0
GJ Bailey,AB Dinda,15,18,0,120.0,18.0
V Sehwag,R Rampaul,15,12,0,80.0,12.0
V Sehwag,RJ Harris,15,18,0,120.0,18.0
M Vijay,AB Agarkar,15,19,1,126.66666666666666,19.0
SM Curran,M Jansen,15,23,1,153.33333333333334,23.0
Mandeep Singh,AD Russell,15,22,1,146.66666666666666,22.0
B Sai Sudharsan,Ravi Bishnoi,15,17,2,113.33333333333333,8.5
GJ Bailey,A Nehra,15,9,2,60.0,4.5
PD Salt,HV Patel,15,43,0,286.6666666666667,43.0
M Vijay,JE Taylor,15,13,0,86.66666666666667,13.0
Abishek Porel,DL Chahar,15,17,0,113.33333333333333,17.0
Abishek Porel,HV Patel,15,34,2,226.66666666666666,17.0
Abishek Porel,JC Archer,15,17,0,113.33333333333333,17.0
AD Russell,NLTC Perera,15,22,1,146.66666666666666,22.0
BB McCullum,B Lee,15,16,0,106.66666666666667,16.0
AT Rayudu,DT Christian,15,10,0,66.66666666666666,10.0
JM Sharma,JC Archer,15,23,0,153.33333333333334,23.0
AB de Villiers,STR Binny,15,16,0,106.66666666666667,16.0
M Vijay,CH Gayle,15,13,0,86.66666666666667,13.0
AM Rahane,VR Aaron,15,30,0,200.0,30.0
G Gambhir,YK Pathan,15,15,0,100.0,15.0
MS Dhoni,TK Curran,15,37,0,246.66666666666669,37.0
M Vohra,Z Khan,15,2,1,13.333333333333334,2.0
G Gambhir,BW Hilfenhaus,15,14,1,93.33333333333333,14.0
TM Head,Yash Dayal,15,27,0,180.0,27.0
A Badoni,AD Russell,15,22,0,146.66666666666666,22.0
AT Rayudu,Ankit Sharma,15,17,0,113.33333333333333,17.0
JM Bairstow,P Ray Barman,15,41,0,273.3333333333333,41.0
JM Sharma,Arshad Khan,15,18,0,120.0,18.0
JM Sharma,HH Pandya,15,23,0,153.33333333333334,23.0
SPD Smith,MG Johnson,15,12,2,80.0,6.0
Mandeep Singh,DS Kulkarni,15,24,0,160.0,24.0
M Vohra,IC Pandey,15,19,2,126.66666666666666,9.5
Abdul Samad,Yash Thakur,15,26,0,173.33333333333334,26.0
M Vohra,P Kumar,15,5,0,33.33333333333333,5.0
G Gambhir,JP Duminy,15,26,0,173.33333333333334,26.0
Yuvraj Singh,S Randiv,15,11,0,73.33333333333333,11.0
A Badoni,SM Curran,15,18,1,120.0,18.0
G Gambhir,NLTC Perera,15,10,0,66.66666666666666,10.0
G Gambhir,HH Pandya,15,21,1,140.0,21.0
RA Jadeja,A Nehra,15,19,1,126.66666666666666,19.0
KK Nair,AR Patel,15,19,2,126.66666666666666,9.5
MS Dhoni,A Mithun,15,34,0,226.66666666666666,34.0
AJ Finch,DP Nannes,15,22,0,146.66666666666666,22.0
CA Lynn,AR Patel,15,22,1,146.66666666666666,22.0
KH Pandya,CH Morris,15,21,1,140.0,21.0
T Stubbs,HV Patel,15,16,0,106.66666666666667,16.0
Ishan Kishan,Rasikh Salam,15,24,1,160.0,24.0
SK Raina,J Suchith,15,27,2,180.0,13.5
SK Raina,JC Archer,15,12,0,80.0,12.0
S Dube,SM Curran,15,22,0,146.66666666666666,22.0
B Sai Sudharsan,M Markande,15,19,0,126.66666666666666,19.0
N Rana,V Shankar,15,21,1,140.0,21.0
JH Kallis,SC Ganguly,15,15,0,100.0,15.0
RD Gaikwad,AM Ghazanfar,15,22,1,146.66666666666666,22.0
JJ Roy,R Tewatia,15,25,0,166.66666666666669,25.0
P Simran Singh,CV Varun,14,25,0,178.57142857142858,25.0
Yuvraj Singh,TA Boult,14,7,0,50.0,7.0
SPD Smith,DW Steyn,14,21,1,150.0,21.0
SPD Smith,HF Gurney,14,14,0,100.0,14.0
JJ Roy,UT Yadav,14,13,0,92.85714285714286,13.0
SA Yadav,S Nadeem,14,23,1,164.28571428571428,23.0
P Dogra,R Bhatia,14,6,3,42.857142857142854,2.0
S Dube,Shahbaz Ahmed,14,25,0,178.57142857142858,25.0
AB de Villiers,M Kartik,14,12,0,85.71428571428571,12.0
DA Miller,Mohammed Shami,14,26,0,185.71428571428572,26.0
OA Shah,Harbhajan Singh,14,24,0,171.42857142857142,24.0
Washington Sundar,PJ Cummins,14,15,0,107.14285714285714,15.0
DA Miller,TG Southee,14,22,0,157.14285714285714,22.0
DA Miller,Yash Dayal,14,17,0,121.42857142857142,17.0
Nithish Kumar Reddy,MA Starc,14,7,2,50.0,3.5
Naman Dhir,Mohammed Siraj,14,13,0,92.85714285714286,13.0
Washington Sundar,Sandeep Sharma,14,11,1,78.57142857142857,11.0
DA Miller,RP Singh,14,35,0,250.0,35.0
DA Miller,Rasikh Salam,14,23,1,164.28571428571428,23.0
DA Warner,A Nehra,14,25,0,178.57142857142858,25.0
Tilak Varma,M Jansen,14,39,0,278.57142857142856,39.0
SPD Smith,SK Trivedi,14,21,1,150.0,21.0
Yuvraj Singh,M Kartik,14,19,0,135.71428571428572,19.0
Rahmanullah Gurbaz,Mohammed Shami,14,22,1,157.14285714285714,22.0
DA Warner,AF Milne,14,30,0,214.28571428571428,30.0
Washington Sundar,JJ Bumrah,14,12,2,85.71428571428571,6.0
Washington Sundar,Mohammed Shami,14,15,1,107.14285714285714,15.0
Naman Dhir,Arshdeep Singh,14,26,1,185.71428571428572,26.0
NV Ojha,RR Powar,14,30,0,214.28571428571428,30.0
DA Warner,CK Langeveldt,14,29,0,207.14285714285717,29.0
AC Gilchrist,CH Gayle,14,23,0,164.28571428571428,23.0
P Simran Singh,TU Deshpande,14,25,1,178.57142857142858,25.0
NV Ojha,MM Patel,14,15,1,107.14285714285714,15.0
A Badoni,TA Boult,14,7,3,50.0,2.3333333333333335
AT Rayudu,CH Gayle,14,24,0,171.42857142857142,24.0
DA Miller,I Sharma,14,28,1,200.0,28.0
NV Ojha,KA Pollard,14,14,0,100.0,14.0
SR Tendulkar,A Nehra,14,15,1,107.14285714285714,15.0
SPD Smith,TA Boult,14,16,0,114.28571428571428,16.0
SPD Smith,UT Yadav,14,14,0,100.0,14.0
Anirudh Singh,DW Steyn,14,9,0,64.28571428571429,9.0
SP Narine,S Gopal,14,13,2,92.85714285714286,6.5
PA Patel,JC Archer,14,28,1,200.0,28.0
AL Menaria,P Awana,14,9,0,64.28571428571429,9.0
SR Tendulkar,GB Hogg,14,19,0,135.71428571428572,19.0
Rashid Khan,SN Thakur,14,21,1,150.0,21.0
DA Warner,LH Ferguson,14,17,1,121.42857142857142,17.0
N Wadhera,MP Yadav,14,21,0,150.0,21.0
Aman Hakim Khan,Noor Ahmad,14,9,0,64.28571428571429,9.0
DA Warner,MM Ali,14,20,0,142.85714285714286,20.0
JJ Roy,PP Chawla,14,15,2,107.14285714285714,7.5
AT Rayudu,BA Bhatt,14,20,0,142.85714285714286,20.0
DA Warner,S Kaushik,14,22,0,157.14285714285714,22.0
B Sai Sudharsan,Kartik Tyagi,14,32,0,228.57142857142856,32.0
SP Narine,MP Stoinis,14,30,0,214.28571428571428,30.0
SP Narine,Mohsin Khan,14,25,1,178.57142857142858,25.0
DA Warner,STR Binny,14,9,1,64.28571428571429,9.0
S Dube,RD Chahar,14,16,1,114.28571428571428,16.0
S Dube,Sakib Hussain,14,13,2,92.85714285714286,6.5
N Rana,Yash Dayal,14,20,0,142.85714285714286,20.0
AD Mathews,SR Watson,14,13,1,92.85714285714286,13.0
N Rana,P Negi,14,18,1,128.57142857142858,18.0
SA Yadav,Zeeshan Ansari,14,34,0,242.85714285714283,34.0
DA Warner,WPUJC Vaas,14,14,1,100.0,14.0
PA Patel,S Nadeem,14,16,2,114.28571428571428,8.0
PA Patel,S Sreesanth,14,20,0,142.85714285714286,20.0
SA Yadav,Umran Malik,14,27,0,192.85714285714286,27.0
TM Head,TU Deshpande,14,25,2,178.57142857142858,12.5
DH Yagnik,R Dhawan,14,22,0,157.14285714285714,22.0
S Vidyut,SR Watson,14,17,0,121.42857142857142,17.0
SA Asnodkar,A Symonds,14,21,0,150.0,21.0
S Dube,MM Ali,14,18,0,128.57142857142858,18.0
B Sai Sudharsan,SR Dubey,14,11,0,78.57142857142857,11.0
Yuvraj Singh,JJ Bumrah,14,5,1,35.714285714285715,5.0
DA Miller,A Nortje,14,31,0,221.42857142857144,31.0
PA Patel,TG Southee,14,19,0,135.71428571428572,19.0
SR Tendulkar,S Aravind,14,24,0,171.42857142857142,24.0
SR Tendulkar,SK Raina,14,12,1,85.71428571428571,12.0
SR Tendulkar,UT Yadav,14,11,2,78.57142857142857,5.5
N Rana,AJ Tye,14,12,1,85.71428571428571,12.0
DB Ravi Teja,PP Chawla,14,30,0,214.28571428571428,30.0
JH Kallis,S Randiv,14,9,1,64.28571428571429,9.0
N Pooran,Noor Ahmad,14,3,3,21.428571428571427,1.0
Y Nagar,R Ashwin,14,11,0,78.57142857142857,11.0
RV Uthappa,SK Raina,14,17,0,121.42857142857142,17.0
N Pooran,Rasikh Salam,14,18,1,128.57142857142858,18.0
N Pooran,Navdeep Saini,14,11,1,78.57142857142857,11.0
Yuvraj Singh,KMA Paul,14,12,0,85.71428571428571,12.0
PA Reddy,R Vinay Kumar,14,12,1,85.71428571428571,12.0
AK Markram,SN Thakur,14,16,1,114.28571428571428,16.0
AK Markram,TA Boult,14,24,1,171.42857142857142,24.0
N Pooran,DJ Bravo,14,26,0,185.71428571428572,26.0
AB de Villiers,CV Varun,14,17,0,121.42857142857142,17.0
Mohammed Siraj,DJ Bravo,14,22,1,157.14285714285714,22.0
Y Venugopal Rao,A Kumble,14,26,1,185.71428571428572,26.0
SR Watson,JR Hopes,14,20,0,142.85714285714286,20.0
SR Watson,L Balaji,14,27,1,192.85714285714286,27.0
WP Saha,M Theekshana,14,13,0,92.85714285714286,13.0
PBB Rajapaksa,AS Joseph,14,11,1,78.57142857142857,11.0
PBB Rajapaksa,PWH de Silva,14,23,1,164.28571428571428,23.0
DJ Hooda,KH Pandya,14,13,0,92.85714285714286,13.0
Yuvraj Singh,HH Pandya,14,12,1,85.71428571428571,12.0
AM Nayar,P Kumar,14,15,1,107.14285714285714,15.0
SR Watson,MF Maharoof,14,19,0,135.71428571428572,19.0
Yuvraj Singh,GJ Maxwell,14,15,1,107.14285714285714,15.0
SP Narine,Arshdeep Singh,14,21,1,150.0,21.0
Mandeep Singh,A Nehra,14,29,0,207.14285714285717,29.0
PC Valthaty,TG Southee,14,22,0,157.14285714285714,22.0
DJ Hooda,K Rabada,14,16,0,114.28571428571428,16.0
SR Watson,S Kaul,14,34,0,242.85714285714283,34.0
MV Boucher,SC Ganguly,14,6,1,42.857142857142854,6.0
MV Boucher,DL Vettori,14,16,0,114.28571428571428,16.0
RV Uthappa,K Gowtham,14,7,2,50.0,3.5
YBK Jaiswal,SH Johnson,14,22,0,157.14285714285714,22.0
CH Gayle,BB Sran,14,27,0,192.85714285714286,27.0
CH Gayle,AC Thomas,14,15,0,107.14285714285714,15.0
MS Wade,M Prasidh Krishna,14,13,0,92.85714285714286,13.0
SP Goswami,M Kartik,14,12,0,85.71428571428571,12.0
SP Goswami,SM Pollock,14,12,0,85.71428571428571,12.0
MS Wade,TA Boult,14,21,1,150.0,21.0
AB de Villiers,B Akhil,14,16,0,114.28571428571428,16.0
PD Salt,B Kumar,14,15,1,107.14285714285714,15.0
D Wiese,A Nehra,14,8,0,57.14285714285714,8.0
MS Dhoni,Shivam Mavi,14,22,0,157.14285714285714,22.0
PD Collingwood,R Sharma,14,17,0,121.42857142857142,17.0
DJ Hussey,VR Aaron,14,8,0,57.14285714285714,8.0
AM Rahane,A Kumble,14,22,0,157.14285714285714,22.0
MS Dhoni,S Aravind,14,22,1,157.14285714285714,22.0
RV Uthappa,CV Varun,14,23,1,164.28571428571428,23.0
PD Salt,M Jansen,14,30,1,214.28571428571428,30.0
CH Gayle,Kartik Tyagi,14,25,0,178.57142857142858,25.0
MS Dhoni,M Ashwin,14,7,0,50.0,7.0
WG Jacks,R Sai Kishore,14,28,0,200.0,28.0
MS Dhoni,MM Patel,14,17,1,121.42857142857142,17.0
MS Dhoni,PV Tambe,14,11,1,78.57142857142857,11.0
MS Dhoni,Karanveer Singh,14,18,1,128.57142857142858,18.0
SS Iyer,BA Stokes,14,20,0,142.85714285714286,20.0
MS Dhoni,DR Sams,14,8,0,57.14285714285714,8.0
RV Uthappa,AD Mascarenhas,14,11,2,78.57142857142857,5.5
DJ Willey,SP Narine,14,7,1,50.0,7.0
B Sai Sudharsan,Yash Raj Punja,14,26,1,185.71428571428572,26.0
BA Stokes,KH Pandya,14,19,0,135.71428571428572,19.0
WG Jacks,Noor Ahmad,14,17,1,121.42857142857142,17.0
RV Patel,RA Jadeja,14,15,1,107.14285714285714,15.0
PD Salt,T Natarajan,14,15,0,107.14285714285714,15.0
PD Salt,TU Deshpande,14,24,1,171.42857142857142,24.0
SK Raina,AM Nayar,14,21,0,150.0,21.0
SK Raina,Azhar Mahmood,14,22,1,157.14285714285714,22.0
SK Raina,B Lee,14,19,0,135.71428571428572,19.0
JH Kallis,AD Mathews,14,6,1,42.857142857142854,6.0
Tilak Varma,MM Sharma,14,25,0,178.57142857142858,25.0
DP Conway,AK Markram,14,27,0,192.85714285714286,27.0
PJ Cummins,CV Varun,14,19,1,135.71428571428572,19.0
D Padikkal,M Theekshana,14,22,0,157.14285714285714,22.0
PK Garg,KV Sharma,14,8,1,57.14285714285714,8.0
DPMD Jayawardene,B Kumar,14,10,0,71.42857142857143,10.0
MR Marsh,PVD Chameera,14,27,0,192.85714285714286,27.0
SC Ganguly,PJ Sangwan,14,9,0,64.28571428571429,9.0
PJ Cummins,SM Curran,14,41,1,292.85714285714283,41.0
PJ Cummins,TA Boult,14,23,2,164.28571428571428,11.5
MR Marsh,JJ Bumrah,14,29,1,207.14285714285717,29.0
AD Russell,MM Sharma,14,17,1,121.42857142857142,17.0
CH Gayle,LJ Wright,14,16,0,114.28571428571428,16.0
TM Head,CV Varun,14,31,1,221.42857142857144,31.0
JH Kallis,CK Langeveldt,14,18,1,128.57142857142858,18.0
JH Kallis,GD McGrath,14,10,0,71.42857142857143,10.0
BA Stokes,DJ Bravo,14,21,1,150.0,21.0
BA Stokes,Sandeep Sharma,14,11,0,78.57142857142857,11.0
Yuvraj Singh,AB Dinda,14,39,0,278.57142857142856,39.0
Yuvraj Singh,CH Gayle,14,14,0,100.0,14.0
VVS Laxman,DJ Bravo,14,18,1,128.57142857142858,18.0
DPMD Jayawardene,BW Hilfenhaus,14,18,0,128.57142857142858,18.0
BA Stokes,RD Chahar,14,21,1,150.0,21.0
SS Iyer,Mukesh Kumar,14,21,0,150.0,21.0
SS Iyer,Nithish Kumar Reddy,14,27,0,192.85714285714286,27.0
SC Ganguly,SJ Srivastava,14,32,0,228.57142857142856,32.0
SC Ganguly,SP Narine,14,7,0,50.0,7.0
JP Duminy,IC Pandey,14,11,2,78.57142857142857,5.5
JP Duminy,JH Kallis,14,30,0,214.28571428571428,30.0
JP Duminy,R Dhawan,14,13,0,92.85714285714286,13.0
JEC Franklin,P Awana,14,16,0,114.28571428571428,16.0
S Dube,Arshad Khan,14,23,1,164.28571428571428,23.0
BB McCullum,CRD Fernando,14,13,0,92.85714285714286,13.0
MP Stoinis,AJ Tye,14,21,1,150.0,21.0
SS Iyer,P Kumar,14,16,1,114.28571428571428,16.0
SS Iyer,Prince Yadav,14,26,0,185.71428571428572,26.0
SO Hetmyer,LH Ferguson,14,26,0,185.71428571428572,26.0
RR Pant,TG Southee,14,14,1,100.0,14.0
MM Ali,Washington Sundar,14,14,0,100.0,14.0
MM Ali,LH Ferguson,14,21,1,150.0,21.0
DR Smith,SW Tait,14,24,0,171.42857142857142,24.0
D Ferreira,PP Hinge,14,19,0,135.71428571428572,19.0
SS Iyer,Yash Thakur,14,15,1,107.14285714285714,15.0
SS Iyer,T Shamsi,14,22,0,157.14285714285714,22.0
DR Smith,PP Ojha,14,19,1,135.71428571428572,19.0
DR Smith,STR Binny,14,21,2,150.0,10.5
JP Duminy,MJ McClenaghan,14,14,0,100.0,14.0
AJ Finch,R Bhatia,14,29,1,207.14285714285717,29.0
AJ Finch,RD Chahar,14,24,0,171.42857142857142,24.0
TM Dilshan,SR Watson,14,14,1,100.0,14.0
DR Smith,TA Boult,14,14,0,100.0,14.0
DT Christian,KA Pollard,14,19,0,135.71428571428572,19.0
ML Hayden,RR Powar,14,14,2,100.0,7.0
ML Hayden,DS Kulkarni,14,21,0,150.0,21.0
SS Tiwary,A Kumble,14,18,1,128.57142857142858,18.0
SS Tiwary,BAW Mendis,14,16,0,114.28571428571428,16.0
RR Pant,Vijaykumar Vyshak,14,14,0,100.0,14.0
MK Tiwary,SW Tait,14,18,0,128.57142857142858,18.0
AM Rahane,J Suchith,14,17,0,121.42857142857142,17.0
SA Yadav,HF Gurney,14,19,0,135.71428571428572,19.0
Dhruv Jurel,DS Rathi,14,18,0,128.57142857142858,18.0
Dhruv Jurel,E Malinga,14,21,0,150.0,21.0
MK Tiwary,RS Bopara,14,20,0,142.85714285714286,20.0
MK Tiwary,JR Hopes,14,11,0,78.57142857142857,11.0
DT Christian,UT Yadav,14,9,2,64.28571428571429,4.5
DT Christian,Yuvraj Singh,14,13,1,92.85714285714286,13.0
VR Iyer,Avesh Khan,14,20,0,142.85714285714286,20.0
Dhruv Jurel,MA Starc,14,17,1,121.42857142857142,17.0
Dhruv Jurel,Mohsin Khan,14,29,0,207.14285714285717,29.0
BB McCullum,M Kartik,14,16,0,114.28571428571428,16.0
MK Pandey,VR Aaron,14,15,0,107.14285714285714,15.0
MK Tiwary,A Mithun,14,11,0,78.57142857142857,11.0
MK Tiwary,AF Milne,14,22,1,157.14285714285714,22.0
Dhruv Jurel,JR Hazlewood,14,10,1,71.42857142857143,10.0
AB de Villiers,YK Pathan,14,23,0,164.28571428571428,23.0
JEC Franklin,JA Morkel,14,14,0,100.0,14.0
Y Venugopal Rao,DL Vettori,14,11,1,78.57142857142857,11.0
S Dhawan,Umran Malik,14,26,0,185.71428571428572,26.0
V Suryavanshi,Prince Yadav,14,35,0,250.0,35.0
MK Pandey,P Negi,14,11,1,78.57142857142857,11.0
AM Rahane,M Kartik,14,13,0,92.85714285714286,13.0
AM Rahane,M Muralitharan,14,22,0,157.14285714285714,22.0
AD Russell,Ravi Bishnoi,14,17,1,121.42857142857142,17.0
MK Pandey,DT Christian,14,20,1,142.85714285714286,20.0
SS Tiwary,R Ashwin,14,15,0,107.14285714285714,15.0
YV Takawale,Sohail Tanvir,14,3,0,21.428571428571427,3.0
Atharva Taide,TA Boult,14,10,0,71.42857142857143,10.0
V Suryavanshi,Arshdeep Singh,14,36,1,257.14285714285717,36.0
V Suryavanshi,M Prasidh Krishna,14,15,1,107.14285714285714,15.0
MK Pandey,BCJ Cutting,14,25,0,178.57142857142858,25.0
MK Pandey,CJ Jordan,14,7,1,50.0,7.0
MK Pandey,DS Kulkarni,14,9,1,64.28571428571429,9.0
Priyansh Arya,AR Patel,14,37,1,264.2857142857143,37.0
A Symonds,DP Nannes,14,26,0,185.71428571428572,26.0
MK Lomror,Kuldeep Yadav,14,31,0,221.42857142857144,31.0
SS Tiwary,RP Singh,14,18,1,128.57142857142858,18.0
Priyansh Arya,Yash Dayal,14,23,1,164.28571428571428,23.0
Priyansh Arya,Mukesh Kumar,14,19,0,135.71428571428572,19.0
MK Pandey,A Nortje,14,17,0,121.42857142857142,17.0
RR Pant,Avesh Khan,14,12,0,85.71428571428571,12.0
ST Jayasuriya,DNT Zoysa,14,25,0,178.57142857142858,25.0
ST Jayasuriya,B Lee,14,4,2,28.57142857142857,2.0
MJ Guptill,S Nadeem,14,17,0,121.42857142857142,17.0
STR Binny,I Sharma,14,17,0,121.42857142857142,17.0
F du Plessis,D Wiese,14,22,0,157.14285714285714,22.0
SC Ganguly,Z Khan,14,11,2,78.57142857142857,5.5
MEK Hussey,TM Dilshan,14,19,0,135.71428571428572,19.0
JD Ryder,Z Khan,14,28,0,200.0,28.0
F du Plessis,CJ Anderson,14,37,0,264.2857142857143,37.0
Q de Kock,K Gowtham,14,29,0,207.14285714285717,29.0
Q de Kock,Kuldeep Yadav,14,20,2,142.85714285714286,10.0
Q de Kock,CH Morris,14,22,0,157.14285714285714,22.0
F du Plessis,DL Vettori,14,23,0,164.28571428571428,23.0
Abhishek Sharma,N Burger,14,22,0,157.14285714285714,22.0
F du Plessis,M Siddharth,14,22,0,157.14285714285714,22.0
Q de Kock,Imran Tahir,14,10,0,71.42857142857143,10.0
MEK Hussey,IC Pandey,14,11,0,78.57142857142857,11.0
MEK Hussey,JE Taylor,14,12,1,85.71428571428571,12.0
F du Plessis,JA Richardson,14,19,0,135.71428571428572,19.0
D Brevis,Azmatullah Omarzai,14,14,1,100.0,14.0
Y Venugopal Rao,MF Maharoof,14,24,1,171.42857142857142,24.0
AM Rahane,R Tewatia,14,12,0,85.71428571428571,12.0
MEK Hussey,JP Duminy,14,13,0,92.85714285714286,13.0
AM Rahane,R Parag,14,11,1,78.57142857142857,11.0
TM Dilshan,RG Sharma,14,13,0,92.85714285714286,13.0
F du Plessis,Kartik Tyagi,14,30,0,214.28571428571428,30.0
RN ten Doeschate,SL Malinga,14,17,0,121.42857142857142,17.0
Q de Kock,MG Johnson,14,29,0,207.14285714285717,29.0
STR Binny,SL Malinga,14,17,0,121.42857142857142,17.0
AM Rahane,R Rampaul,14,10,1,71.42857142857143,10.0
AM Rahane,R Shukla,14,24,0,171.42857142857142,24.0
MC Henriques,UT Yadav,14,18,1,128.57142857142858,18.0
Q de Kock,PP Chawla,14,9,2,64.28571428571429,4.5
F du Plessis,Mukesh Choudhary,14,30,0,214.28571428571428,30.0
F du Plessis,P Sahu,14,19,0,135.71428571428572,19.0
F du Plessis,Z Khan,14,22,0,157.14285714285714,22.0
FH Allen,Kuldeep Yadav,14,32,0,228.57142857142856,32.0
CM Gautam,AB Dinda,14,14,0,100.0,14.0
SV Samson,Iqbal Abdulla,14,15,0,107.14285714285714,15.0
SV Samson,DJ Bravo,14,18,2,128.57142857142858,9.0
JP Inglis,Yash Dayal,14,11,0,78.57142857142857,11.0
S Dhawan,BW Hilfenhaus,14,15,1,107.14285714285714,15.0
D Brevis,R Sai Kishore,14,13,0,92.85714285714286,13.0
F du Plessis,SK Trivedi,14,19,0,135.71428571428572,19.0
AA Jhunjhunwala,PJ Sangwan,14,9,0,64.28571428571429,9.0
MA Agarwal,VR Aaron,14,15,0,107.14285714285714,15.0
AM Rahane,Rasikh Salam,14,30,0,214.28571428571428,30.0
AM Rahane,SM Curran,14,26,0,185.71428571428572,26.0
MA Agarwal,M Morkel,14,17,2,121.42857142857142,8.5
MA Agarwal,HH Pandya,14,12,3,85.71428571428571,4.0
G Gambhir,AJ Tye,14,9,1,64.28571428571429,9.0
G Gambhir,Anand Rajan,14,11,1,78.57142857142857,11.0
SV Samson,M Prasidh Krishna,14,16,1,114.28571428571428,16.0
Q de Kock,S Sandeep Warrier,14,13,0,92.85714285714286,13.0
S Badrinath,JH Kallis,14,11,1,78.57142857142857,11.0
S Badrinath,L Balaji,14,22,1,157.14285714285714,22.0
S Badrinath,P Kumar,14,7,0,50.0,7.0
S Badrinath,PJ Sangwan,14,24,0,171.42857142857142,24.0
RA Jadeja,VRV Singh,14,13,0,92.85714285714286,13.0
S Dhawan,AR Patel,14,14,0,100.0,14.0
V Shankar,DL Chahar,14,11,1,78.57142857142857,11.0
Abhishek Sharma,G Coetzee,14,29,0,207.14285714285717,29.0
M Vohra,PP Chawla,14,19,2,135.71428571428572,9.5
G Gambhir,CJ Anderson,14,24,1,171.42857142857142,24.0
G Gambhir,DE Bollinger,14,14,0,100.0,14.0
V Shankar,AD Russell,14,18,1,128.57142857142858,18.0
RM Patidar,JJ Bumrah,14,10,0,71.42857142857143,10.0
RM Patidar,KK Ahmed,14,29,0,207.14285714285717,29.0
RM Patidar,Kuldeep Yadav,14,16,1,114.28571428571428,16.0
G Gambhir,Iqbal Abdulla,14,26,1,185.71428571428572,26.0
G Gambhir,PM Sarvesh Kumar,14,19,0,135.71428571428572,19.0
M Vohra,Mohammed Shami,14,26,0,185.71428571428572,26.0
K Goel,JH Kallis,14,11,1,78.57142857142857,11.0
JC Buttler,Suyash Sharma,14,29,0,207.14285714285717,29.0
M Vohra,I Sharma,14,24,0,171.42857142857142,24.0
R Ashwin,Harbhajan Singh,14,4,3,28.57142857142857,1.3333333333333333
M Vohra,AB Dinda,14,31,1,221.42857142857144,31.0
A Badoni,M Pathirana,14,10,0,71.42857142857143,10.0
YBK Jaiswal,DJ Willey,14,14,1,100.0,14.0
CL White,MN Samuels,14,17,2,121.42857142857142,8.5
M Vijay,NLTC Perera,14,23,2,164.28571428571428,11.5
M Vijay,JD Unadkat,14,24,0,171.42857142857142,24.0
R Ashwin,Mustafizur Rahman,14,21,1,150.0,21.0
GC Smith,PP Ojha,14,20,0,142.85714285714286,20.0
SM Curran,R Ashwin,14,15,0,107.14285714285714,15.0
RK Singh,TU Deshpande,14,25,1,178.57142857142858,25.0
SW Billings,AR Patel,14,23,1,164.28571428571428,23.0
M Vijay,A Zampa,14,24,0,171.42857142857142,24.0
R Bhatia,RP Singh,14,19,2,135.71428571428572,9.5
SV Samson,Umran Malik,14,25,0,178.57142857142858,25.0
CL White,DS Kulkarni,14,34,0,242.85714285714283,34.0
S Dhawan,R Vinay Kumar,14,24,0,171.42857142857142,24.0
GJ Bailey,A Mishra,14,19,1,135.71428571428572,19.0
M Shahrukh Khan,Avesh Khan,14,17,3,121.42857142857142,5.666666666666667
SM Curran,C Green,14,27,0,192.85714285714286,27.0
Sameer Rizvi,A Nortje,14,13,0,92.85714285714286,13.0
Sameer Rizvi,Harpreet Brar,14,16,0,114.28571428571428,16.0
Sameer Rizvi,JJ Bumrah,14,8,0,57.14285714285714,8.0
GJ Maxwell,JH Kallis,14,17,0,121.42857142857142,17.0
Sameer Rizvi,Mohsin Khan,14,13,0,92.85714285714286,13.0
GJ Maxwell,DS Kulkarni,14,24,0,171.42857142857142,24.0
Lalit Yadav,TA Boult,14,21,1,150.0,21.0
RK Singh,KV Sharma,14,19,0,135.71428571428572,19.0
LS Livingstone,Umran Malik,14,31,0,221.42857142857144,31.0
R Dravid,NLTC Perera,14,10,2,71.42857142857143,5.0
CA Lynn,TA Boult,14,17,0,121.42857142857142,17.0
TM Dilshan,JA Morkel,14,16,2,114.28571428571428,8.0
Shahbaz Ahmed,AR Patel,14,20,0,142.85714285714286,20.0
LS Livingstone,Mukesh Kumar,14,31,1,221.42857142857144,31.0
GJ Maxwell,PV Tambe,14,12,0,85.71428571428571,12.0
Shahbaz Ahmed,RA Jadeja,14,16,0,114.28571428571428,16.0
LS Livingstone,RA Jadeja,14,14,1,100.0,14.0
Gurkeerat Singh,A Mishra,14,19,1,135.71428571428572,19.0
LS Livingstone,Mukesh Choudhary,14,34,0,242.85714285714283,34.0
RG Sharma,VY Mahesh,14,18,0,128.57142857142858,18.0
Gurkeerat Singh,RA Jadeja,14,13,1,92.85714285714286,13.0
A Mhatre,L Ngidi,14,18,1,128.57142857142858,18.0
SE Marsh,PV Tambe,14,16,1,114.28571428571428,16.0
R Parag,A Nortje,14,35,0,250.0,35.0
AT Rayudu,A Nortje,14,28,0,200.0,28.0
JC Buttler,Noor Ahmad,14,25,0,178.57142857142858,25.0
Abdul Samad,AR Patel,14,9,0,64.28571428571429,9.0
A Mhatre,B Kumar,14,38,1,271.42857142857144,38.0
H Klaasen,Mohammed Siraj,14,28,1,200.0,28.0
S Badrinath,TM Dilshan,14,19,0,135.71428571428572,19.0
CL White,M Morkel,14,14,0,100.0,14.0
H Klaasen,J Overton,14,21,0,150.0,21.0
V Sehwag,A Symonds,14,39,1,278.57142857142856,39.0
V Sehwag,AB Dinda,14,14,1,100.0,14.0
LMP Simmons,JD Unadkat,14,7,1,50.0,7.0
LMP Simmons,S Aravind,14,10,1,71.42857142857143,10.0
LMP Simmons,Shivam Sharma,14,19,0,135.71428571428572,19.0
R Parag,HH Pandya,14,21,0,150.0,21.0
RG Sharma,Umran Malik,14,28,0,200.0,28.0
LMP Simmons,BE Hendricks,14,17,0,121.42857142857142,17.0
R Parag,KMA Paul,14,9,0,64.28571428571429,9.0
Shashank Singh,Akash Madhwal,14,20,0,142.85714285714286,20.0
TM Dilshan,A Ashish Reddy,14,16,0,114.28571428571428,16.0
Shashank Singh,M Pathirana,14,12,0,85.71428571428571,12.0
HH Gibbs,DP Nannes,14,22,1,157.14285714285714,22.0
CJ Anderson,CH Morris,14,19,1,135.71428571428572,19.0
CJ Anderson,SP Narine,14,9,2,64.28571428571429,4.5
RG Sharma,SM Curran,14,28,1,200.0,28.0
Shashank Singh,SP Narine,14,9,0,64.28571428571429,9.0
HH Pandya,A Mishra,14,9,2,64.28571428571429,4.5
HH Gibbs,I Sharma,14,11,0,78.57142857142857,11.0
KV Sharma,Sandeep Sharma,14,22,1,157.14285714285714,22.0
R Parag,PP Chawla,14,14,0,100.0,14.0
SK Raina,Sohail Tanvir,14,24,0,171.42857142857142,24.0
HH Gibbs,M Ntini,14,14,1,100.0,14.0
AT Rayudu,WD Parnell,14,15,0,107.14285714285714,15.0
HH Pandya,Akash Madhwal,14,29,0,207.14285714285717,29.0
AT Rayudu,I Sharma,14,11,2,78.57142857142857,5.5
JC Buttler,SR Watson,14,15,0,107.14285714285714,15.0
RA Jadeja,SK Raina,14,13,0,92.85714285714286,13.0
KS Williamson,Mujeeb Ur Rahman,14,21,0,150.0,21.0
KS Williamson,R Tewatia,14,15,0,107.14285714285714,15.0
KS Williamson,SM Curran,14,18,0,128.57142857142858,18.0
KS Williamson,MM Sharma,14,34,0,242.85714285714283,34.0
S Dhawan,P Parameswaran,14,28,0,200.0,28.0
S Dhawan,PC Valthaty,14,9,1,64.28571428571429,9.0
S Dhawan,R Dhawan,14,12,2,85.71428571428571,6.0
KS Williamson,BA Stokes,14,25,1,178.57142857142858,25.0
RG Sharma,NM Coulter-Nile,14,15,2,107.14285714285714,7.5
HH Pandya,M Jansen,14,22,2,157.14285714285714,11.0
KS Bharat,K Rabada,14,22,0,157.14285714285714,22.0
HH Pandya,Navdeep Saini,14,23,0,164.28571428571428,23.0
KA Pollard,L Ngidi,14,33,1,235.71428571428572,33.0
TL Suman,PJ Sangwan,14,8,2,57.14285714285714,4.0
JC Buttler,Kartik Tyagi,14,29,0,207.14285714285717,29.0
V Kohli,A Kamboj,14,21,1,150.0,21.0
A Raghuvanshi,PJ Cummins,14,14,0,100.0,14.0
KS Bharat,Avesh Khan,14,16,0,114.28571428571428,16.0
R Parag,Yash Dayal,14,11,2,78.57142857142857,5.5
A Mishra,HV Patel,14,11,1,78.57142857142857,11.0
AJ Finch,CV Varun,14,15,0,107.14285714285714,15.0
KP Pietersen,RP Singh,14,15,1,107.14285714285714,15.0
YK Pathan,MJ McClenaghan,14,18,0,128.57142857142858,18.0
KR Mayers,K Rabada,14,23,1,164.28571428571428,23.0
KP Pietersen,AD Mascarenhas,14,10,0,71.42857142857143,10.0
Shubman Gill,M Pathirana,14,10,1,71.42857142857143,10.0
HR Shokeen,D Pretorius,14,16,0,114.28571428571428,16.0
RG Sharma,Mukesh Kumar,14,21,0,150.0,21.0
RG Sharma,MF Maharoof,14,32,1,228.57142857142856,32.0
TL Suman,PP Chawla,14,17,1,121.42857142857142,17.0
KA Pollard,M Muralitharan,14,12,1,85.71428571428571,12.0
Ashutosh Sharma,JJ Bumrah,14,19,1,135.71428571428572,19.0
R Ravindra,Yash Dayal,14,24,1,171.42857142857142,24.0
R Sathish,JA Morkel,14,10,2,71.42857142857143,5.0
Shubman Gill,Mukesh Kumar,14,19,1,135.71428571428572,19.0
KM Jadhav,Iqbal Abdulla,14,13,0,92.85714285714286,13.0
KM Jadhav,Imran Tahir,14,12,0,85.71428571428571,12.0
A Symonds,M Morkel,14,12,0,85.71428571428571,12.0
AB de Villiers,R Tewatia,14,22,0,157.14285714285714,22.0
Harbhajan Singh,RP Singh,14,35,1,250.0,35.0
Harbhajan Singh,B Lee,14,23,0,164.28571428571428,23.0
C Green,B Kumar,14,17,0,121.42857142857142,17.0
C Green,K Rabada,14,12,1,85.71428571428571,12.0
R Tewatia,Ashwani Kumar,14,14,1,100.0,14.0
KM Jadhav,CH Morris,14,9,1,64.28571428571429,9.0
KA Pollard,Navdeep Saini,14,12,2,85.71428571428571,6.0
AD Mathews,IK Pathan,14,13,1,92.85714285714286,13.0
AR Patel,AJ Tye,14,24,1,171.42857142857142,24.0
KL Rahul,PV Tambe,14,8,0,57.14285714285714,8.0
RG Sharma,KA Jamieson,14,22,0,157.14285714285714,22.0
RG Sharma,KA Pollard,14,21,1,150.0,21.0
KL Rahul,JP Behrendorff,14,10,0,71.42857142857143,10.0
R Tewatia,JDS Neesham,14,9,1,64.28571428571429,9.0
KL Rahul,M Jansen,14,31,1,221.42857142857144,31.0
A Mishra,L Balaji,14,23,0,164.28571428571428,23.0
C Green,KH Pandya,14,31,0,221.42857142857144,31.0
C Green,Kuldeep Yadav,14,27,1,192.85714285714286,27.0
IK Pathan,DE Bollinger,14,25,0,178.57142857142858,25.0
CH Morris,JJ Bumrah,14,15,0,107.14285714285714,15.0
Shubman Gill,V Shankar,14,15,0,107.14285714285714,15.0
SK Raina,MN Samuels,14,23,0,164.28571428571428,23.0
TL Suman,MC Henriques,14,18,1,128.57142857142858,18.0
KA Pollard,PV Tambe,14,21,1,150.0,21.0
IK Pathan,PP Ojha,14,11,2,78.57142857142857,5.5
AR Patel,KA Pollard,14,19,1,135.71428571428572,19.0
R Tewatia,R Shepherd,14,24,0,171.42857142857142,24.0
AJ Finch,HH Pandya,14,15,0,107.14285714285714,15.0
Ishan Kishan,AD Russell,14,22,0,157.14285714285714,22.0
RA Jadeja,AB Agarkar,14,7,2,50.0,3.5
R Vinay Kumar,A Singh,14,16,3,114.28571428571428,5.333333333333333
KK Nair,R Ashwin,14,13,1,92.85714285714286,13.0
CH Gayle,YA Abdulla,14,19,1,135.71428571428572,19.0
CH Morris,B Kumar,14,20,1,142.85714285714286,20.0
KK Nair,MG Johnson,14,7,0,50.0,7.0
A Raghuvanshi,Avesh Khan,14,28,1,200.0,28.0
Ishan Kishan,DS Kulkarni,14,18,1,128.57142857142858,18.0
S Dhawan,MA Starc,14,20,0,142.85714285714286,20.0
AT Rayudu,RJ Harris,14,18,0,128.57142857142858,18.0
RA Jadeja,TU Deshpande,14,24,0,171.42857142857142,24.0
TL Suman,A Mishra,14,8,0,57.14285714285714,8.0
AJ Finch,JC Archer,14,18,0,128.57142857142858,18.0
RG Sharma,BW Hilfenhaus,14,26,1,185.71428571428572,26.0
Ishan Kishan,N Burger,14,22,1,157.14285714285714,22.0
V Kohli,JP Behrendorff,14,13,2,92.85714285714286,6.5
RA Jadeja,DJ Hussey,14,15,0,107.14285714285714,15.0
KK Nair,PP Ojha,14,35,0,250.0,35.0
KH Pandya,TA Boult,14,14,1,100.0,14.0
RA Jadeja,C Sakariya,14,20,0,142.85714285714286,20.0
RA Jadeja,CH Morris,14,19,3,135.71428571428572,6.333333333333333
V Kohli,JP Faulkner,14,10,1,71.42857142857143,10.0
Ishan Kishan,MJ McClenaghan,14,21,1,150.0,21.0
Ishan Kishan,MM Sharma,14,28,0,200.0,28.0
TL Suman,DP Nannes,14,13,0,92.85714285714286,13.0
Ishan Kishan,P Dubey,14,28,0,200.0,28.0
RA Jadeja,BA Stokes,14,25,0,178.57142857142858,25.0
KH Pandya,Sandeep Sharma,14,19,1,135.71428571428572,19.0
T Stubbs,JR Hazlewood,14,18,0,128.57142857142858,18.0
KH Pandya,JC Archer,14,8,2,57.14285714285714,4.0
Ishan Kishan,Mujeeb Ur Rahman,14,10,2,71.42857142857143,5.0
AT Rayudu,P Negi,14,22,0,157.14285714285714,22.0
Ishan Kishan,S Aravind,14,33,0,235.71428571428572,33.0
Ishan Kishan,Naveen-ul-Haq,14,14,1,100.0,14.0
AR Patel,NM Coulter-Nile,14,16,2,114.28571428571428,8.0
KH Pandya,LH Ferguson,14,11,1,78.57142857142857,11.0
YK Pathan,JEC Franklin,14,11,1,78.57142857142857,11.0
SE Marsh,Y Venugopal Rao,14,23,0,164.28571428571428,23.0
SE Marsh,YK Pathan,14,23,0,164.28571428571428,23.0
CH Gayle,R Sharma,14,41,1,292.85714285714283,41.0
CH Gayle,Shivam Mavi,14,10,1,71.42857142857143,10.0
AT Rayudu,M Kartik,14,20,0,142.85714285714286,20.0
KD Karthik,TG Southee,14,15,0,107.14285714285714,15.0
T Stubbs,Noor Ahmad,14,15,0,107.14285714285714,15.0
AR Patel,MC Henriques,14,22,1,157.14285714285714,22.0
Ishan Kishan,S Gopal,14,19,1,135.71428571428572,19.0
RA Jadeja,JP Duminy,14,9,1,64.28571428571429,9.0
S Dhawan,Joginder Sharma,14,23,0,164.28571428571428,23.0
S Dhawan,KA Pollard,14,22,0,157.14285714285714,22.0
TH David,A Nortje,14,22,0,157.14285714285714,22.0
RG Sharma,Arshad Khan,14,9,1,64.28571428571429,9.0
V Kohli,CRD Fernando,14,23,0,164.28571428571428,23.0
RA Jadeja,MF Maharoof,14,12,0,85.71428571428571,12.0
KD Karthik,IC Pandey,14,20,1,142.85714285714286,20.0
RA Jadeja,L Ngidi,14,25,0,178.57142857142858,25.0
RA Jadeja,M Kartik,14,16,0,114.28571428571428,16.0
JA Morkel,R Vinay Kumar,14,24,2,171.42857142857142,12.0
AJ Finch,Shakib Al Hasan,14,36,1,257.14285714285717,36.0
JC Archer,M Prasidh Krishna,14,29,2,207.14285714285717,14.5
SE Rutherford,Kuldeep Yadav,14,21,0,150.0,21.0
CH Gayle,SK Trivedi,14,14,0,100.0,14.0
JA Morkel,L Balaji,14,9,1,64.28571428571429,9.0
JC Buttler,A Mishra,14,19,2,135.71428571428572,9.5
RA Jadeja,Mohsin Khan,14,16,1,114.28571428571428,16.0
KC Sangakkara,TM Dilshan,14,26,0,185.71428571428572,26.0
KD Karthik,AS Rajpoot,14,27,0,192.85714285714286,27.0
AT Rayudu,MG Johnson,14,16,1,114.28571428571428,16.0
JC Archer,C Bosch,14,29,0,207.14285714285717,29.0
AJ Finch,Yuvraj Singh,14,14,1,100.0,14.0
RA Jadeja,MP Stoinis,14,20,0,142.85714285714286,20.0
JC Buttler,Basil Thampi,14,42,0,300.0,42.0
KC Sangakkara,JR Hopes,14,17,1,121.42857142857142,17.0
Yuvraj Singh,SM Harwood,14,5,0,35.714285714285715,5.0
Yuvraj Singh,Parvez Rasool,14,14,2,100.0,7.0
P Simran Singh,A Kamboj,14,26,0,185.71428571428572,26.0
A Badoni,Kuldeep Yadav,14,13,1,92.85714285714286,13.0
KD Karthik,AA Chavan,13,7,0,53.84615384615385,7.0
Yuvraj Singh,SC Ganguly,13,11,0,84.61538461538461,11.0
SPD Smith,Imran Tahir,13,9,1,69.23076923076923,9.0
P Simran Singh,C Sakariya,13,25,0,192.30769230769232,25.0
Yuvraj Singh,SB Jakati,13,12,0,92.3076923076923,12.0
P Simran Singh,Mohammed Shami,13,22,2,169.23076923076923,11.0
JM Bairstow,Avesh Khan,13,18,1,138.46153846153845,18.0
JM Bairstow,A Nortje,13,18,1,138.46153846153845,18.0
JM Bairstow,JC Archer,13,12,1,92.3076923076923,12.0
VR Iyer,SN Thakur,13,26,2,200.0,13.0
V Shankar,BCJ Cutting,13,23,0,176.9230769230769,23.0
S Dhawan,Arshdeep Singh,13,22,0,169.23076923076923,22.0
G Gambhir,KP Appanna,13,21,0,161.53846153846155,21.0
G Gambhir,J Suchith,13,22,1,169.23076923076923,22.0
BJ Hodge,R Ashwin,13,18,1,138.46153846153845,18.0
KC Sangakkara,KP Pietersen,13,20,0,153.84615384615387,20.0
DR Smith,GB Hogg,13,14,0,107.6923076923077,14.0
AM Rahane,GJ Maxwell,13,16,0,123.07692307692308,16.0
DPMD Jayawardene,R Vinay Kumar,13,9,0,69.23076923076923,9.0
BA Stokes,S Kaul,13,16,0,123.07692307692308,16.0
AM Rahane,Harmeet Singh,13,19,0,146.15384615384613,19.0
M Vohra,JH Kallis,13,16,0,123.07692307692308,16.0
SV Samson,MJ Santner,13,6,2,46.15384615384615,3.0
Q de Kock,Yash Dayal,13,13,1,100.0,13.0
OA Shah,DJ Bravo,13,16,0,123.07692307692308,16.0
OA Shah,A Symonds,13,16,0,123.07692307692308,16.0
P Kumar,SL Malinga,13,13,3,100.0,4.333333333333333
TH David,JO Holder,13,38,0,292.30769230769226,38.0
DA Miller,R Vinay Kumar,13,30,0,230.76923076923075,30.0
YK Pathan,AB Agarkar,13,25,0,192.30769230769232,25.0
CH Gayle,MR Marsh,13,37,0,284.61538461538464,37.0
V Kohli,Akash Singh,13,20,1,153.84615384615387,20.0
TH David,Mohammed Shami,13,26,0,200.0,26.0
TH David,M Prasidh Krishna,13,20,2,153.84615384615387,10.0
BJ Hodge,P Kumar,13,12,0,92.3076923076923,12.0
SV Samson,KV Sharma,13,12,2,92.3076923076923,6.0
AC Gilchrist,SP Narine,13,16,1,123.07692307692308,16.0
B Sai Sudharsan,S Dube,13,20,0,153.84615384615387,20.0
KD Karthik,BA Stokes,13,16,0,123.07692307692308,16.0
KD Karthik,Azhar Mahmood,13,21,0,161.53846153846155,21.0
JP Duminy,P Kumar,13,9,0,69.23076923076923,9.0
SO Hetmyer,NT Ellis,13,21,0,161.53846153846155,21.0
YK Pathan,AD Russell,13,25,1,192.30769230769232,25.0
DJ Hooda,Imran Tahir,13,19,1,146.15384615384613,19.0
DJ Hooda,DL Chahar,13,7,2,53.84615384615385,3.5
Mandeep Singh,KMDN Kulasekara,13,12,0,92.3076923076923,12.0
SM Curran,Suryansh Shedge,13,34,0,261.53846153846155,34.0
K Goel,Harbhajan Singh,13,13,1,100.0,13.0
R Ashwin,Rashid Khan,13,9,3,69.23076923076923,3.0
V Sehwag,ST Jayasuriya,13,29,0,223.0769230769231,29.0
Q de Kock,SK Raina,13,9,0,69.23076923076923,9.0
Q de Kock,Ravi Bishnoi,13,12,0,92.3076923076923,12.0
Q de Kock,RD Chahar,13,14,0,107.6923076923077,14.0
AC Gilchrist,SK Warne,13,22,0,169.23076923076923,22.0
TM Dilshan,KK Cooper,13,16,0,123.07692307692308,16.0
S Badrinath,M Morkel,13,6,0,46.15384615384615,6.0
MA Agarwal,GHS Garton,13,12,0,92.3076923076923,12.0
G Gambhir,PJ Cummins,13,17,0,130.76923076923077,17.0
G Gambhir,RR Powar,13,23,1,176.9230769230769,23.0
DA Miller,S Kaul,13,27,0,207.6923076923077,27.0
B Kumar,JO Holder,13,13,1,100.0,13.0
DA Miller,MP Stoinis,13,25,1,192.30769230769232,25.0
DA Miller,RD Chahar,13,7,0,53.84615384615385,7.0
JA Morkel,IC Pandey,13,16,0,123.07692307692308,16.0
A Raghuvanshi,JO Holder,13,17,0,130.76923076923077,17.0
CA Lynn,Mujeeb Ur Rahman,13,13,0,100.0,13.0
AJ Finch,VR Aaron,13,19,0,146.15384615384613,19.0
JA Morkel,DW Steyn,13,9,2,69.23076923076923,4.5
KD Karthik,CJ Anderson,13,18,0,138.46153846153845,18.0
SE Marsh,DNT Zoysa,13,16,0,123.07692307692308,16.0
DJ Hooda,L Ngidi,13,29,1,223.0769230769231,29.0
Mandeep Singh,MR Marsh,13,20,0,153.84615384615387,20.0
SV Samson,R Dhawan,13,18,1,138.46153846153845,18.0
V Sehwag,VR Aaron,13,16,0,123.07692307692308,16.0
V Sehwag,SW Tait,13,17,1,130.76923076923077,17.0
JP Duminy,JA Morkel,13,16,1,123.07692307692308,16.0
MR Marsh,AJ Hosein,13,17,1,130.76923076923077,17.0
VVS Laxman,A Kumble,13,20,0,153.84615384615387,20.0
VR Iyer,T Natarajan,13,29,2,223.0769230769231,14.5
JA Morkel,PJ Sangwan,13,20,1,153.84615384615387,20.0
A Manohar,YS Chahal,13,23,1,176.9230769230769,23.0
JP Duminy,RA Jadeja,13,18,0,138.46153846153845,18.0
Rashid Khan,M Pathirana,13,18,1,138.46153846153845,18.0
Rashid Khan,JC Archer,13,16,1,123.07692307692308,16.0
A Badoni,PWH de Silva,13,14,0,107.6923076923077,14.0
WP Saha,JA Morkel,13,12,0,92.3076923076923,12.0
DJ Hooda,JP Behrendorff,13,9,1,69.23076923076923,9.0
Mandeep Singh,AA Chavan,13,22,1,169.23076923076923,22.0
DJ Hooda,PWH de Silva,13,20,2,153.84615384615387,10.0
Abhishek Sharma,AR Patel,13,17,2,130.76923076923077,8.5
A Badoni,MM Sharma,13,23,1,176.9230769230769,23.0
G Gambhir,STR Binny,13,19,0,146.15384615384613,19.0
Mandeep Singh,M Prasidh Krishna,13,16,0,123.07692307692308,16.0
MP Stoinis,AD Russell,13,13,3,100.0,4.333333333333333
SO Hetmyer,M Prasidh Krishna,13,20,1,153.84615384615387,20.0
BB McCullum,DE Bollinger,13,17,0,130.76923076923077,17.0
RR Rossouw,KV Sharma,13,16,2,123.07692307692308,8.0
KD Karthik,KK Cooper,13,16,2,123.07692307692308,8.0
KD Karthik,KK Ahmed,13,24,2,184.6153846153846,12.0
TH David,AR Patel,13,25,1,192.30769230769232,25.0
S Badrinath,A Singh,13,21,0,161.53846153846155,21.0
RV Uthappa,JEC Franklin,13,24,0,184.6153846153846,24.0
AA Bilakhia,A Nehra,13,12,0,92.3076923076923,12.0
S Dhawan,SB Styris,13,19,0,146.15384615384613,19.0
GC Smith,A Kumble,13,15,0,115.38461538461537,15.0
G Gambhir,S Kaushik,13,23,0,176.9230769230769,23.0
Nithish Kumar Reddy,RD Chahar,13,23,0,176.9230769230769,23.0
Nithish Kumar Reddy,RA Jadeja,13,14,2,107.6923076923077,7.0
Nithish Kumar Reddy,R Sai Kishore,13,11,1,84.61538461538461,11.0
RG Sharma,Azhar Mahmood,13,23,0,176.9230769230769,23.0
KD Karthik,Mujeeb Ur Rahman,13,33,0,253.84615384615384,33.0
S Dhawan,KC Cariappa,13,18,0,138.46153846153845,18.0
S Sohal,JA Morkel,13,22,1,169.23076923076923,22.0
DA Miller,Mustafizur Rahman,13,21,0,161.53846153846155,21.0
SV Samson,SL Malinga,13,16,1,123.07692307692308,16.0
AM Rahane,RS Bopara,13,12,0,92.3076923076923,12.0
Q de Kock,Shivam Mavi,13,16,1,123.07692307692308,16.0
PC Valthaty,R Ashwin,13,19,0,146.15384615384613,19.0
PC Valthaty,JR Hopes,13,21,0,161.53846153846155,21.0
SV Samson,RP Meredith,13,30,0,230.76923076923075,30.0
R Ashwin,RD Chahar,13,20,0,153.84615384615387,20.0
DR Smith,JH Kallis,13,9,1,69.23076923076923,9.0
MN Samuels,SB Jakati,13,17,0,130.76923076923077,17.0
SS Iyer,Rasikh Salam,13,15,1,115.38461538461537,15.0
MM Ali,OC McCoy,13,10,1,76.92307692307693,10.0
DR Smith,M de Lange,13,0,0,0.0,0.0
Nithish Kumar Reddy,TU Deshpande,13,27,0,207.6923076923077,27.0
WP Saha,MA Starc,13,15,0,115.38461538461537,15.0
JH Kallis,S Narwal,13,10,0,76.92307692307693,10.0
JM Sharma,M Jansen,13,5,1,38.46153846153847,5.0
JM Sharma,I Sharma,13,27,0,207.6923076923077,27.0
M Vijay,A Singh,13,8,0,61.53846153846154,8.0
PC Valthaty,I Sharma,13,10,0,76.92307692307693,10.0
GC Smith,R Vinay Kumar,13,17,0,130.76923076923077,17.0
JC Buttler,Vijaykumar Vyshak,13,18,1,138.46153846153845,18.0
V Kohli,DS Rathi,13,17,0,130.76923076923077,17.0
J Botha,JO Holder,13,22,0,169.23076923076923,22.0
RR Pant,TA Boult,13,13,0,100.0,13.0
BB McCullum,BA Stokes,13,21,0,161.53846153846155,21.0
TH David,AD Russell,13,19,1,146.15384615384613,19.0
KD Karthik,MP Stoinis,13,19,0,146.15384615384613,19.0
GH Vihari,MG Johnson,13,12,0,92.3076923076923,12.0
F du Plessis,SN Thakur,13,23,0,176.9230769230769,23.0
SR Watson,S Aravind,13,22,2,169.23076923076923,11.0
PC Valthaty,S Randiv,13,23,0,176.9230769230769,23.0
GH Vihari,B Kumar,13,3,2,23.076923076923077,1.5
M Vijay,Azhar Mahmood,13,13,0,100.0,13.0
M Vijay,AN Ahmed,13,15,0,115.38461538461537,15.0
R Bhatia,SL Malinga,13,12,1,92.3076923076923,12.0
R Bhatia,S Nadeem,13,10,0,76.92307692307693,10.0
CA Pujara,PP Chawla,13,13,0,100.0,13.0
CA Pujara,P Kumar,13,7,0,53.84615384615385,7.0
CA Pujara,P Awana,13,14,1,107.6923076923077,14.0
GC Smith,IK Pathan,13,11,1,84.61538461538461,11.0
RK Singh,Prince Yadav,13,17,0,130.76923076923077,17.0
R Bhatia,IK Pathan,13,3,1,23.076923076923077,3.0
M Vijay,DR Smith,13,19,0,146.15384615384613,19.0
AA Jhunjhunwala,DS Kulkarni,13,18,0,138.46153846153845,18.0
AD Russell,SL Malinga,13,26,2,200.0,13.0
CA Lynn,S Gopal,13,17,2,130.76923076923077,8.5
T Stubbs,Prince Yadav,13,10,0,76.92307692307693,10.0
J Botha,PP Ojha,13,29,0,223.0769230769231,29.0
V Kohli,Iqbal Abdulla,13,11,0,84.61538461538461,11.0
A Raghuvanshi,Rashid Khan,13,27,0,207.6923076923077,27.0
SPD Smith,Mustafizur Rahman,13,19,0,146.15384615384613,19.0
Nithish Kumar Reddy,M Prasidh Krishna,13,8,0,61.53846153846154,8.0
DA Miller,Umran Malik,13,13,1,100.0,13.0
DA Miller,STR Binny,13,14,0,107.6923076923077,14.0
DPMD Jayawardene,A Kumble,13,23,0,176.9230769230769,23.0
SS Iyer,KR Sen,13,15,0,115.38461538461537,15.0
MP Stoinis,UT Yadav,13,12,0,92.3076923076923,12.0
MP Stoinis,T Natarajan,13,11,1,84.61538461538461,11.0
MM Ali,K Rabada,13,14,0,107.6923076923077,14.0
KD Karthik,WD Parnell,13,13,2,100.0,6.5
JM Sharma,Sandeep Sharma,13,26,0,200.0,26.0
SR Watson,KL Nagarkoti,13,19,0,146.15384615384613,19.0
Mandeep Singh,RP Singh,13,9,1,69.23076923076923,9.0
GH Vihari,JP Faulkner,13,4,0,30.76923076923077,4.0
SV Samson,WD Parnell,13,16,2,123.07692307692308,8.0
SW Billings,UT Yadav,13,16,1,123.07692307692308,16.0
S Dhawan,Basil Thampi,13,17,1,130.76923076923077,17.0
TM Head,M Jansen,13,26,0,200.0,26.0
TM Head,LH Ferguson,13,33,1,253.84615384615384,33.0
DJ Hooda,Shivam Mavi,13,14,1,107.6923076923077,14.0
DJ Hussey,JD Ryder,13,15,0,115.38461538461537,15.0
N Jagadeesan,YS Chahal,13,19,0,146.15384615384613,19.0
T Stubbs,Mohsin Khan,13,14,0,107.6923076923077,14.0
KD Karthik,Ravi Bishnoi,13,8,0,61.53846153846154,8.0
SE Marsh,UT Yadav,13,17,1,130.76923076923077,17.0
S Dhawan,Iqbal Abdulla,13,15,1,115.38461538461537,15.0
CH Gayle,AD Mascarenhas,13,23,0,176.9230769230769,23.0
JM Bairstow,GJ Maxwell,13,32,0,246.15384615384616,32.0
AT Rayudu,LH Ferguson,13,12,1,92.3076923076923,12.0
AJ Finch,SMSM Senanayake,13,13,0,100.0,13.0
V Kohli,HF Gurney,13,24,1,184.6153846153846,24.0
YK Pathan,BB Sran,13,10,0,76.92307692307693,10.0
SM Katich,MF Maharoof,13,13,1,100.0,13.0
SM Katich,GD McGrath,13,17,0,130.76923076923077,17.0
DJ Bravo,M Muralitharan,13,13,0,100.0,13.0
GJ Bailey,Harbhajan Singh,13,10,1,76.92307692307693,10.0
DR Smith,SK Warne,13,12,1,92.3076923076923,12.0
D Padikkal,Harbhajan Singh,13,7,0,53.84615384615385,7.0
SS Iyer,TM Head,13,38,0,292.30769230769226,38.0
VR Iyer,JR Hazlewood,13,22,0,169.23076923076923,22.0
BB McCullum,AA Noffke,13,24,0,184.6153846153846,24.0
SS Iyer,Vijaykumar Vyshak,13,15,0,115.38461538461537,15.0
RD Gaikwad,MP Stoinis,13,20,0,153.84615384615387,20.0
YBK Jaiswal,R Ashwin,13,11,0,84.61538461538461,11.0
YBK Jaiswal,Prince Yadav,13,16,0,123.07692307692308,16.0
SW Billings,GB Hogg,13,22,0,169.23076923076923,22.0
Salman Butt,MS Gony,13,12,0,92.3076923076923,12.0
Salman Butt,M Muralitharan,13,26,0,200.0,26.0
V Sehwag,JJ Bumrah,13,20,0,153.84615384615387,20.0
DJ Bravo,S Sreesanth,13,29,0,223.0769230769231,29.0
DJ Bravo,S Nadeem,13,5,0,38.46153846153847,5.0
SP Goswami,M Morkel,13,15,0,115.38461538461537,15.0
SP Goswami,IK Pathan,13,9,0,69.23076923076923,9.0
CH Gayle,CJ Jordan,13,22,0,169.23076923076923,22.0
KH Pandya,L Ngidi,13,26,2,200.0,13.0
KH Pandya,JP Faulkner,13,23,0,176.9230769230769,23.0
KH Pandya,AS Rajpoot,13,15,1,115.38461538461537,15.0
KH Pandya,AM Ghazanfar,13,28,1,215.3846153846154,28.0
RA Jadeja,Harpreet Brar,13,16,1,123.07692307692308,16.0
RA Jadeja,HH Pandya,13,10,1,76.92307692307693,10.0
YBK Jaiswal,RA Jadeja,13,21,0,161.53846153846155,21.0
AD Mathews,A Symonds,13,8,0,61.53846153846154,8.0
Ishan Kishan,Mustafizur Rahman,13,31,0,238.46153846153845,31.0
T Stubbs,JJ Bumrah,13,8,1,61.53846153846154,8.0
JM Bairstow,Azmatullah Omarzai,13,30,0,230.76923076923075,30.0
DA Miller,Rashid Khan,13,9,2,69.23076923076923,4.5
Naman Dhir,M Jansen,13,9,1,69.23076923076923,9.0
RD Gaikwad,J Suchith,13,33,0,253.84615384615384,33.0
JP Duminy,A Mithun,13,19,0,146.15384615384613,19.0
JP Duminy,A Kumble,13,12,1,92.3076923076923,12.0
ML Hayden,I Sharma,13,13,1,100.0,13.0
ML Hayden,SK Warne,13,16,1,123.07692307692308,16.0
TM Dilshan,Shoaib Ahmed,13,28,0,215.3846153846154,28.0
AT Rayudu,PP Ojha,13,17,1,130.76923076923077,17.0
RK Singh,MM Ali,13,13,0,100.0,13.0
M Manhas,R Vinay Kumar,13,14,0,107.6923076923077,14.0
SB Styris,M Ntini,13,6,0,46.15384615384615,6.0
AB de Villiers,DJ Hussey,13,23,1,176.9230769230769,23.0
N Pooran,D Pretorius,13,21,0,161.53846153846155,21.0
GJ Maxwell,AS Rajpoot,13,19,1,146.15384615384613,19.0
Abdul Samad,KH Pandya,13,11,1,84.61538461538461,11.0
M Manhas,J Theron,13,23,1,176.9230769230769,23.0
Tilak Varma,Lalit Yadav,13,11,0,84.61538461538461,11.0
Tilak Varma,KK Ahmed,13,13,2,100.0,6.5
SK Raina,JP Behrendorff,13,15,1,115.38461538461537,15.0
KH Pandya,RA Jadeja,13,12,0,92.3076923076923,12.0
SK Raina,KK Cooper,13,19,2,146.15384615384613,9.5
Ishan Kishan,Vijaykumar Vyshak,13,35,0,269.2307692307692,35.0
SE Marsh,JJ van der Wath,13,35,0,269.2307692307692,35.0
SE Marsh,JH Kallis,13,11,0,84.61538461538461,11.0
F du Plessis,S Nadeem,13,23,1,176.9230769230769,23.0
BJ Hodge,Azhar Mahmood,13,18,0,138.46153846153845,18.0
V Shankar,JD Unadkat,13,24,1,184.6153846153846,24.0
Y Venugopal Rao,Shakib Al Hasan,13,10,1,76.92307692307693,10.0
Y Venugopal Rao,RJ Harris,13,20,0,153.84615384615387,20.0
Sameer Rizvi,DL Chahar,13,25,0,192.30769230769232,25.0
GJ Bailey,NM Coulter-Nile,13,12,0,92.3076923076923,12.0
GJ Maxwell,GB Hogg,13,39,0,300.0,39.0
Sameer Rizvi,C Bosch,13,31,1,238.46153846153845,31.0
Ashutosh Sharma,Kartik Tyagi,13,19,1,146.15384615384613,19.0
Lalit Yadav,JJ Bumrah,13,18,0,138.46153846153845,18.0
V Shankar,PJ Sangwan,13,22,0,169.23076923076923,22.0
SR Watson,SS Cottrell,13,22,0,169.23076923076923,22.0
SR Watson,SM Curran,13,8,1,61.53846153846154,8.0
DR Smith,VR Aaron,13,20,1,153.84615384615387,20.0
AD Russell,MP Stoinis,13,32,0,246.15384615384616,32.0
RS Bopara,JA Morkel,13,12,1,92.3076923076923,12.0
DT Christian,IK Pathan,13,11,0,84.61538461538461,11.0
Rahmanullah Gurbaz,Shahbaz Ahmed,13,18,1,138.46153846153845,18.0
KK Nair,Avesh Khan,13,15,0,115.38461538461537,15.0
DT Christian,RA Jadeja,13,8,0,61.53846153846154,8.0
KC Sangakkara,AD Mascarenhas,13,19,0,146.15384615384613,19.0
KC Sangakkara,A Kumble,13,13,2,100.0,6.5
Rahmanullah Gurbaz,PJ Cummins,13,15,0,115.38461538461537,15.0
PP Shaw,DS Kulkarni,13,24,0,184.6153846153846,24.0
MK Tiwary,YK Pathan,13,17,1,130.76923076923077,17.0
SS Tiwary,AS Rajpoot,13,10,1,76.92307692307693,10.0
AC Gilchrist,JD Unadkat,13,18,0,138.46153846153845,18.0
SK Raina,JDS Neesham,13,11,1,84.61538461538461,11.0
TH David,SN Thakur,13,33,1,253.84615384615384,33.0
AD Russell,LH Ferguson,13,13,0,100.0,13.0
DJ Hussey,DW Steyn,13,12,0,92.3076923076923,12.0
MC Henriques,JP Faulkner,13,24,0,184.6153846153846,24.0
MC Henriques,DS Kulkarni,13,22,0,169.23076923076923,22.0
MC Henriques,MM Sharma,13,17,1,130.76923076923077,17.0
AK Markram,V Puthur,13,18,0,138.46153846153845,18.0
AK Markram,TU Deshpande,13,14,0,107.6923076923077,14.0
N Pooran,LH Ferguson,13,15,0,115.38461538461537,15.0
DJ Bravo,Azhar Mahmood,13,9,0,69.23076923076923,9.0
Shahbaz Ahmed,DJ Bravo,13,18,0,138.46153846153845,18.0
Shahbaz Ahmed,Arshdeep Singh,13,16,1,123.07692307692308,16.0
AK Markram,MR Marsh,13,17,1,130.76923076923077,17.0
YBK Jaiswal,DS Rathi,13,15,0,115.38461538461537,15.0
K Gowtham,TA Boult,13,22,1,169.23076923076923,22.0
SPD Smith,RD Chahar,13,11,0,84.61538461538461,11.0
KK Nair,HH Pandya,13,19,2,146.15384615384613,9.5
T Stubbs,A Nortje,13,19,0,146.15384615384613,19.0
AJ Finch,Imran Tahir,13,15,2,115.38461538461537,7.5
Ishan Kishan,R Tewatia,13,35,0,269.2307692307692,35.0
LS Livingstone,Ravi Bishnoi,13,23,1,176.9230769230769,23.0
AK Markram,MJ Santner,13,24,1,184.6153846153846,24.0
F du Plessis,NT Ellis,13,23,1,176.9230769230769,23.0
Abhishek Sharma,GJ Maxwell,13,21,2,161.53846153846155,10.5
F du Plessis,R Sai Kishore,13,13,1,100.0,13.0
MC Henriques,SL Malinga,13,15,0,115.38461538461537,15.0
GJ Maxwell,LH Ferguson,13,21,1,161.53846153846155,21.0
GJ Maxwell,S Nadeem,13,19,0,146.15384615384613,19.0
CL White,PP Ojha,13,17,0,130.76923076923077,17.0
Shahbaz Ahmed,M Theekshana,13,7,2,53.84615384615385,3.5
MR Marsh,CV Varun,13,16,0,123.07692307692308,16.0
PN Mankad,T Natarajan,13,17,0,130.76923076923077,17.0
PK Garg,YS Chahal,13,14,1,107.6923076923077,14.0
SS Iyer,KA Pollard,13,15,0,115.38461538461537,15.0
VR Iyer,HH Pandya,13,21,1,161.53846153846155,21.0
KA Pollard,T Natarajan,13,38,0,292.30769230769226,38.0
SE Marsh,B Kumar,13,10,3,76.92307692307693,3.3333333333333335
SE Marsh,A Chandila,13,20,0,153.84615384615387,20.0
Q de Kock,Mukesh Choudhary,13,11,1,84.61538461538461,11.0
STR Binny,S Nadeem,13,8,0,61.53846153846154,8.0
A Symonds,A Kumble,13,13,2,100.0,6.5
JP Inglis,R Shepherd,13,28,0,215.3846153846154,28.0
LRPL Taylor,YS Chahal,13,7,0,53.84615384615385,7.0
Shahbaz Ahmed,R Ashwin,13,12,1,92.3076923076923,12.0
AB de Villiers,AD Mascarenhas,13,8,1,61.53846153846154,8.0
LS Livingstone,Avesh Khan,13,18,1,138.46153846153845,18.0
R Dravid,S Kaul,13,11,1,84.61538461538461,11.0
R Dravid,RA Jadeja,13,27,0,207.6923076923077,27.0
RA Jadeja,TM Dilshan,13,19,0,146.15384615384613,19.0
Ashutosh Sharma,E Malinga,13,11,2,84.61538461538461,5.5
SA Yadav,JJ Bumrah,13,27,1,207.6923076923077,27.0
JEC Franklin,R Ashwin,13,10,0,76.92307692307693,10.0
Anmolpreet Singh,Sandeep Sharma,13,14,1,107.6923076923077,14.0
MR Marsh,Noor Ahmad,13,14,0,107.6923076923077,14.0
DP Conway,Umran Malik,13,16,1,123.07692307692308,16.0
RG Sharma,FA Allen,13,25,0,192.30769230769232,25.0
JC Buttler,Fazalhaq Farooqi,13,25,1,192.30769230769232,25.0
AM Rahane,J Yadav,13,10,0,76.92307692307693,10.0
SE Marsh,NM Coulter-Nile,13,12,0,92.3076923076923,12.0
SE Marsh,MM Sharma,13,22,0,169.23076923076923,22.0
LRPL Taylor,KK Cooper,13,8,0,61.53846153846154,8.0
SR Watson,DR Smith,13,17,0,130.76923076923077,17.0
A Manohar,AR Patel,13,12,0,92.3076923076923,12.0
LRPL Taylor,JDP Oram,13,23,1,176.9230769230769,23.0
AT Rayudu,DR Sams,13,15,1,115.38461538461537,15.0
RD Gaikwad,AF Milne,13,12,0,92.3076923076923,12.0
AC Gilchrist,DE Bollinger,13,8,1,61.53846153846154,8.0
NV Ojha,NM Coulter-Nile,13,12,1,92.3076923076923,12.0
NV Ojha,MS Gony,13,6,0,46.15384615384615,6.0
Shubman Gill,Yudhvir Singh,13,30,0,230.76923076923075,30.0
PA Patel,B Lee,13,13,1,100.0,13.0
MK Tiwary,MS Gony,13,14,1,107.6923076923077,14.0
KK Nair,SR Watson,13,11,1,84.61538461538461,11.0
Q de Kock,MP Stoinis,13,19,3,146.15384615384613,6.333333333333333
AM Rahane,R Bhatia,13,9,1,69.23076923076923,9.0
MEK Hussey,DW Steyn,13,8,0,61.53846153846154,8.0
MEK Hussey,KV Sharma,13,12,0,92.3076923076923,12.0
MEK Hussey,AL Menaria,13,24,0,184.6153846153846,24.0
SC Ganguly,DE Bollinger,13,21,1,161.53846153846155,21.0
LRPL Taylor,PJ Sangwan,13,10,1,76.92307692307693,10.0
JM Sharma,AS Joseph,13,9,0,69.23076923076923,9.0
DA Miller,DR Smith,13,16,1,123.07692307692308,16.0
DA Miller,DL Chahar,13,14,1,107.6923076923077,14.0
MK Tiwary,YS Chahal,13,28,0,215.3846153846154,28.0
MK Tiwary,SK Trivedi,13,18,1,138.46153846153845,18.0
AM Rahane,JC Archer,13,1,1,7.6923076923076925,1.0
SS Tiwary,DS Kulkarni,13,11,0,84.61538461538461,11.0
Iqbal Abdulla,DJ Bravo,13,16,1,123.07692307692308,16.0
SO Hetmyer,RP Meredith,13,20,0,153.84615384615387,20.0
Ishan Kishan,Abhinandan Singh,13,30,1,230.76923076923075,30.0
DB Ravi Teja,PC Valthaty,13,10,1,76.92307692307693,10.0
SR Tendulkar,Z Khan,13,3,1,23.076923076923077,3.0
SN Khan,Avesh Khan,13,26,0,200.0,26.0
STR Binny,P Kumar,13,6,1,46.15384615384615,6.0
Y Venugopal Rao,MM Patel,13,9,0,69.23076923076923,9.0
Y Venugopal Rao,M Kartik,13,27,0,207.6923076923077,27.0
CV Varun,HV Patel,13,11,0,84.61538461538461,11.0
F du Plessis,JA Morkel,13,18,1,138.46153846153845,18.0
LR Shukla,RA Jadeja,13,14,1,107.6923076923077,14.0
BB McCullum,CJ Anderson,13,18,0,138.46153846153845,18.0
BB McCullum,CH Morris,13,17,2,130.76923076923077,8.5
MK Tiwary,DJ Bravo,13,18,0,138.46153846153845,18.0
Dhruv Jurel,AM Ghazanfar,13,26,1,200.0,26.0
PP Shaw,Sandeep Sharma,13,24,1,184.6153846153846,24.0
MK Tiwary,Z Khan,13,10,1,76.92307692307693,10.0
UBT Chand,R Vinay Kumar,13,15,1,115.38461538461537,15.0
JC Buttler,XC Bartlett,13,23,0,176.9230769230769,23.0
LR Shukla,UT Yadav,13,13,1,100.0,13.0
H Klaasen,G Coetzee,13,18,0,138.46153846153845,18.0
Abdul Samad,AD Russell,13,19,2,146.15384615384613,9.5
IK Pathan,R Rampaul,13,29,0,223.0769230769231,29.0
VR Iyer,AF Milne,13,19,0,146.15384615384613,19.0
MR Marsh,Rasikh Salam,13,22,0,169.23076923076923,22.0
SC Ganguly,RP Singh,13,12,0,92.3076923076923,12.0
SC Ganguly,RG Sharma,13,14,1,107.6923076923077,14.0
RG Sharma,GB Hogg,13,17,1,130.76923076923077,17.0
SE Marsh,SW Tait,13,5,0,38.46153846153847,5.0
RG Sharma,J Overton,13,16,0,123.07692307692308,16.0
KK Nair,Yuvraj Singh,13,17,1,130.76923076923077,17.0
SR Tendulkar,Shakib Al Hasan,13,14,1,107.6923076923077,14.0
PA Patel,TA Boult,13,16,0,123.07692307692308,16.0
DA Miller,DS Kulkarni,13,36,3,276.9230769230769,12.0
N Rana,KV Sharma,13,26,1,200.0,26.0
Q de Kock,Harshit Rana,13,24,0,184.6153846153846,24.0
RN ten Doeschate,KA Pollard,13,24,0,184.6153846153846,24.0
AM Rahane,RE van der Merwe,13,13,0,100.0,13.0
F du Plessis,KJ Abbott,13,16,0,123.07692307692308,16.0
LMP Simmons,YS Chahal,13,18,1,138.46153846153845,18.0
R McLaren,A Kumble,13,17,0,130.76923076923077,17.0
SK Warne,LR Shukla,13,10,0,76.92307692307693,10.0
S Dhawan,AD Mathews,13,25,0,192.30769230769232,25.0
H Klaasen,Mukesh Kumar,13,37,0,284.61538461538464,37.0
IK Pathan,DJ Hussey,13,10,0,76.92307692307693,10.0
Ashutosh Sharma,Avesh Khan,13,32,0,246.15384615384616,32.0
RD Rickelton,Mohammed Shami,13,22,0,169.23076923076923,22.0
AB de Villiers,JC Archer,13,30,0,230.76923076923075,30.0
AL Menaria,R Bhatia,13,14,0,107.6923076923077,14.0
RA Tripathi,Washington Sundar,13,15,1,115.38461538461537,15.0
RD Gaikwad,CH Morris,13,15,0,115.38461538461537,15.0
RG Sharma,Harpreet Brar,13,20,1,153.84615384615387,20.0
JEC Franklin,BA Bhatt,13,27,0,207.6923076923077,27.0
MK Pandey,TU Deshpande,13,19,2,146.15384615384613,9.5
MK Pandey,SK Trivedi,13,14,3,107.6923076923077,4.666666666666667
MK Tiwary,BA Bhatt,13,11,1,84.61538461538461,11.0
PP Shaw,S Kaul,13,32,0,246.15384615384616,32.0
Shubman Gill,RP Meredith,13,15,0,115.38461538461537,15.0
AC Blizzard,M Morkel,13,29,0,223.0769230769231,29.0
SK Raina,MC Henriques,13,11,1,84.61538461538461,11.0
SA Asnodkar,AB Agarkar,13,27,0,207.6923076923077,27.0
MS Dhoni,Mukesh Kumar,13,25,0,192.30769230769232,25.0
DJ Hussey,SB Bangar,13,8,0,61.53846153846154,8.0
S Badrinath,DT Christian,13,9,1,69.23076923076923,9.0
LMP Simmons,MC Henriques,13,6,0,46.15384615384615,6.0
AP Tare,JP Faulkner,13,30,0,230.76923076923075,30.0
YBK Jaiswal,UT Yadav,13,18,1,138.46153846153845,18.0
RD Rickelton,JC Archer,13,23,1,176.9230769230769,23.0
RG Sharma,SM Boland,13,11,0,84.61538461538461,11.0
RG Sharma,V Pratap Singh,13,20,0,153.84615384615387,20.0
Vivrant Sharma,PP Chawla,13,23,0,176.9230769230769,23.0
DP Conway,K Rabada,13,21,0,161.53846153846155,21.0
SO Hetmyer,AD Russell,13,28,0,215.3846153846154,28.0
SK Raina,MP Stoinis,13,19,1,146.15384615384613,19.0
LMP Simmons,Iqbal Abdulla,13,12,0,92.3076923076923,12.0
TM Dilshan,A Mishra,13,13,0,100.0,13.0
R Parag,C Green,13,16,1,123.07692307692308,16.0
DB Das,DJ Bravo,13,22,1,169.23076923076923,22.0
SK Rasheed,DL Chahar,13,14,0,107.6923076923077,14.0
YS Chahal,Imran Tahir,13,1,1,7.6923076923076925,1.0
PA Patel,R McLaren,13,8,1,61.53846153846154,8.0
N Rana,D Madushanka,13,10,0,76.92307692307693,10.0
JJ Roy,A Dananjaya,13,18,0,138.46153846153845,18.0
JH Kallis,P Negi,13,6,0,46.15384615384615,6.0
JH Kallis,P Kumar,13,5,0,38.46153846153847,5.0
CH Gayle,Harmeet Singh,13,23,0,176.9230769230769,23.0
JM Sharma,Mohammed Siraj,13,17,1,130.76923076923077,17.0
RD Rickelton,E Malinga,13,19,0,146.15384615384613,19.0
RD Rickelton,B Kumar,13,23,1,176.9230769230769,23.0
V Kohli,MP Stoinis,13,18,0,138.46153846153845,18.0
TM Head,AS Rajpoot,13,16,0,123.07692307692308,16.0
E Lewis,Mohammed Siraj,13,15,0,115.38461538461537,15.0
RR Pant,PWH de Silva,13,24,2,184.6153846153846,12.0
C Munro,Harbhajan Singh,13,18,0,138.46153846153845,18.0
RV Uthappa,VR Aaron,13,15,1,115.38461538461537,15.0
HC Brook,CV Varun,13,17,0,130.76923076923077,17.0
BB McCullum,SN Thakur,13,13,1,100.0,13.0
SD Chitnis,VR Aaron,13,13,0,100.0,13.0
SC Ganguly,Y Venugopal Rao,13,17,0,130.76923076923077,17.0
JP Duminy,A Nehra,13,9,0,69.23076923076923,9.0
WP Saha,AD Russell,13,14,1,107.6923076923077,14.0
PD Salt,Kuldeep Yadav,13,26,1,200.0,26.0
SA Yadav,TK Curran,13,26,0,200.0,26.0
N Rana,M Ashwin,13,14,1,107.6923076923077,14.0
V Shankar,Suyash Sharma,13,20,0,153.84615384615387,20.0
DP Conway,HH Pandya,13,15,0,115.38461538461537,15.0
MS Bisla,DL Vettori,13,19,0,146.15384615384613,19.0
SS Iyer,C de Grandhomme,13,34,0,261.53846153846155,34.0
YV Takawale,GD McGrath,13,10,0,76.92307692307693,10.0
Harpreet Singh,HR Shokeen,13,12,0,92.3076923076923,12.0
B Sai Sudharsan,Fazalhaq Farooqi,13,20,0,153.84615384615387,20.0
DA Miller,M Morkel,13,6,0,46.15384615384615,6.0
V Shankar,R Ashwin,13,15,1,115.38461538461537,15.0
ST Jayasuriya,VY Mahesh,13,33,1,253.84615384615384,33.0
YBK Jaiswal,Simarjeet Singh,13,10,2,76.92307692307693,5.0
YBK Jaiswal,SP Narine,13,18,1,138.46153846153845,18.0
V Shankar,Vijaykumar Vyshak,13,18,2,138.46153846153845,9.0
Kuldeep Yadav,Arshdeep Singh,13,7,0,53.84615384615385,7.0
KL Rahul,PP Ojha,13,12,1,92.3076923076923,12.0
MK Pandey,MS Gony,13,17,0,130.76923076923077,17.0
RG Sharma,JO Holder,13,24,0,184.6153846153846,24.0
R Tewatia,DL Chahar,13,10,0,76.92307692307693,10.0
R Tewatia,Naveen-ul-Haq,13,12,0,92.3076923076923,12.0
Shubman Gill,AS Roy,13,35,0,269.2307692307692,35.0
HH Gibbs,B Akhil,13,12,1,92.3076923076923,12.0
TM Head,Ravi Bishnoi,13,28,0,215.3846153846154,28.0
PA Patel,S Kaul,13,13,1,100.0,13.0
PA Patel,RE van der Merwe,13,9,0,69.23076923076923,9.0
DA Warner,R Shukla,13,21,1,161.53846153846155,21.0
N Rana,JC Archer,13,9,2,69.23076923076923,4.5
B Sai Sudharsan,JA Duffy,13,22,1,169.23076923076923,22.0
DA Warner,Umran Malik,13,23,0,176.9230769230769,23.0
DA Warner,Shakib Al Hasan,13,19,1,146.15384615384613,19.0
JH Kallis,MR Marsh,13,13,1,100.0,13.0
Arshad Khan,Kuldeep Yadav,13,18,0,138.46153846153845,18.0
CH Gayle,KK Ahmed,13,17,1,130.76923076923077,17.0
HH Gibbs,SL Malinga,13,6,0,46.15384615384615,6.0
AT Rayudu,JC Archer,13,4,2,30.76923076923077,2.0
V Suryavanshi,PJ Cummins,13,38,0,292.30769230769226,38.0
KM Jadhav,AJ Tye,13,24,0,184.6153846153846,24.0
R Tewatia,B Kumar,13,24,1,184.6153846153846,24.0
B Sai Sudharsan,HV Patel,13,25,1,192.30769230769232,25.0
Q de Kock,BW Hilfenhaus,13,12,0,92.3076923076923,12.0
SS Tiwary,YS Chahal,13,12,1,92.3076923076923,12.0
ST Jayasuriya,SK Trivedi,13,16,1,123.07692307692308,16.0
ST Jayasuriya,YK Pathan,13,7,0,53.84615384615385,7.0
AK Markram,PJ Cummins,13,26,0,200.0,26.0
EJG Morgan,UT Yadav,13,8,2,61.53846153846154,4.0
DJ Willey,CV Varun,13,11,0,84.61538461538461,11.0
DJ Thornely,PJ Sangwan,13,13,0,100.0,13.0
SN Khan,Imran Tahir,13,11,0,84.61538461538461,11.0
HH Gibbs,R Bhatia,13,16,0,123.07692307692308,16.0
S Dhawan,KM Asif,13,20,0,153.84615384615387,20.0
KL Rahul,Vijaykumar Vyshak,13,37,0,284.61538461538464,37.0
C Green,Ravi Bishnoi,13,12,1,92.3076923076923,12.0
C Green,Rasikh Salam,13,11,1,84.61538461538461,11.0
C Green,DS Rathi,13,8,0,61.53846153846154,8.0
EJG Morgan,DW Steyn,13,15,0,115.38461538461537,15.0
EJG Morgan,DT Christian,13,10,1,76.92307692307693,10.0
RR Pant,MC Henriques,13,20,0,153.84615384615387,20.0
AK Markram,AD Russell,13,19,1,146.15384615384613,19.0
KA Pollard,KK Ahmed,13,9,1,69.23076923076923,9.0
KA Pollard,Basil Thampi,13,14,1,107.6923076923077,14.0
Shubman Gill,AJ Tye,13,20,0,153.84615384615387,20.0
Shubman Gill,A Zampa,13,14,1,107.6923076923077,14.0
HH Gibbs,V Kohli,13,12,0,92.3076923076923,12.0
KA Pollard,BA Stokes,13,15,1,115.38461538461537,15.0
KA Pollard,Azhar Mahmood,13,11,0,84.61538461538461,11.0
PA Patel,P Negi,13,23,0,176.9230769230769,23.0
AL Menaria,JH Kallis,13,19,0,146.15384615384613,19.0
DA Warner,M Theekshana,13,23,1,176.9230769230769,23.0
DA Warner,M Pathirana,13,6,1,46.15384615384615,6.0
Yuvraj Singh,MS Gony,13,6,1,46.15384615384615,6.0
AD Mathews,SB Jakati,13,11,0,84.61538461538461,11.0
SK Raina,Mohammed Siraj,13,16,1,123.07692307692308,16.0
AR Patel,AD Russell,13,35,0,269.2307692307692,35.0
AD Mathews,J Botha,13,16,0,123.07692307692308,16.0
AD Mathews,B Kumar,13,12,0,92.3076923076923,12.0
WP Saha,VRV Singh,13,17,0,130.76923076923077,17.0
WP Saha,TG Southee,13,18,2,138.46153846153845,9.0
KS Williamson,MK Lomror,13,20,0,153.84615384615387,20.0
KS Williamson,L Ngidi,13,8,0,61.53846153846154,8.0
SS Iyer,A Kamboj,13,11,2,84.61538461538461,5.5
MS Dhoni,M Prasidh Krishna,13,22,0,169.23076923076923,22.0
MS Dhoni,M Morkel,13,34,1,261.53846153846155,34.0
WP Saha,A Kumble,13,11,1,84.61538461538461,11.0
KS Williamson,J Yadav,13,14,0,107.6923076923077,14.0
Shubman Gill,Fazalhaq Farooqi,13,25,0,192.30769230769232,25.0
Dhruv Jurel,Yash Thakur,13,19,0,146.15384615384613,19.0
MS Bisla,SW Tait,13,3,0,23.076923076923077,3.0
Tilak Varma,Mohsin Khan,13,10,0,76.92307692307693,10.0
TM Head,B Kumar,13,19,1,146.15384615384613,19.0
RA Tripathi,MP Stoinis,13,36,2,276.9230769230769,18.0
KM Jadhav,Avesh Khan,13,15,0,115.38461538461537,15.0
AB de Villiers,RG Sharma,13,20,0,153.84615384615387,20.0
KM Jadhav,RD Chahar,13,9,0,69.23076923076923,9.0
KM Jadhav,P Kumar,13,35,1,269.2307692307692,35.0
KP Pietersen,AA Chavan,13,9,1,69.23076923076923,9.0
RG Sharma,L Ngidi,13,26,0,200.0,26.0
KM Jadhav,JP Faulkner,13,24,0,184.6153846153846,24.0
KM Jadhav,JH Kallis,13,18,0,138.46153846153845,18.0
KA Pollard,MA Starc,13,23,1,176.9230769230769,23.0
KA Pollard,RJ Harris,13,23,1,176.9230769230769,23.0
A Symonds,Mohammad Hafeez,13,3,0,23.076923076923077,3.0
A Symonds,L Balaji,13,21,0,161.53846153846155,21.0
V Kohli,S Kaul,13,18,0,138.46153846153845,18.0
SS Iyer,Arjun Tendulkar,13,20,0,153.84615384615387,20.0
V Shankar,YS Chahal,13,18,2,138.46153846153845,9.0
AD Russell,A Nortje,13,10,0,76.92307692307693,10.0
RV Uthappa,TA Boult,13,11,1,84.61538461538461,11.0
N Rana,S Gopal,13,8,1,61.53846153846154,8.0
CH Morris,MJ McClenaghan,13,23,0,176.9230769230769,23.0
AT Rayudu,STR Binny,13,19,1,146.15384615384613,19.0
KA Pollard,M Morkel,13,11,0,84.61538461538461,11.0
EJG Morgan,KV Sharma,13,9,1,69.23076923076923,9.0
AM Rahane,L Balaji,13,9,1,69.23076923076923,9.0
MK Pandey,M Morkel,13,19,0,146.15384615384613,19.0
SK Raina,AS Rajpoot,13,18,0,138.46153846153845,18.0
SK Raina,BB Sran,13,19,0,146.15384615384613,19.0
AM Rahane,M Markande,13,17,1,130.76923076923077,17.0
R Sathish,R Vinay Kumar,13,20,0,153.84615384615387,20.0
KM Jadhav,I Sharma,13,21,1,161.53846153846155,21.0
R Powell,Kuldeep Yadav,13,15,0,115.38461538461537,15.0
MS Dhoni,J Theron,13,22,0,169.23076923076923,22.0
MS Dhoni,Harmeet Singh,13,15,1,115.38461538461537,15.0
MS Dhoni,GD McGrath,13,14,0,107.6923076923077,14.0
EJG Morgan,SR Watson,13,29,1,223.0769230769231,29.0
EJG Morgan,NM Coulter-Nile,13,26,1,200.0,26.0
S Vidyut,GD McGrath,13,14,1,107.6923076923077,14.0
KP Pietersen,IK Pathan,13,24,0,184.6153846153846,24.0
R Ravindra,UT Yadav,13,22,0,169.23076923076923,22.0
CH Gayle,RR Powar,13,13,0,100.0,13.0
SK Raina,Pankaj Singh,13,16,1,123.07692307692308,16.0
PA Patel,JP Faulkner,13,15,2,115.38461538461537,7.5
DA Warner,L Ngidi,13,16,1,123.07692307692308,16.0
DA Warner,PJ Sangwan,13,18,0,138.46153846153845,18.0
PA Patel,DL Chahar,13,9,0,69.23076923076923,9.0
S Dube,RA Jadeja,13,18,2,138.46153846153845,9.0
Shubman Gill,GJ Maxwell,13,16,2,123.07692307692308,8.0
R Parag,TA Boult,13,25,1,192.30769230769232,25.0
AT Rayudu,JP Duminy,13,7,0,53.84615384615385,7.0
SK Raina,S Nadeem,13,22,0,169.23076923076923,22.0
R Powell,SP Narine,13,20,2,153.84615384615387,10.0
CA Pujara,A Mishra,13,13,0,100.0,13.0
RA Tripathi,JR Hazlewood,13,15,2,115.38461538461537,7.5
RA Tripathi,Harshit Rana,13,15,0,115.38461538461537,15.0
RA Tripathi,MA Starc,13,21,1,161.53846153846155,21.0
SS Tiwary,PP Ojha,13,15,1,115.38461538461537,15.0
N Wadhera,DS Rathi,13,17,0,130.76923076923077,17.0
N Rana,VR Aaron,13,9,0,69.23076923076923,9.0
Abishek Porel,YS Chahal,13,18,2,138.46153846153845,9.0
AT Rayudu,AUK Pathan,13,21,0,161.53846153846155,21.0
MK Pandey,HV Patel,13,7,1,53.84615384615385,7.0
BB McCullum,R Sathish,13,16,0,123.07692307692308,16.0
BB McCullum,R McLaren,13,12,0,92.3076923076923,12.0
MS Dhoni,Anureet Singh,13,25,0,192.30769230769232,25.0
SK Raina,P Negi,13,24,1,184.6153846153846,24.0
SK Raina,NM Coulter-Nile,13,20,1,153.84615384615387,20.0
R Sathish,M Kartik,13,17,0,130.76923076923077,17.0
NK Patel,AB Dinda,13,7,0,53.84615384615385,7.0
N Wadhera,Yash Thakur,13,19,1,146.15384615384613,19.0
KP Pietersen,DT Christian,13,19,1,146.15384615384613,19.0
Shubman Gill,M Siddharth,13,7,0,53.84615384615385,7.0
Shubman Gill,Kartik Tyagi,13,20,0,153.84615384615387,20.0
KP Pietersen,RA Jadeja,13,18,0,138.46153846153845,18.0
HH Pandya,Sandeep Sharma,13,16,1,123.07692307692308,16.0
RG Sharma,PP Ojha,13,13,0,100.0,13.0
RG Sharma,MM Patel,13,32,0,246.15384615384616,32.0
TL Suman,T Thushara,13,11,0,84.61538461538461,11.0
HM Amla,JP Faulkner,13,25,0,192.30769230769232,25.0
JM Bairstow,KA Jamieson,13,17,0,130.76923076923077,17.0
KP Pietersen,RJ Peterson,13,23,0,176.9230769230769,23.0
KP Pietersen,Yuvraj Singh,13,17,0,130.76923076923077,17.0
KR Mayers,TU Deshpande,13,12,0,92.3076923076923,12.0
HH Pandya,Suyash Sharma,13,29,0,223.0769230769231,29.0
KP Pietersen,R Dhawan,13,21,1,161.53846153846155,21.0
B Sai Sudharsan,V Nigam,13,15,0,115.38461538461537,15.0
V Suryavanshi,E Malinga,13,25,0,192.30769230769232,25.0
V Suryavanshi,DS Rathi,13,26,0,200.0,26.0
YV Takawale,SP Narine,13,9,1,69.23076923076923,9.0
E Lewis,YS Chahal,13,23,0,176.9230769230769,23.0
JP Faulkner,Harbhajan Singh,13,14,0,107.6923076923077,14.0
DJG Sammy,Shakib Al Hasan,13,19,2,146.15384615384613,9.5
V Kohli,AD Mathews,13,9,1,69.23076923076923,9.0
JA Morkel,Z Khan,13,16,0,123.07692307692308,16.0
KC Sangakkara,SK Raina,13,12,1,92.3076923076923,12.0
KC Sangakkara,S Sreesanth,13,13,0,100.0,13.0
JA Morkel,KA Pollard,13,6,1,46.15384615384615,6.0
Yuvraj Singh,PJ Sangwan,13,14,1,107.6923076923077,14.0
B Chipli,R Bhatia,13,19,1,146.15384615384613,19.0
Yuvraj Singh,Y Venugopal Rao,13,18,1,138.46153846153845,18.0
Mandeep Singh,IK Pathan,13,21,1,161.53846153846155,21.0
SP Narine,Akash Deep,13,22,0,169.23076923076923,22.0
RV Uthappa,JR Hazlewood,13,12,1,92.3076923076923,12.0
DJ Bravo,Y Venugopal Rao,13,18,0,138.46153846153845,18.0
M Vohra,P Negi,13,20,1,153.84615384615387,20.0
DPMD Jayawardene,SB Jakati,13,14,0,107.6923076923077,14.0
DPMD Jayawardene,Shakib Al Hasan,13,12,0,92.3076923076923,12.0
AM Rahane,DJG Sammy,13,10,0,76.92307692307693,10.0
A Ashish Reddy,DJ Bravo,13,24,1,184.6153846153846,24.0
SS Iyer,MG Johnson,12,11,0,91.66666666666666,11.0
VR Iyer,N Thushara,12,17,0,141.66666666666669,17.0
PP Chawla,MG Johnson,12,16,1,133.33333333333331,16.0
V Sehwag,YS Chahal,12,10,2,83.33333333333334,5.0
DJ Bravo,YA Abdulla,12,1,0,8.333333333333332,1.0
DJ Harris,M Muralitharan,12,5,0,41.66666666666667,5.0
DJ Hooda,AD Russell,12,5,2,41.66666666666667,2.5
SM Curran,T Natarajan,12,16,1,133.33333333333331,16.0
A Badoni,AS Roy,12,22,1,183.33333333333331,22.0
B Chipli,RP Singh,12,13,1,108.33333333333333,13.0
B Kumar,C Green,12,11,1,91.66666666666666,11.0
CH Gayle,SJ Srivastava,12,8,1,66.66666666666666,8.0
DJ Hooda,AS Joseph,12,10,1,83.33333333333334,10.0
G Gambhir,BJ Hodge,12,6,0,50.0,6.0
RM Patidar,J Suchith,12,13,1,108.33333333333333,13.0
S Nadeem,SP Narine,12,6,3,50.0,2.0
P Kumar,UT Yadav,12,14,1,116.66666666666667,14.0
KC Sangakkara,SM Pollock,12,24,0,200.0,24.0
KC Sangakkara,SK Warne,12,18,1,150.0,18.0
CH Gayle,RS Bopara,12,30,0,250.0,30.0
CH Gayle,SMSM Senanayake,12,11,0,91.66666666666666,11.0
SV Samson,Krish Bhagat,12,31,0,258.33333333333337,31.0
M Vohra,WD Parnell,12,15,0,125.0,15.0
MA Agarwal,Arshdeep Singh,12,18,0,150.0,18.0
S Dhawan,Abhishek Sharma,12,14,0,116.66666666666667,14.0
S Dhawan,Fazalhaq Farooqi,12,12,1,100.0,12.0
S Dhawan,DW Steyn,12,10,1,83.33333333333334,10.0
JC Buttler,Zeeshan Ansari,12,22,1,183.33333333333331,22.0
SC Ganguly,J Theron,12,7,0,58.333333333333336,7.0
SC Ganguly,Iqbal Abdulla,12,9,0,75.0,9.0
WG Jacks,MM Sharma,12,39,0,325.0,39.0
SC Ganguly,KAJ Roach,12,21,0,175.0,21.0
HR Shokeen,RA Jadeja,12,17,0,141.66666666666669,17.0
AJ Finch,CR Brathwaite,12,25,0,208.33333333333334,25.0
AJ Finch,CH Morris,12,14,0,116.66666666666667,14.0
TL Suman,SL Malinga,12,11,0,91.66666666666666,11.0
TL Suman,SK Trivedi,12,16,1,133.33333333333331,16.0
HM Amla,DL Chahar,12,7,0,58.333333333333336,7.0
KP Pietersen,SL Malinga,12,14,0,116.66666666666667,14.0
SS Tiwary,PD Collingwood,12,18,0,150.0,18.0
RV Uthappa,BA Stokes,12,11,1,91.66666666666666,11.0
RV Uthappa,AD Mathews,12,16,1,133.33333333333331,16.0
RV Uthappa,DT Christian,12,23,1,191.66666666666669,23.0
SP Fleming,SM Pollock,12,5,0,41.66666666666667,5.0
N Wadhera,JR Hazlewood,12,5,0,41.66666666666667,5.0
A Symonds,RE van der Merwe,12,14,1,116.66666666666667,14.0
JC Buttler,RJW Topley,12,12,0,100.0,12.0
JC Buttler,Lalit Yadav,12,26,0,216.66666666666666,26.0
R Ravindra,Mohammed Siraj,12,22,0,183.33333333333331,22.0
R Ravindra,B Kumar,12,11,1,91.66666666666666,11.0
C Green,Mayank Dagar,12,23,0,191.66666666666669,23.0
SS Tiwary,SK Warne,12,20,0,166.66666666666669,20.0
MK Lomror,S Kaul,12,7,1,58.333333333333336,7.0
A Symonds,DT Christian,12,11,0,91.66666666666666,11.0
AJ Finch,S Kaul,12,14,1,116.66666666666667,14.0
SS Tiwary,Parvez Rasool,12,22,0,183.33333333333331,22.0
HM Amla,CH Morris,12,9,1,75.0,9.0
E Lewis,TA Boult,12,14,0,116.66666666666667,14.0
MK Pandey,HR Shokeen,12,20,0,166.66666666666669,20.0
AM Rahane,MJ Henry,12,13,1,108.33333333333333,13.0
Q de Kock,A Mishra,12,11,0,91.66666666666666,11.0
DA Warner,MS Gony,12,15,0,125.0,15.0
S Dube,RP Meredith,12,18,1,150.0,18.0
HV Patel,DJ Bravo,12,29,2,241.66666666666666,14.5
RD Rickelton,Mohsin Khan,12,31,1,258.33333333333337,31.0
KP Pietersen,M Kartik,12,12,0,100.0,12.0
KP Pietersen,KV Sharma,12,13,0,108.33333333333333,13.0
R Powell,Umran Malik,12,22,0,183.33333333333331,22.0
SK Raina,RD Chahar,12,12,1,100.0,12.0
PA Patel,Iqbal Abdulla,12,15,1,125.0,15.0
SA Yadav,R Bhatia,12,9,0,75.0,9.0
DA Warner,SW Tait,12,28,0,233.33333333333334,28.0
SP Narine,Navdeep Saini,12,15,2,125.0,7.5
SP Narine,Mohammed Shami,12,3,2,25.0,1.5
SP Narine,MG Johnson,12,7,2,58.333333333333336,3.5
SP Narine,KV Sharma,12,11,2,91.66666666666666,5.5
HH Pandya,KR Sen,12,24,0,200.0,24.0
CJ Anderson,B Kumar,12,14,0,116.66666666666667,14.0
Rahmanullah Gurbaz,J Little,12,14,0,116.66666666666667,14.0
RG Sharma,Mujeeb Ur Rahman,12,26,0,216.66666666666666,26.0
AM Rahane,KA Pollard,12,14,1,116.66666666666667,14.0
MK Pandey,M Markande,12,13,1,108.33333333333333,13.0
PD Salt,Yash Dayal,12,19,0,158.33333333333331,19.0
PJ Cummins,L Ngidi,12,20,0,166.66666666666669,20.0
EJG Morgan,CJ Jordan,12,11,0,91.66666666666666,11.0
EJG Morgan,A Nortje,12,15,2,125.0,7.5
KS Bharat,R Tewatia,12,14,0,116.66666666666667,14.0
KS Williamson,DT Christian,12,14,1,116.66666666666667,14.0
EJG Morgan,MJ McClenaghan,12,4,1,33.33333333333333,4.0
EJG Morgan,MC Henriques,12,20,0,166.66666666666669,20.0
MS Dhoni,J Yadav,12,14,0,116.66666666666667,14.0
MS Dhoni,KMA Paul,12,12,0,100.0,12.0
Q de Kock,AS Rajpoot,12,20,0,166.66666666666669,20.0
ST Jayasuriya,GD McGrath,12,11,0,91.66666666666666,11.0
EJG Morgan,S Kaul,12,8,0,66.66666666666666,8.0
RR Pant,Basil Thampi,12,30,1,250.0,30.0
SS Iyer,AJ Tye,12,16,1,133.33333333333331,16.0
AC Gilchrist,RR Powar,12,6,2,50.0,3.0
AC Gilchrist,RP Singh,12,5,1,41.66666666666667,5.0
N Saini,Z Khan,12,13,1,108.33333333333333,13.0
N Saini,MM Patel,12,14,0,116.66666666666667,14.0
N Rana,XC Bartlett,12,44,1,366.66666666666663,44.0
DA Warner,P Awana,12,28,0,233.33333333333334,28.0
A Symonds,S Sreesanth,12,35,0,291.66666666666663,35.0
HH Pandya,BA Stokes,12,11,1,91.66666666666666,11.0
R Parag,Suyash Sharma,12,24,0,200.0,24.0
HH Pandya,P Negi,12,39,0,325.0,39.0
HH Pandya,N Burger,12,22,0,183.33333333333331,22.0
AM Rahane,Avesh Khan,12,29,0,241.66666666666666,29.0
C Connolly,Rashid Khan,12,22,0,183.33333333333331,22.0
AT Rayudu,JR Hopes,12,27,1,225.0,27.0
KM Jadhav,HH Pandya,12,7,0,58.333333333333336,7.0
AB de Villiers,R Sharma,12,10,1,83.33333333333334,10.0
KM Jadhav,AR Patel,12,11,1,91.66666666666666,11.0
KA Pollard,R Sharma,12,4,1,33.33333333333333,4.0
A Mishra,R Ashwin,12,5,1,41.66666666666667,5.0
V Kohli,RS Bopara,12,12,1,100.0,12.0
Harbhajan Singh,DE Bollinger,12,21,1,175.0,21.0
S Dube,AD Russell,12,11,1,91.66666666666666,11.0
S Dhawan,Y Venugopal Rao,12,15,0,125.0,15.0
Priyansh Arya,TA Boult,12,21,0,175.0,21.0
MK Lomror,Arshdeep Singh,12,16,1,133.33333333333331,16.0
MK Pandey,AB Dinda,12,16,2,133.33333333333331,8.0
MK Pandey,A Nehra,12,11,0,91.66666666666666,11.0
Rahmanullah Gurbaz,Arshdeep Singh,12,16,0,133.33333333333331,16.0
SR Tendulkar,Bipul Sharma,12,12,0,100.0,12.0
AL Menaria,A Mishra,12,17,1,141.66666666666669,17.0
KL Rahul,TS Mills,12,33,0,275.0,33.0
KA Pollard,P Awana,12,12,2,100.0,6.0
AD Mathews,Jaskaran Singh,12,17,1,141.66666666666669,17.0
RR Pant,BCJ Cutting,12,24,0,200.0,24.0
SP Goswami,AB Agarkar,12,17,1,141.66666666666669,17.0
KS Williamson,KMA Paul,12,6,1,50.0,6.0
KS Williamson,Arshdeep Singh,12,9,0,75.0,9.0
YBK Jaiswal,Kuldeep Yadav,12,19,1,158.33333333333331,19.0
CH Morris,Sandeep Sharma,12,21,1,175.0,21.0
Harbhajan Singh,RA Jadeja,12,13,0,108.33333333333333,13.0
AB de Villiers,RP Singh,12,12,1,100.0,12.0
MS Bisla,V Kohli,12,24,0,200.0,24.0
MS Bisla,SL Malinga,12,11,1,91.66666666666666,11.0
C Green,SN Thakur,12,33,1,275.0,33.0
C Green,SM Curran,12,21,0,175.0,21.0
C Green,Ashok Sharma,12,21,0,175.0,21.0
C Green,AR Patel,12,13,0,108.33333333333333,13.0
C Connolly,Sakib Hussain,12,17,0,141.66666666666669,17.0
SA Yadav,Mohsin Khan,12,16,0,133.33333333333331,16.0
SN Thakur,HV Patel,12,19,1,158.33333333333331,19.0
E Lewis,GHS Garton,12,21,1,175.0,21.0
HH Gibbs,MS Gony,12,22,1,183.33333333333331,22.0
SK Raina,V Kohli,12,15,0,125.0,15.0
SK Raina,T Natarajan,12,16,0,133.33333333333331,16.0
Kamran Akmal,M Ntini,12,27,0,225.0,27.0
RA Jadeja,SK Trivedi,12,17,0,141.66666666666669,17.0
N Rana,P Kumar,12,10,0,83.33333333333334,10.0
AB de Villiers,IS Sodhi,12,22,0,183.33333333333331,22.0
AB de Villiers,PJ Cummins,12,23,0,191.66666666666669,23.0
KL Rahul,RP Meredith,12,21,0,175.0,21.0
KL Rahul,R Vinay Kumar,12,10,0,83.33333333333334,10.0
KL Rahul,Z Khan,12,12,0,100.0,12.0
AR Patel,BA Stokes,12,3,0,25.0,3.0
AR Patel,AS Roy,12,8,0,66.66666666666666,8.0
NK Patel,DW Steyn,12,2,0,16.666666666666664,2.0
SR Tendulkar,JDP Oram,12,20,0,166.66666666666669,20.0
DA Warner,JW Hastings,12,26,1,216.66666666666666,26.0
DA Warner,JP Behrendorff,12,11,1,91.66666666666666,11.0
DA Warner,HR Shokeen,12,10,0,83.33333333333334,10.0
SN Khan,HH Pandya,12,10,0,83.33333333333334,10.0
SN Khan,DJ Bravo,12,17,1,141.66666666666669,17.0
AK Markram,Noor Ahmad,12,11,0,91.66666666666666,11.0
S Dhawan,Mohsin Khan,12,18,1,150.0,18.0
EJG Morgan,Parvez Rasool,12,14,0,116.66666666666667,14.0
EJG Morgan,PV Tambe,12,21,1,175.0,21.0
AB de Villiers,Mustafizur Rahman,12,7,1,58.333333333333336,7.0
R Parag,PP Hinge,12,6,2,50.0,3.0
HH Gibbs,BJ Hodge,12,12,0,100.0,12.0
JM Bairstow,Mustafizur Rahman,12,17,0,141.66666666666669,17.0
DA Warner,R Sharma,12,25,1,208.33333333333334,25.0
AB de Villiers,GC Viljoen,12,22,0,183.33333333333331,22.0
DA Warner,TP Sudhindra,12,28,0,233.33333333333334,28.0
EJG Morgan,Z Khan,12,10,1,83.33333333333334,10.0
MS Dhoni,RJ Harris,12,26,1,216.66666666666666,26.0
JH Kallis,CH Gayle,12,12,0,100.0,12.0
HH Gibbs,SK Raina,12,12,0,100.0,12.0
SE Rutherford,SP Narine,12,6,0,50.0,6.0
HH Pandya,AS Rajpoot,12,42,0,350.0,42.0
SN Khan,HV Patel,12,12,2,100.0,6.0
V Suryavanshi,Rashid Khan,12,20,1,166.66666666666669,20.0
V Suryavanshi,Noor Ahmad,12,38,0,316.66666666666663,38.0
LA Pomersbach,A Nehra,12,26,0,216.66666666666666,26.0
C Connolly,Harsh Dubey,12,26,0,216.66666666666666,26.0
RG Sharma,JR Hazlewood,12,22,0,183.33333333333331,22.0
CJ Anderson,M Morkel,12,6,1,50.0,6.0
PR Veer,Suyash Sharma,12,10,0,83.33333333333334,10.0
PR Veer,Prince Yadav,12,14,0,116.66666666666667,14.0
MK Pandey,PWH de Silva,12,24,1,200.0,24.0
MK Pandey,S Sreesanth,12,10,0,83.33333333333334,10.0
YV Takawale,SK Trivedi,12,12,1,100.0,12.0
YV Takawale,S Badree,12,16,0,133.33333333333331,16.0
A Mishra,SR Watson,12,7,0,58.333333333333336,7.0
KL Rahul,M Theekshana,12,20,0,166.66666666666669,20.0
Dhruv Jurel,Noor Ahmad,12,18,2,150.0,9.0
SE Marsh,Rashid Khan,12,11,0,91.66666666666666,11.0
SE Marsh,R Sharma,12,17,0,141.66666666666669,17.0
HH Gibbs,A Mishra,12,5,1,41.66666666666667,5.0
SS Tiwary,M Muralitharan,12,8,1,66.66666666666666,8.0
DP Conway,Arshdeep Singh,12,19,0,158.33333333333331,19.0
AC Gilchrist,Sohail Tanvir,12,20,0,166.66666666666669,20.0
NLTC Perera,PP Chawla,12,15,1,125.0,15.0
NV Ojha,AC Thomas,12,7,0,58.333333333333336,7.0
B Sai Sudharsan,GJ Maxwell,12,20,0,166.66666666666669,20.0
RV Uthappa,VY Mahesh,12,17,1,141.66666666666669,17.0
V Kohli,Mayank Dagar,12,13,0,108.33333333333333,13.0
Q de Kock,DR Sams,12,19,0,158.33333333333331,19.0
STR Binny,CR Brathwaite,12,10,0,83.33333333333334,10.0
MEK Hussey,VS Malik,12,13,0,108.33333333333333,13.0
MEK Hussey,SW Tait,12,2,1,16.666666666666664,2.0
MEK Hussey,S Kaul,12,18,0,150.0,18.0
MEK Hussey,RA Jadeja,12,9,2,75.0,4.5
Kartik Sharma,Raghu Sharma,12,10,0,83.33333333333334,10.0
Shashank Singh,Rashid Khan,12,29,0,241.66666666666666,29.0
JEC Franklin,PP Chawla,12,13,0,108.33333333333333,13.0
RD Gaikwad,Raghu Sharma,12,14,0,116.66666666666667,14.0
CA Pujara,SK Trivedi,12,10,1,83.33333333333334,10.0
JEC Franklin,MN Samuels,12,6,0,50.0,6.0
KL Rahul,Nithish Kumar Reddy,12,23,0,191.66666666666669,23.0
AD Hales,TA Boult,12,10,0,83.33333333333334,10.0
C Green,NT Ellis,12,20,2,166.66666666666669,10.0
C Green,LS Livingstone,12,12,0,100.0,12.0
R Tewatia,Kuldeep Yadav,12,7,1,58.333333333333336,7.0
H Klaasen,Yash Dayal,12,17,0,141.66666666666669,17.0
H Klaasen,VG Arora,12,12,1,100.0,12.0
RR Pant,CR Woakes,12,25,0,208.33333333333334,25.0
TM Head,Rashid Khan,12,17,1,141.66666666666669,17.0
N Rana,M Pathirana,12,8,0,66.66666666666666,8.0
PA Patel,SJ Srivastava,12,14,1,116.66666666666667,14.0
MK Pandey,RP Meredith,12,17,0,141.66666666666669,17.0
LMP Simmons,Karanveer Singh,12,18,0,150.0,18.0
SK Warne,L Balaji,12,6,1,50.0,6.0
R Parag,G Coetzee,12,29,0,241.66666666666666,29.0
MS Dhoni,PJ Sangwan,12,12,0,100.0,12.0
MEK Hussey,YS Chahal,12,21,0,175.0,21.0
F du Plessis,Fazalhaq Farooqi,12,17,0,141.66666666666669,17.0
WP Saha,PH Solanki,12,9,0,75.0,9.0
DB Das,B Kumar,12,14,0,116.66666666666667,14.0
JJ Roy,I Sharma,12,9,0,75.0,9.0
JM Kemp,PP Ojha,12,14,1,116.66666666666667,14.0
LMP Simmons,HV Patel,12,14,0,116.66666666666667,14.0
CJ Anderson,SR Watson,12,18,0,150.0,18.0
CJ Anderson,R Ashwin,12,11,1,91.66666666666666,11.0
YBK Jaiswal,KH Pandya,12,14,0,116.66666666666667,14.0
C Connolly,PJ Cummins,12,21,0,175.0,21.0
Harpreet Brar,HV Patel,12,30,1,250.0,30.0
H Klaasen,M Siddharth,12,14,0,116.66666666666667,14.0
H Klaasen,M Prasidh Krishna,12,9,1,75.0,9.0
PP Shaw,Ravi Bishnoi,12,13,1,108.33333333333333,13.0
PP Shaw,VG Arora,12,21,2,175.0,10.5
AC Gilchrist,A Mithun,12,18,0,150.0,18.0
Vivrant Sharma,JP Behrendorff,12,13,0,108.33333333333333,13.0
SO Hetmyer,TU Deshpande,12,21,0,175.0,21.0
SO Hetmyer,Shivam Mavi,12,13,0,108.33333333333333,13.0
DP Conway,Lalit Yadav,12,23,0,191.66666666666669,23.0
NV Ojha,CH Morris,12,8,1,66.66666666666666,8.0
NV Ojha,Anureet Singh,12,12,0,100.0,12.0
Dhruv Jurel,HV Patel,12,13,1,108.33333333333333,13.0
Dhruv Jurel,Abhinandan Singh,12,35,0,291.66666666666663,35.0
MK Tiwary,M Kartik,12,7,0,58.333333333333336,7.0
TM Dilshan,AC Thomas,12,9,0,75.0,9.0
LMP Simmons,Anureet Singh,12,11,1,91.66666666666666,11.0
DJ Hussey,SB Styris,12,18,0,150.0,18.0
S Dube,MP Stoinis,12,24,2,200.0,12.0
LR Shukla,SK Trivedi,12,7,1,58.333333333333336,7.0
HH Gibbs,AB Dinda,12,16,1,133.33333333333331,16.0
H Klaasen,TU Deshpande,12,23,1,191.66666666666669,23.0
H Klaasen,Shahbaz Ahmed,12,32,0,266.66666666666663,32.0
JD Unadkat,DJ Bravo,12,21,0,175.0,21.0
JEC Franklin,B Kumar,12,12,1,100.0,12.0
RD Gaikwad,Noor Ahmad,12,14,1,116.66666666666667,14.0
RD Gaikwad,Mustafizur Rahman,12,18,1,150.0,18.0
YBK Jaiswal,TU Deshpande,12,15,2,125.0,7.5
STR Binny,PP Ojha,12,28,0,233.33333333333334,28.0
F du Plessis,AS Roy,12,6,1,50.0,6.0
BJ Hodge,A Nehra,12,4,2,33.33333333333333,2.0
LMP Simmons,Z Khan,12,12,1,100.0,12.0
LA Pomersbach,VS Yeligati,12,20,0,166.66666666666669,20.0
AL Menaria,Shakib Al Hasan,12,11,0,91.66666666666666,11.0
Y Nagar,DJ Bravo,12,8,0,66.66666666666666,8.0
AT Rayudu,BB Sran,12,18,2,150.0,9.0
RA Tripathi,TG Southee,12,11,1,91.66666666666666,11.0
MK Pandey,Shahbaz Ahmed,12,18,1,150.0,18.0
MK Pandey,SK Warne,12,15,0,125.0,15.0
Shubman Gill,Simarjeet Singh,12,25,0,208.33333333333334,25.0
Shubman Gill,SL Malinga,12,20,0,166.66666666666669,20.0
Dhruv Jurel,M Tiwari,12,15,0,125.0,15.0
Dhruv Jurel,K Rabada,12,16,1,133.33333333333331,16.0
SE Marsh,SD Chitnis,12,21,1,175.0,21.0
SE Marsh,SB Styris,12,7,1,58.333333333333336,7.0
Shakib Al Hasan,Harbhajan Singh,12,17,0,141.66666666666669,17.0
S Vidyut,VY Mahesh,12,22,0,183.33333333333331,22.0
BJ Hodge,A Kumble,12,2,1,16.666666666666664,2.0
DJ Hussey,JH Kallis,12,14,1,116.66666666666667,14.0
YK Pathan,NM Coulter-Nile,12,19,1,158.33333333333331,19.0
N Rana,A Mishra,12,16,0,133.33333333333331,16.0
MS Bisla,I Sharma,12,16,0,133.33333333333331,16.0
MS Bisla,GB Hogg,12,8,0,66.66666666666666,8.0
DP Conway,Vijaykumar Vyshak,12,32,0,266.66666666666663,32.0
SC Ganguly,R McLaren,12,20,0,166.66666666666669,20.0
D Padikkal,Lalit Yadav,12,15,0,125.0,15.0
AR Patel,M Jansen,12,21,0,175.0,21.0
KK Nair,R Vinay Kumar,12,7,1,58.333333333333336,7.0
RN ten Doeschate,DJ Bravo,12,20,0,166.66666666666669,20.0
Q de Kock,CH Gayle,12,8,0,66.66666666666666,8.0
S Badrinath,S Aravind,12,7,0,58.333333333333336,7.0
YBK Jaiswal,Mukesh Choudhary,12,22,0,183.33333333333331,22.0
KL Rahul,AS Roy,12,16,1,133.33333333333331,16.0
SR Tendulkar,AA Chavan,12,8,0,66.66666666666666,8.0
B Sai Sudharsan,Harpreet Brar,12,15,0,125.0,15.0
MK Tiwary,SR Watson,12,22,0,183.33333333333331,22.0
BB McCullum,JD Ryder,12,12,0,100.0,12.0
DA Miller,IK Pathan,12,7,0,58.333333333333336,7.0
NV Ojha,I Sharma,12,16,1,133.33333333333331,16.0
SR Tendulkar,A Mithun,12,14,0,116.66666666666667,14.0
R Vinay Kumar,DR Smith,12,16,0,133.33333333333331,16.0
MK Tiwary,KH Pandya,12,10,0,83.33333333333334,10.0
JC Buttler,Naveen-ul-Haq,12,13,1,108.33333333333333,13.0
JC Buttler,Mustafizur Rahman,12,20,1,166.66666666666669,20.0
Shakib Al Hasan,MM Sharma,12,15,0,125.0,15.0
Abdul Samad,JJ Bumrah,12,21,2,175.0,10.5
Shahbaz Ahmed,T Natarajan,12,5,0,41.66666666666667,5.0
Azhar Mahmood,M Muralitharan,12,20,0,166.66666666666669,20.0
DJ Mitchell,K Kartikeya,12,12,0,100.0,12.0
PD Salt,Auqib Nabi,12,26,0,216.66666666666666,26.0
MEK Hussey,SMSM Senanayake,12,7,0,58.333333333333336,7.0
Dhruv Jurel,Ashok Sharma,12,16,0,133.33333333333331,16.0
RR Pant,Mukesh Kumar,12,6,1,50.0,6.0
DPMD Jayawardene,BA Bhatt,12,21,0,175.0,21.0
AB de Villiers,A Flintoff,12,34,0,283.33333333333337,34.0
RA Jadeja,AB Dinda,12,11,1,91.66666666666666,11.0
Ishan Kishan,BA Stokes,12,12,1,100.0,12.0
Anuj Rawat,JD Unadkat,12,21,0,175.0,21.0
STR Binny,MM Sharma,12,22,1,183.33333333333331,22.0
PD Salt,MA Starc,12,25,0,208.33333333333334,25.0
MS Dhoni,R Parag,12,19,0,158.33333333333331,19.0
DJ Jacobs,Z Khan,12,20,0,166.66666666666669,20.0
JP Inglis,Arshdeep Singh,12,33,0,275.0,33.0
F du Plessis,MG Johnson,12,29,2,241.66666666666666,14.5
RR Pant,Mohammad Nabi,12,20,1,166.66666666666669,20.0
RR Pant,Suyash Sharma,12,30,0,250.0,30.0
RR Pant,Shivang Kumar,12,16,0,133.33333333333331,16.0
SPD Smith,S Kaul,12,11,1,91.66666666666666,11.0
CH Morris,Harbhajan Singh,12,10,1,83.33333333333334,10.0
A Badoni,Suyash Sharma,12,18,0,150.0,18.0
Dhruv Jurel,CV Varun,12,3,2,25.0,1.5
A Raghuvanshi,Harsh Dubey,12,11,0,91.66666666666666,11.0
A Raghuvanshi,HV Patel,12,17,0,141.66666666666669,17.0
KK Nair,M Jansen,12,16,0,133.33333333333331,16.0
MEK Hussey,JJ van der Wath,12,22,0,183.33333333333331,22.0
MEK Hussey,B Akhil,12,18,0,150.0,18.0
MEK Hussey,Azhar Mahmood,12,20,0,166.66666666666669,20.0
SR Watson,S Sreesanth,12,17,0,141.66666666666669,17.0
R Dravid,SP Narine,12,11,0,91.66666666666666,11.0
JM Sharma,HV Patel,12,15,1,125.0,15.0
MK Tiwary,SK Raina,12,14,1,116.66666666666667,14.0
MK Tiwary,R Ashwin,12,10,1,83.33333333333334,10.0
MK Tiwary,P Kumar,12,10,0,83.33333333333334,10.0
S Dhawan,Harpreet Brar,12,18,0,150.0,18.0
MR Marsh,T Natarajan,12,16,1,133.33333333333331,16.0
DP Conway,SM Curran,12,17,0,141.66666666666669,17.0
RG Sharma,CJ Jordan,12,16,0,133.33333333333331,16.0
TL Suman,A Nehra,12,21,0,175.0,21.0
TK Curran,SP Narine,12,27,0,225.0,27.0
GJ Maxwell,Mustafizur Rahman,12,13,1,108.33333333333333,13.0
H Klaasen,MJ Santner,12,14,0,116.66666666666667,14.0
RG Sharma,ST Jayasuriya,12,15,0,125.0,15.0
SE Marsh,MJ McClenaghan,12,18,2,150.0,9.0
RJ Quiney,S Tyagi,12,6,0,50.0,6.0
N Pooran,TU Deshpande,12,21,1,175.0,21.0
JH Kallis,WPUJC Vaas,12,18,1,150.0,18.0
JH Kallis,VR Aaron,12,8,0,66.66666666666666,8.0
AC Gilchrist,DT Christian,12,27,1,225.0,27.0
DA Warner,CR Brathwaite,12,16,1,133.33333333333331,16.0
SV Samson,AU Rashid,12,21,0,175.0,21.0
Q de Kock,N Rana,12,13,0,108.33333333333333,13.0
AK Markram,Mohammed Shami,12,17,2,141.66666666666669,8.5
AD Russell,Harbhajan Singh,12,21,0,175.0,21.0
RV Uthappa,R Tewatia,12,19,1,158.33333333333331,19.0
RV Uthappa,R Dhawan,12,12,1,100.0,12.0
SA Yadav,NLTC Perera,12,16,1,133.33333333333331,16.0
SA Yadav,N Burger,12,19,2,158.33333333333331,9.5
JP Inglis,Shashank Singh,12,14,1,116.66666666666667,14.0
JP Inglis,Mukesh Choudhary,12,25,1,208.33333333333334,25.0
F du Plessis,Mayank Dagar,12,12,0,100.0,12.0
Q de Kock,Lalit Yadav,12,18,0,150.0,18.0
LS Livingstone,R Sai Kishore,12,7,0,58.333333333333336,7.0
V Sehwag,DR Smith,12,17,0,141.66666666666669,17.0
AB de Villiers,Avesh Khan,12,9,0,75.0,9.0
RG Sharma,VRV Singh,12,20,1,166.66666666666669,20.0
Shahbaz Ahmed,M Prasidh Krishna,12,24,0,200.0,24.0
LS Livingstone,DG Nalkande,12,32,0,266.66666666666663,32.0
ML Hayden,C Nanda,12,15,0,125.0,15.0
DP Conway,M Markande,12,14,0,116.66666666666667,14.0
VVS Laxman,TM Dilshan,12,16,1,133.33333333333331,16.0
MR Marsh,Mohammed Shami,12,21,1,175.0,21.0
MR Marsh,SP Narine,12,23,0,191.66666666666669,23.0
PJ Cummins,Washington Sundar,12,3,0,25.0,3.0
RR Pant,Shakib Al Hasan,12,17,0,141.66666666666669,17.0
TK Curran,CV Varun,12,11,0,91.66666666666666,11.0
KA Pollard,TG Southee,12,28,1,233.33333333333334,28.0
RA Jadeja,RG Sharma,12,9,0,75.0,9.0
SV Samson,Arshad Khan,12,17,1,141.66666666666669,17.0
AM Rahane,R Sai Kishore,12,13,1,108.33333333333333,13.0
STR Binny,SP Narine,12,11,0,91.66666666666666,11.0
V Shankar,MM Sharma,12,13,1,108.33333333333333,13.0
Azhar Mahmood,SL Malinga,12,20,1,166.66666666666669,20.0
NV Ojha,Yuvraj Singh,12,12,1,100.0,12.0
NV Ojha,VR Aaron,12,15,2,125.0,7.5
Washington Sundar,JA Duffy,12,14,1,116.66666666666667,14.0
Ankit Sharma,S Badree,12,3,0,25.0,3.0
DA Warner,AN Ahmed,12,21,0,175.0,21.0
AC Gilchrist,B Kumar,12,19,1,158.33333333333331,19.0
R Vinay Kumar,Shakib Al Hasan,12,8,2,66.66666666666666,4.0
CH Morris,HV Patel,12,11,2,91.66666666666666,5.5
RG Sharma,D Wiese,12,17,1,141.66666666666669,17.0
JC Buttler,GF Linde,12,16,0,133.33333333333331,16.0
Ishan Kishan,M Theekshana,12,25,0,208.33333333333334,25.0
N Pooran,N Thushara,12,13,1,108.33333333333333,13.0
N Pooran,MP Stoinis,12,24,0,200.0,24.0
N Pooran,Ravi Bishnoi,12,8,0,66.66666666666666,8.0
F du Plessis,R Dhawan,12,11,2,91.66666666666666,5.5
Abhishek Sharma,HH Pandya,12,11,2,91.66666666666666,5.5
RM Patidar,Sandeep Sharma,12,12,2,100.0,6.0
RM Patidar,SN Thakur,12,20,1,166.66666666666669,20.0
RN ten Doeschate,AD Mathews,12,24,0,200.0,24.0
MC Henriques,J Yadav,12,6,0,50.0,6.0
MC Henriques,S Sreesanth,12,12,0,100.0,12.0
MC Henriques,Kuldeep Yadav,12,19,1,158.33333333333331,19.0
AK Markram,Ravi Bishnoi,12,15,0,125.0,15.0
PA Reddy,J Botha,12,18,0,150.0,18.0
DB Ravi Teja,SL Malinga,12,10,3,83.33333333333334,3.3333333333333335
DJ Bravo,B Kumar,12,18,1,150.0,18.0
Shahbaz Ahmed,A Nortje,12,9,0,75.0,9.0
TM Dilshan,Harmeet Singh,12,13,1,108.33333333333333,13.0
TM Dilshan,DR Smith,12,15,1,125.0,15.0
K Rabada,HH Pandya,12,22,1,183.33333333333331,22.0
B Sai Sudharsan,PWH de Silva,12,16,1,133.33333333333331,16.0
AD Russell,Mukesh Kumar,12,20,1,166.66666666666669,20.0
MR Marsh,KR Sen,12,22,0,183.33333333333331,22.0
AC Gilchrist,B Akhil,12,26,1,216.66666666666666,26.0
JC Buttler,MJ McClenaghan,12,12,0,100.0,12.0
Rahmanullah Gurbaz,Rashid Khan,12,30,0,250.0,30.0
RR Pant,R Shepherd,12,23,0,191.66666666666669,23.0
RR Pant,Yash Dayal,12,34,0,283.33333333333337,34.0
PP Shaw,HH Pandya,12,17,0,141.66666666666669,17.0
MK Tiwary,VS Malik,12,13,0,108.33333333333333,13.0
SA Yadav,GJ Maxwell,12,12,0,100.0,12.0
RR Pant,Shivam Mavi,12,21,0,175.0,21.0
Ishan Kishan,PVD Chameera,12,6,0,50.0,6.0
TH David,TA Boult,12,22,0,183.33333333333331,22.0
TH David,Sandeep Sharma,12,20,1,166.66666666666669,20.0
DT Christian,PP Ojha,12,14,0,116.66666666666667,14.0
DJ Hussey,DS Kulkarni,12,23,0,191.66666666666669,23.0
M Kaif,L Balaji,12,11,0,91.66666666666666,11.0
FH Allen,PJ Cummins,12,27,1,225.0,27.0
Abhishek Sharma,K Rabada,12,19,1,158.33333333333331,19.0
BJ Hodge,B Kumar,12,18,0,150.0,18.0
DJ Hussey,MF Maharoof,12,12,1,100.0,12.0
MC Henriques,AB Dinda,12,26,0,216.66666666666666,26.0
BB Samantray,JP Faulkner,12,7,2,58.333333333333336,3.5
AD Russell,Umran Malik,12,9,0,75.0,9.0
Y Venugopal Rao,ST Jayasuriya,12,20,0,166.66666666666669,20.0
M Kaif,A Mishra,12,11,2,91.66666666666666,5.5
M Kartik,M Muralitharan,12,10,0,83.33333333333334,10.0
M Kaif,Umar Gul,12,6,0,50.0,6.0
GJ Maxwell,JD Unadkat,12,23,1,191.66666666666669,23.0
GJ Maxwell,CH Morris,12,26,1,216.66666666666666,26.0
Lalit Yadav,M Pathirana,12,16,1,133.33333333333331,16.0
DT Christian,MM Patel,12,10,2,83.33333333333334,5.0
SR Watson,IK Pathan,12,14,0,116.66666666666667,14.0
AD Russell,DL Chahar,12,16,0,133.33333333333331,16.0
Salman Butt,S Sreesanth,12,14,1,116.66666666666667,14.0
M Manhas,P Kumar,12,7,1,58.333333333333336,7.0
R Dravid,DJG Sammy,12,11,0,91.66666666666666,11.0
Tilak Varma,Kartik Tyagi,12,12,1,100.0,12.0
A Badoni,Sandeep Sharma,12,21,0,175.0,21.0
S Dhawan,CJ Jordan,12,11,0,91.66666666666666,11.0
S Dhawan,C Green,12,12,0,100.0,12.0
V Kohli,KA Jamieson,12,14,1,116.66666666666667,14.0
RA Jadeja,C Green,12,14,0,116.66666666666667,14.0
KH Pandya,Shakib Al Hasan,12,15,1,125.0,15.0
SK Raina,K Rabada,12,19,1,158.33333333333331,19.0
AT Rayudu,NM Coulter-Nile,12,17,0,141.66666666666669,17.0
Ishan Kishan,UT Yadav,12,14,1,116.66666666666667,14.0
SE Marsh,M Ntini,12,16,1,133.33333333333331,16.0
CH Gayle,DJ Hooda,12,14,1,116.66666666666667,14.0
Washington Sundar,TU Deshpande,12,19,0,158.33333333333331,19.0
Naman Dhir,Vijaykumar Vyshak,12,32,0,266.66666666666663,32.0
SPD Smith,SN Thakur,12,16,0,133.33333333333331,16.0
Ishan Kishan,SM Curran,12,16,0,133.33333333333331,16.0
CA Ingram,R Ashwin,12,8,1,66.66666666666666,8.0
SS Iyer,M Pathirana,12,23,1,191.66666666666669,23.0
TM Head,K Rabada,12,20,0,166.66666666666669,20.0
PP Shaw,J Yadav,12,12,1,100.0,12.0
JP Duminy,M Kartik,12,9,0,75.0,9.0
CA Ingram,K Gowtham,12,6,0,50.0,6.0
YK Pathan,JD Unadkat,12,18,1,150.0,18.0
KH Pandya,Arshdeep Singh,12,16,2,133.33333333333331,8.0
CA Pujara,SK Warne,12,14,0,116.66666666666667,14.0
RK Singh,Yash Dayal,12,37,1,308.33333333333337,37.0
DJ Bravo,Mustafizur Rahman,12,19,1,158.33333333333331,19.0
R Dhawan,PP Chawla,12,5,1,41.66666666666667,5.0
V Sehwag,LJ Wright,12,33,0,275.0,33.0
GJ Bailey,A Kumble,12,4,0,33.33333333333333,4.0
A Manohar,JJ Bumrah,12,16,0,133.33333333333331,16.0
SS Iyer,SR Watson,12,7,1,58.333333333333336,7.0
Abhishek Sharma,Suyash Sharma,12,25,1,208.33333333333334,25.0
SS Iyer,Yash Dayal,12,17,1,141.66666666666669,17.0
MP Stoinis,SM Curran,12,24,2,200.0,12.0
JG Bethell,Mohammed Siraj,12,14,2,116.66666666666667,7.0
JEC Franklin,WD Parnell,12,11,0,91.66666666666666,11.0
GH Vihari,S Nadeem,12,11,0,91.66666666666666,11.0
BJ Hodge,S Gopal,12,17,0,141.66666666666669,17.0
AC Gilchrist,Mohammad Asif,12,17,1,141.66666666666669,17.0
AC Gilchrist,Mashrafe Mortaza,12,23,0,191.66666666666669,23.0
DJ Hussey,M Muralitharan,12,8,1,66.66666666666666,8.0
JM Sharma,Nithish Kumar Reddy,12,27,1,225.0,27.0
MC Henriques,DW Steyn,12,17,0,141.66666666666669,17.0
RG Sharma,Akash Deep,12,14,1,116.66666666666667,14.0
T Stubbs,Naveen-ul-Haq,12,27,0,225.0,27.0
KD Karthik,RE van der Merwe,12,8,0,66.66666666666666,8.0
JM Bairstow,CH Morris,12,19,0,158.33333333333331,19.0
RA Jadeja,S Sreesanth,12,30,0,250.0,30.0
KD Karthik,Shivam Sharma,12,22,0,183.33333333333331,22.0
SM Katich,MS Gony,12,27,0,225.0,27.0
JD Ryder,M Morkel,12,25,1,208.33333333333334,25.0
UBT Chand,M Kartik,12,12,0,100.0,12.0
UBT Chand,Iqbal Abdulla,12,19,0,158.33333333333331,19.0
CL White,M Kartik,12,17,0,141.66666666666669,17.0
SV Samson,Yuvraj Singh,12,25,2,208.33333333333334,12.5
GJ Bailey,M Morkel,12,13,1,108.33333333333333,13.0
GJ Bailey,JP Faulkner,12,30,1,250.0,30.0
DJ Bravo,KK Cooper,12,23,0,191.66666666666669,23.0
Y Venugopal Rao,A Mithun,12,18,0,150.0,18.0
R Dravid,AB McDonald,12,15,1,125.0,15.0
SW Billings,RA Jadeja,12,13,0,108.33333333333333,13.0
V Sehwag,P Awana,12,10,2,83.33333333333334,5.0
V Sehwag,NM Coulter-Nile,12,5,0,41.66666666666667,5.0
GJ Bailey,AD Russell,12,15,0,125.0,15.0
SW Billings,SP Narine,12,12,0,100.0,12.0
JD Ryder,DE Bollinger,12,16,1,133.33333333333331,16.0
DJ Hooda,S Gopal,12,38,0,316.66666666666663,38.0
AD Russell,Kuldeep Yadav,12,4,1,33.33333333333333,4.0
PD Collingwood,CH Gayle,12,23,0,191.66666666666669,23.0
AB de Villiers,A Symonds,12,15,0,125.0,15.0
PA Patel,WD Parnell,12,13,1,108.33333333333333,13.0
N Pooran,Kartik Tyagi,12,11,2,91.66666666666666,5.5
BJ Hodge,AM Nayar,12,13,1,108.33333333333333,13.0
BJ Hodge,AB Agarkar,12,11,0,91.66666666666666,11.0
AT Rayudu,M Markande,12,6,2,50.0,3.0
DA Miller,KH Pandya,12,10,0,83.33333333333334,10.0
P Simran Singh,PVD Chameera,12,25,0,208.33333333333334,25.0
AR Patel,MJ McClenaghan,12,13,1,108.33333333333333,13.0
DPMD Jayawardene,AC Thomas,12,13,1,108.33333333333333,13.0
DPMD Jayawardene,AB Dinda,12,17,2,141.66666666666669,8.5
DPMD Jayawardene,A Symonds,12,9,1,75.0,9.0
MP Stoinis,Suyash Sharma,12,8,2,66.66666666666666,4.0
MR Marsh,Harpreet Brar,12,12,0,100.0,12.0
MM Ali,KH Pandya,12,25,0,208.33333333333334,25.0
SS Iyer,VR Aaron,12,21,0,175.0,21.0
KH Pandya,AJ Tye,12,18,0,150.0,18.0
KH Pandya,A Nehra,12,23,0,191.66666666666669,23.0
SK Raina,A Mithun,12,17,0,141.66666666666669,17.0
N Jagadeesan,R Sai Kishore,12,23,0,191.66666666666669,23.0
SR Watson,JC Archer,12,13,1,108.33333333333333,13.0
MW Short,K Rabada,12,19,1,158.33333333333331,19.0
Mandeep Singh,DT Christian,12,18,0,150.0,18.0
MV Boucher,PJ Sangwan,12,16,2,133.33333333333331,8.0
SR Watson,R Rampaul,12,10,1,83.33333333333334,10.0
GH Vihari,AD Mascarenhas,12,15,0,125.0,15.0
M Vijay,AD Mathews,12,11,2,91.66666666666666,5.5
CA Pujara,MS Gony,12,19,1,158.33333333333331,19.0
RK Singh,Sandeep Sharma,12,23,1,191.66666666666669,23.0
AA Jhunjhunwala,JH Kallis,12,9,1,75.0,9.0
RM Patidar,Mohammed Siraj,12,21,0,175.0,21.0
RA Tripathi,AJ Tye,12,17,2,141.66666666666669,8.5
S Dhawan,MS Gony,12,9,1,75.0,9.0
AB de Villiers,S Randiv,12,13,0,108.33333333333333,13.0
J Botha,R Ashwin,12,6,1,50.0,6.0
A Raghuvanshi,V Nigam,12,23,0,191.66666666666669,23.0
A Raghuvanshi,SN Thakur,12,21,0,175.0,21.0
M Vijay,DP Nannes,12,12,0,100.0,12.0
GC Smith,RR Powar,12,14,1,116.66666666666667,14.0
SE Rutherford,YS Chahal,12,13,0,108.33333333333333,13.0
SE Rutherford,V Nigam,12,3,1,25.0,3.0
SPD Smith,A Ashish Reddy,12,22,0,183.33333333333331,22.0
D Padikkal,A Nortje,12,17,3,141.66666666666669,5.666666666666667
D Ferreira,Shivang Kumar,12,24,0,200.0,24.0
VR Iyer,M Ashwin,12,19,0,158.33333333333331,19.0
VR Iyer,LH Ferguson,12,25,0,208.33333333333334,25.0
RR Pant,TS Mills,12,21,1,175.0,21.0
S Dhawan,KAJ Roach,12,8,0,66.66666666666666,8.0
KD Karthik,L Ngidi,12,21,1,175.0,21.0
T Stubbs,YS Chahal,12,21,0,175.0,21.0
KD Karthik,JP Duminy,12,14,0,116.66666666666667,14.0
FY Fazal,AB Dinda,12,19,1,158.33333333333331,19.0
MV Boucher,SL Malinga,12,18,0,150.0,18.0
WP Saha,JP Duminy,12,11,0,91.66666666666666,11.0
MA Agarwal,MG Johnson,12,20,1,166.66666666666669,20.0
SO Hetmyer,M Pathirana,12,8,1,66.66666666666666,8.0
SO Hetmyer,K Rabada,12,18,1,150.0,18.0
SO Hetmyer,JR Hazlewood,12,15,1,125.0,15.0
A Manohar,MJ Santner,12,5,0,41.66666666666667,5.0
SS Iyer,S Joseph,12,16,0,133.33333333333331,16.0
PP Shaw,Arshad Khan,12,17,0,141.66666666666669,17.0
DR Smith,Karanveer Singh,12,26,0,216.66666666666666,26.0
J Fraser-McGurk,TA Boult,12,21,0,175.0,21.0
J Fraser-McGurk,S Sandeep Warrier,12,21,1,175.0,21.0
Nithish Kumar Reddy,HV Patel,12,9,1,75.0,9.0
R Ashwin,NM Coulter-Nile,12,18,0,150.0,18.0
A Symonds,UT Yadav,12,13,0,108.33333333333333,13.0
JH Kallis,S Nadeem,12,14,1,116.66666666666667,14.0
JM Sharma,KR Sen,12,24,0,200.0,24.0
CL White,Yuvraj Singh,12,8,0,66.66666666666666,8.0
DA Miller,PP Ojha,12,17,0,141.66666666666669,17.0
DA Miller,P Negi,12,10,1,83.33333333333334,10.0
KD Karthik,Mohammed Siraj,12,18,2,150.0,9.0
AR Patel,T Natarajan,12,17,1,141.66666666666669,17.0
Yuvraj Singh,R Tewatia,12,13,1,108.33333333333333,13.0
OA Shah,RA Jadeja,12,15,0,125.0,15.0
OA Shah,JEC Franklin,12,17,0,141.66666666666669,17.0
DA Miller,NM Coulter-Nile,12,8,2,66.66666666666666,4.0
SV Samson,SH Johnson,12,26,0,216.66666666666666,26.0
AM Rahane,S Badree,12,11,2,91.66666666666666,5.5
MA Agarwal,KK Ahmed,12,11,2,91.66666666666666,5.5
MA Agarwal,KA Pollard,12,9,1,75.0,9.0
MA Agarwal,KA Jamieson,12,10,0,83.33333333333334,10.0
MA Agarwal,RA Jadeja,12,20,2,166.66666666666669,10.0
MA Agarwal,R Vinay Kumar,12,22,1,183.33333333333331,22.0
MP Stoinis,Abhishek Sharma,12,17,1,141.66666666666669,17.0
PP Chawla,Imran Tahir,12,12,0,100.0,12.0
RR Rossouw,B Kumar,12,7,0,58.333333333333336,7.0
DR Smith,MG Johnson,12,20,0,166.66666666666669,20.0
YK Pathan,BCJ Cutting,12,13,0,108.33333333333333,13.0
KD Karthik,KC Cariappa,12,12,0,100.0,12.0
KD Karthik,K Khejroliya,12,8,0,66.66666666666666,8.0
Mandeep Singh,M Morkel,12,18,1,150.0,18.0
Mandeep Singh,Shakib Al Hasan,12,12,1,100.0,12.0
RV Uthappa,JC Archer,12,4,0,33.33333333333333,4.0
PC Valthaty,JA Morkel,12,34,0,283.33333333333337,34.0
A Symonds,WA Mota,12,11,0,91.66666666666666,11.0
AC Gilchrist,M Ntini,12,25,0,208.33333333333334,25.0
M Vijay,P Negi,12,15,0,125.0,15.0
AM Rahane,YK Pathan,12,12,0,100.0,12.0
CL White,MM Patel,12,10,1,83.33333333333334,10.0
S Dube,Kartik Tyagi,12,22,0,183.33333333333331,22.0
Y Venugopal Rao,CRD Fernando,12,13,0,108.33333333333333,13.0
CA Lynn,CH Morris,12,15,0,125.0,15.0
AR Patel,Ravi Bishnoi,12,25,0,208.33333333333334,25.0
KD Karthik,M Markande,12,19,0,158.33333333333331,19.0
RA Jadeja,MG Johnson,12,23,0,191.66666666666669,23.0
JA Morkel,GJ Maxwell,12,26,0,216.66666666666666,26.0
BJ Hodge,M Morkel,12,9,2,75.0,4.5
WP Saha,HH Pandya,12,26,0,216.66666666666666,26.0
WP Saha,DW Steyn,12,17,1,141.66666666666669,17.0
SP Narine,A Nortje,12,13,2,108.33333333333333,6.5
Mandeep Singh,AJ Tye,12,12,2,100.0,6.0
RM Patidar,PVD Chameera,12,27,0,225.0,27.0
G Gambhir,SB Styris,12,13,0,108.33333333333333,13.0
V Kohli,CJ Dala,12,24,0,200.0,24.0
MP Stoinis,CV Varun,12,8,2,66.66666666666666,4.0
Ramandeep Singh,J Overton,12,20,0,166.66666666666669,20.0
V Kohli,CJ Anderson,12,16,0,133.33333333333331,16.0
CA Ingram,GC Viljoen,12,24,0,200.0,24.0
CA Lynn,IS Sodhi,12,8,0,66.66666666666666,8.0
RA Jadeja,LR Shukla,12,15,1,125.0,15.0
RA Jadeja,LH Ferguson,12,41,1,341.66666666666663,41.0
Mandeep Singh,HV Patel,12,11,1,91.66666666666666,11.0
Y Venugopal Rao,B Lee,12,11,1,91.66666666666666,11.0
SV Samson,PP Ojha,12,12,0,100.0,12.0
M Vohra,JJ Bumrah,12,13,1,108.33333333333333,13.0
M Vohra,Imran Tahir,12,8,2,66.66666666666666,4.0
AM Rahane,TU Deshpande,12,12,0,100.0,12.0
AM Rahane,Shahbaz Ahmed,12,15,0,125.0,15.0
M Vijay,S Nadeem,12,15,0,125.0,15.0
R Ashwin,JJ Bumrah,12,14,1,116.66666666666667,14.0
G Gambhir,Rashid Khan,12,7,1,58.333333333333336,7.0
Mandeep Singh,SMSM Senanayake,12,10,0,83.33333333333334,10.0
AM Nayar,R Bhatia,12,10,0,83.33333333333334,10.0
AM Nayar,PP Ojha,12,9,1,75.0,9.0
AM Nayar,P Awana,12,12,1,100.0,12.0
BJ Hodge,RA Jadeja,12,11,0,91.66666666666666,11.0
BJ Hodge,R Sharma,12,11,1,91.66666666666666,11.0
R Ashwin,SL Malinga,12,17,3,141.66666666666669,5.666666666666667
V Sehwag,SP Narine,12,23,0,191.66666666666669,23.0
V Sehwag,SC Ganguly,12,23,0,191.66666666666669,23.0
MA Agarwal,Lalit Yadav,12,19,0,158.33333333333331,19.0
MA Agarwal,LI Meriwala,12,22,1,183.33333333333331,22.0
Q de Kock,RJW Topley,12,16,1,133.33333333333331,16.0
TM Dilshan,M Kartik,12,8,0,66.66666666666666,8.0
TM Dilshan,KP Appanna,12,10,0,83.33333333333334,10.0
Abhishek Sharma,A Nortje,12,23,0,191.66666666666669,23.0
RK Singh,Yash Thakur,12,26,0,216.66666666666666,26.0
JD Ryder,RR Bose,12,24,0,200.0,24.0
RA Tripathi,C de Grandhomme,12,18,0,150.0,18.0
DJ Hooda,CH Morris,12,16,2,133.33333333333331,8.0
SR Watson,MC Henriques,12,13,2,108.33333333333333,6.5
Mandeep Singh,CV Varun,12,13,0,108.33333333333333,13.0
AJ Finch,LR Shukla,12,30,0,250.0,30.0
KD Karthik,Akash Madhwal,12,33,0,275.0,33.0
JP Duminy,P Parameswaran,12,10,0,83.33333333333334,10.0
JH Kallis,AA Chavan,12,7,0,58.333333333333336,7.0
SC Ganguly,S Sreesanth,12,8,1,66.66666666666666,8.0
MP Stoinis,HH Pandya,12,25,0,208.33333333333334,25.0
AM Rahane,GS Sandhu,12,21,0,175.0,21.0
JC Buttler,Akash Deep,12,29,0,241.66666666666666,29.0
YK Pathan,AN Ahmed,12,17,0,141.66666666666669,17.0
P Simran Singh,MP Yadav,12,26,1,216.66666666666666,26.0
AB de Villiers,Kuldeep Yadav,12,22,0,183.33333333333331,22.0
JC Buttler,CJ Jordan,12,31,0,258.33333333333337,31.0
KD Karthik,AD Mascarenhas,12,8,1,66.66666666666666,8.0
A Badoni,KV Sharma,12,28,0,233.33333333333334,28.0
Yuvraj Singh,Z Khan,12,12,2,100.0,6.0
P Simran Singh,Arjun Tendulkar,12,15,2,125.0,7.5
A Ashish Reddy,AD Mathews,12,25,0,208.33333333333334,25.0
P Simran Singh,E Malinga,12,17,1,141.66666666666669,17.0
SA Yadav,S Sandeep Warrier,12,27,0,225.0,27.0
JM Bairstow,MM Ali,12,22,0,183.33333333333331,22.0
JJ Roy,TU Deshpande,12,9,0,75.0,9.0
DA Miller,LS Livingstone,12,7,2,58.333333333333336,3.5
SE Marsh,DE Bollinger,12,20,0,166.66666666666669,20.0
DPMD Jayawardene,RE van der Merwe,12,7,2,58.333333333333336,3.5
RR Rossouw,Ravi Bishnoi,12,24,1,200.0,24.0
RR Rossouw,RD Chahar,12,15,0,125.0,15.0
BA Stokes,PJ Sangwan,12,18,0,150.0,18.0
SP Fleming,R Vinay Kumar,12,16,0,133.33333333333331,16.0
HH Pandya,TU Deshpande,12,24,1,200.0,24.0
HM Amla,MJ McClenaghan,12,12,0,100.0,12.0
D Padikkal,DJ Bravo,12,9,0,75.0,9.0
EJG Morgan,K Rabada,12,43,0,358.33333333333337,43.0
V Suryavanshi,Mohsin Khan,12,2,2,16.666666666666664,1.0
JP Faulkner,CH Morris,12,21,1,175.0,21.0
JP Duminy,YA Abdulla,12,12,1,100.0,12.0
DJ Mitchell,Rashid Khan,12,25,0,208.33333333333334,25.0
YK Pathan,MM Patel,12,12,1,100.0,12.0
N Wadhera,R Ashwin,12,19,1,158.33333333333331,19.0
N Wadhera,Noor Ahmad,12,27,0,225.0,27.0
N Wadhera,Kuldeep Yadav,12,11,0,91.66666666666666,11.0
JA Richardson,RA Jadeja,12,7,0,58.333333333333336,7.0
KC Sangakkara,Joginder Sharma,12,25,0,208.33333333333334,25.0
KC Sangakkara,B Kumar,12,10,0,83.33333333333334,10.0
DA Miller,LH Ferguson,11,15,0,136.36363636363635,15.0
A Badoni,JR Hazlewood,11,7,2,63.63636363636363,3.5
A Badoni,I Sharma,11,10,0,90.9090909090909,10.0
JM Bairstow,JJ Bumrah,11,7,0,63.63636363636363,7.0
JM Bairstow,A Mishra,11,17,0,154.54545454545453,17.0
P Simran Singh,Mohsin Khan,11,23,0,209.0909090909091,23.0
P Simran Singh,HV Patel,11,15,0,136.36363636363635,15.0
Yuvraj Singh,S Aravind,11,21,0,190.9090909090909,21.0
SPD Smith,JD Unadkat,11,15,0,136.36363636363635,15.0
P Negi,VR Aaron,11,10,0,90.9090909090909,10.0
Azhar Mahmood,UT Yadav,11,7,1,63.63636363636363,7.0
Azhar Mahmood,VR Aaron,11,10,0,90.9090909090909,10.0
A Ashish Reddy,R Vinay Kumar,11,14,2,127.27272727272727,7.0
CA Lynn,MG Johnson,11,11,0,100.0,11.0
V Kohli,Azhar Mahmood,11,6,1,54.54545454545454,6.0
AS Raut,CH Gayle,11,4,0,36.36363636363637,4.0
CH Gayle,S Badree,11,10,0,90.9090909090909,10.0
JC Buttler,C Sakariya,11,2,1,18.181818181818183,2.0
AT Rayudu,MJ McClenaghan,11,19,0,172.72727272727272,19.0
MP Stoinis,Akash Madhwal,11,16,0,145.45454545454547,16.0
DR Smith,IK Pathan,11,4,0,36.36363636363637,4.0
DR Smith,HV Patel,11,11,2,100.0,5.5
DR Smith,GJ Maxwell,11,27,1,245.45454545454547,27.0
RR Sarwan,Z Khan,11,9,0,81.81818181818183,9.0
BA Stokes,JP Faulkner,11,13,1,118.18181818181819,13.0
P Simran Singh,KH Pandya,11,8,2,72.72727272727273,4.0
OA Shah,YK Pathan,11,7,0,63.63636363636363,7.0
P Kumar,DS Kulkarni,11,15,1,136.36363636363635,15.0
KD Karthik,BCJ Cutting,11,8,0,72.72727272727273,8.0
SE Marsh,D Salunkhe,11,14,0,127.27272727272727,14.0
TM Dilshan,R Vinay Kumar,11,19,0,172.72727272727272,19.0
TM Dilshan,MG Johnson,11,6,1,54.54545454545454,6.0
TM Dilshan,M Muralitharan,11,11,1,100.0,11.0
Abdul Samad,Rashid Khan,11,9,0,81.81818181818183,9.0
G Gambhir,R Dhawan,11,16,0,145.45454545454547,16.0
SV Samson,Karanveer Singh,11,6,1,54.54545454545454,6.0
MA Agarwal,C Sakariya,11,11,1,100.0,11.0
MA Agarwal,Basil Thampi,11,18,0,163.63636363636365,18.0
MA Agarwal,Azmatullah Omarzai,11,8,1,72.72727272727273,8.0
V Shankar,CJ Jordan,11,9,0,81.81818181818183,9.0
JD Ryder,SK Raina,11,8,0,72.72727272727273,8.0
MA Agarwal,AS Rajpoot,11,18,0,163.63636363636365,18.0
SV Samson,NT Ellis,11,12,2,109.09090909090908,6.0
SV Samson,NLTC Perera,11,14,0,127.27272727272727,14.0
Y Venugopal Rao,Umar Gul,11,19,0,172.72727272727272,19.0
Mandeep Singh,R Bhatia,11,15,0,136.36363636363635,15.0
Mandeep Singh,Harbhajan Singh,11,6,0,54.54545454545454,6.0
JC Buttler,TS Mills,11,9,0,81.81818181818183,9.0
K Gowtham,AR Patel,11,10,0,90.9090909090909,10.0
K Goel,SL Malinga,11,6,2,54.54545454545454,3.0
K Goel,S Tyagi,11,9,0,81.81818181818183,9.0
JR Hopes,JDP Oram,11,22,0,200.0,22.0
MA Agarwal,DS Kulkarni,11,25,0,227.27272727272728,25.0
R Ashwin,Avesh Khan,11,15,1,136.36363636363635,15.0
RA Tripathi,Bipul Sharma,11,9,0,81.81818181818183,9.0
BB Samantray,SK Trivedi,11,9,0,81.81818181818183,9.0
SV Samson,M Jansen,11,15,0,136.36363636363635,15.0
M Vohra,CR Woakes,11,18,1,163.63636363636365,18.0
M Vohra,B Stanlake,11,12,0,109.09090909090908,12.0
Yuvraj Singh,DE Bollinger,11,16,0,145.45454545454547,16.0
SR Watson,MS Gony,11,16,0,145.45454545454547,16.0
PBB Rajapaksa,SN Thakur,11,22,1,200.0,22.0
AA Bilakhia,A Mishra,11,7,1,63.63636363636363,7.0
CR Brathwaite,RA Jadeja,11,10,0,90.9090909090909,10.0
AM Rahane,T Shamsi,11,12,1,109.09090909090908,12.0
V Sehwag,VS Malik,11,24,0,218.18181818181816,24.0
G Gambhir,BCJ Cutting,11,9,1,81.81818181818183,9.0
DJ Hussey,A Kumble,11,25,1,227.27272727272728,25.0
PC Valthaty,SW Tait,11,5,0,45.45454545454545,5.0
PC Valthaty,SL Malinga,11,1,0,9.090909090909092,1.0
MW Short,Mohammed Shami,11,18,0,163.63636363636365,18.0
DJ Hooda,Avesh Khan,11,19,0,172.72727272727272,19.0
Abdul Samad,Vijaykumar Vyshak,11,21,0,190.9090909090909,21.0
G Gambhir,P Sahu,11,6,1,54.54545454545454,6.0
SE Marsh,DR Smith,11,16,0,145.45454545454547,16.0
Y Venugopal Rao,AB Dinda,11,16,0,145.45454545454547,16.0
M Vijay,R McLaren,11,9,0,81.81818181818183,9.0
M Vijay,RD Chahar,11,12,1,109.09090909090908,12.0
CR Brathwaite,L Ngidi,11,11,0,100.0,11.0
G Gambhir,V Pratap Singh,11,13,0,118.18181818181819,13.0
CL White,SK Trivedi,11,8,1,72.72727272727273,8.0
SV Samson,Shahbaz Ahmed,11,23,1,209.0909090909091,23.0
MA Starc,L Balaji,11,11,1,100.0,11.0
G Gambhir,DJ Muthuswami,11,13,0,118.18181818181819,13.0
RM Patidar,PJ Cummins,11,14,0,127.27272727272727,14.0
MA Agarwal,Mohammad Nabi,11,15,0,136.36363636363635,15.0
MA Agarwal,MM Patel,11,27,0,245.45454545454547,27.0
FY Fazal,J Theron,11,12,0,109.09090909090908,12.0
A Badoni,Mohammed Shami,11,16,0,145.45454545454547,16.0
Abdul Samad,Sandeep Sharma,11,43,0,390.90909090909093,43.0
G Gambhir,TM Dilshan,11,13,0,118.18181818181819,13.0
M Vijay,R Sharma,11,9,0,81.81818181818183,9.0
Mandeep Singh,SR Watson,11,6,1,54.54545454545454,6.0
BJ Hodge,SK Trivedi,11,9,0,81.81818181818183,9.0
CA Lynn,S Kaushik,11,17,0,154.54545454545453,17.0
GC Smith,WPUJC Vaas,11,17,1,154.54545454545453,17.0
SM Curran,P Dubey,11,8,1,72.72727272727273,8.0
GH Vihari,M Muralitharan,11,11,0,100.0,11.0
GH Vihari,M Kartik,11,9,1,81.81818181818183,9.0
V Shankar,Harbhajan Singh,11,12,0,109.09090909090908,12.0
G Gambhir,A Symonds,11,6,0,54.54545454545454,6.0
D Brevis,PJ Cummins,11,22,0,200.0,22.0
R Ashwin,R Bhatia,11,8,1,72.72727272727273,8.0
DJ Bravo,PV Tambe,11,24,0,218.18181818181816,24.0
TM Head,KH Pandya,11,10,1,90.9090909090909,10.0
AJ Finch,MJ McClenaghan,11,16,0,145.45454545454547,16.0
JM Sharma,M Pathirana,11,16,0,145.45454545454547,16.0
SV Samson,R Tewatia,11,12,0,109.09090909090908,12.0
M Vijay,RR Powar,11,10,1,90.9090909090909,10.0
JD Ryder,JP Duminy,11,18,0,163.63636363636365,18.0
CL White,JD Unadkat,11,12,0,109.09090909090908,12.0
GJ Bailey,KV Sharma,11,7,0,63.63636363636363,7.0
GJ Bailey,JJ Bumrah,11,17,1,154.54545454545453,17.0
M Shahrukh Khan,Mohammed Siraj,11,11,1,100.0,11.0
M Shahrukh Khan,MM Ali,11,13,0,118.18181818181819,13.0
M Shahrukh Khan,KK Ahmed,11,4,4,36.36363636363637,1.0
DJ Hussey,HV Patel,11,19,1,172.72727272727272,19.0
PD Collingwood,KP Appanna,11,6,0,54.54545454545454,6.0
RA Jadeja,Yuvraj Singh,11,17,0,154.54545454545453,17.0
N Jagadeesan,DJ Willey,11,14,0,127.27272727272727,14.0
SR Watson,KMA Paul,11,29,0,263.6363636363636,29.0
Mandeep Singh,Rashid Khan,11,7,2,63.63636363636363,3.5
SW Billings,MM Sharma,11,17,0,154.54545454545453,17.0
GC Smith,L Balaji,11,29,0,263.6363636363636,29.0
R Dhawan,Avesh Khan,11,15,0,136.36363636363635,15.0
Salman Butt,L Balaji,11,13,1,118.18181818181819,13.0
Salil Arora,RA Jadeja,11,10,1,90.9090909090909,10.0
RK Singh,Mohammed Siraj,11,26,0,236.36363636363637,26.0
BJ Rohrer,PV Tambe,11,17,0,154.54545454545453,17.0
AD Russell,B Laughlin,11,23,0,209.0909090909091,23.0
Abishek Porel,R Shepherd,11,19,0,172.72727272727272,19.0
DJ Bravo,R Sharma,11,13,1,118.18181818181819,13.0
SP Narine,DW Steyn,11,14,0,127.27272727272727,14.0
PBB Rajapaksa,SP Narine,11,23,0,209.0909090909091,23.0
Mohammad Hafeez,P Amarnath,11,7,1,63.63636363636363,7.0
JR Hopes,Iqbal Abdulla,11,10,1,90.9090909090909,10.0
BJ Hodge,A Symonds,11,9,0,81.81818181818183,9.0
SV Samson,BA Stokes,11,15,0,136.36363636363635,15.0
MA Agarwal,SL Malinga,11,15,2,136.36363636363635,7.5
SV Samson,JA Richardson,11,30,0,272.7272727272727,30.0
RA Tripathi,M Prasidh Krishna,11,21,1,190.9090909090909,21.0
GJ Bailey,CH Morris,11,7,0,63.63636363636363,7.0
GJ Bailey,YS Chahal,11,5,1,45.45454545454545,5.0
R Dravid,JO Holder,11,9,0,81.81818181818183,9.0
DJ Hussey,CH Morris,11,12,0,109.09090909090908,12.0
JM Sharma,R Ashwin,11,17,0,154.54545454545453,17.0
CH Gayle,DE Bollinger,11,17,0,154.54545454545453,17.0
GJ Maxwell,A Nortje,11,13,0,118.18181818181819,13.0
GJ Maxwell,A Nehra,11,10,0,90.9090909090909,10.0
SB Dubey,Rashid Khan,11,13,2,118.18181818181819,6.5
AB de Villiers,DJG Sammy,11,34,0,309.09090909090907,34.0
PA Reddy,A Chandila,11,4,1,36.36363636363637,4.0
SW Billings,YS Chahal,11,17,1,154.54545454545453,17.0
SM Curran,LH Ferguson,11,14,2,127.27272727272727,7.0
V Sehwag,KW Richardson,11,3,0,27.27272727272727,3.0
GJ Bailey,Imran Tahir,11,9,2,81.81818181818183,4.5
SW Billings,M Ashwin,11,14,1,127.27272727272727,14.0
AD Russell,M Jansen,11,12,1,109.09090909090908,12.0
Abhishek Sharma,Harpreet Brar,11,20,1,181.8181818181818,20.0
Abhishek Sharma,HV Patel,11,29,1,263.6363636363636,29.0
MC Henriques,JJ Bumrah,11,11,1,100.0,11.0
SM Katich,Shoaib Malik,11,16,0,145.45454545454547,16.0
Y Venugopal Rao,SK Trivedi,11,26,1,236.36363636363637,26.0
GJ Bailey,Z Khan,11,10,0,90.9090909090909,10.0
Abdul Samad,M Pathirana,11,16,1,145.45454545454547,16.0
GJ Bailey,P Kumar,11,15,0,136.36363636363635,15.0
RJ Quiney,DP Nannes,11,9,0,81.81818181818183,9.0
GJ Maxwell,Harshit Rana,11,18,0,163.63636363636365,18.0
GJ Maxwell,MC Henriques,11,7,1,63.63636363636363,7.0
GJ Maxwell,MA Wood,11,7,1,63.63636363636363,7.0
Abdul Samad,Kuldeep Yadav,11,15,0,136.36363636363635,15.0
Salman Butt,VY Mahesh,11,12,1,109.09090909090908,12.0
Salman Butt,PJ Sangwan,11,11,0,100.0,11.0
GJ Maxwell,C de Grandhomme,11,20,0,181.8181818181818,20.0
K Rabada,SN Thakur,11,9,1,81.81818181818183,9.0
R Dravid,MM Sharma,11,8,0,72.72727272727273,8.0
Lalit Yadav,M Ashwin,11,4,0,36.36363636363637,4.0
Lalit Yadav,Basil Thampi,11,15,0,136.36363636363635,15.0
M Jansen,M Theekshana,11,5,1,45.45454545454545,5.0
R Dravid,KMDN Kulasekara,11,7,0,63.63636363636363,7.0
R Dravid,S Sreesanth,11,6,1,54.54545454545454,6.0
RJ Quiney,DS Kulkarni,11,15,0,136.36363636363635,15.0
DJ Bravo,A Nehra,11,18,1,163.63636363636365,18.0
V Shankar,Mukesh Kumar,11,16,0,145.45454545454547,16.0
MS Dhoni,T Shamsi,11,18,0,163.63636363636365,18.0
SR Watson,STR Binny,11,22,0,200.0,22.0
SR Watson,SMSM Senanayake,11,9,0,81.81818181818183,9.0
D Padikkal,Shivam Mavi,11,7,0,63.63636363636363,7.0
SC Ganguly,A Nehra,11,18,0,163.63636363636365,18.0
RV Uthappa,NLTC Perera,11,10,2,90.9090909090909,5.0
N Pooran,Mohammed Shami,11,15,1,136.36363636363635,15.0
N Pooran,LS Livingstone,11,22,0,200.0,22.0
F du Plessis,KM Asif,11,19,1,172.72727272727272,19.0
AD Russell,TA Boult,11,21,2,190.9090909090909,10.5
V Shankar,L Ngidi,11,12,0,109.09090909090908,12.0
AK Markram,M Jansen,11,17,1,154.54545454545453,17.0
MC Juneja,A Mishra,11,5,1,45.45454545454545,5.0
MC Henriques,Z Khan,11,21,0,190.9090909090909,21.0
MC Henriques,YK Pathan,11,27,0,245.45454545454547,27.0
PA Patel,VR Aaron,11,15,0,136.36363636363635,15.0
AK Markram,Suyash Sharma,11,28,0,254.54545454545453,28.0
N Pooran,A Nortje,11,23,0,209.0909090909091,23.0
DJ Bravo,C de Grandhomme,11,5,0,45.45454545454545,5.0
Shahbaz Ahmed,AD Russell,11,25,0,227.27272727272728,25.0
YBK Jaiswal,JC Archer,11,21,0,190.9090909090909,21.0
MD Mishra,A Kumble,11,15,0,136.36363636363635,15.0
GJ Maxwell,M Pathirana,11,26,0,236.36363636363637,26.0
GJ Maxwell,KA Pollard,11,18,0,163.63636363636365,18.0
Shahbaz Ahmed,KK Ahmed,11,29,0,263.6363636363636,29.0
LRPL Taylor,Sohail Tanvir,11,24,0,218.18181818181816,24.0
LS Livingstone,HV Patel,11,9,1,81.81818181818183,9.0
Gurkeerat Singh,IK Pathan,11,27,0,245.45454545454547,27.0
MC Juneja,PP Ojha,11,11,0,100.0,11.0
MD Mishra,R McLaren,11,13,0,118.18181818181819,13.0
SE Marsh,AA Jhunjhunwala,11,15,0,136.36363636363635,15.0
MD Mishra,JA Morkel,11,9,1,81.81818181818183,9.0
Q de Kock,Navdeep Saini,11,15,0,136.36363636363635,15.0
AT Rayudu,AJ Tye,11,21,0,190.9090909090909,21.0
TM Dilshan,JP Duminy,11,5,0,45.45454545454545,5.0
DJ Bravo,AD Russell,11,11,1,100.0,11.0
Azhar Mahmood,R Dhawan,11,8,0,72.72727272727273,8.0
Gurkeerat Singh,AD Russell,11,20,3,181.8181818181818,6.666666666666667
SR Watson,DE Bollinger,11,9,1,81.81818181818183,9.0
A Manohar,B Kumar,11,16,1,145.45454545454547,16.0
DJ Bravo,JA Morkel,11,5,1,45.45454545454545,5.0
RV Uthappa,SB Jakati,11,15,1,136.36363636363635,15.0
Gurkeerat Singh,T Natarajan,11,6,0,54.54545454545454,6.0
Gurkeerat Singh,Rashid Khan,11,11,0,100.0,11.0
H Klaasen,Brijesh Sharma,11,11,1,100.0,11.0
MS Dhoni,V Sehwag,11,14,0,127.27272727272727,14.0
STR Binny,SN Thakur,11,9,2,81.81818181818183,4.5
MEK Hussey,D Wiese,11,11,1,100.0,11.0
JR Philippe,DR Sams,11,8,0,72.72727272727273,8.0
JR Hopes,SR Watson,11,10,0,90.9090909090909,10.0
JP Inglis,SH Johnson,11,14,0,127.27272727272727,14.0
Y Venugopal Rao,ND Doshi,11,4,1,36.36363636363637,4.0
Y Venugopal Rao,MS Gony,11,8,0,72.72727272727273,8.0
JH Kallis,NLTC Perera,11,12,0,109.09090909090908,12.0
RA Tripathi,T Natarajan,11,14,2,127.27272727272727,7.0
RA Tripathi,R Sanjay Yadav,11,14,0,127.27272727272727,14.0
RD Gaikwad,AD Russell,11,23,1,209.0909090909091,23.0
KA Pollard,AB Dinda,11,14,0,127.27272727272727,14.0
KA Pollard,AB Agarkar,11,13,0,118.18181818181819,13.0
Shahbaz Ahmed,Umran Malik,11,16,1,145.45454545454547,16.0
MEK Hussey,Ankit Sharma,11,18,1,163.63636363636365,18.0
MEK Hussey,AB Agarkar,11,16,0,145.45454545454547,16.0
SC Ganguly,DL Vettori,11,16,1,145.45454545454547,16.0
SR Watson,SB Jakati,11,13,1,118.18181818181819,13.0
LS Livingstone,Akash Madhwal,11,24,0,218.18181818181816,24.0
R Dravid,WD Parnell,11,11,1,100.0,11.0
A Mhatre,TU Deshpande,11,21,1,190.9090909090909,21.0
A Mhatre,KH Pandya,11,15,0,136.36363636363635,15.0
Gurkeerat Singh,SK Trivedi,11,9,1,81.81818181818183,9.0
LRPL Taylor,MM Patel,11,25,1,227.27272727272728,25.0
AC Voges,IK Pathan,11,25,1,227.27272727272728,25.0
DB Ravi Teja,PJ Sangwan,11,6,0,54.54545454545454,6.0
PA Patel,SMSM Senanayake,11,6,0,54.54545454545454,6.0
Q de Kock,HH Pandya,11,20,0,181.8181818181818,20.0
SN Khan,AR Patel,11,6,1,54.54545454545454,6.0
PD Salt,AR Patel,11,15,2,136.36363636363635,7.5
AM Nayar,SK Trivedi,11,12,0,109.09090909090908,12.0
MS Dhoni,SB Styris,11,15,0,136.36363636363635,15.0
DJ Jacobs,RP Singh,11,2,0,18.181818181818183,2.0
D Padikkal,R Sai Kishore,11,24,0,218.18181818181816,24.0
JP Faulkner,MM Sharma,11,14,1,127.27272727272727,14.0
A Symonds,IK Pathan,11,16,0,145.45454545454547,16.0
Shakib Al Hasan,B Kumar,11,11,3,100.0,3.6666666666666665
SR Watson,Azhar Mahmood,11,25,0,227.27272727272728,25.0
CH Gayle,AN Ahmed,11,28,0,254.54545454545453,28.0
Azhar Mahmood,AD Russell,11,18,0,163.63636363636365,18.0
H Klaasen,JC Archer,11,24,0,218.18181818181816,24.0
LMP Simmons,R Bhatia,11,18,0,163.63636363636365,18.0
F du Plessis,J Little,11,34,1,309.09090909090907,34.0
RN ten Doeschate,B Kumar,11,24,1,218.18181818181816,24.0
SD Hope,Yash Dayal,11,17,1,154.54545454545453,17.0
D Brevis,Arshad Khan,11,10,0,90.9090909090909,10.0
CR Woakes,P Negi,11,10,0,90.9090909090909,10.0
R McLaren,Pankaj Singh,11,10,0,90.9090909090909,10.0
UT Khawaja,J Yadav,11,15,0,136.36363636363635,15.0
UBT Chand,S Badree,11,14,0,127.27272727272727,14.0
Shakib Al Hasan,DL Chahar,11,12,0,109.09090909090908,12.0
Shakib Al Hasan,Mohammed Siraj,11,12,0,109.09090909090908,12.0
H Klaasen,Gurjapneet Singh,11,14,0,127.27272727272727,14.0
LRPL Taylor,I Sharma,11,18,0,163.63636363636365,18.0
LRPL Taylor,GB Hogg,11,8,1,72.72727272727273,8.0
SA Asnodkar,A Nehra,11,6,1,54.54545454545454,6.0
SA Asnodkar,A Kumble,11,7,1,63.63636363636363,7.0
DB Ravi Teja,M Muralitharan,11,11,0,100.0,11.0
DB Das,M Muralitharan,11,15,0,136.36363636363635,15.0
BB Samantray,SR Watson,11,9,0,81.81818181818183,9.0
YS Chahal,LH Ferguson,11,3,0,27.27272727272727,3.0
AM Rahane,A Mithun,11,16,0,145.45454545454547,16.0
MEK Hussey,SK Warne,11,15,0,136.36363636363635,15.0
MEK Hussey,J Syed Mohammad,11,24,1,218.18181818181816,24.0
H Klaasen,KV Sharma,11,28,0,254.54545454545453,28.0
YK Pathan,R McLaren,11,20,0,181.8181818181818,20.0
YK Pathan,R Dhawan,11,15,1,136.36363636363635,15.0
SR Tendulkar,VRV Singh,11,23,0,209.0909090909091,23.0
SR Tendulkar,SJ Srivastava,11,8,0,72.72727272727273,8.0
PA Patel,Pankaj Singh,11,13,0,118.18181818181819,13.0
DA Miller,AD Russell,11,24,1,218.18181818181816,24.0
AP Majumdar,KP Appanna,11,18,0,163.63636363636365,18.0
DB Das,M Morkel,11,11,0,100.0,11.0
SK Rasheed,Arshdeep Singh,11,11,1,100.0,11.0
AP Tare,DW Steyn,11,8,1,72.72727272727273,8.0
LMP Simmons,R Dhawan,11,16,0,145.45454545454547,16.0
CJ Anderson,IC Pandey,11,19,0,172.72727272727272,19.0
H Klaasen,Shashank Singh,11,20,0,181.8181818181818,20.0
JD Unadkat,HV Patel,11,15,1,136.36363636363635,15.0
RD Gaikwad,Nithish Kumar Reddy,11,16,0,145.45454545454547,16.0
YBK Jaiswal,T Natarajan,11,10,1,90.9090909090909,10.0
Q de Kock,JR Hazlewood,11,16,2,145.45454545454547,8.0
F du Plessis,CR Brathwaite,11,27,1,245.45454545454547,27.0
F du Plessis,C Green,11,25,1,227.27272727272728,25.0
F du Plessis,Arshad Khan,11,3,2,27.27272727272727,1.5
LMP Simmons,NM Coulter-Nile,11,9,0,81.81818181818183,9.0
S Badrinath,RR Raje,11,23,0,209.0909090909091,23.0
TM Dilshan,AD Mathews,11,10,0,90.9090909090909,10.0
HC Brook,LH Ferguson,11,27,0,245.45454545454547,27.0
CJ Ferguson,PP Ojha,11,8,0,72.72727272727273,8.0
HH Gibbs,DJ Bravo,11,13,0,118.18181818181819,13.0
BB McCullum,SB Joshi,11,21,0,190.9090909090909,21.0
RR Pant,DJ Hooda,11,13,0,118.18181818181819,13.0
PD Salt,KV Sharma,11,20,1,181.8181818181818,20.0
PD Salt,PJ Cummins,11,5,1,45.45454545454545,5.0
MS Dhoni,Mustafizur Rahman,11,12,0,109.09090909090908,12.0
LA Pomersbach,CRD Fernando,11,13,0,118.18181818181819,13.0
Shashank Singh,PWH de Silva,11,10,1,90.9090909090909,10.0
AJ Finch,A Choudhary,11,17,0,154.54545454545453,17.0
AG Paunikar,L Balaji,11,6,0,54.54545454545454,6.0
AG Paunikar,B Lee,11,7,0,63.63636363636363,7.0
JC Buttler,SB Jakati,11,8,1,72.72727272727273,8.0
LJ Wright,M Morkel,11,21,0,190.9090909090909,21.0
V Sehwag,A Kumble,11,15,0,136.36363636363635,15.0
JM Bairstow,Navdeep Saini,11,12,0,109.09090909090908,12.0
SA Yadav,Yash Raj Punja,11,11,0,100.0,11.0
SA Yadav,VG Arora,11,35,0,318.1818181818182,35.0
SA Yadav,UT Yadav,11,21,2,190.9090909090909,10.5
B Sai Sudharsan,Avesh Khan,11,20,0,181.8181818181818,20.0
PA Patel,S Lamichhane,11,19,1,172.72727272727272,19.0
LA Pomersbach,MF Maharoof,11,16,1,145.45454545454547,16.0
V Shankar,TU Deshpande,11,18,0,163.63636363636365,18.0
AK Markram,NT Ellis,11,24,0,218.18181818181816,24.0
AK Markram,NM Coulter-Nile,11,12,0,109.09090909090908,12.0
YBK Jaiswal,Shivam Mavi,11,9,1,81.81818181818183,9.0
MEK Hussey,V Kohli,11,14,0,127.27272727272727,14.0
RD Rickelton,DS Rathi,11,24,1,218.18181818181816,24.0
SK Raina,DP Nannes,11,12,0,109.09090909090908,12.0
SK Raina,DJG Sammy,11,20,0,181.8181818181818,20.0
WP Saha,Shahbaz Ahmed,11,20,1,181.8181818181818,20.0
S Vidyut,Mohammad Asif,11,20,0,181.8181818181818,20.0
DA Warner,T Shamsi,11,15,1,136.36363636363635,15.0
DJ Hussey,Y Venugopal Rao,11,13,0,118.18181818181819,13.0
MS Dhoni,MR Marsh,11,15,1,136.36363636363635,15.0
MS Dhoni,RS Bopara,11,17,0,154.54545454545453,17.0
JH Kallis,J Syed Mohammad,11,4,0,36.36363636363637,4.0
JH Kallis,Bipul Sharma,11,32,0,290.90909090909093,32.0
CH Gayle,KH Pandya,11,13,1,118.18181818181819,13.0
CH Gayle,KC Cariappa,11,24,0,218.18181818181816,24.0
JO Holder,NT Ellis,11,24,0,218.18181818181816,24.0
V Shankar,UT Yadav,11,8,0,72.72727272727273,8.0
LA Pomersbach,M Muralitharan,11,4,1,36.36363636363637,4.0
AB de Villiers,P Awana,11,19,1,172.72727272727272,19.0
SE Marsh,R Dhawan,11,16,0,145.45454545454547,16.0
HC Brook,UT Yadav,11,31,0,281.8181818181818,31.0
KA Pollard,KK Cooper,11,17,2,154.54545454545453,8.5
R Parag,Mukesh Kumar,11,34,0,309.09090909090907,34.0
R Parag,Prince Yadav,11,19,1,172.72727272727272,19.0
KV Sharma,NM Coulter-Nile,11,11,2,100.0,5.5
HH Gibbs,SE Bond,11,9,1,81.81818181818183,9.0
HH Pandya,AB Dinda,11,30,1,272.7272727272727,30.0
SK Raina,DP Vijaykumar,11,21,0,190.9090909090909,21.0
AT Rayudu,HR Shokeen,11,11,0,100.0,11.0
ST Jayasuriya,T Thushara,11,14,1,127.27272727272727,14.0
MJ Clarke,V Pratap Singh,11,15,1,136.36363636363635,15.0
MJ Lumb,J Theron,11,26,0,236.36363636363637,26.0
MJ Lumb,IK Pathan,11,24,0,218.18181818181816,24.0
AK Markram,R Ashwin,11,8,0,72.72727272727273,8.0
AK Markram,PWH de Silva,11,16,2,145.45454545454547,8.0
Shubman Gill,AS Rajpoot,11,20,0,181.8181818181818,20.0
C Connolly,MA Starc,11,13,0,118.18181818181819,13.0
PA Patel,PJ Sangwan,11,18,1,163.63636363636365,18.0
N Rana,Ravi Bishnoi,11,10,1,90.9090909090909,10.0
DA Warner,SS Cottrell,11,11,0,100.0,11.0
RR Pant,Arshad Khan,11,11,0,100.0,11.0
RR Pant,Abhishek Sharma,11,18,0,163.63636363636365,18.0
MS Dhoni,MC Henriques,11,11,0,100.0,11.0
PD Salt,Mohsin Khan,11,26,0,236.36363636363637,26.0
WG Jacks,Zeeshan Ansari,11,14,1,127.27272727272727,14.0
A Symonds,R Vinay Kumar,11,20,0,181.8181818181818,20.0
RG Sharma,SC Ganguly,11,20,0,181.8181818181818,20.0
RG Sharma,S Tyagi,11,11,0,100.0,11.0
RG Sharma,S Randiv,11,20,0,181.8181818181818,20.0
HH Pandya,C de Grandhomme,11,14,0,127.27272727272727,14.0
KS Williamson,Navdeep Saini,11,17,0,154.54545454545453,17.0
KS Williamson,Z Khan,11,14,0,127.27272727272727,14.0
C Green,HV Patel,11,21,1,190.9090909090909,21.0
V Kohli,V Kaverappa,11,18,0,163.63636363636365,18.0
V Kohli,Suyash Sharma,11,20,0,181.8181818181818,20.0
AT Rayudu,VG Arora,11,7,0,63.63636363636363,7.0
HH Pandya,DT Christian,11,11,1,100.0,11.0
RG Sharma,P Dubey,11,17,0,154.54545454545453,17.0
KS Williamson,KH Pandya,11,7,1,63.63636363636363,7.0
CJ Anderson,VR Aaron,11,12,1,109.09090909090908,12.0
S Dhawan,Yash Dayal,11,4,0,36.36363636363637,4.0
Priyansh Arya,MA Starc,11,23,0,209.0909090909091,23.0
SS Tiwary,YK Pathan,11,14,0,127.27272727272727,14.0
MK Lomror,SP Narine,11,24,1,218.18181818181816,24.0
SN Khan,KH Pandya,11,9,1,81.81818181818183,9.0
F du Plessis,A Zampa,11,14,0,127.27272727272727,14.0
KA Pollard,J Botha,11,25,1,227.27272727272728,25.0
SK Raina,Gurkeerat Singh,11,17,0,154.54545454545453,17.0
PA Patel,PP Ojha,11,22,0,200.0,22.0
R Parag,Sandeep Sharma,11,16,0,145.45454545454547,16.0
R Parag,SN Thakur,11,10,1,90.9090909090909,10.0
KA Pollard,L Balaji,11,9,1,81.81818181818183,9.0
CJ Ferguson,A Chandila,11,9,0,81.81818181818183,9.0
EJG Morgan,J Botha,11,9,0,81.81818181818183,9.0
AM Rahane,Akash Deep,11,23,0,209.0909090909091,23.0
MS Dhoni,DT Christian,11,12,1,109.09090909090908,12.0
SS Iyer,AB Dinda,11,11,1,100.0,11.0
SA Yadav,BA Stokes,11,15,0,136.36363636363635,15.0
AD Mathews,STR Binny,11,12,1,109.09090909090908,12.0
N Saini,AB McDonald,11,14,1,127.27272727272727,14.0
DA Warner,RR Powar,11,6,1,54.54545454545454,6.0
DA Warner,N Rana,11,13,0,118.18181818181819,13.0
CH Morris,SR Watson,11,15,1,136.36363636363635,15.0
CH Morris,R Ashwin,11,10,0,90.9090909090909,10.0
V Kohli,V Nigam,11,13,1,118.18181818181819,13.0
JC Buttler,M Prasidh Krishna,11,12,0,109.09090909090908,12.0
KR Mayers,TA Boult,11,8,0,72.72727272727273,8.0
C Green,Mohammed Shami,11,18,0,163.63636363636365,18.0
C Green,M Theekshana,11,11,0,100.0,11.0
R Powell,HR Shokeen,11,18,0,163.63636363636365,18.0
PJ Cummins,Avesh Khan,11,13,2,118.18181818181819,6.5
EJG Morgan,T Natarajan,11,20,0,181.8181818181818,20.0
EJG Morgan,Shakib Al Hasan,11,13,0,118.18181818181819,13.0
EJG Morgan,SP Narine,11,14,0,127.27272727272727,14.0
SS Tiwary,SN Thakur,11,13,0,118.18181818181819,13.0
SR Tendulkar,MM Sharma,11,11,0,100.0,11.0
N Rana,SB Jakati,11,22,0,200.0,22.0
PA Patel,JP Behrendorff,11,24,0,218.18181818181816,24.0
Shubman Gill,Harbhajan Singh,11,9,0,81.81818181818183,9.0
Shubman Gill,Gurjapneet Singh,11,5,0,45.45454545454545,5.0
R Parag,V Shankar,11,9,0,81.81818181818183,9.0
AT Rayudu,B Laughlin,11,12,2,109.09090909090908,6.0
JM Bairstow,KR Sen,11,15,0,136.36363636363635,15.0
JM Bairstow,KK Ahmed,11,21,1,190.9090909090909,21.0
TR Birt,R Vinay Kumar,11,26,1,236.36363636363637,26.0
Priyansh Arya,R Ashwin,11,28,0,254.54545454545453,28.0
Priyansh Arya,PVD Chameera,11,24,0,218.18181818181816,24.0
MK Pandey,AS Rajpoot,11,6,1,54.54545454545454,6.0
RV Uthappa,B Akhil,11,11,1,100.0,11.0
MS Dhoni,D Wiese,11,13,1,118.18181818181819,13.0
AM Rahane,Anureet Singh,11,11,1,100.0,11.0
AM Rahane,D Wiese,11,17,0,154.54545454545453,17.0
AM Rahane,CV Varun,11,21,1,190.9090909090909,21.0
SP Fleming,VY Mahesh,11,18,1,163.63636363636365,18.0
SP Fleming,P Kumar,11,15,0,136.36363636363635,15.0
KR Mayers,B Kumar,11,5,0,45.45454545454545,5.0
RD Rickelton,SH Johnson,11,13,0,118.18181818181819,13.0
SA Yadav,P Negi,11,11,1,100.0,11.0
Aman Hakim Khan,MM Sharma,11,24,0,218.18181818181816,24.0
HM Amla,AB Dinda,11,8,0,72.72727272727273,8.0
HM Amla,A Nehra,11,25,0,227.27272727272728,25.0
HM Amla,KV Sharma,11,12,0,109.09090909090908,12.0
KR Mayers,JP Behrendorff,11,16,0,145.45454545454547,16.0
KR Mayers,HH Pandya,11,16,0,145.45454545454547,16.0
KR Mayers,Fazalhaq Farooqi,11,4,1,36.36363636363637,4.0
SS Tiwary,SP Narine,11,13,2,118.18181818181819,6.5
V Suryavanshi,M Jansen,11,23,0,209.0909090909091,23.0
RR Pant,J Overton,11,17,1,154.54545454545453,17.0
KR Mayers,Mohammed Shami,11,14,0,127.27272727272727,14.0
DA Warner,S Badree,11,16,0,145.45454545454547,16.0
DA Warner,S Aravind,11,15,1,136.36363636363635,15.0
TM Head,PP Chawla,11,11,1,100.0,11.0
TM Head,N Rana,11,14,0,127.27272727272727,14.0
Ashutosh Sharma,JD Unadkat,11,19,0,172.72727272727272,19.0
Ashutosh Sharma,JC Archer,11,16,0,145.45454545454547,16.0
Shubman Gill,KV Sharma,11,14,1,127.27272727272727,14.0
KP Pietersen,P Awana,11,10,0,90.9090909090909,10.0
KP Pietersen,JP Duminy,11,28,0,254.54545454545453,28.0
RG Sharma,MJ Santner,11,9,1,81.81818181818183,9.0
MK Pandey,FA Allen,11,18,0,163.63636363636365,18.0
BB McCullum,R Dhawan,11,15,0,136.36363636363635,15.0
Y Venugopal Rao,L Balaji,11,17,0,154.54545454545453,17.0
DJM Short,Shivam Mavi,11,19,0,172.72727272727272,19.0
B Sai Sudharsan,Vijaykumar Vyshak,11,13,1,118.18181818181819,13.0
Shubman Gill,MM Ali,11,20,0,181.8181818181818,20.0
RD Gaikwad,Akash Madhwal,11,25,0,227.27272727272728,25.0
RD Gaikwad,AS Roy,11,17,1,154.54545454545453,17.0
SA Yadav,Prince Yadav,11,14,0,127.27272727272727,14.0
SA Yadav,PVD Chameera,11,28,0,254.54545454545453,28.0
DA Warner,KMA Paul,11,9,0,81.81818181818183,9.0
DA Warner,KA Jamieson,11,17,1,154.54545454545453,17.0
NLTC Perera,JP Faulkner,11,15,0,136.36363636363635,15.0
NLTC Perera,JD Unadkat,11,15,1,136.36363636363635,15.0
PA Patel,DP Nannes,11,4,1,36.36363636363637,4.0
AM Rahane,K Upadhyay,11,18,0,163.63636363636365,18.0
MK Pandey,M Muralitharan,11,5,1,45.45454545454545,5.0
SN Thakur,RD Chahar,11,8,0,72.72727272727273,8.0
JH Kallis,L Balaji,11,17,2,154.54545454545453,8.5
AM Rahane,C de Grandhomme,11,9,0,81.81818181818183,9.0
SS Iyer,DJ Hooda,11,9,0,81.81818181818183,9.0
R Sathish,A Mishra,11,19,0,172.72727272727272,19.0
R Sharma,SL Malinga,11,11,0,100.0,11.0
HV Patel,JJ Bumrah,11,10,2,90.9090909090909,5.0
Harbhajan Singh,IK Pathan,11,13,1,118.18181818181819,13.0
RD Rickelton,Mukesh Choudhary,11,16,0,145.45454545454547,16.0
A Mishra,M Morkel,11,12,1,109.09090909090908,12.0
Harpreet Brar,Mohammed Siraj,11,5,1,45.45454545454545,5.0
Harbhajan Singh,B Laughlin,11,22,0,200.0,22.0
Harbhajan Singh,Anureet Singh,11,29,1,263.6363636363636,29.0
Harbhajan Singh,R Dhawan,11,26,0,236.36363636363637,26.0
MS Bisla,SE Bond,11,9,0,81.81818181818183,9.0
Tilak Varma,Naveen-ul-Haq,11,9,2,81.81818181818183,4.5
Tilak Varma,Mohammed Shami,11,33,0,300.0,33.0
MK Pandey,JP Faulkner,11,18,0,163.63636363636365,18.0
Shubman Gill,Noor Ahmad,11,17,1,154.54545454545453,17.0
Shubman Gill,N Burger,11,13,0,118.18181818181819,13.0
Shubman Gill,Mohsin Khan,11,16,0,145.45454545454547,16.0
KM Jadhav,MC Henriques,11,15,1,136.36363636363635,15.0
R Sathish,CH Gayle,11,16,0,145.45454545454547,16.0
KM Jadhav,KW Richardson,11,22,0,200.0,22.0
KM Jadhav,JD Unadkat,11,7,2,63.63636363636363,3.5
NLTC Perera,P Awana,11,11,0,100.0,11.0
RV Uthappa,SN Thakur,11,9,0,81.81818181818183,9.0
Washington Sundar,BA Stokes,11,16,1,145.45454545454547,16.0
DA Warner,IC Pandey,11,18,1,163.63636363636365,18.0
TL Suman,IK Pathan,11,21,0,190.9090909090909,21.0
CA Lynn,RD Chahar,11,23,1,209.0909090909091,23.0
JC Buttler,Mohsin Khan,11,11,0,100.0,11.0
AP Tare,MM Sharma,11,14,1,127.27272727272727,14.0
KM Jadhav,DT Christian,11,10,0,90.9090909090909,10.0
RG Sharma,JDS Neesham,11,28,0,254.54545454545453,28.0
DA Warner,M Vijay,11,11,0,100.0,11.0
SP Narine,T Natarajan,11,11,1,100.0,11.0
S Badrinath,Yuvraj Singh,11,17,1,154.54545454545453,17.0
A Symonds,MM Patel,11,21,0,190.9090909090909,21.0
V Kohli,S Badree,11,14,0,127.27272727272727,14.0
AJ Finch,AR Patel,11,10,1,90.9090909090909,10.0
AD Mathews,RP Singh,11,18,0,163.63636363636365,18.0
AD Mathews,R Vinay Kumar,11,8,3,72.72727272727273,2.6666666666666665
Harbhajan Singh,M Ashwin,11,9,0,81.81818181818183,9.0
R Tewatia,AJ Tye,11,6,2,54.54545454545454,3.0
R Tewatia,KL Nagarkoti,11,18,0,163.63636363636365,18.0
R Tewatia,Navdeep Saini,11,23,0,209.0909090909091,23.0
R Tewatia,Mohammed Shami,11,12,2,109.09090909090908,6.0
R Tewatia,M Pathirana,11,10,0,90.9090909090909,10.0
MK Pandey,R Parag,11,17,0,154.54545454545453,17.0
SS Tiwary,KP Pietersen,11,6,0,54.54545454545454,6.0
MS Bisla,RA Jadeja,11,10,1,90.9090909090909,10.0
WA Mota,L Balaji,11,11,0,100.0,11.0
SS Iyer,CR Woakes,11,12,0,109.09090909090908,12.0
Dhruv Jurel,T Natarajan,11,8,0,72.72727272727273,8.0
Y Venugopal Rao,HV Patel,11,12,0,109.09090909090908,12.0
KA Pollard,MR Marsh,11,13,0,118.18181818181819,13.0
S Anirudha,RP Singh,11,8,1,72.72727272727273,8.0
S Anirudha,Iqbal Abdulla,11,10,0,90.9090909090909,10.0
B Sai Sudharsan,E Malinga,11,22,0,200.0,22.0
B Sai Sudharsan,DS Rathi,11,13,1,118.18181818181819,13.0
DA Warner,J Little,11,12,0,109.09090909090908,12.0
PWH de Silva,Umran Malik,11,1,0,9.090909090909092,1.0
JP Inglis,A Kamboj,11,27,0,245.45454545454547,27.0
RD Gaikwad,M Theekshana,11,19,0,172.72727272727272,19.0
JD Unadkat,Mohammed Siraj,11,4,0,36.36363636363637,4.0
TM Head,A Nortje,11,29,0,263.6363636363636,29.0
E Lewis,Mohammed Shami,11,6,0,54.54545454545454,6.0
E Lewis,IC Porel,11,23,0,209.0909090909091,23.0
Dhruv Jurel,SN Thakur,11,14,0,127.27272727272727,14.0
Dhruv Jurel,Prince Yadav,11,13,1,118.18181818181819,13.0
KL Rahul,NM Coulter-Nile,11,13,0,118.18181818181819,13.0
AD Mathews,S Kaul,11,17,1,154.54545454545453,17.0
IK Pathan,A Nehra,11,11,1,100.0,11.0
Himmat Singh,JJ Bumrah,11,8,0,72.72727272727273,8.0
KL Rahul,MM Ali,11,13,2,118.18181818181819,6.5
KL Rahul,Lalit Yadav,11,22,0,200.0,22.0
C Madan,A Nehra,11,9,0,81.81818181818183,9.0
C Green,YS Chahal,11,24,0,218.18181818181816,24.0
C Green,Washington Sundar,11,17,0,154.54545454545453,17.0
SC Ganguly,VS Malik,11,5,0,45.45454545454545,5.0
W Jaffer,AB Dinda,11,2,1,18.181818181818183,2.0
SO Hetmyer,SN Thakur,11,10,0,90.9090909090909,10.0
DL Chahar,R Ashwin,11,24,1,218.18181818181816,24.0
DP Conway,JO Holder,11,13,0,118.18181818181819,13.0
SS Tiwary,JP Faulkner,11,7,0,63.63636363636363,7.0
Shubman Gill,Swapnil Singh,11,9,0,81.81818181818183,9.0
RG Sharma,KP Appanna,11,10,1,90.9090909090909,10.0
RG Sharma,JW Hastings,11,16,0,145.45454545454547,16.0
KL Rahul,Brijesh Sharma,11,13,0,118.18181818181819,13.0
Ashutosh Sharma,Brijesh Sharma,11,20,0,181.8181818181818,20.0
SR Tendulkar,AC Thomas,11,5,0,45.45454545454545,5.0
AB de Villiers,KC Cariappa,11,22,1,200.0,22.0
AB de Villiers,J Suchith,11,25,0,227.27272727272728,25.0
SPD Smith,Shakib Al Hasan,11,12,0,109.09090909090908,12.0
SR Tendulkar,B Kumar,11,4,0,36.36363636363637,4.0
JC Buttler,J Yadav,11,21,0,190.9090909090909,21.0
RA Jadeja,TG Southee,11,16,0,145.45454545454547,16.0
KA Pollard,PVD Chameera,11,18,2,163.63636363636365,9.0
Dhruv Jurel,Harshit Rana,11,21,1,190.9090909090909,21.0
Dhruv Jurel,Shivang Kumar,11,20,0,181.8181818181818,20.0
MK Tiwary,A Singh,11,9,0,81.81818181818183,9.0
MK Tiwary,JH Kallis,11,25,1,227.27272727272728,25.0
MK Pandey,Shakib Al Hasan,11,22,0,200.0,22.0
PP Shaw,S Gopal,11,14,2,127.27272727272727,7.0
AJ Finch,P Kumar,11,8,0,72.72727272727273,8.0
TM Head,UT Yadav,11,26,0,236.36363636363637,26.0
RD Chahar,SN Thakur,11,8,1,72.72727272727273,8.0
RD Chahar,LH Ferguson,11,12,1,109.09090909090908,12.0
R Tewatia,TK Curran,11,11,1,100.0,11.0
R Tewatia,Suyash Sharma,11,18,0,163.63636363636365,18.0
AB de Villiers,A Chandila,11,26,0,236.36363636363637,26.0
MS Bisla,IK Pathan,11,4,1,36.36363636363637,4.0
VVS Laxman,JH Kallis,11,15,0,136.36363636363635,15.0
D Padikkal,MM Ali,11,12,1,109.09090909090908,12.0
SK Raina,M Markande,11,15,0,136.36363636363635,15.0
AR Patel,J Yadav,11,6,1,54.54545454545454,6.0
SE Marsh,SB Jakati,11,28,0,254.54545454545453,28.0
IK Pathan,AG Murtaza,11,7,1,63.63636363636363,7.0
YBK Jaiswal,Mohammad Nabi,11,19,0,172.72727272727272,19.0
Shubman Gill,Umran Malik,11,21,1,190.9090909090909,21.0
SE Marsh,Shahid Afridi,11,21,0,190.9090909090909,21.0
SE Marsh,SM Pollock,11,7,0,63.63636363636363,7.0
RG Sharma,JD Ryder,11,15,0,136.36363636363635,15.0
AR Patel,LH Ferguson,11,16,1,145.45454545454547,16.0
KL Rahul,AS Rajpoot,11,10,1,90.9090909090909,10.0
KL Rahul,AK Markram,11,18,0,163.63636363636365,18.0
KL Rahul,AJ Hosein,11,17,1,154.54545454545453,17.0
BB McCullum,Iqbal Abdulla,11,8,1,72.72727272727273,8.0
BB McCullum,P Awana,11,17,0,154.54545454545453,17.0
E Lewis,DS Kulkarni,11,17,2,154.54545454545453,8.5
VR Aaron,L Balaji,11,15,0,136.36363636363635,15.0
DW Steyn,SL Malinga,11,4,2,36.36363636363637,2.0
VR Iyer,C Green,11,21,1,190.9090909090909,21.0
VR Iyer,Basil Thampi,11,6,0,54.54545454545454,6.0
AJ Finch,JL Pattinson,11,17,0,154.54545454545453,17.0
RE Levi,DE Bollinger,11,18,0,163.63636363636365,18.0
Tilak Varma,D Pretorius,11,13,0,118.18181818181819,13.0
NV Ojha,TP Sudhindra,11,14,0,127.27272727272727,14.0
NV Ojha,TA Boult,11,14,1,127.27272727272727,14.0
NV Ojha,Shakib Al Hasan,11,19,1,172.72727272727272,19.0
PA Patel,DE Bollinger,11,9,1,81.81818181818183,9.0
PA Patel,CH Morris,11,11,1,100.0,11.0
PA Patel,BB Sran,11,9,1,81.81818181818183,9.0
R Vinay Kumar,CRD Fernando,11,14,1,127.27272727272727,14.0
R Vinay Kumar,B Lee,11,13,0,118.18181818181819,13.0
R Tewatia,Yash Thakur,11,17,1,154.54545454545453,17.0
PP Shaw,Kuldeep Yadav,11,25,0,227.27272727272728,25.0
MK Tiwary,S Randiv,11,22,1,200.0,22.0
SS Tiwary,CH Gayle,11,17,0,154.54545454545453,17.0
RR Pant,Mujeeb Ur Rahman,11,17,2,154.54545454545453,8.5
IK Pathan,SK Raina,11,6,0,54.54545454545454,6.0
RG Sharma,HF Gurney,11,5,1,45.45454545454545,5.0
RA Jadeja,PWH de Silva,11,5,1,45.45454545454545,5.0
Ashutosh Sharma,HV Patel,11,16,0,145.45454545454547,16.0
YK Pathan,GD McGrath,11,17,0,154.54545454545453,17.0
S Dhawan,MN Samuels,11,17,0,154.54545454545453,17.0
Tilak Varma,Sandeep Sharma,11,11,1,100.0,11.0
CH Gayle,AG Murtaza,11,43,0,390.90909090909093,43.0
MS Bisla,A Mishra,11,3,2,27.27272727272727,1.5
AB de Villiers,A Nortje,11,16,2,145.45454545454547,8.0
PP Shaw,MG Johnson,11,24,0,218.18181818181816,24.0
PP Shaw,MA Starc,11,23,0,209.0909090909091,23.0
Iqbal Abdulla,SL Malinga,11,9,0,81.81818181818183,9.0
SPD Smith,V Shankar,11,16,0,145.45454545454547,16.0
DA Warner,Basil Thampi,11,17,0,154.54545454545453,17.0
DA Warner,BW Hilfenhaus,11,2,3,18.181818181818183,0.6666666666666666
DA Warner,Azhar Mahmood,11,19,0,172.72727272727272,19.0
AT Rayudu,RP Meredith,11,5,1,45.45454545454545,5.0
S Dhawan,M Siddharth,11,20,0,181.8181818181818,20.0
Ishan Kishan,DS Rathi,11,8,1,72.72727272727273,8.0
Ishan Kishan,DJ Hooda,11,10,0,90.9090909090909,10.0
RG Sharma,C de Grandhomme,11,15,0,136.36363636363635,15.0
RG Sharma,BAW Mendis,11,10,0,90.9090909090909,10.0
AJ Finch,JH Kallis,11,16,2,145.45454545454547,8.0
JC Buttler,DR Smith,11,11,0,100.0,11.0
V Kohli,A Symonds,11,24,1,218.18181818181816,24.0
DPMD Jayawardene,AG Murtaza,11,10,1,90.9090909090909,10.0
Dhruv Jurel,Azmatullah Omarzai,11,24,0,218.18181818181816,24.0
JH Kallis,A Mithun,11,13,1,118.18181818181819,13.0
A Raghuvanshi,Arshdeep Singh,11,9,0,81.81818181818183,9.0
A Raghuvanshi,AJ Hosein,11,15,1,136.36363636363635,15.0
YK Pathan,JC Archer,11,13,1,118.18181818181819,13.0
AD Mathews,PP Ojha,11,13,1,118.18181818181819,13.0
Sikandar Raza,Ravi Bishnoi,11,19,1,172.72727272727272,19.0
KK Nair,CR Woakes,11,12,0,109.09090909090908,12.0
KH Pandya,V Viyaskanth,11,6,0,54.54545454545454,6.0
KK Nair,DL Chahar,11,18,0,163.63636363636365,18.0
R Vinay Kumar,SL Malinga,11,9,1,81.81818181818183,9.0
RA Jadeja,DL Vettori,11,19,1,172.72727272727272,19.0
A Raghuvanshi,R Parag,11,15,0,136.36363636363635,15.0
JC Buttler,HR Shokeen,11,32,1,290.90909090909093,32.0
RR Pant,Rasikh Salam,11,34,0,309.09090909090907,34.0
PP Shaw,Navdeep Saini,11,13,0,118.18181818181819,13.0
VR Iyer,J Little,11,19,1,172.72727272727272,19.0
VR Iyer,HR Shokeen,11,24,0,218.18181818181816,24.0
SPD Smith,S Aravind,11,9,1,81.81818181818183,9.0
Naman Dhir,Akash Deep,11,28,0,254.54545454545453,28.0
Washington Sundar,M Jansen,11,18,0,163.63636363636365,18.0
Washington Sundar,Kuldeep Yadav,11,13,0,118.18181818181819,13.0
Washington Sundar,JC Archer,11,27,0,245.45454545454547,27.0
Tilak Varma,KR Sen,11,9,0,81.81818181818183,9.0
V Kohli,Kamran Khan,11,20,1,181.8181818181818,20.0
V Kohli,KL Nagarkoti,11,11,0,100.0,11.0
V Kohli,JR Hazlewood,11,11,0,100.0,11.0
V Kohli,JP Duminy,11,8,0,72.72727272727273,8.0
T Banton,Navdeep Saini,11,13,1,118.18181818181819,13.0
KK Nair,PJ Sangwan,11,15,1,136.36363636363635,15.0
KK Nair,NLTC Perera,11,3,0,27.27272727272727,3.0
DT Christian,J Botha,11,19,0,172.72727272727272,19.0
DR Smith,S Aravind,11,15,2,136.36363636363635,7.5
DR Smith,UT Yadav,11,17,1,154.54545454545453,17.0
TM Head,Harshit Rana,11,21,0,190.9090909090909,21.0
TM Head,GJ Maxwell,11,16,0,145.45454545454547,16.0
TM Head,DS Rathi,11,15,0,136.36363636363635,15.0
MR Marsh,MA Starc,11,24,1,218.18181818181816,24.0
AD Russell,MR Marsh,11,24,0,218.18181818181816,24.0
T Stubbs,J Overton,11,5,2,45.45454545454545,2.5
KH Pandya,C Bosch,11,18,0,163.63636363636365,18.0
C de Grandhomme,JJ Bumrah,11,2,1,18.181818181818183,2.0
KK Nair,Anureet Singh,11,12,2,109.09090909090908,6.0
RA Jadeja,B Lee,11,14,1,127.27272727272727,14.0
RD Gaikwad,I Sharma,11,20,0,181.8181818181818,20.0
BA Stokes,Bipul Sharma,11,27,0,245.45454545454547,27.0
MR Marsh,Ashwani Kumar,11,24,0,218.18181818181816,24.0
SS Iyer,MA Starc,11,12,1,109.09090909090908,12.0
SS Iyer,M Siddharth,11,17,0,154.54545454545453,17.0
SS Iyer,M Jansen,11,13,0,118.18181818181819,13.0
VVS Laxman,JA Morkel,11,5,1,45.45454545454545,5.0
JC Buttler,Imran Tahir,11,19,1,172.72727272727272,19.0
Rahmanullah Gurbaz,Sandeep Sharma,11,18,0,163.63636363636365,18.0
Rahmanullah Gurbaz,MA Starc,11,22,1,200.0,22.0
SPD Smith,S Kaushik,11,23,0,209.0909090909091,23.0
J Botha,DT Christian,11,24,0,218.18181818181816,24.0
A Raghuvanshi,YS Chahal,11,14,1,127.27272727272727,14.0
CA Lynn,AJ Tye,11,30,3,272.7272727272727,10.0
SE Marsh,TL Suman,11,13,0,118.18181818181819,13.0
Naman Dhir,Noor Ahmad,11,8,1,72.72727272727273,8.0
Naman Dhir,T Natarajan,11,14,1,127.27272727272727,14.0
KA Pollard,VR Aaron,11,9,0,81.81818181818183,9.0
SS Prabhudessai,CV Varun,11,14,0,127.27272727272727,14.0
SS Prabhudessai,AD Russell,11,15,0,136.36363636363635,15.0
RA Tripathi,MR Marsh,11,3,2,27.27272727272727,1.5
JP Duminy,SB Jakati,11,16,0,145.45454545454547,16.0
YK Pathan,JP Faulkner,11,16,0,145.45454545454547,16.0
AT Rayudu,PJ Sangwan,11,6,0,54.54545454545454,6.0
AT Rayudu,PJ Cummins,11,16,1,145.45454545454547,16.0
KH Pandya,MA Wood,11,33,0,300.0,33.0
AR Patel,MM Ali,11,9,2,81.81818181818183,4.5
J Botha,M Morkel,11,6,0,54.54545454545454,6.0
RA Jadeja,S Aravind,11,12,0,109.09090909090908,12.0
V Kohli,GJ Maxwell,11,14,0,127.27272727272727,14.0
AC Gilchrist,M Kartik,11,8,1,72.72727272727273,8.0
KD Karthik,T Shamsi,11,7,0,63.63636363636363,7.0
YK Pathan,Anureet Singh,11,22,0,200.0,22.0
MR Marsh,DW Steyn,11,14,1,127.27272727272727,14.0
Yuvraj Singh,A Choudhary,11,22,0,200.0,22.0
BA Stokes,Shivam Mavi,11,9,0,81.81818181818183,9.0
TH David,Yash Thakur,11,13,1,118.18181818181819,13.0
V Kohli,E Malinga,11,20,0,181.8181818181818,20.0
SE Rutherford,Ashwani Kumar,11,20,0,181.8181818181818,20.0
RA Jadeja,JR Hazlewood,11,10,1,90.9090909090909,10.0
RA Jadeja,JP Faulkner,11,10,1,90.9090909090909,10.0
T Stubbs,Mukesh Choudhary,11,15,1,136.36363636363635,15.0
KD Karthik,RR Powar,11,5,0,45.45454545454545,5.0
DA Miller,VR Aaron,11,19,1,172.72727272727272,19.0
SP Narine,Washington Sundar,11,21,0,190.9090909090909,21.0
A Raghuvanshi,Mohammed Shami,11,13,0,118.18181818181819,13.0
A Raghuvanshi,M Theekshana,11,18,0,163.63636363636365,18.0
D Padikkal,AS Roy,11,9,0,81.81818181818183,9.0
VR Iyer,Kuldeep Yadav,11,10,0,90.9090909090909,10.0
RR Pant,TU Deshpande,11,10,0,90.9090909090909,10.0
MM Ali,Kartik Tyagi,11,14,0,127.27272727272727,14.0
ML Hayden,UT Yadav,11,16,0,145.45454545454547,16.0
SS Iyer,V Shankar,11,13,1,118.18181818181819,13.0
KH Pandya,A Nortje,11,10,0,90.9090909090909,10.0
KD Karthik,ST Jayasuriya,11,19,0,172.72727272727272,19.0
T Stubbs,PP Chawla,11,18,0,163.63636363636365,18.0
S Dhawan,Jalaj S Saxena,11,17,0,154.54545454545453,17.0
AB de Villiers,S Lamichhane,11,13,0,118.18181818181819,13.0
J Botha,RA Jadeja,11,10,1,90.9090909090909,10.0
KD Karthik,MG Johnson,11,18,1,163.63636363636365,18.0
J Botha,Harbhajan Singh,11,13,0,118.18181818181819,13.0
SK Raina,Imran Tahir,11,16,1,145.45454545454547,16.0
T Stubbs,TU Deshpande,11,17,0,154.54545454545453,17.0
KD Karthik,JO Holder,11,12,0,109.09090909090908,12.0
A Raghuvanshi,JC Archer,11,7,1,63.63636363636363,7.0
J Fraser-McGurk,Yash Thakur,11,15,0,136.36363636363635,15.0
A Manohar,TA Boult,11,25,1,227.27272727272728,25.0
MM Ali,Umran Malik,11,21,0,190.9090909090909,21.0
MM Ali,SP Narine,11,20,2,181.8181818181818,10.0
PP Shaw,Basil Thampi,11,10,1,90.9090909090909,10.0
PP Chawla,Rashid Khan,11,4,1,36.36363636363637,4.0
PP Chawla,RP Singh,11,15,1,136.36363636363635,15.0
V Kohli,Harsh Dubey,11,11,1,100.0,11.0
SPD Smith,P Suyal,11,19,0,172.72727272727272,19.0
P Simran Singh,Sandeep Sharma,11,10,1,90.9090909090909,10.0
Abhishek Sharma,UT Yadav,11,6,0,54.54545454545454,6.0
KD Karthik,DJG Sammy,11,16,0,145.45454545454547,16.0
CA Lynn,BA Stokes,11,7,1,63.63636363636363,7.0
OA Shah,MS Gony,11,9,0,81.81818181818183,9.0
SPD Smith,M Prasidh Krishna,11,17,0,154.54545454545453,17.0
B Chipli,WD Parnell,11,16,0,145.45454545454547,16.0
PP Chawla,M Muralitharan,11,8,1,72.72727272727273,8.0
PP Chawla,M Manhas,11,6,0,54.54545454545454,6.0
S Dube,Akash Deep,11,28,0,254.54545454545453,28.0
S Dube,AR Patel,11,19,0,172.72727272727272,19.0
DR Smith,KK Cooper,11,9,1,81.81818181818183,9.0
DA Miller,R Bhatia,11,16,0,145.45454545454547,16.0
DA Miller,KK Cooper,11,6,1,54.54545454545454,6.0
S Gopal,AR Patel,11,7,0,63.63636363636363,7.0
S Sohal,S Aravind,11,15,0,136.36363636363635,15.0
RG Sharma,BA Bhatt,11,11,0,100.0,11.0
DA Miller,S Kaushik,11,8,0,72.72727272727273,8.0
DA Miller,S Aravind,11,7,1,63.63636363636363,7.0
V Kohli,C Green,11,16,0,145.45454545454547,16.0
A Raghuvanshi,JR Hazlewood,11,16,0,145.45454545454547,16.0
J Overton,Sandeep Sharma,11,26,1,236.36363636363637,26.0
KD Karthik,K Kartikeya,11,22,0,200.0,22.0
TH David,JC Archer,11,11,1,100.0,11.0
JP Duminy,KW Richardson,11,17,1,154.54545454545453,17.0
JP Duminy,KV Sharma,11,14,1,127.27272727272727,14.0
JP Duminy,JR Hopes,11,18,0,163.63636363636365,18.0
Abishek Porel,KH Pandya,11,11,0,100.0,11.0
Abishek Porel,HH Pandya,11,20,0,181.8181818181818,20.0
DPMD Jayawardene,MC Henriques,11,17,0,154.54545454545453,17.0
PK Garg,Shakib Al Hasan,11,13,0,118.18181818181819,13.0
PK Garg,RA Jadeja,11,11,0,100.0,11.0
VVS Laxman,DW Steyn,11,8,0,72.72727272727273,8.0
KD Karthik,BAW Mendis,11,2,0,18.181818181818183,2.0
AS Raut,Anureet Singh,11,19,0,172.72727272727272,19.0
AR Patel,Z Khan,11,21,0,190.9090909090909,21.0
AD Russell,NT Ellis,11,19,0,172.72727272727272,19.0
DR Smith,DS Kulkarni,11,13,0,118.18181818181819,13.0
SC Ganguly,SW Tait,11,13,1,118.18181818181819,13.0
SO Hetmyer,Mukesh Kumar,11,23,0,209.0909090909091,23.0
PP Chawla,MM Sharma,11,17,3,154.54545454545453,5.666666666666667
MN van Wyk,Harbhajan Singh,11,12,0,109.09090909090908,12.0
MP Stoinis,DL Chahar,11,18,0,163.63636363636365,18.0
JEC Franklin,R Sharma,11,5,0,45.45454545454545,5.0
AJ Finch,K Rabada,11,12,1,109.09090909090908,12.0
RG Sharma,AP Dole,11,16,0,145.45454545454547,16.0
JA Morkel,P Awana,11,14,1,127.27272727272727,14.0
Rashid Khan,K Kartikeya,11,30,0,272.7272727272727,30.0
Rashid Khan,HV Patel,11,11,2,100.0,5.5
A Badoni,AR Patel,11,11,0,100.0,11.0
Z Khan,DE Bollinger,11,10,2,90.9090909090909,5.0
P Simran Singh,Azmatullah Omarzai,11,9,0,81.81818181818183,9.0
MP Stoinis,N Thushara,11,8,0,72.72727272727273,8.0
MP Stoinis,MJ Santner,11,9,0,81.81818181818183,9.0
VR Iyer,PWH de Silva,11,21,1,190.9090909090909,21.0
DPMD Jayawardene,SJ Srivastava,11,14,0,127.27272727272727,14.0
DPMD Jayawardene,WD Parnell,11,11,1,100.0,11.0
DPMD Jayawardene,SW Tait,11,21,0,190.9090909090909,21.0
VR Iyer,Sandeep Sharma,11,24,0,218.18181818181816,24.0
MP Stoinis,BA Stokes,11,12,0,109.09090909090908,12.0
MP Stoinis,Arjun Tendulkar,11,8,0,72.72727272727273,8.0
AT Rayudu,M Prasidh Krishna,11,6,0,54.54545454545454,6.0
JA Morkel,V Sehwag,11,25,1,227.27272727272728,25.0
JA Morkel,SW Tait,11,14,1,127.27272727272727,14.0
KC Sangakkara,JD Ryder,11,12,1,109.09090909090908,12.0
MA Agarwal,A Nehra,11,9,2,81.81818181818183,4.5
MA Agarwal,A Mishra,11,13,2,118.18181818181819,6.5
M Vohra,Mohammad Nabi,11,16,0,145.45454545454547,16.0
M Vohra,MC Henriques,11,22,0,200.0,22.0
SE Marsh,Basil Thampi,11,17,0,154.54545454545453,17.0
M Vohra,S Kaul,11,17,0,154.54545454545453,17.0
Mandeep Singh,BW Hilfenhaus,11,11,0,100.0,11.0
Mandeep Singh,BAW Mendis,11,15,0,136.36363636363635,15.0
Mandeep Singh,AS Rajpoot,11,8,0,72.72727272727273,8.0
Mandeep Singh,K Rabada,11,20,0,181.8181818181818,20.0
Mandeep Singh,Imran Tahir,11,10,0,90.9090909090909,10.0
DJ Bravo,TA Boult,11,31,1,281.8181818181818,31.0
M Vohra,R Ashwin,11,8,0,72.72727272727273,8.0
DA Miller,LJ Wright,11,28,0,254.54545454545453,28.0
Yuvraj Singh,SN Thakur,11,12,1,109.09090909090908,12.0
S Sohal,DS Kulkarni,11,18,1,163.63636363636365,18.0
A Badoni,Kartik Tyagi,10,18,0,180.0,18.0
SPD Smith,I Udana,10,15,1,150.0,15.0
Yuvraj Singh,R Shukla,10,25,0,250.0,25.0
CH Gayle,M Prasidh Krishna,10,14,0,140.0,14.0
CH Gayle,MM Ali,10,6,0,60.0,6.0
RA Jadeja,MR Marsh,10,14,2,140.0,7.0
P Kumar,SC Ganguly,10,7,0,70.0,7.0
P Ray Barman,S Kaul,10,7,0,70.0,7.0
B Chipli,YK Pathan,10,13,0,130.0,13.0
S Gopal,SP Narine,10,14,1,140.0,14.0
P Dubey,RD Chahar,10,7,0,70.0,7.0
P Simran Singh,MJ Santner,10,3,0,30.0,3.0
SE Rutherford,CV Varun,10,15,0,150.0,15.0
SE Rutherford,JA Duffy,10,19,0,190.0,19.0
SE Rutherford,MP Stoinis,10,25,0,250.0,25.0
SE Rutherford,R Shepherd,10,25,0,250.0,25.0
SE Rutherford,Ravi Bishnoi,10,15,0,150.0,15.0
RD Rickelton,Sakib Hussain,10,24,0,240.0,24.0
AJ Finch,Kuldeep Yadav,10,18,1,180.0,18.0
MN van Wyk,DP Nannes,10,13,1,130.0,13.0
PP Chawla,MM Patel,10,15,0,150.0,15.0
SO Hetmyer,MA Starc,10,17,1,170.0,17.0
SO Hetmyer,MM Sharma,10,11,0,110.00000000000001,11.0
SO Hetmyer,MP Yadav,10,17,0,170.0,17.0
SO Hetmyer,Mohammad Nabi,10,14,1,140.0,14.0
SC Ganguly,S Nadeem,10,12,0,120.0,12.0
AD Russell,Noor Ahmad,10,16,1,160.0,16.0
BB McCullum,AF Milne,10,21,0,210.0,21.0
BB McCullum,B Akhil,10,21,0,210.0,21.0
RR Rossouw,SM Curran,10,18,0,180.0,18.0
RS Bopara,CH Morris,10,9,0,90.0,9.0
MP Stoinis,Arshdeep Singh,10,13,0,130.0,13.0
SS Iyer,MP Stoinis,10,8,1,80.0,8.0
VR Iyer,Sikandar Raza,10,14,0,140.0,14.0
DPMD Jayawardene,R Sharma,10,14,0,140.0,14.0
MN van Wyk,KP Appanna,10,14,0,140.0,14.0
SA Asnodkar,JH Kallis,10,14,0,140.0,14.0
SS Iyer,PV Tambe,10,14,0,140.0,14.0
SS Iyer,R Parag,10,10,2,100.0,5.0
Abhishek Sharma,Vijaykumar Vyshak,10,33,0,330.0,33.0
PP Chawla,DW Steyn,10,18,1,180.0,18.0
PP Chawla,Harbhajan Singh,10,7,2,70.0,3.5
PK Garg,M Markande,10,15,1,150.0,15.0
PK Garg,SP Narine,10,6,0,60.0,6.0
Abishek Porel,JR Hazlewood,10,5,2,50.0,2.5
JP Duminy,RG Sharma,10,12,1,120.0,12.0
JP Duminy,RJ Harris,10,12,1,120.0,12.0
JH Kallis,B Kumar,10,6,0,60.0,6.0
DR Smith,BCJ Cutting,10,13,1,130.0,13.0
DR Smith,DJ Muthuswami,10,12,0,120.0,12.0
DR Smith,PV Tambe,10,15,0,150.0,15.0
JG Bethell,KA Jamieson,10,19,1,190.0,19.0
JG Bethell,KK Ahmed,10,20,0,200.0,20.0
JG Bethell,SR Dubey,10,15,0,150.0,15.0
Yuvraj Singh,B Lee,10,11,0,110.00000000000001,11.0
Yuvraj Singh,BA Stokes,10,13,0,130.0,13.0
RS Bopara,DP Nannes,10,3,0,30.0,3.0
MM Ali,RP Meredith,10,13,0,130.0,13.0
PP Shaw,JO Holder,10,14,0,140.0,14.0
Y Venugopal Rao,J Botha,10,18,0,180.0,18.0
BB McCullum,LH Ferguson,10,8,0,80.0,8.0
RR Rossouw,Nithish Kumar Reddy,10,25,0,250.0,25.0
PP Chawla,SK Trivedi,10,9,1,90.0,9.0
A Manohar,KK Ahmed,10,2,1,20.0,2.0
A Manohar,PP Chawla,10,19,0,190.0,19.0
AB Agarkar,P Kumar,10,7,0,70.0,7.0
SO Hetmyer,KA Pollard,10,26,0,260.0,26.0
ML Hayden,K Goel,10,9,0,90.0,9.0
ML Hayden,M Kartik,10,12,0,120.0,12.0
JP Duminy,L Balaji,10,15,0,150.0,15.0
JP Duminy,LR Shukla,10,20,0,200.0,20.0
JP Duminy,D Wiese,10,10,1,100.0,10.0
JP Duminy,DP Nannes,10,9,2,90.0,4.5
JH Kallis,CRD Fernando,10,11,0,110.00000000000001,11.0
BA Stokes,Ankit Soni,10,7,0,70.0,7.0
BA Stokes,Washington Sundar,10,6,0,60.0,6.0
BB McCullum,AB Dinda,10,8,0,80.0,8.0
BB McCullum,JP Duminy,10,11,0,110.00000000000001,11.0
VR Iyer,JO Holder,10,5,1,50.0,5.0
Abhishek Sharma,Shashank Singh,10,11,2,110.00000000000001,5.5
ML Hayden,RA Jadeja,10,9,0,90.0,9.0
D Padikkal,DS Rathi,10,13,0,130.0,13.0
DR Smith,PJ Cummins,10,5,2,50.0,2.5
MM Ali,CV Varun,10,14,0,140.0,14.0
SS Tiwary,AC Thomas,10,17,1,170.0,17.0
PP Shaw,OC McCoy,10,16,0,160.0,16.0
PP Shaw,G Coetzee,10,17,0,170.0,17.0
ML Hayden,AM Salvi,10,28,0,280.0,28.0
MR Marsh,LS Livingstone,10,7,0,70.0,7.0
MR Marsh,M Jansen,10,21,0,210.0,21.0
RS Bopara,MM Patel,10,13,1,130.0,13.0
RS Bopara,SK Trivedi,10,6,0,60.0,6.0
DPMD Jayawardene,D Kalyankrishna,10,26,0,260.0,26.0
Abishek Porel,Brijesh Sharma,10,19,1,190.0,19.0
A Badoni,RA Jadeja,10,9,1,90.0,9.0
DR Smith,TG Southee,10,14,0,140.0,14.0
DR Smith,Rashid Khan,10,18,1,180.0,18.0
DT Christian,JJ Bumrah,10,6,1,60.0,6.0
DS Kulkarni,R Ashwin,10,19,1,190.0,19.0
JEC Franklin,B Lee,10,12,0,120.0,12.0
MK Tiwary,MM Sharma,10,15,0,150.0,15.0
PN Mankad,Fazalhaq Farooqi,10,15,0,150.0,15.0
PK Garg,CV Varun,10,4,1,40.0,4.0
PK Garg,DR Sams,10,19,0,190.0,19.0
MR Marsh,SS Mishra,10,15,0,150.0,15.0
Vishnu Vinod,Mohammed Shami,10,12,0,120.0,12.0
MR Marsh,DJ Bravo,10,13,1,130.0,13.0
ML Hayden,B Lee,10,9,0,90.0,9.0
AM Rahane,IC Pandey,10,14,0,140.0,14.0
ML Hayden,PP Chawla,10,24,0,240.0,24.0
VR Iyer,D Jansen,10,23,0,229.99999999999997,23.0
VR Iyer,DJ Bravo,10,5,1,50.0,5.0
VR Iyer,DS Rathi,10,17,0,170.0,17.0
TM Dilshan,V Pratap Singh,10,17,1,170.0,17.0
MM Ali,Arshdeep Singh,10,15,1,150.0,15.0
DW Steyn,RA Jadeja,10,4,1,40.0,4.0
ML Hayden,AB Agarkar,10,16,0,160.0,16.0
PP Shaw,K Rabada,10,11,0,110.00000000000001,11.0
PP Shaw,Mustafizur Rahman,10,18,0,180.0,18.0
DP Conway,SP Narine,10,13,0,130.0,13.0
DP Conway,Sandeep Sharma,10,6,0,60.0,6.0
DP Conway,Sikandar Raza,10,18,0,180.0,18.0
MR Marsh,PWH de Silva,10,9,0,90.0,9.0
MS Bisla,AB Dinda,10,8,0,80.0,8.0
D Padikkal,Prince Yadav,10,19,1,190.0,19.0
S Dhawan,I Udana,10,14,1,140.0,14.0
Ashutosh Sharma,Prince Yadav,10,28,0,280.0,28.0
Ashutosh Sharma,R Sai Kishore,10,4,2,40.0,2.0
Tilak Varma,SN Thakur,10,8,0,80.0,8.0
Tilak Varma,Shahbaz Ahmed,10,25,0,250.0,25.0
Tilak Varma,Simarjeet Singh,10,6,0,60.0,6.0
MK Tiwary,KV Sharma,10,10,0,100.0,10.0
Dhruv Jurel,Simarjeet Singh,10,26,0,260.0,26.0
AC Blizzard,B Lee,10,23,1,229.99999999999997,23.0
DP Conway,D Wiese,10,21,0,210.0,21.0
D Padikkal,MR Marsh,10,22,0,220.00000000000003,22.0
MR Marsh,R Vinay Kumar,10,4,1,40.0,4.0
MR Marsh,Ravi Bishnoi,10,16,0,160.0,16.0
E Lewis,DT Christian,10,21,0,210.0,21.0
MK Tiwary,MG Johnson,10,18,1,180.0,18.0
BB McCullum,MA Starc,10,14,0,140.0,14.0
RR Pant,Naveen-ul-Haq,10,15,1,150.0,15.0
MK Tiwary,DT Christian,10,14,0,140.0,14.0
SS Tiwary,C de Grandhomme,10,9,0,90.0,9.0
SS Tiwary,I Sharma,10,10,1,100.0,10.0
SS Tiwary,JD Unadkat,10,6,0,60.0,6.0
DT Christian,S Nadeem,10,9,0,90.0,9.0
Ashutosh Sharma,TA Boult,10,8,1,80.0,8.0
JP Duminy,Shivam Sharma,10,7,0,70.0,7.0
RD Gaikwad,S Kaul,10,12,0,120.0,12.0
SO Hetmyer,AS Joseph,10,30,0,300.0,30.0
DP Conway,HV Patel,10,14,1,140.0,14.0
DP Conway,A Zampa,10,15,1,150.0,15.0
SP Fleming,A Kumble,10,9,1,90.0,9.0
PJ Cummins,I Sharma,10,24,0,240.0,24.0
DP Conway,RD Chahar,10,18,0,180.0,18.0
W Jaffer,RP Singh,10,12,0,120.0,12.0
MK Tiwary,B Lee,10,16,0,160.0,16.0
JEC Franklin,DJ Bravo,10,4,1,40.0,4.0
JEC Franklin,DW Steyn,10,3,0,30.0,3.0
BB McCullum,JD Unadkat,10,11,2,110.00000000000001,5.5
BB McCullum,JDP Oram,10,27,1,270.0,27.0
MK Tiwary,JD Unadkat,10,14,0,140.0,14.0
MK Pandey,S Badree,10,10,0,100.0,10.0
AM Rahane,M Ashwin,10,14,0,140.0,14.0
RV Uthappa,AB Agarkar,10,11,0,110.00000000000001,11.0
DP Conway,C Sakariya,10,16,0,160.0,16.0
D Padikkal,Vijaykumar Vyshak,10,22,0,220.00000000000003,22.0
D Padikkal,YS Chahal,10,25,0,250.0,25.0
SS Iyer,Imran Tahir,10,13,2,130.0,6.5
MS Bisla,MG Johnson,10,5,0,50.0,5.0
SC Ganguly,L Balaji,10,5,0,50.0,5.0
RS Bopara,Z Khan,10,6,1,60.0,6.0
DP Conway,DG Nalkande,10,14,0,140.0,14.0
SS Tiwary,Kuldeep Yadav,10,8,0,80.0,8.0
SS Tiwary,MJ McClenaghan,10,4,0,40.0,4.0
Dhruv Jurel,Mukesh Kumar,10,27,0,270.0,27.0
Dhruv Jurel,SM Curran,10,11,1,110.00000000000001,11.0
E Lewis,Kuldeep Yadav,10,6,0,60.0,6.0
RR Pant,DR Smith,10,16,0,160.0,16.0
AM Rahane,M Theekshana,10,11,0,110.00000000000001,11.0
SK Raina,B Akhil,10,15,0,150.0,15.0
DP Conway,R Goyal,10,13,0,130.0,13.0
MS Dhoni,BAW Mendis,10,10,0,100.0,10.0
MS Bisla,WD Parnell,10,6,1,60.0,6.0
SS Iyer,C Green,10,12,1,120.0,12.0
Dhruv Jurel,TU Deshpande,10,21,1,210.0,21.0
E Lewis,D Pretorius,10,14,0,140.0,14.0
V Suryavanshi,Washington Sundar,10,32,0,320.0,32.0
RR Pant,K Rabada,10,26,0,260.0,26.0
RR Pant,KL Nagarkoti,10,6,0,60.0,6.0
E Lewis,S Sandeep Warrier,10,8,0,80.0,8.0
Priyansh Arya,HV Patel,10,28,1,280.0,28.0
Y Venugopal Rao,DS Kulkarni,10,7,1,70.0,7.0
MK Pandey,RP Singh,10,21,0,210.0,21.0
AD Russell,PP Chawla,10,16,1,160.0,16.0
AD Russell,PVD Chameera,10,14,0,140.0,14.0
AD Russell,R Vinay Kumar,10,15,0,150.0,15.0
D Ferreira,LH Ferguson,10,16,0,160.0,16.0
D Ferreira,Nithish Kumar Reddy,10,14,1,140.0,14.0
SS Tiwary,R Tewatia,10,8,0,80.0,8.0
PJ Cummins,KV Sharma,10,19,0,190.0,19.0
PJ Cummins,NM Coulter-Nile,10,22,0,220.00000000000003,22.0
PD Salt,Sandeep Sharma,10,14,0,140.0,14.0
PHKD Mendis,Noor Ahmad,10,14,0,140.0,14.0
AM Rahane,CJ Jordan,10,18,1,180.0,18.0
B Sai Sudharsan,Sakib Hussain,10,15,1,150.0,15.0
JO Holder,Navdeep Saini,10,21,0,210.0,21.0
JO Holder,SP Narine,10,2,0,20.0,2.0
PR Veer,KH Pandya,10,24,0,240.0,24.0
EJG Morgan,BA Stokes,10,22,1,220.00000000000003,22.0
JP Faulkner,AB Dinda,10,6,1,60.0,6.0
V Suryavanshi,MP Yadav,10,22,0,220.00000000000003,22.0
YV Takawale,SR Watson,10,29,0,290.0,29.0
Atharva Taide,MP Stoinis,10,15,0,150.0,15.0
BB McCullum,PJ Sangwan,10,8,1,80.0,8.0
D Brevis,PHKD Mendis,10,22,0,220.00000000000003,22.0
D Padikkal,Avesh Khan,10,3,2,30.0,1.5
DJG Sammy,PP Chawla,10,3,1,30.0,3.0
DJG Sammy,PV Tambe,10,4,0,40.0,4.0
Yuvraj Singh,CR Woakes,10,14,1,140.0,14.0
BA Stokes,KA Pollard,10,5,0,50.0,5.0
BA Stokes,MJ McClenaghan,10,19,0,190.0,19.0
DJM Short,PP Chawla,10,4,0,40.0,4.0
RV Patel,SN Thakur,10,5,0,50.0,5.0
BA Stokes,Mujeeb Ur Rahman,10,14,2,140.0,7.0
AM Rahane,Mayank Dagar,10,9,0,90.0,9.0
RA Tripathi,Lalit Yadav,10,15,0,150.0,15.0
A Symonds,DJ Hussey,10,19,0,190.0,19.0
CA Lynn,VR Aaron,10,6,2,60.0,3.0
MK Pandey,AN Ahmed,10,8,0,80.0,8.0
MK Pandey,Arshdeep Singh,10,9,1,90.0,9.0
SS Tiwary,RS Bopara,10,12,1,120.0,12.0
SA Yadav,MA Starc,10,12,0,120.0,12.0
SP Fleming,GD McGrath,10,5,0,50.0,5.0
AM Rahane,CR Brathwaite,10,14,0,140.0,14.0
MS Dhoni,DR Smith,10,5,0,50.0,5.0
MK Pandey,DL Vettori,10,8,1,80.0,8.0
MK Pandey,AS Roy,10,8,1,80.0,8.0
AM Rahane,Mohsin Khan,10,7,1,70.0,7.0
SN Khan,SN Thakur,10,11,1,110.00000000000001,11.0
Priyansh Arya,Avesh Khan,10,22,0,220.00000000000003,22.0
JP Duminy,Z Khan,10,17,2,170.0,8.5
S Dhawan,Shahid Afridi,10,15,0,150.0,15.0
AC Gilchrist,S Aravind,10,23,0,229.99999999999997,23.0
EJG Morgan,P Parameswaran,10,5,0,50.0,5.0
SS Iyer,AM Ghazanfar,10,16,0,160.0,16.0
SS Iyer,Anureet Singh,10,12,0,120.0,12.0
SS Iyer,Arshdeep Singh,10,15,1,150.0,15.0
MS Dhoni,LH Ferguson,10,19,1,190.0,19.0
DJ Mitchell,PJ Cummins,10,19,0,190.0,19.0
AM Rahane,AM Ghazanfar,10,14,0,140.0,14.0
EJG Morgan,Harbhajan Singh,10,15,0,150.0,15.0
EJG Morgan,JC Archer,10,9,0,90.0,9.0
EJG Morgan,Kartik Tyagi,10,15,0,150.0,15.0
BB McCullum,YA Abdulla,10,9,0,90.0,9.0
Q de Kock,A Nehra,10,19,0,190.0,19.0
Q de Kock,AK Markram,10,8,0,80.0,8.0
RA Tripathi,I Sharma,10,15,1,150.0,15.0
EJG Morgan,PJ Cummins,10,16,1,160.0,16.0
EJG Morgan,R Ashwin,10,8,2,80.0,4.0
EJG Morgan,RA Jadeja,10,12,0,120.0,12.0
DJ Hussey,YK Pathan,10,9,1,90.0,9.0
DJ Mitchell,Shahbaz Ahmed,10,18,0,180.0,18.0
DJ Mitchell,T Natarajan,10,9,1,90.0,9.0
WG Jacks,Rasikh Salam,10,16,0,160.0,16.0
WG Jacks,Suyash Sharma,10,7,0,70.0,7.0
MS Dhoni,PWH de Silva,10,3,0,30.0,3.0
Priyansh Arya,SP Narine,10,11,0,110.00000000000001,11.0
MK Lomror,JO Holder,10,14,0,140.0,14.0
ST Jayasuriya,J Botha,10,5,0,50.0,5.0
MJ Lumb,PP Chawla,10,12,1,120.0,12.0
MK Lomror,TA Boult,10,11,0,110.00000000000001,11.0
SS Tiwary,TL Suman,10,9,0,90.0,9.0
Q de Kock,Abdul Samad,10,25,0,250.0,25.0
STR Binny,DS Kulkarni,10,6,0,60.0,6.0
AK Markram,Mustafizur Rahman,10,11,0,110.00000000000001,11.0
EJG Morgan,SL Malinga,10,10,0,100.0,10.0
V Shankar,V Nigam,10,9,0,90.0,9.0
CH Gayle,K Rabada,10,10,1,100.0,10.0
CH Gayle,K Upadhyay,10,15,0,150.0,15.0
MS Dhoni,RG Sharma,10,9,0,90.0,9.0
F du Plessis,A Singh,10,17,0,170.0,17.0
ST Jayasuriya,RP Singh,10,0,2,0.0,0.0
ST Jayasuriya,S Sreesanth,10,3,1,30.0,3.0
ST Jayasuriya,SR Watson,10,4,2,40.0,2.0
ST Jayasuriya,B Geeves,10,24,0,240.0,24.0
AK Markram,Raghu Sharma,10,16,0,160.0,16.0
SN Khan,DL Chahar,10,13,0,130.0,13.0
SN Khan,DS Kulkarni,10,17,0,170.0,17.0
SN Khan,K Rabada,10,10,0,100.0,10.0
JDS Neesham,RA Jadeja,10,15,1,150.0,15.0
JEC Franklin,Azhar Mahmood,10,10,1,100.0,10.0
F du Plessis,DS Kulkarni,10,15,0,150.0,15.0
PD Salt,NT Ellis,10,21,0,210.0,21.0
PD Salt,LB Williams,10,27,0,270.0,27.0
WP Saha,DL Vettori,10,8,0,80.0,8.0
WP Saha,A Zampa,10,8,1,80.0,8.0
DJ Mitchell,AR Patel,10,14,1,140.0,14.0
DJ Mitchell,JD Unadkat,10,13,1,130.0,13.0
JP Duminy,A Singh,10,30,0,300.0,30.0
JO Holder,DJ Bravo,10,14,1,140.0,14.0
JO Holder,JR Hazlewood,10,13,0,130.0,13.0
MEK Hussey,R Sathish,10,20,0,200.0,20.0
MEK Hussey,Shakib Al Hasan,10,15,0,150.0,15.0
MEK Hussey,V Sehwag,10,11,1,110.00000000000001,11.0
MJ Guptill,B Kumar,10,11,2,110.00000000000001,5.5
F du Plessis,MA Wood,10,10,0,100.0,10.0
MEK Hussey,Iqbal Abdulla,10,3,0,30.0,3.0
STR Binny,M Kartik,10,23,0,229.99999999999997,23.0
MS Dhoni,Ravi Bishnoi,10,11,1,110.00000000000001,11.0
MS Dhoni,S Badree,10,12,0,120.0,12.0
MS Dhoni,R Dhawan,10,9,1,90.0,9.0
S Badrinath,DP Nannes,10,8,0,80.0,8.0
DJ Hussey,JJ Bumrah,10,13,0,130.0,13.0
WP Saha,A Nortje,10,13,2,130.0,6.5
BCJ Cutting,JC Archer,10,8,0,80.0,8.0
F du Plessis,Akash Madhwal,10,16,0,160.0,16.0
F du Plessis,C Sakariya,10,17,0,170.0,17.0
STR Binny,R Dhawan,10,8,0,80.0,8.0
Q de Kock,JJ Bumrah,10,8,1,80.0,8.0
Q de Kock,L Ngidi,10,21,0,210.0,21.0
JDP Oram,WA Mota,10,9,0,90.0,9.0
MEK Hussey,BJ Hodge,10,12,0,120.0,12.0
MEK Hussey,JR Hopes,10,16,0,160.0,16.0
JD Unadkat,Kuldeep Yadav,10,6,1,60.0,6.0
D Padikkal,R Shepherd,10,18,0,180.0,18.0
Anuj Rawat,KA Pollard,10,12,0,120.0,12.0
DJ Hussey,KP Appanna,10,22,0,220.00000000000003,22.0
DJ Hussey,KV Sharma,10,9,0,90.0,9.0
MS Dhoni,R Rampaul,10,21,1,210.0,21.0
AM Nayar,SK Raina,10,10,1,100.0,10.0
AM Nayar,SR Watson,10,6,1,60.0,6.0
PD Salt,AJ Hosein,10,21,0,210.0,21.0
SM Pollock,Mohammad Asif,10,24,0,240.0,24.0
D Brevis,AR Patel,10,12,0,120.0,12.0
Q de Kock,CJ Green,10,13,0,130.0,13.0
Abhishek Sharma,MA Starc,10,8,1,80.0,8.0
Abhishek Sharma,MW Short,10,33,0,330.0,33.0
Y Venugopal Rao,P Kumar,10,13,1,130.0,13.0
JP Inglis,HH Pandya,10,12,1,120.0,12.0
JP Inglis,Sandeep Sharma,10,29,0,290.0,29.0
JR Hopes,MS Gony,10,26,0,260.0,26.0
JP Inglis,Suyash Sharma,10,13,2,130.0,6.5
MEK Hussey,DJ Hussey,10,8,0,80.0,8.0
MEK Hussey,DJG Sammy,10,22,0,220.00000000000003,22.0
MS Dhoni,VY Mahesh,10,5,1,50.0,5.0
PD Salt,CV Varun,10,25,1,250.0,25.0
PD Salt,DL Chahar,10,7,2,70.0,3.5
PD Salt,Fazalhaq Farooqi,10,12,0,120.0,12.0
PD Salt,HH Pandya,10,16,0,160.0,16.0
SP Goswami,CK Langeveldt,10,8,1,80.0,8.0
SR Watson,SB Joshi,10,13,0,130.0,13.0
SC Ganguly,AG Murtaza,10,8,0,80.0,8.0
DJ Hussey,RE van der Merwe,10,6,0,60.0,6.0
BB Samantray,MR Marsh,10,11,0,110.00000000000001,11.0
MC Henriques,JP Duminy,10,14,1,140.0,14.0
RM Patidar,Suyash Sharma,10,30,0,300.0,30.0
AD Russell,M Pathirana,10,14,1,140.0,14.0
SP Goswami,SP Narine,10,6,0,60.0,6.0
SR Watson,TG Southee,10,17,0,170.0,17.0
MS Dhoni,Shoaib Ahmed,10,5,0,50.0,5.0
MS Dhoni,TL Suman,10,12,0,120.0,12.0
MC Henriques,S Aravind,10,21,0,210.0,21.0
SV Samson,AS Joseph,10,20,0,200.0,20.0
V Shankar,M Prasidh Krishna,10,13,0,130.0,13.0
MD Mishra,R Ashwin,10,3,1,30.0,3.0
AM Rahane,R Sathish,10,10,1,100.0,10.0
MD Shanaka,M Theekshana,10,15,0,150.0,15.0
MD Choudhary,VG Arora,10,23,0,229.99999999999997,23.0
Q de Kock,PV Tambe,10,13,1,130.0,13.0
AA Jhunjhunwala,A Mishra,10,9,1,90.0,9.0
SV Samson,Basil Thampi,10,25,0,250.0,25.0
SV Samson,Bipul Sharma,10,8,0,80.0,8.0
JR Hopes,A Mishra,10,15,1,150.0,15.0
JR Hopes,DL Vettori,10,10,1,100.0,10.0
JR Hopes,I Sharma,10,15,0,150.0,15.0
CH Gayle,DP Nannes,10,5,0,50.0,5.0
CA Pujara,Sandeep Sharma,10,11,0,110.00000000000001,11.0
CA Pujara,Z Khan,10,11,0,110.00000000000001,11.0
TM Head,Mukesh Choudhary,10,14,2,140.0,7.0
SP Goswami,M Ntini,10,6,0,60.0,6.0
BJ Hodge,AUK Pathan,10,9,0,90.0,9.0
BJ Hodge,Bipul Sharma,10,9,1,90.0,9.0
BJ Hodge,DE Bollinger,10,11,1,110.00000000000001,11.0
Y Venugopal Rao,SL Malinga,10,9,3,90.0,3.0
CM Gautam,B Kumar,10,13,1,130.0,13.0
RM Patidar,Mohsin Khan,10,10,0,100.0,10.0
MA Agarwal,Mukesh Choudhary,10,9,1,90.0,9.0
MV Boucher,SM Pollock,10,16,0,160.0,16.0
MV Boucher,Harbhajan Singh,10,16,0,160.0,16.0
MV Boucher,JA Morkel,10,14,1,140.0,14.0
PD Collingwood,Harmeet Singh,10,18,0,180.0,18.0
PD Collingwood,M Kartik,10,6,0,60.0,6.0
TM Head,Kartik Tyagi,10,12,1,120.0,12.0
S Dhawan,BA Bhatt,10,22,0,220.00000000000003,22.0
UBT Chand,D Wiese,10,20,0,200.0,20.0
UBT Chand,JH Kallis,10,16,0,160.0,16.0
Q de Kock,T Natarajan,10,6,0,60.0,6.0
SM Curran,Yash Dayal,10,10,1,100.0,10.0
SM Katich,M Muralitharan,10,5,1,50.0,5.0
SV Samson,I Sharma,10,21,0,210.0,21.0
SV Samson,JDS Neesham,10,20,1,200.0,20.0
MA Agarwal,RP Meredith,10,16,1,160.0,16.0
MA Agarwal,NLTC Perera,10,15,1,150.0,15.0
V Shankar,KR Sen,10,10,1,100.0,10.0
FH Allen,HH Pandya,10,16,0,160.0,16.0
G Gambhir,BA Stokes,10,11,0,110.00000000000001,11.0
DJ Hooda,Umran Malik,10,27,0,270.0,27.0
PD Collingwood,PP Ojha,10,10,0,100.0,10.0
PC Valthaty,MM Patel,10,10,1,100.0,10.0
SR Watson,R Sharma,10,18,0,180.0,18.0
SR Watson,RD Chahar,10,8,0,80.0,8.0
SR Watson,S Gopal,10,13,0,130.0,13.0
SM Katich,Mohammad Asif,10,21,0,210.0,21.0
CM Gautam,VR Aaron,10,6,1,60.0,6.0
V Shankar,Harshit Rana,10,6,0,60.0,6.0
FY Fazal,PP Ojha,10,16,1,160.0,16.0
G Gambhir,A Ashish Reddy,10,17,1,170.0,17.0
R Ashwin,A Mishra,10,6,0,60.0,6.0
Q de Kock,S Kaul,10,19,1,190.0,19.0
Q de Kock,SL Malinga,10,6,0,60.0,6.0
S Badrinath,JE Taylor,10,12,0,120.0,12.0
DJ Hooda,BCJ Cutting,10,14,0,140.0,14.0
DJ Hooda,R Dhawan,10,10,0,100.0,10.0
WP Saha,JH Kallis,10,24,1,240.0,24.0
FY Fazal,I Sharma,10,8,0,80.0,8.0
MA Agarwal,Mohsin Khan,10,13,0,130.0,13.0
G Gambhir,DJ Hussey,10,17,0,170.0,17.0
G Gambhir,DP Vijaykumar,10,12,0,120.0,12.0
G Gambhir,AN Ahmed,10,15,1,150.0,15.0
G Gambhir,AS Rajpoot,10,3,0,30.0,3.0
G Gambhir,B Akhil,10,15,1,150.0,15.0
MA Agarwal,JO Holder,10,12,1,120.0,12.0
MA Agarwal,P Kumar,10,3,0,30.0,3.0
Abhishek Sharma,Fazalhaq Farooqi,10,24,0,240.0,24.0
M Vohra,S Badree,10,8,0,80.0,8.0
SA Yadav,LS Livingstone,10,22,0,220.00000000000003,22.0
DJ Bravo,Shahid Afridi,10,19,0,190.0,19.0
Mandeep Singh,B Laughlin,10,24,0,240.0,24.0
S Dhawan,DT Christian,10,7,0,70.0,7.0
S Dhawan,Akash Singh,10,21,0,210.0,21.0
M Vohra,S Gopal,10,10,1,100.0,10.0
M Vohra,TA Boult,10,10,1,100.0,10.0
SV Samson,KC Cariappa,10,15,1,150.0,15.0
YK Pathan,SC Ganguly,10,21,0,210.0,21.0
YK Pathan,SJ Srivastava,10,16,1,160.0,16.0
YK Pathan,SK Raina,10,10,0,100.0,10.0
YK Pathan,STR Binny,10,16,0,160.0,16.0
RA Tripathi,Basil Thampi,10,12,0,120.0,12.0
BJ Hodge,A Singh,10,8,0,80.0,8.0
R Ashwin,Ravi Bishnoi,10,6,1,60.0,6.0
A Raghuvanshi,Zeeshan Ansari,10,16,0,160.0,16.0
K Gowtham,JJ Bumrah,10,17,0,170.0,17.0
JD Ryder,J Botha,10,13,1,130.0,13.0
JC Buttler,Shakib Al Hasan,10,9,0,90.0,9.0
M Vijay,Shakib Al Hasan,10,14,0,140.0,14.0
M Vijay,Sunny Gupta,10,23,0,229.99999999999997,23.0
M Vijay,YS Chahal,10,13,1,130.0,13.0
Yuvraj Singh,D Salunkhe,10,20,0,200.0,20.0
S Dhawan,RG Sharma,10,5,0,50.0,5.0
G Gambhir,R Sharma,10,13,0,130.0,13.0
G Gambhir,KA Pollard,10,5,1,50.0,5.0
V Shankar,Arshdeep Singh,10,13,1,130.0,13.0
SM Curran,TA Boult,10,19,1,190.0,19.0
Q de Kock,Vijaykumar Vyshak,10,15,0,150.0,15.0
Abhishek Sharma,C Sakariya,10,13,0,130.0,13.0
R Ashwin,Harshit Rana,10,6,2,60.0,3.0
R Ashwin,K Gowtham,10,16,1,160.0,16.0
SM Curran,RD Chahar,10,13,0,130.0,13.0
PC Valthaty,B Lee,10,7,1,70.0,7.0
Y Venugopal Rao,A Singh,10,15,0,150.0,15.0
Y Venugopal Rao,B Akhil,10,10,0,100.0,10.0
Anuj Rawat,B Kumar,10,19,0,190.0,19.0
WP Saha,M Ashwin,10,8,2,80.0,4.0
WP Saha,M Jansen,10,26,0,260.0,26.0
WP Saha,M Muralitharan,10,13,0,130.0,13.0
WP Saha,JR Hopes,10,17,0,170.0,17.0
WP Saha,KA Pollard,10,20,0,200.0,20.0
DJ Harris,Z Khan,10,9,0,90.0,9.0
DJ Hooda,A Mishra,10,8,0,80.0,8.0
RM Patidar,Arshdeep Singh,10,18,0,180.0,18.0
Abhishek Sharma,AD Russell,10,11,2,110.00000000000001,5.5
CR Brathwaite,DJ Bravo,10,12,0,120.0,12.0
AM Rahane,XC Bartlett,10,12,0,120.0,12.0
M Vijay,M de Lange,10,19,0,190.0,19.0
M Vijay,MM Sharma,10,10,2,100.0,5.0
M Vijay,JA Morkel,10,10,0,100.0,10.0
M Vijay,RE van der Merwe,10,9,0,90.0,9.0
M Vijay,S Kaushik,10,9,1,90.0,9.0
PBB Rajapaksa,DJ Bravo,10,10,1,100.0,10.0
Misbah-ul-Haq,DP Vijaykumar,10,7,0,70.0,7.0
Misbah-ul-Haq,R Bhatia,10,27,0,270.0,27.0
S Badrinath,A Kumble,10,7,2,70.0,3.5
Mandeep Singh,STR Binny,10,7,1,70.0,7.0
Mandeep Singh,MG Johnson,10,10,0,100.0,10.0
G Gambhir,Swapnil Singh,10,14,0,140.0,14.0
G Gambhir,TS Mills,10,9,1,90.0,9.0
V Sehwag,VRV Singh,10,20,0,200.0,20.0
M Vijay,DJ Muthuswami,10,14,0,140.0,14.0
R Ashwin,UT Yadav,10,22,1,220.00000000000003,22.0
RM Patidar,DS Rathi,10,30,0,300.0,30.0
R Bhatia,M Morkel,10,10,0,100.0,10.0
M Shahrukh Khan,SP Narine,10,9,0,90.0,9.0
JM Sharma,T Natarajan,10,14,0,140.0,14.0
JM Sharma,KA Maharaj,10,9,0,90.0,9.0
SK Raina,AC Thomas,10,10,1,100.0,10.0
JH Kallis,RS Bopara,10,10,0,100.0,10.0
AT Rayudu,CJ Anderson,10,20,1,200.0,20.0
WP Saha,M Prasidh Krishna,10,11,1,110.00000000000001,11.0
BJ Hodge,JD Unadkat,10,12,0,120.0,12.0
R Ashwin,Mohammed Siraj,10,18,1,180.0,18.0
SV Samson,SR Watson,10,6,1,60.0,6.0
G Gambhir,YA Abdulla,10,13,0,130.0,13.0
CL White,NLTC Perera,10,9,0,90.0,9.0
SW Billings,Umran Malik,10,11,0,110.00000000000001,11.0
GH Vihari,P Kumar,10,8,0,80.0,8.0
CL White,IK Pathan,10,22,0,220.00000000000003,22.0
S Badrinath,A Symonds,10,6,0,60.0,6.0
Y Nagar,V Kohli,10,7,0,70.0,7.0
Mandeep Singh,S Kaul,10,8,2,80.0,4.0
Mandeep Singh,SL Malinga,10,10,2,100.0,5.0
Mohammed Siraj,KH Pandya,10,5,1,50.0,5.0
JM Sharma,RA Jadeja,10,18,0,180.0,18.0
JM Sharma,SP Narine,10,12,0,120.0,12.0
RA Tripathi,A Mishra,10,11,0,110.00000000000001,11.0
CA Pujara,MA Starc,10,3,0,30.0,3.0
CA Pujara,PV Tambe,10,7,0,70.0,7.0
R Dravid,Azhar Mahmood,10,8,0,80.0,8.0
GH Vihari,Mohammed Shami,10,1,1,10.0,1.0
JC Buttler,V Shankar,10,18,1,180.0,18.0
Salman Butt,M Ntini,10,11,0,110.00000000000001,11.0
SW Billings,VR Aaron,10,18,0,180.0,18.0
SW Billings,KC Cariappa,10,10,0,100.0,10.0
GH Vihari,SR Watson,10,4,0,40.0,4.0
V Sehwag,M Ntini,10,12,0,120.0,12.0
M Rawat,VRV Singh,10,14,0,140.0,14.0
SP Narine,JJ Bumrah,10,3,2,30.0,1.5
SP Narine,JR Hazlewood,10,6,1,60.0,6.0
WP Saha,Naveen-ul-Haq,10,9,0,90.0,9.0
Abishek Porel,R Parag,10,11,0,110.00000000000001,11.0
AD Russell,BB Sran,10,20,1,200.0,20.0
R Dravid,AD Russell,10,16,0,160.0,16.0
BJ Rohrer,J Syed Mohammad,10,20,0,200.0,20.0
BJ Hodge,RP Singh,10,13,0,130.0,13.0
BJ Hodge,SB Styris,10,19,1,190.0,19.0
SW Billings,Ravi Bishnoi,10,15,1,150.0,15.0
RK Singh,J Little,10,12,0,120.0,12.0
M Manhas,IK Pathan,10,12,0,120.0,12.0
GJ Maxwell,AA Chavan,10,16,0,160.0,16.0
R Dravid,Gagandeep Singh,10,14,0,140.0,14.0
M Manhas,JEC Franklin,10,15,0,150.0,15.0
Sameer Rizvi,A Kamboj,10,24,0,240.0,24.0
DJ Bravo,MC Henriques,10,5,0,50.0,5.0
AB de Villiers,BA Stokes,10,4,0,40.0,4.0
N Pooran,JD Unadkat,10,11,0,110.00000000000001,11.0
RV Uthappa,PV Tambe,10,12,0,120.0,12.0
WP Saha,MM Sharma,10,12,3,120.0,4.0
M Manhas,R Sharma,10,8,2,80.0,4.0
M Manhas,RP Singh,10,10,0,100.0,10.0
M Manhas,RR Powar,10,9,0,90.0,9.0
V Sehwag,JD Ryder,10,30,1,300.0,30.0
M Manhas,SR Watson,10,12,0,120.0,12.0
YBK Jaiswal,JO Holder,10,7,0,70.0,7.0
Shahbaz Ahmed,Avesh Khan,10,2,1,20.0,2.0
DB Ravi Teja,YK Pathan,10,17,0,170.0,17.0
DB Ravi Teja,Yuvraj Singh,10,8,0,80.0,8.0
AK Markram,Vijaykumar Vyshak,10,17,0,170.0,17.0
SL Malinga,AB Dinda,10,14,0,140.0,14.0
SM Curran,A Zampa,10,9,0,90.0,9.0
TM Dilshan,FH Edwards,10,18,0,180.0,18.0
GJ Maxwell,JP Behrendorff,10,17,1,170.0,17.0
AK Markram,Harpreet Brar,10,14,1,140.0,14.0
M Kaif,M Muralitharan,10,13,2,130.0,6.5
Sameer Rizvi,M Markande,10,16,0,160.0,16.0
GJ Maxwell,IC Pandey,10,19,0,190.0,19.0
RK Singh,JC Archer,10,15,0,150.0,15.0
M Manhas,DE Bollinger,10,2,1,20.0,2.0
M Kaif,I Sharma,10,9,0,90.0,9.0
LS Livingstone,Noor Ahmad,10,12,2,120.0,6.0
GJ Maxwell,PJ Sangwan,10,22,0,220.00000000000003,22.0
V Sehwag,BAW Mendis,10,9,0,90.0,9.0
V Sehwag,DE Bollinger,10,16,1,160.0,16.0
LRPL Taylor,Z Khan,10,13,0,130.0,13.0
SR Watson,HH Pandya,10,9,2,90.0,4.5
N Pooran,M Jansen,10,6,2,60.0,3.0
N Pooran,MM Sharma,10,15,0,150.0,15.0
N Pooran,Mukesh Choudhary,10,24,1,240.0,24.0
DJ Bravo,DW Steyn,10,9,0,90.0,9.0
DJ Bravo,HH Pandya,10,7,0,70.0,7.0
TM Dilshan,JE Taylor,10,12,0,120.0,12.0
TM Dilshan,JP Faulkner,10,10,0,100.0,10.0
K Goel,P Kumar,10,9,0,90.0,9.0
AT Rayudu,AD Mascarenhas,10,15,0,150.0,15.0
K Rabada,CV Varun,10,8,0,80.0,8.0
RG Sharma,Vijaykumar Vyshak,10,18,0,180.0,18.0
RG Sharma,Zeeshan Ansari,10,15,0,150.0,15.0
RJ Quiney,A Nehra,10,1,2,10.0,0.5
AM Nayar,IK Pathan,10,7,2,70.0,3.5
RV Uthappa,Ravi Bishnoi,10,10,1,100.0,10.0
N Rana,A Kamboj,10,13,0,130.0,13.0
A Chopra,PJ Sangwan,10,6,1,60.0,6.0
SR Watson,CV Varun,10,9,1,90.0,9.0
LS Livingstone,T Natarajan,10,10,0,100.0,10.0
LS Livingstone,TA Boult,10,4,0,40.0,4.0
GJ Maxwell,TK Curran,10,18,0,180.0,18.0
Gurkeerat Singh,B Kumar,10,11,1,110.00000000000001,11.0
Gurkeerat Singh,CV Varun,10,14,0,140.0,14.0
RK Singh,C Green,10,12,0,120.0,12.0
Shahbaz Ahmed,Mustafizur Rahman,10,17,1,170.0,17.0
LS Livingstone,Navdeep Saini,10,17,1,170.0,17.0
LRPL Taylor,AC Thomas,10,14,1,140.0,14.0
Shahid Afridi,MF Maharoof,10,10,0,100.0,10.0
K Rabada,JC Archer,10,11,0,110.00000000000001,11.0
RA Tripathi,Shahbaz Ahmed,10,15,0,150.0,15.0
AT Rayudu,DR Smith,10,16,0,160.0,16.0
AT Rayudu,GB Hogg,10,13,0,130.0,13.0
N Pooran,TA Boult,10,19,1,190.0,19.0
N Pooran,PP Chawla,10,18,0,180.0,18.0
Shakib Al Hasan,AB Dinda,10,13,0,130.0,13.0
Shakib Al Hasan,AN Ahmed,10,7,1,70.0,7.0
A Mhatre,Vijaykumar Vyshak,10,18,1,180.0,18.0
RG Sharma,SR Dubey,10,7,1,70.0,7.0
A Mhatre,DL Chahar,10,13,1,130.0,13.0
GJ Maxwell,Umran Malik,10,8,0,80.0,8.0
R Dravid,S Aravind,10,12,1,120.0,12.0
LS Livingstone,Arshdeep Singh,10,17,1,170.0,17.0
UT Khawaja,M Morkel,10,10,0,100.0,10.0
UT Khawaja,Z Khan,10,14,0,140.0,14.0
UT Yadav,DJ Bravo,10,4,2,40.0,2.0
Shakib Al Hasan,KV Sharma,10,2,2,20.0,1.0
LR Shukla,R Ashwin,10,11,1,110.00000000000001,11.0
R McLaren,DL Vettori,10,7,0,70.0,7.0
SR Watson,AG Murtaza,10,5,0,50.0,5.0
SR Watson,Avesh Khan,10,19,0,190.0,19.0
PA Patel,SK Trivedi,10,15,0,150.0,15.0
PA Patel,SR Watson,10,9,0,90.0,9.0
PA Patel,Shakib Al Hasan,10,15,2,150.0,7.5
Anuj Rawat,JJ Bumrah,10,7,0,70.0,7.0
JM Sharma,DS Rathi,10,30,0,300.0,30.0
BJ Rohrer,AM Nayar,10,11,1,110.00000000000001,11.0
R Dravid,Shakib Al Hasan,10,6,1,60.0,6.0
LRPL Taylor,AB Agarkar,10,29,0,290.0,29.0
Shakib Al Hasan,HH Pandya,10,15,1,150.0,15.0
H Klaasen,N Burger,10,8,0,80.0,8.0
S Dhawan,AB Agarkar,10,17,1,170.0,17.0
H Klaasen,K Rabada,10,8,0,80.0,8.0
N Rana,C Sakariya,10,7,1,70.0,7.0
N Rana,CV Varun,10,4,1,40.0,4.0
DA Miller,BJ Dwarshuis,10,21,1,210.0,21.0
AM Nayar,DW Steyn,10,9,1,90.0,9.0
N Rana,A Zampa,10,15,1,150.0,15.0
N Rana,AS Joseph,10,13,1,130.0,13.0
YK Pathan,R Bhatia,10,9,1,90.0,9.0
Shakib Al Hasan,M Muralitharan,10,7,0,70.0,7.0
Shakib Al Hasan,MJ Clarke,10,17,0,170.0,17.0
Shakib Al Hasan,Mustafizur Rahman,10,12,0,120.0,12.0
KA Pollard,Arshdeep Singh,10,32,0,320.0,32.0
UBT Chand,SP Narine,10,4,0,40.0,4.0
CJ Anderson,DS Kulkarni,10,16,0,160.0,16.0
V Sehwag,AB Agarkar,10,15,1,150.0,15.0
H Klaasen,M Pathirana,10,8,2,80.0,4.0
LMP Simmons,Shakib Al Hasan,10,14,1,140.0,14.0
AP Tare,B Stanlake,10,9,0,90.0,9.0
R Parag,DS Rathi,10,11,0,110.00000000000001,11.0
R Parag,JD Unadkat,10,13,0,130.0,13.0
LMP Simmons,I Sharma,10,15,1,150.0,15.0
WP Saha,RP Meredith,10,12,0,120.0,12.0
DB Das,Harbhajan Singh,10,17,1,170.0,17.0
DB Das,JA Morkel,10,6,0,60.0,6.0
DB Ravi Teja,AM Nayar,10,12,0,120.0,12.0
DB Ravi Teja,DJ Bravo,10,18,1,180.0,18.0
N Rana,B Laughlin,10,11,0,110.00000000000001,11.0
SA Asnodkar,AB Dinda,10,11,1,110.00000000000001,11.0
S Dube,M Ashwin,10,11,0,110.00000000000001,11.0
Kuldeep Yadav,Suyash Sharma,10,0,1,0.0,0.0
LA Carseldine,RP Singh,10,10,0,100.0,10.0
LA Pomersbach,A Mishra,10,11,0,110.00000000000001,11.0
JM Bairstow,Shakib Al Hasan,10,10,0,100.0,10.0
JM Sharma,A Nortje,10,6,1,60.0,6.0
JJ Roy,CH Morris,10,18,0,180.0,18.0
N Rana,DR Smith,10,15,0,150.0,15.0
N Rana,GJ Maxwell,10,15,1,150.0,15.0
Shashank Singh,Mustafizur Rahman,10,2,1,20.0,2.0
LA Pomersbach,DJG Sammy,10,15,1,150.0,15.0
LMP Simmons,JP Faulkner,10,21,0,210.0,21.0
AP Majumdar,HV Patel,10,9,1,90.0,9.0
AT Rayudu,A Zampa,10,12,0,120.0,12.0
TM Dilshan,A Chandila,10,10,0,100.0,10.0
RG Sharma,TG Southee,10,9,1,90.0,9.0
AJ Finch,A Nehra,10,4,0,40.0,4.0
SE Marsh,Pankaj Singh,10,25,0,250.0,25.0
AB de Villiers,P Negi,10,13,0,130.0,13.0
Shashank Singh,SN Thakur,10,14,1,140.0,14.0
Shivam Mavi,DJ Bravo,10,18,2,180.0,9.0
Kuldeep Yadav,HH Pandya,10,6,0,60.0,6.0
PA Patel,M Muralitharan,10,12,1,120.0,12.0
SA Yadav,TG Southee,10,6,1,60.0,6.0
JM Sharma,MM Sharma,10,5,1,50.0,5.0
CJ Anderson,Basil Thampi,10,16,1,160.0,16.0
Bipul Sharma,TA Boult,10,14,0,140.0,14.0
C Bosch,M Prasidh Krishna,10,15,1,150.0,15.0
CJ Anderson,Sandeep Sharma,10,21,0,210.0,21.0
TM Dilshan,AG Murtaza,10,10,0,100.0,10.0
RD Rickelton,JA Duffy,10,21,0,210.0,21.0
RD Rickelton,M Theekshana,10,7,1,70.0,7.0
LA Pomersbach,SD Chitnis,10,12,0,120.0,12.0
HH Gibbs,MB Parmar,10,16,0,160.0,16.0
HH Gibbs,JDP Oram,10,12,0,120.0,12.0
Kamran Akmal,S Sreesanth,10,27,0,270.0,27.0
Kamran Akmal,SM Pollock,10,10,0,100.0,10.0
Kuldeep Yadav,HV Patel,10,15,0,150.0,15.0
Kuldeep Yadav,Mohammed Siraj,10,7,0,70.0,7.0
DA Warner,VG Arora,10,20,0,200.0,20.0
N Rana,JO Holder,10,10,1,100.0,10.0
WP Saha,Swapnil Singh,10,7,1,70.0,7.0
LA Pomersbach,NLTC Perera,10,9,0,90.0,9.0
AC Voges,JH Kallis,10,8,0,80.0,8.0
Shubman Gill,AK Markram,10,24,0,240.0,24.0
Shubman Gill,Abhishek Sharma,10,20,0,200.0,20.0
AB de Villiers,MG Neser,10,28,0,280.0,28.0
V Nigam,MJ Santner,10,15,2,150.0,7.5
HH Gibbs,AB Agarkar,10,7,0,70.0,7.0
V Kohli,SB Styris,10,16,0,160.0,16.0
HH Pandya,Basil Thampi,10,14,1,140.0,14.0
KS Williamson,LH Ferguson,10,11,1,110.00000000000001,11.0
S Dhawan,R McLaren,10,21,0,210.0,21.0
AB de Villiers,GJ Maxwell,10,15,0,150.0,15.0
N Rana,L Ngidi,10,10,1,100.0,10.0
N Rana,UT Yadav,10,7,0,70.0,7.0
N Rana,Navdeep Saini,10,20,0,200.0,20.0
N Rana,PP Chawla,10,8,0,80.0,8.0
PA Patel,MC Henriques,10,12,1,120.0,12.0
PA Patel,Mohammad Nabi,10,14,1,140.0,14.0
KA Pollard,BW Hilfenhaus,10,11,0,110.00000000000001,11.0
KS Williamson,Mukesh Choudhary,10,3,1,30.0,3.0
KV Sharma,J Botha,10,22,1,220.00000000000003,22.0
HH Gibbs,Yuvraj Singh,10,4,2,40.0,2.0
R Parag,Washington Sundar,10,15,0,150.0,15.0
CH Morris,Rashid Khan,10,3,1,30.0,3.0
KS Williamson,DS Kulkarni,10,11,0,110.00000000000001,11.0
SP Narine,KM Asif,10,10,0,100.0,10.0
SP Narine,KR Sen,10,21,0,210.0,21.0
N Saini,DL Vettori,10,17,0,170.0,17.0
Aman Hakim Khan,J Little,10,10,0,100.0,10.0
RV Uthappa,Shivam Mavi,10,17,0,170.0,17.0
SA Yadav,C de Grandhomme,10,14,0,140.0,14.0
YBK Jaiswal,LS Livingstone,10,15,0,150.0,15.0
CJ Anderson,YS Chahal,10,11,1,110.00000000000001,11.0
KS Williamson,K Gowtham,10,7,0,70.0,7.0
KS Williamson,Shahbaz Ahmed,10,8,0,80.0,8.0
RG Sharma,Naveen-ul-Haq,10,19,1,190.0,19.0
HH Pandya,DS Kulkarni,10,15,1,150.0,15.0
AT Rayudu,Umran Malik,10,9,0,90.0,9.0
AT Rayudu,V Shankar,10,9,0,90.0,9.0
AJ Finch,Azhar Mahmood,10,18,0,180.0,18.0
KR Mayers,YS Chahal,10,23,0,229.99999999999997,23.0
KR Mayers,AR Patel,10,25,1,250.0,25.0
S Dube,Sandeep Sharma,10,10,1,100.0,10.0
DA Miller,JC Archer,10,6,0,60.0,6.0
DA Warner,MM Patel,10,10,0,100.0,10.0
KS Williamson,AD Mathews,10,25,0,250.0,25.0
CJ Anderson,AD Russell,10,10,0,100.0,10.0
HH Pandya,JDS Neesham,10,24,0,240.0,24.0
HH Pandya,JP Behrendorff,10,7,1,70.0,7.0
HH Pandya,Mohsin Khan,10,8,2,80.0,4.0
KA Pollard,Kuldeep Yadav,10,5,1,50.0,5.0
R Parag,SM Curran,10,15,1,150.0,15.0
A Symonds,SK Raina,10,5,0,50.0,5.0
HH Pandya,GJ Maxwell,10,10,0,100.0,10.0
HH Pandya,J Overton,10,5,0,50.0,5.0
HM Amla,B Kumar,10,11,2,110.00000000000001,5.5
HM Amla,B Stanlake,10,14,0,140.0,14.0
YK Pathan,KH Pandya,10,9,1,90.0,9.0
YK Pathan,Karanveer Singh,10,16,2,160.0,8.0
Tilak Varma,J Overton,10,15,0,150.0,15.0
AT Rayudu,AS Rajpoot,10,9,0,90.0,9.0
N Sindhu,Rasikh Salam,10,8,2,80.0,4.0
Shubman Gill,KMA Paul,10,18,1,180.0,18.0
SK Raina,SW Tait,10,14,0,140.0,14.0
R Powell,B Kumar,10,20,1,200.0,20.0
R Ravindra,MA Starc,10,16,0,160.0,16.0
SK Raina,SB Styris,10,8,0,80.0,8.0
KR Mayers,Rashid Khan,10,17,1,170.0,17.0
KA Pollard,GC Viljoen,10,7,0,70.0,7.0
JC Buttler,LH Ferguson,10,16,1,160.0,16.0
RD Rickelton,Prince Yadav,10,18,0,180.0,18.0
SK Raina,R Ninan,10,20,1,200.0,20.0
KP Pietersen,Ankit Sharma,10,13,0,130.0,13.0
Shubman Gill,LS Livingstone,10,15,1,150.0,15.0
N Wadhera,MM Sharma,10,13,1,130.0,13.0
N Wadhera,Mohammed Shami,10,15,1,150.0,15.0
N Wadhera,R Shepherd,10,10,0,100.0,10.0
RD Gaikwad,Abhishek Sharma,10,8,0,80.0,8.0
JJ Roy,Mukesh Kumar,10,10,0,100.0,10.0
YK Pathan,MS Gony,10,1,0,10.0,1.0
Shubman Gill,MJ McClenaghan,10,10,0,100.0,10.0
HM Amla,MC Henriques,10,21,0,210.0,21.0
HH Pandya,Vijaykumar Vyshak,10,15,0,150.0,15.0
AT Rayudu,SK Warne,10,10,0,100.0,10.0
A Mishra,JO Holder,10,11,0,110.00000000000001,11.0
A Mishra,KA Pollard,10,4,1,40.0,4.0
HM Amla,Ankit Soni,10,16,0,160.0,16.0
KM Jadhav,NLTC Perera,10,13,0,130.0,13.0
AP Tare,Shakib Al Hasan,10,3,2,30.0,1.5
AP Tare,VS Malik,10,6,0,60.0,6.0
AR Patel,AD Mathews,10,6,0,60.0,6.0
R Sathish,Z Khan,10,11,0,110.00000000000001,11.0
PA Patel,K Gowtham,10,7,0,70.0,7.0
NK Patel,IK Pathan,10,6,0,60.0,6.0
NLTC Perera,KK Cooper,10,13,1,130.0,13.0
N Wadhera,TU Deshpande,10,8,0,80.0,8.0
RD Rickelton,Mohammed Siraj,10,7,2,70.0,3.5
R Ravindra,V Puthur,10,24,0,240.0,24.0
SK Raina,PV Tambe,10,4,0,40.0,4.0
HM Amla,SP Narine,10,2,0,20.0,2.0
HR Shokeen,DJ Bravo,10,11,1,110.00000000000001,11.0
TL Suman,S Tyagi,10,21,0,210.0,21.0
AJ Finch,B Lee,10,13,0,130.0,13.0
KL Rahul,Umran Malik,10,13,0,130.0,13.0
C Green,Harpreet Brar,10,13,0,130.0,13.0
R Tewatia,BB Sran,10,17,0,170.0,17.0
SP Narine,SL Malinga,10,15,0,150.0,15.0
SP Narine,Shakib Al Hasan,10,18,2,180.0,9.0
Aman Hakim Khan,M Pathirana,10,2,1,20.0,2.0
AL Menaria,Harbhajan Singh,10,8,0,80.0,8.0
AL Menaria,NL McCullum,10,12,0,120.0,12.0
AL Menaria,P Parameswaran,10,10,0,100.0,10.0
Aniket Verma,CV Varun,10,6,2,60.0,3.0
Harbhajan Singh,R Bhatia,10,9,1,90.0,9.0
AP Tare,Sandeep Sharma,10,11,2,110.00000000000001,5.5
AB de Villiers,PC Valthaty,10,14,0,140.0,14.0
Harbhajan Singh,AS Rajpoot,10,7,0,70.0,7.0
V Kohli,Prince Yadav,10,17,1,170.0,17.0
HV Patel,Shakib Al Hasan,10,10,1,100.0,10.0
R Tewatia,KK Ahmed,10,12,0,120.0,12.0
AR Patel,CR Brathwaite,10,6,0,60.0,6.0
CJ Anderson,MG Johnson,10,3,0,30.0,3.0
Washington Sundar,A Mishra,10,7,1,70.0,7.0
RV Uthappa,Shahid Afridi,10,6,1,60.0,6.0
DA Warner,JR Hazlewood,10,14,1,140.0,14.0
SP Narine,RA Jadeja,10,15,3,150.0,5.0
S Dhawan,KJ Abbott,10,19,0,190.0,19.0
S Dhawan,KP Pietersen,10,13,0,130.0,13.0
AR Patel,Basil Thampi,10,16,0,160.0,16.0
R Tewatia,KH Pandya,10,6,0,60.0,6.0
S Dhawan,A Singh,10,17,1,170.0,17.0
S Dhawan,A Symonds,10,11,0,110.00000000000001,11.0
KL Rahul,XC Bartlett,10,18,0,180.0,18.0
RD Rickelton,PP Hinge,10,27,0,270.0,27.0
AT Rayudu,KL Nagarkoti,10,15,1,150.0,15.0
Harbhajan Singh,SB Jakati,10,4,0,40.0,4.0
V Kohli,Mohsin Khan,10,10,0,100.0,10.0
V Kohli,Mukesh Choudhary,10,5,1,50.0,5.0
RV Uthappa,WD Parnell,10,7,1,70.0,7.0
DA Miller,CV Varun,10,13,0,130.0,13.0
B Sai Sudharsan,G Coetzee,10,10,0,100.0,10.0
S Anirudha,R Bhatia,10,11,0,110.00000000000001,11.0
S Anirudha,S Ladda,10,15,0,150.0,15.0
DA Warner,Gurkeerat Singh,10,19,0,190.0,19.0
DA Warner,HF Gurney,10,12,0,120.0,12.0
Harpreet Singh,SR Watson,10,6,1,60.0,6.0
Himmat Singh,DL Chahar,10,10,0,100.0,10.0
KL Rahul,TK Curran,10,16,0,160.0,16.0
R Tewatia,LH Ferguson,10,12,0,120.0,12.0
R Tewatia,MM Ali,10,6,0,60.0,6.0
R Tewatia,DJ Hooda,10,21,0,210.0,21.0
Arshad Khan,KK Ahmed,10,22,0,220.00000000000003,22.0
RA Jadeja,Sakib Hussain,10,13,0,130.0,13.0
B Kumar,SP Narine,10,4,0,40.0,4.0
AB de Villiers,JO Holder,10,7,0,70.0,7.0
SR Tendulkar,Anand Rajan,10,8,1,80.0,8.0
V Kohli,N Rana,10,16,1,160.0,16.0
V Kohli,Nithish Kumar Reddy,10,16,0,160.0,16.0
KL Rahul,KL Nagarkoti,10,18,0,180.0,18.0
C Green,N Burger,10,19,0,190.0,19.0
AD Hales,UT Yadav,10,19,0,190.0,19.0
AR Patel,DS Rathi,10,17,1,170.0,17.0
AR Patel,Harshit Rana,10,11,0,110.00000000000001,11.0
KL Rahul,MA Starc,10,16,0,160.0,16.0
Shubman Gill,R Parag,10,21,1,210.0,21.0
Shubman Gill,SZ Mulani,10,18,0,180.0,18.0
Himmat Singh,Raghu Sharma,10,11,0,110.00000000000001,11.0
SE Marsh,Shakib Al Hasan,10,11,0,110.00000000000001,11.0
IR Jaggi,KV Sharma,10,4,1,40.0,4.0
RD Gaikwad,G Coetzee,10,22,0,220.00000000000003,22.0
RD Gaikwad,HV Patel,10,13,0,130.0,13.0
RD Gaikwad,AK Markram,10,20,0,200.0,20.0
Washington Sundar,XC Bartlett,10,12,0,120.0,12.0
Washington Sundar,Zeeshan Ansari,10,12,0,120.0,12.0
Y Nagar,B Lee,10,9,2,90.0,4.5
RE van der Merwe,A Symonds,10,12,1,120.0,12.0
RE van der Merwe,PP Ojha,10,19,1,190.0,19.0
CH Gayle,Mustafizur Rahman,10,8,0,80.0,8.0
CH Gayle,P Negi,10,31,0,310.0,31.0
Arshad Khan,Rasikh Salam,10,16,0,160.0,16.0
KL Rahul,Ashok Sharma,10,18,0,180.0,18.0
IK Pathan,PJ Sangwan,10,25,0,250.0,25.0
Anuj Rawat,Mustafizur Rahman,10,15,0,150.0,15.0
R Vinay Kumar,A Mishra,10,7,0,70.0,7.0
R Vinay Kumar,DS Kulkarni,10,5,0,50.0,5.0
SR Tendulkar,A Flintoff,10,12,0,120.0,12.0
NV Ojha,IK Pathan,10,8,0,80.0,8.0
PA Patel,BJ Hodge,10,9,0,90.0,9.0
NV Ojha,Shivam Sharma,10,23,0,229.99999999999997,23.0
RD Gaikwad,Azmatullah Omarzai,10,8,0,80.0,8.0
Shubman Gill,WD Parnell,10,20,0,200.0,20.0
Sikandar Raza,Avesh Khan,10,9,0,90.0,9.0
AR Patel,JP Faulkner,10,11,0,110.00000000000001,11.0
KL Rahul,AS Joseph,10,19,0,190.0,19.0
AR Patel,M Prasidh Krishna,10,8,2,80.0,4.0
KL Rahul,A Kamboj,10,10,0,100.0,10.0
CH Gayle,TA Boult,10,23,0,229.99999999999997,23.0
SE Marsh,SK Warne,10,27,0,270.0,27.0
SE Marsh,STR Binny,10,15,0,150.0,15.0
SA Yadav,KV Sharma,10,13,0,130.0,13.0
CH Morris,A Zampa,10,20,0,200.0,20.0
KK Nair,IK Pathan,10,11,0,110.00000000000001,11.0
V Kohli,M Pathirana,10,15,0,150.0,15.0
DA Warner,BE Hendricks,10,14,1,140.0,14.0
DA Warner,C Green,10,17,0,170.0,17.0
AC Gilchrist,BJ Hodge,10,14,2,140.0,7.0
AC Gilchrist,BW Hilfenhaus,10,6,0,60.0,6.0
AC Gilchrist,DS Kulkarni,10,10,0,100.0,10.0
DA Warner,AS Joseph,10,10,2,100.0,5.0
AJ Finch,DS Kulkarni,10,3,1,30.0,3.0
AJ Finch,Harmeet Singh,10,13,1,130.0,13.0
AJ Finch,IC Pandey,10,16,0,160.0,16.0
Ishan Kishan,HV Patel,10,11,1,110.00000000000001,11.0
Ishan Kishan,Harshit Rana,10,15,0,150.0,15.0
AT Rayudu,Pankaj Singh,10,17,0,170.0,17.0
V Kohli,KJ Abbott,10,18,0,180.0,18.0
RG Sharma,DE Bollinger,10,15,2,150.0,7.5
RG Sharma,DJ Hooda,10,12,0,120.0,12.0
Ishan Kishan,NT Ellis,10,13,0,130.0,13.0
KH Pandya,Washington Sundar,10,8,0,80.0,8.0
KK Nair,Imran Tahir,10,13,0,130.0,13.0
KK Nair,JO Holder,10,14,0,140.0,14.0
KK Nair,CJ Jordan,10,8,0,80.0,8.0
Rahmanullah Gurbaz,T Natarajan,10,7,1,70.0,7.0
NV Ojha,RN ten Doeschate,10,13,1,130.0,13.0
T Kohler-Cadmore,PJ Cummins,10,8,1,80.0,8.0
T Kohli,GD McGrath,10,6,1,60.0,6.0
S Dhawan,LE Plunkett,10,13,0,130.0,13.0
SA Yadav,JR Hazlewood,10,9,0,90.0,9.0
RA Jadeja,R Ashwin,10,14,0,140.0,14.0
R Vinay Kumar,M Morkel,10,8,0,80.0,8.0
RG Sharma,DL Vettori,10,7,1,70.0,7.0
RA Jadeja,Avesh Khan,10,9,2,90.0,4.5
KH Pandya,PVD Chameera,10,16,0,160.0,16.0
KH Pandya,S Aravind,10,9,0,90.0,9.0
KH Pandya,SM Curran,10,13,1,130.0,13.0
T Stubbs,KK Ahmed,10,21,0,210.0,21.0
AT Rayudu,P Awana,10,8,1,80.0,8.0
Tilak Varma,Azmatullah Omarzai,10,18,0,180.0,18.0
S Dube,XC Bartlett,10,14,0,140.0,14.0
Rashid Khan,C Green,10,16,0,160.0,16.0
KB Arun Karthik,JDP Oram,10,10,0,100.0,10.0
KC Sangakkara,A Symonds,10,23,0,229.99999999999997,23.0
KA Pollard,S Gopal,10,7,1,70.0,7.0
TH David,Ravi Bishnoi,10,8,0,80.0,8.0
TH David,Shahbaz Ahmed,10,16,1,160.0,16.0
Ishan Kishan,PWH de Silva,10,21,1,210.0,21.0
V Kohli,FH Edwards,10,19,0,190.0,19.0
CH Gayle,PJ Sangwan,10,20,0,200.0,20.0
YBK Jaiswal,PVD Chameera,10,22,0,220.00000000000003,22.0
TH David,TU Deshpande,10,19,2,190.0,9.5
TH David,YS Chahal,10,12,1,120.0,12.0
SPD Smith,SR Watson,10,10,0,100.0,10.0
Naman Dhir,Ravi Bishnoi,10,13,0,130.0,13.0
PA Patel,AC Thomas,10,14,0,140.0,14.0
JM Bairstow,Harshit Rana,10,17,0,170.0,17.0
YBK Jaiswal,R Dhawan,10,16,0,160.0,16.0
AR Patel,Mustafizur Rahman,10,8,0,80.0,8.0
YK Pathan,JR Hopes,10,16,1,160.0,16.0
CA Ingram,MM Ali,10,2,1,20.0,2.0
Ishan Kishan,SL Malinga,10,9,0,90.0,9.0
Ishan Kishan,SSB Magala,10,26,0,260.0,26.0
RG Sharma,DJ Hussey,10,28,0,280.0,28.0
SK Raina,IS Sodhi,10,12,1,120.0,12.0
J Botha,I Sharma,10,9,0,90.0,9.0
Anirudh Singh,LR Shukla,10,12,1,120.0,12.0
SPD Smith,MP Stoinis,10,12,1,120.0,12.0
SPD Smith,P Sahu,10,11,0,110.00000000000001,11.0
DA Miller,K Kartikeya,10,17,0,170.0,17.0
Yuvraj Singh,MF Maharoof,10,11,1,110.00000000000001,11.0
V Kohli,IC Pandey,10,7,0,70.0,7.0
Ishan Kishan,SH Johnson,10,18,0,180.0,18.0
J Botha,V Kohli,10,9,0,90.0,9.0
Ishan Kishan,Yash Thakur,10,8,1,80.0,8.0
Ishan Kishan,Z Khan,10,12,0,120.0,12.0
RA Jadeja,JC Archer,10,13,0,130.0,13.0
KD Karthik,P Awana,10,7,1,70.0,7.0
RA Jadeja,S Kaul,10,11,0,110.00000000000001,11.0
A Raghuvanshi,XC Bartlett,10,23,0,229.99999999999997,23.0
RG Sharma,B Laughlin,10,19,0,190.0,19.0
RG Sharma,AA Chavan,10,8,0,80.0,8.0
J Overton,N Burger,10,5,0,50.0,5.0
S Gopal,B Kumar,10,9,1,90.0,9.0
DA Miller,SR Watson,10,16,1,160.0,16.0
Washington Sundar,RA Jadeja,10,5,1,50.0,5.0
Washington Sundar,Rashid Khan,10,7,1,70.0,7.0
Washington Sundar,Rasikh Salam,10,12,0,120.0,12.0
J Fraser-McGurk,KH Pandya,10,19,0,190.0,19.0
A Raghuvanshi,JD Unadkat,10,20,0,200.0,20.0
KD Karthik,MR Marsh,10,9,2,90.0,4.5
T Stubbs,Zeeshan Ansari,10,9,1,90.0,9.0
TD Paine,S Aravind,10,3,1,30.0,3.0
CA Lynn,JD Unadkat,10,12,0,120.0,12.0
YK Pathan,Ankit Sharma,10,11,1,110.00000000000001,11.0
AR Patel,Suyash Sharma,10,13,1,130.0,13.0
CA Lynn,MJ Henry,10,23,1,229.99999999999997,23.0
CA Lynn,MM Sharma,10,15,0,150.0,15.0
A Raghuvanshi,M Siddharth,10,8,1,80.0,8.0
V Kohli,BCJ Cutting,10,11,0,110.00000000000001,11.0
V Kohli,CR Brathwaite,10,12,0,120.0,12.0
Rashid Khan,Mukesh Kumar,10,16,1,160.0,16.0
P Simran Singh,M Theekshana,10,17,0,170.0,17.0
SPD Smith,KP Appanna,10,11,0,110.00000000000001,11.0
SPD Smith,L Balaji,10,21,0,210.0,21.0
SPD Smith,L Ngidi,10,15,1,150.0,15.0
Nithish Kumar Reddy,Noor Ahmad,10,13,0,130.0,13.0
OA Shah,R Ashwin,10,8,0,80.0,8.0
AR Patel,PWH de Silva,10,28,0,280.0,28.0
CA Lynn,CR Brathwaite,10,18,0,180.0,18.0
KD Karthik,DS Kulkarni,10,16,1,160.0,16.0
KD Karthik,MM Patel,10,20,1,200.0,20.0
AJ Finch,L Balaji,10,6,2,60.0,3.0
KD Karthik,B Lee,10,10,1,100.0,10.0
KD Karthik,C Sakariya,10,13,0,130.0,13.0
RA Jadeja,MA Starc,10,13,1,130.0,13.0
JA Morkel,PP Chawla,10,8,0,80.0,8.0
JA Morkel,Pankaj Singh,10,19,0,190.0,19.0
KC Sangakkara,MN Samuels,10,22,0,220.00000000000003,22.0
SA Yadav,R Parag,10,13,0,130.0,13.0
S Gopal,CV Varun,10,6,0,60.0,6.0
B Chipli,SB Jakati,10,8,0,80.0,8.0
SA Yadav,SL Malinga,10,15,1,150.0,15.0
RG Sharma,AL Menaria,10,10,0,100.0,10.0
RG Sharma,AS Joseph,10,23,0,229.99999999999997,23.0
TH David,J Overton,10,31,0,310.0,31.0
KD Karthik,D Pretorius,10,20,1,200.0,20.0
J Yadav,R Ashwin,10,13,1,130.0,13.0
B Kumar,CH Morris,10,13,0,130.0,13.0
A Badoni,DL Chahar,10,27,0,270.0,27.0
JM Bairstow,Imran Tahir,10,5,0,50.0,5.0
JM Bairstow,Kartik Tyagi,10,12,1,120.0,12.0
SA Yadav,SK Raina,10,9,0,90.0,9.0
P Simran Singh,N Burger,10,19,0,190.0,19.0
CA Lynn,M Ashwin,10,11,0,110.00000000000001,11.0
KC Sangakkara,R Sathish,10,9,0,90.0,9.0
KC Sangakkara,WD Parnell,10,14,0,140.0,14.0
AT Rayudu,MP Stoinis,10,18,0,180.0,18.0
JC Archer,JO Holder,10,10,1,100.0,10.0
KC Sangakkara,Kamran Khan,10,11,1,110.00000000000001,11.0
TH David,NT Ellis,10,21,0,210.0,21.0
RA Jadeja,MN Samuels,10,21,1,210.0,21.0
CH Gayle,SN Thakur,10,13,0,130.0,13.0
AJ Finch,M Kartik,10,13,0,130.0,13.0
DR Martyn,JH Kallis,10,7,0,70.0,7.0
DR Smith,A Nehra,10,14,1,140.0,14.0
DR Smith,AB Dinda,10,15,1,150.0,15.0
D Padikkal,S Kaul,10,4,0,40.0,4.0
MP Stoinis,GC Viljoen,10,25,0,250.0,25.0
AM Rahane,DR Sams,10,8,0,80.0,8.0
SPD Smith,JA Morkel,10,7,1,70.0,7.0
P Nissanka,JC Archer,10,19,0,190.0,19.0
P Nissanka,KK Ahmed,10,24,0,240.0,24.0
P Negi,R Vinay Kumar,10,15,1,150.0,15.0
SPD Smith,CV Varun,10,14,0,140.0,14.0
SPD Smith,Harpreet Brar,10,11,0,110.00000000000001,11.0
A Ashish Reddy,UT Yadav,10,20,0,200.0,20.0
S Rana,L Balaji,10,12,1,120.0,12.0
S Sohal,A Nehra,10,2,1,20.0,2.0
Yuvraj Singh,Shoaib Malik,10,12,0,120.0,12.0
A Ashish Reddy,Parvez Rasool,9,18,0,200.0,18.0
A Ashish Reddy,A Nehra,9,7,1,77.77777777777779,7.0
Yuvraj Singh,R Vinay Kumar,9,7,1,77.77777777777779,7.0
S Sohal,M Morkel,9,16,0,177.77777777777777,16.0
S Sohal,MM Patel,9,11,1,122.22222222222223,11.0
S Sohal,MR Marsh,9,12,1,133.33333333333331,12.0
S Sohal,R Ashwin,9,9,0,100.0,9.0
S Sohal,Z Khan,9,6,0,66.66666666666666,6.0
S Gopal,R Bhatia,9,0,0,0.0,0.0
B Kumar,Noor Ahmad,9,9,0,100.0,9.0
P Simran Singh,JD Unadkat,9,25,0,277.77777777777777,25.0
P Simran Singh,JR Hazlewood,9,14,0,155.55555555555557,14.0
P Simran Singh,KM Asif,9,24,0,266.66666666666663,24.0
P Simran Singh,C Green,9,14,0,155.55555555555557,14.0
SPD Smith,JDS Neesham,9,16,1,177.77777777777777,16.0
P Negi,UT Yadav,9,8,1,88.88888888888889,8.0
P Nissanka,AS Roy,9,16,1,177.77777777777777,16.0
B Chipli,Z Khan,9,22,0,244.44444444444446,22.0
B Indrajith,TA Boult,9,6,0,66.66666666666666,6.0
B Kumar,AD Russell,9,5,0,55.55555555555556,5.0
S Dube,Yash Dayal,9,15,1,166.66666666666669,15.0
Yuvraj Singh,M Ashwin,9,3,1,33.33333333333333,3.0
Yuvraj Singh,MC Henriques,9,24,1,266.66666666666663,24.0
Yuvraj Singh,NM Coulter-Nile,9,5,1,55.55555555555556,5.0
B Kumar,HV Patel,9,5,1,55.55555555555556,5.0
P Dogra,R Vinay Kumar,9,4,0,44.44444444444444,4.0
P Dogra,Z Khan,9,5,1,55.55555555555556,5.0
AB de Villiers,Kamran Khan,9,6,0,66.66666666666666,6.0
P Simran Singh,Mustafizur Rahman,9,8,0,88.88888888888889,8.0
P Simran Singh,HH Pandya,9,22,0,244.44444444444446,22.0
P Kumar,DW Steyn,9,1,1,11.11111111111111,1.0
P Kumar,GD McGrath,9,7,2,77.77777777777779,3.5
P Kumar,SR Watson,9,6,1,66.66666666666666,6.0
OF Smith,B Kumar,9,10,0,111.11111111111111,10.0
B Sai Sudharsan,AJ Hosein,9,24,1,266.66666666666663,24.0
S Dube,PVD Chameera,9,21,0,233.33333333333334,21.0
S Dube,R Shepherd,9,27,0,300.0,27.0
S Sriram,BAW Mendis,9,5,0,55.55555555555556,5.0
B Sai Sudharsan,KV Sharma,9,20,0,222.22222222222223,20.0
B Sai Sudharsan,M Siddharth,9,8,0,88.88888888888889,8.0
B Sai Sudharsan,CV Varun,9,16,0,177.77777777777777,16.0
B Sai Sudharsan,MR Marsh,9,8,0,88.88888888888889,8.0
B Sai Sudharsan,Mukesh Choudhary,9,8,0,88.88888888888889,8.0
Nithish Kumar Reddy,Ravi Bishnoi,9,7,1,77.77777777777779,7.0
Nithish Kumar Reddy,DL Chahar,9,8,1,88.88888888888889,8.0
SP Narine,Yash Thakur,9,9,1,100.0,9.0
SPD Smith,AD Russell,9,17,1,188.88888888888889,17.0
Nithish Kumar Reddy,R Ashwin,9,21,0,233.33333333333334,21.0
OA Shah,P Kumar,9,12,0,133.33333333333331,12.0
OA Shah,A Mishra,9,4,1,44.44444444444444,4.0
OA Shah,DE Bollinger,9,17,0,188.88888888888889,17.0
Naman Dhir,Rashid Khan,9,8,0,88.88888888888889,8.0
Nithish Kumar Reddy,A Kamboj,9,12,0,133.33333333333331,12.0
Nithish Kumar Reddy,Arshdeep Singh,9,7,1,77.77777777777779,7.0
Naman Dhir,MA Starc,9,12,0,133.33333333333331,12.0
Naman Dhir,Naveen-ul-Haq,9,22,0,244.44444444444446,22.0
PA Patel,A Kumble,9,6,1,66.66666666666666,6.0
Nithish Kumar Reddy,M Siddharth,9,7,1,77.77777777777779,7.0
SPD Smith,Mohammed Siraj,9,10,2,111.11111111111111,5.0
SPD Smith,PJ Cummins,9,6,2,66.66666666666666,3.0
B Sai Sudharsan,JD Unadkat,9,11,0,122.22222222222223,11.0
SA Asnodkar,DJ Bravo,9,6,0,66.66666666666666,6.0
Yuvraj Singh,JD Ryder,9,13,0,144.44444444444443,13.0
Yuvraj Singh,KK Cooper,9,8,0,88.88888888888889,8.0
B Sai Sudharsan,RJ Gleeson,9,15,1,166.66666666666669,15.0
Azhar Mahmood,JD Unadkat,9,15,1,166.66666666666669,15.0
S Dube,NM Coulter-Nile,9,7,0,77.77777777777779,7.0
S Dube,JD Unadkat,9,7,1,77.77777777777779,7.0
BA Stokes,K Rabada,9,11,0,122.22222222222223,11.0
BA Stokes,MP Stoinis,9,17,0,188.88888888888889,17.0
BA Stokes,Arshdeep Singh,9,18,0,200.0,18.0
Yuvraj Singh,A Nehra,9,2,0,22.22222222222222,2.0
Yuvraj Singh,AB Agarkar,9,21,1,233.33333333333334,21.0
BA Stokes,K Khejroliya,9,15,0,166.66666666666669,15.0
SPD Smith,SW Tait,9,8,0,88.88888888888889,8.0
PA Patel,Ankit Soni,9,6,1,66.66666666666666,6.0
NV Ojha,P Parameswaran,9,11,0,122.22222222222223,11.0
Naman Dhir,E Malinga,9,5,1,55.55555555555556,5.0
NV Ojha,S Tyagi,9,18,0,200.0,18.0
BB McCullum,AD Russell,9,3,2,33.33333333333333,1.5
SA Asnodkar,PP Ojha,9,12,0,133.33333333333331,12.0
BB McCullum,GJ Maxwell,9,10,0,111.11111111111111,10.0
BA Stokes,V Shankar,9,5,0,55.55555555555556,5.0
BB McCullum,AD Mathews,9,6,1,66.66666666666666,6.0
BB McCullum,KP Appanna,9,8,0,88.88888888888889,8.0
BB McCullum,KW Richardson,9,25,0,277.77777777777777,25.0
BB McCullum,Karanveer Singh,9,6,1,66.66666666666666,6.0
NLTC Perera,MS Gony,9,8,1,88.88888888888889,8.0
NLTC Perera,P Kumar,9,19,0,211.11111111111111,19.0
SP Narine,RD Chahar,9,13,1,144.44444444444443,13.0
SR Tendulkar,AM Salvi,9,9,0,100.0,9.0
SR Tendulkar,B Akhil,9,7,0,77.77777777777779,7.0
NV Ojha,Kuldeep Yadav,9,4,0,44.44444444444444,4.0
NV Ojha,Harmeet Singh,9,11,0,122.22222222222223,11.0
S Dube,E Malinga,9,16,0,177.77777777777777,16.0
S Dube,G Coetzee,9,9,0,100.0,9.0
S Dhawan,Suyash Sharma,9,6,0,66.66666666666666,6.0
Atharva Taide,A Nortje,9,16,0,177.77777777777777,16.0
Atharva Taide,AR Patel,9,18,0,200.0,18.0
YV Takawale,R Vinay Kumar,9,17,0,188.88888888888889,17.0
YV Takawale,UT Yadav,9,7,0,77.77777777777779,7.0
AL Menaria,AD Mathews,9,7,0,77.77777777777779,7.0
AL Menaria,DJ Bravo,9,15,0,166.66666666666669,15.0
AL Menaria,Iqbal Abdulla,9,19,0,211.11111111111111,19.0
NLTC Perera,SR Watson,9,9,2,100.0,4.5
NS Naik,Mustafizur Rahman,9,3,1,33.33333333333333,3.0
NS Naik,S Lamichhane,9,1,1,11.11111111111111,1.0
NV Ojha,AG Murtaza,9,2,2,22.22222222222222,1.0
BB McCullum,RS Bopara,9,9,1,100.0,9.0
BB McCullum,S Sriram,9,21,0,233.33333333333334,21.0
S Dhawan,STR Binny,9,11,1,122.22222222222223,11.0
S Dhawan,SW Tait,9,12,0,133.33333333333331,12.0
S Dhawan,Shahbaz Ahmed,9,10,1,111.11111111111111,10.0
AC Gilchrist,SD Chitnis,9,13,0,144.44444444444443,13.0
YS Chahal,SN Thakur,9,2,0,22.22222222222222,2.0
Atharva Taide,Kuldeep Yadav,9,7,0,77.77777777777779,7.0
BCJ Cutting,TA Boult,9,14,1,155.55555555555557,14.0
BB McCullum,S Tyagi,9,27,0,300.0,27.0
BB McCullum,STR Binny,9,12,0,133.33333333333331,12.0
BB McCullum,TG Southee,9,17,0,188.88888888888889,17.0
BB McCullum,TM Dilshan,9,10,0,111.11111111111111,10.0
PA Patel,Harmeet Singh,9,19,0,211.11111111111111,19.0
NK Patel,M Ntini,9,1,0,11.11111111111111,1.0
NLTC Perera,B Kumar,9,12,0,133.33333333333331,12.0
BJ Hodge,LR Shukla,9,12,0,133.33333333333331,12.0
YK Pathan,SB Bangar,9,17,0,188.88888888888889,17.0
S Dhawan,Rasikh Salam,9,6,0,66.66666666666666,6.0
S Dhawan,S Aravind,9,8,0,88.88888888888889,8.0
S Dhawan,S Kaul,9,4,1,44.44444444444444,4.0
S Dhawan,S Kaushik,9,8,0,88.88888888888889,8.0
S Dhawan,S Randiv,9,5,0,55.55555555555556,5.0
N Wadhera,Ashwani Kumar,9,10,1,111.11111111111111,10.0
N Wadhera,E Malinga,9,13,1,144.44444444444443,13.0
N Wadhera,JJ Bumrah,9,10,0,111.11111111111111,10.0
SP Narine,M Jansen,9,10,2,111.11111111111111,5.0
SP Narine,MM Sharma,9,12,1,133.33333333333331,12.0
SP Narine,P Kumar,9,13,0,144.44444444444443,13.0
PA Patel,JO Holder,9,20,1,222.22222222222223,20.0
N Wadhera,Zeeshan Ansari,9,7,0,77.77777777777779,7.0
NK Patel,CRD Fernando,9,16,0,177.77777777777777,16.0
N Wadhera,M Pathirana,9,8,2,88.88888888888889,4.0
BJ Hodge,SW Tait,9,13,0,144.44444444444443,13.0
A Badoni,M Prasidh Krishna,9,3,1,33.33333333333333,3.0
AC Gilchrist,NLTC Perera,9,18,0,200.0,18.0
BJ Rohrer,M Kartik,9,6,0,66.66666666666666,6.0
BJ Rohrer,P Awana,9,10,0,111.11111111111111,10.0
BJ Rohrer,SK Trivedi,9,10,0,111.11111111111111,10.0
N Rana,R Bhatia,9,6,0,66.66666666666666,6.0
PA Patel,MA Starc,9,16,0,177.77777777777777,16.0
PA Patel,MN Samuels,9,12,1,133.33333333333331,12.0
N Saini,KP Appanna,9,12,0,133.33333333333331,12.0
N Rana,SK Raina,9,11,0,122.22222222222223,11.0
N Wadhera,SN Thakur,9,18,0,200.0,18.0
BJ Hodge,Yuvraj Singh,9,13,0,144.44444444444443,13.0
AC Gilchrist,V Kohli,9,8,0,88.88888888888889,8.0
AC Gilchrist,VRV Singh,9,14,0,155.55555555555557,14.0
AC Voges,Harbhajan Singh,9,6,0,66.66666666666666,6.0
S Dhawan,NLTC Perera,9,16,0,177.77777777777777,16.0
S Dhawan,Navdeep Saini,9,19,0,211.11111111111111,19.0
S Dhawan,P Amarnath,9,11,0,122.22222222222223,11.0
C Connolly,Mohsin Khan,9,6,0,66.66666666666666,6.0
C Connolly,Noor Ahmad,9,15,0,166.66666666666669,15.0
C Bosch,Kartik Tyagi,9,26,0,288.88888888888886,26.0
YK Pathan,Mohammed Siraj,9,8,1,88.88888888888889,8.0
C Connolly,K Rabada,9,19,0,211.11111111111111,19.0
C Green,Mohammed Siraj,9,7,0,77.77777777777779,7.0
C Green,AM Ghazanfar,9,6,0,66.66666666666666,6.0
C Green,HH Pandya,9,8,0,88.88888888888889,8.0
N Rana,KC Cariappa,9,13,0,144.44444444444443,13.0
PA Patel,S Gopal,9,6,1,66.66666666666666,6.0
PA Patel,SB Wagh,9,10,0,111.11111111111111,10.0
PA Patel,M Prasidh Krishna,9,14,0,155.55555555555557,14.0
N Rana,M Prasidh Krishna,9,9,0,100.0,9.0
SR Tendulkar,R Rampaul,9,22,0,244.44444444444446,22.0
AB de Villiers,GB Hogg,9,11,0,122.22222222222223,11.0
N Rana,Noor Ahmad,9,12,1,133.33333333333331,12.0
C Munro,KK Ahmed,9,21,0,233.33333333333334,21.0
C Green,Nithish Kumar Reddy,9,22,0,244.44444444444446,22.0
C Green,Prince Yadav,9,15,0,166.66666666666669,15.0
C Green,R Dhawan,9,6,0,66.66666666666666,6.0
C de Grandhomme,Sandeep Sharma,9,9,0,100.0,9.0
C Green,SP Narine,9,21,1,233.33333333333334,21.0
CA Ingram,KH Pandya,9,19,0,211.11111111111111,19.0
PA Patel,Shoaib Akhtar,9,2,0,22.22222222222222,2.0
SR Tendulkar,RV Gomez,9,9,0,100.0,9.0
SR Tendulkar,SP Narine,9,5,2,55.55555555555556,2.5
AM Nayar,BJ Hodge,9,10,1,111.11111111111111,10.0
N Rana,Imran Tahir,9,8,1,88.88888888888889,8.0
N Rana,J Overton,9,22,0,244.44444444444446,22.0
N Rana,AK Markram,9,6,1,66.66666666666666,6.0
N Rana,Basil Thampi,9,14,0,155.55555555555557,14.0
C de Grandhomme,Basil Thampi,9,22,0,244.44444444444446,22.0
AD Hales,Avesh Khan,9,28,0,311.11111111111114,28.0
S Dhawan,K Gowtham,9,13,1,144.44444444444443,13.0
YK Pathan,BAW Mendis,9,24,1,266.66666666666663,24.0
CA Lynn,Imran Tahir,9,9,1,100.0,9.0
N Pooran,Abhishek Sharma,9,44,0,488.8888888888889,44.0
N Pooran,Akash Madhwal,9,7,1,77.77777777777779,7.0
N Pooran,Imran Tahir,9,10,0,111.11111111111111,10.0
N Pooran,MJ Santner,9,15,0,166.66666666666669,15.0
SR Watson,B Laughlin,9,16,1,177.77777777777777,16.0
N Pooran,R Sai Kishore,9,36,0,400.0,36.0
AM Nayar,J Botha,9,19,1,211.11111111111111,19.0
SR Tendulkar,V Pratap Singh,9,6,1,66.66666666666666,6.0
AD Mathews,Iqbal Abdulla,9,11,0,122.22222222222223,11.0
AD Mathews,JH Kallis,9,17,0,188.88888888888889,17.0
AD Mathews,M Kartik,9,12,0,133.33333333333331,12.0
CA Pujara,JH Kallis,9,14,2,155.55555555555557,7.0
CA Lynn,SN Thakur,9,9,0,100.0,9.0
CA Lynn,Swapnil Singh,9,15,0,166.66666666666669,15.0
CA Pujara,Azhar Mahmood,9,8,0,88.88888888888889,8.0
Mohammed Siraj,T Natarajan,9,11,0,122.22222222222223,11.0
Mohammad Nabi,HH Pandya,9,14,1,155.55555555555557,14.0
SP Narine,GJ Maxwell,9,24,0,266.66666666666663,24.0
SP Narine,HV Patel,9,14,0,155.55555555555557,14.0
AB de Villiers,DAJ Bracewell,9,16,0,177.77777777777777,16.0
N Pooran,KV Sharma,9,21,1,233.33333333333334,21.0
N Jagadeesan,Yash Dayal,9,4,0,44.44444444444444,4.0
CA Pujara,KV Sharma,9,9,0,100.0,9.0
AC Gilchrist,Iqbal Abdulla,9,7,1,77.77777777777779,7.0
Ashutosh Sharma,MM Sharma,9,14,0,155.55555555555557,14.0
Ashutosh Sharma,Mohammed Siraj,9,16,1,177.77777777777777,16.0
Ashutosh Sharma,PJ Cummins,9,15,0,166.66666666666669,15.0
Ashutosh Sharma,R Shepherd,9,19,0,211.11111111111111,19.0
Ashutosh Sharma,Ravi Bishnoi,9,22,0,244.44444444444446,22.0
Ashutosh Sharma,SP Narine,9,2,0,22.22222222222222,2.0
CH Gayle,AB McDonald,9,22,0,244.44444444444446,22.0
S Dhawan,J Little,9,8,1,88.88888888888889,8.0
AD Mathews,AD Russell,9,6,1,66.66666666666666,6.0
S Dhawan,DJM Short,9,8,0,88.88888888888889,8.0
S Dhawan,DP Vijaykumar,9,5,0,55.55555555555556,5.0
A Badoni,RD Chahar,9,12,0,133.33333333333331,12.0
CH Gayle,Anureet Singh,9,4,0,44.44444444444444,4.0
CH Gayle,IC Pandey,9,22,0,244.44444444444446,22.0
CH Gayle,JDP Oram,9,8,0,88.88888888888889,8.0
CH Gayle,JP Behrendorff,9,24,1,266.66666666666663,24.0
CH Gayle,KP Pietersen,9,8,0,88.88888888888889,8.0
Arshad Khan,M Pathirana,9,12,1,133.33333333333331,12.0
Mandeep Singh,SN Thakur,9,16,2,177.77777777777777,8.0
Mandeep Singh,T Natarajan,9,26,0,288.88888888888886,26.0
Mandeep Singh,Navdeep Saini,9,11,0,122.22222222222223,11.0
PC Valthaty,CK Langeveldt,9,13,1,144.44444444444443,13.0
PBB Rajapaksa,RA Jadeja,9,11,0,122.22222222222223,11.0
Mandeep Singh,YK Pathan,9,12,1,133.33333333333331,12.0
Misbah-ul-Haq,SB Bangar,9,5,0,55.55555555555556,5.0
Mohammed Siraj,M Prasidh Krishna,9,9,1,100.0,9.0
Mandeep Singh,AA Jhunjhunwala,9,13,0,144.44444444444443,13.0
SR Watson,PJ Sangwan,9,13,0,144.44444444444443,13.0
SP Goswami,VS Malik,9,9,0,100.0,9.0
SP Narine,AS Rajpoot,9,5,0,55.55555555555556,5.0
SP Narine,BB Sran,9,24,0,266.66666666666663,24.0
PBB Rajapaksa,UT Yadav,9,9,1,100.0,9.0
Mandeep Singh,I Sharma,9,10,1,111.11111111111111,10.0
Arshad Khan,Mukesh Kumar,9,6,1,66.66666666666666,6.0
Ashutosh Sharma,CV Varun,9,17,1,188.88888888888889,17.0
CH Gayle,MC Henriques,9,23,1,255.55555555555554,23.0
CH Gayle,PP Ojha,9,22,0,244.44444444444446,22.0
YBK Jaiswal,Naveen-ul-Haq,9,9,0,100.0,9.0
A Badoni,R Ashwin,9,11,0,122.22222222222223,11.0
SA Yadav,JP Faulkner,9,4,2,44.44444444444444,2.0
AD Mathews,MJ McClenaghan,9,14,1,155.55555555555557,14.0
AD Mathews,PP Chawla,9,17,0,188.88888888888889,17.0
CH Morris,HH Pandya,9,11,0,122.22222222222223,11.0
Anureet Singh,A Nehra,9,3,1,33.33333333333333,3.0
YBK Jaiswal,M Pathirana,9,5,0,55.55555555555556,5.0
PD Collingwood,DJ Hussey,9,11,0,122.22222222222223,11.0
PD Collingwood,JH Kallis,9,14,0,155.55555555555557,14.0
PC Valthaty,MS Gony,9,23,0,255.55555555555554,23.0
MV Boucher,JR Hopes,9,16,0,177.77777777777777,16.0
MV Boucher,M Kartik,9,22,1,244.44444444444446,22.0
MV Boucher,PP Chawla,9,9,0,100.0,9.0
Mandeep Singh,DP Nannes,9,8,1,88.88888888888889,8.0
CJ Anderson,Shakib Al Hasan,9,23,0,255.55555555555554,23.0
CJ Ferguson,R Bhatia,9,5,1,55.55555555555556,5.0
CK Kapugedera,SR Watson,9,5,0,55.55555555555556,5.0
AB de Villiers,Anureet Singh,9,10,0,111.11111111111111,10.0
MS Wade,JR Hazlewood,9,15,0,166.66666666666669,15.0
SP Goswami,I Sharma,9,3,0,33.33333333333333,3.0
SP Goswami,L Ngidi,9,12,2,133.33333333333331,6.0
SP Goswami,MF Maharoof,9,2,1,22.22222222222222,2.0
SP Goswami,MS Gony,9,4,1,44.44444444444444,4.0
MS Wade,YS Chahal,9,9,0,100.0,9.0
CJ Anderson,R Dhawan,9,8,1,88.88888888888889,8.0
S Badrinath,TP Sudhindra,9,13,0,144.44444444444443,13.0
YBK Jaiswal,E Malinga,9,15,1,166.66666666666669,15.0
YBK Jaiswal,Arshad Khan,9,19,2,211.11111111111111,9.5
CL White,MC Henriques,9,11,1,122.22222222222223,11.0
CL White,S Sreesanth,9,5,1,55.55555555555556,5.0
CL White,SB Jakati,9,17,1,188.88888888888889,17.0
CL White,SR Watson,9,12,1,133.33333333333331,12.0
SA Yadav,LH Ferguson,9,21,0,233.33333333333334,21.0
D Brevis,Ravi Bishnoi,9,11,0,122.22222222222223,11.0
D Brevis,Sakib Hussain,9,9,0,100.0,9.0
D Brevis,MJ Santner,9,16,0,177.77777777777777,16.0
AM Nayar,Shahid Afridi,9,21,0,233.33333333333334,21.0
AM Nayar,Y Venugopal Rao,9,14,0,155.55555555555557,14.0
PD Salt,E Malinga,9,19,0,211.11111111111111,19.0
SR Watson,V Shankar,9,28,0,311.11111111111114,28.0
MS Dhoni,S Sreesanth,9,7,1,77.77777777777779,7.0
MS Wade,R Sharma,9,6,1,66.66666666666666,6.0
MS Wade,Ravi Bishnoi,9,6,0,66.66666666666666,6.0
MS Dhoni,V Kohli,9,12,0,133.33333333333331,12.0
MS Dhoni,Y Venugopal Rao,9,10,0,111.11111111111111,10.0
S Badrinath,DL Vettori,9,10,2,111.11111111111111,5.0
Y Venugopal Rao,DT Christian,9,4,0,44.44444444444444,4.0
Y Venugopal Rao,KP Pietersen,9,11,0,122.22222222222223,11.0
D Padikkal,XC Bartlett,9,19,0,211.11111111111111,19.0
Anmolpreet Singh,Yudhvir Singh,9,14,0,155.55555555555557,14.0
MS Dhoni,NM Coulter-Nile,9,13,1,144.44444444444443,13.0
PD Salt,N Thushara,9,11,2,122.22222222222223,5.5
PD Salt,Ravi Bishnoi,9,7,0,77.77777777777779,7.0
PD Salt,KA Jamieson,9,21,1,233.33333333333334,21.0
AM Rahane,A Zampa,9,11,0,122.22222222222223,11.0
MS Dhoni,SB Bangar,9,8,0,88.88888888888889,8.0
MS Dhoni,SB Jakati,9,17,0,188.88888888888889,17.0
MS Dhoni,ST Jayasuriya,9,12,0,133.33333333333331,12.0
Anuj Rawat,M Prasidh Krishna,9,13,0,144.44444444444443,13.0
Anuj Rawat,MM Ali,9,5,0,55.55555555555556,5.0
S Badrinath,J Theron,9,18,0,200.0,18.0
S Anirudha,YK Pathan,9,7,0,77.77777777777779,7.0
Y Nagar,SB Jakati,9,8,0,88.88888888888889,8.0
Anuj Rawat,Basil Thampi,9,13,0,144.44444444444443,13.0
DA Miller,AD Mathews,9,12,0,133.33333333333331,12.0
DA Miller,Arshdeep Singh,9,7,0,77.77777777777779,7.0
SA Yadav,P Kumar,9,2,0,22.22222222222222,2.0
SA Yadav,R Dhawan,9,20,0,222.22222222222223,20.0
Ravi Bishnoi,C Bosch,9,6,1,66.66666666666666,6.0
DA Miller,J Botha,9,10,0,111.11111111111111,10.0
DA Miller,JO Holder,9,13,1,144.44444444444443,13.0
DA Miller,C Bosch,9,13,0,144.44444444444443,13.0
DA Miller,M Markande,9,18,0,200.0,18.0
Y Nagar,A Kumble,9,5,1,55.55555555555556,5.0
AM Rahane,Abhishek Sharma,9,13,0,144.44444444444443,13.0
SP Fleming,Mohammad Asif,9,9,1,100.0,9.0
SP Fleming,RP Singh,9,10,0,111.11111111111111,10.0
PD Salt,MJ Santner,9,25,0,277.77777777777777,25.0
MS Dhoni,M de Lange,9,23,1,255.55555555555554,23.0
SR Watson,WD Parnell,9,13,1,144.44444444444443,13.0
MS Dhoni,M Markande,9,14,1,155.55555555555557,14.0
PJ Cummins,N Thushara,9,20,0,222.22222222222223,20.0
PD Salt,VG Arora,9,20,0,222.22222222222223,20.0
PD Salt,Yash Thakur,9,23,0,255.55555555555554,23.0
AM Rahane,DE Bollinger,9,5,0,55.55555555555556,5.0
AM Rahane,Anand Rajan,9,13,0,144.44444444444443,13.0
MS Dhoni,DJG Sammy,9,12,0,133.33333333333331,12.0
MS Dhoni,J Suchith,9,5,0,55.55555555555556,5.0
Y Nagar,A Nehra,9,10,0,111.11111111111111,10.0
Y Nagar,DW Steyn,9,13,0,144.44444444444443,13.0
DA Miller,IC Pandey,9,12,0,133.33333333333331,12.0
Rashid Khan,JD Unadkat,9,7,2,77.77777777777779,3.5
Rashid Khan,JJ Bumrah,9,5,4,55.55555555555556,1.25
DA Miller,KK Ahmed,9,13,0,144.44444444444443,13.0
DA Miller,R Rampaul,9,19,0,211.11111111111111,19.0
SA Yadav,RJW Topley,9,19,0,211.11111111111111,19.0
Ramandeep Singh,JJ Bumrah,9,11,1,122.22222222222223,11.0
DA Miller,SR Dubey,9,14,1,155.55555555555557,14.0
DA Miller,RP Meredith,9,21,1,233.33333333333334,21.0
Anmolpreet Singh,KR Mayers,9,8,0,88.88888888888889,8.0
AB McDonald,P Kumar,9,9,0,100.0,9.0
SO Hetmyer,Ravi Bishnoi,9,4,1,44.44444444444444,4.0
SS Iyer,JL Pattinson,9,20,0,222.22222222222223,20.0
MS Bisla,BW Hilfenhaus,9,8,0,88.88888888888889,8.0
MS Bisla,CH Gayle,9,9,0,100.0,9.0
DA Miller,Simarjeet Singh,9,14,1,155.55555555555557,14.0
Anirudh Singh,ND Doshi,9,11,0,122.22222222222223,11.0
DA Warner,Arshad Khan,9,12,0,133.33333333333331,12.0
Ankit Sharma,RA Jadeja,9,12,0,133.33333333333331,12.0
Anmolpreet Singh,JD Unadkat,9,10,0,111.11111111111111,10.0
Washington Sundar,JO Holder,9,11,2,122.22222222222223,5.5
RV Uthappa,TU Deshpande,9,10,0,111.11111111111111,10.0
DA Warner,Harpreet Brar,9,11,1,122.22222222222223,11.0
Washington Sundar,E Malinga,9,20,0,222.22222222222223,20.0
Aniket Verma,Kuldeep Yadav,9,9,1,100.0,9.0
MR Marsh,M Markande,9,7,0,77.77777777777779,7.0
PN Mankad,Harshit Rana,9,13,0,144.44444444444443,13.0
PJ Cummins,Sandeep Sharma,9,16,0,177.77777777777777,16.0
PJ Cummins,YS Chahal,9,3,2,33.33333333333333,1.5
MR Marsh,SR Watson,9,7,0,77.77777777777779,7.0
MR Marsh,Simarjeet Singh,9,11,0,122.22222222222223,11.0
MS Bisla,A Nehra,9,6,2,66.66666666666666,3.0
MR Marsh,R Sai Kishore,9,15,0,166.66666666666669,15.0
MR Marsh,RD Chahar,9,9,1,100.0,9.0
AB McDonald,DJ Bravo,9,16,0,177.77777777777777,16.0
Aniket Verma,M Prasidh Krishna,9,15,0,166.66666666666669,15.0
RV Uthappa,SR Tendulkar,9,18,0,200.0,18.0
DA Warner,KK Cooper,9,13,0,144.44444444444443,13.0
Aman Hakim Khan,RD Chahar,9,5,0,55.55555555555556,5.0
DA Warner,P Ray Barman,9,15,0,166.66666666666669,15.0
DA Warner,PC Valthaty,9,20,0,222.22222222222223,20.0
Abishek Porel,VG Arora,9,1,1,11.11111111111111,1.0
MP Stoinis,Navdeep Saini,9,22,0,244.44444444444446,22.0
PP Chawla,AB Dinda,9,7,0,77.77777777777779,7.0
PP Chawla,DJ Bravo,9,1,2,11.11111111111111,0.5
PK Garg,PP Chawla,9,13,0,144.44444444444443,13.0
MR Marsh,Arshad Khan,9,13,1,144.44444444444443,13.0
MR Marsh,DT Christian,9,9,0,100.0,9.0
SS Iyer,M Morkel,9,11,0,122.22222222222223,11.0
MR Marsh,R Dhawan,9,6,0,66.66666666666666,6.0
RV Uthappa,Swapnil Singh,9,16,0,177.77777777777777,16.0
RV Uthappa,TM Dilshan,9,21,0,233.33333333333334,21.0
AD Nath,RA Jadeja,9,13,1,144.44444444444443,13.0
AD Russell,Akash Madhwal,9,15,0,166.66666666666669,15.0
DA Warner,PWH de Silva,9,18,1,200.0,18.0
DA Warner,R Rampaul,9,6,1,66.66666666666666,6.0
WP Saha,SR Watson,9,13,2,144.44444444444443,6.5
WP Saha,VR Aaron,9,10,1,111.11111111111111,10.0
MN van Wyk,RE van der Merwe,9,10,0,111.11111111111111,10.0
PP Chawla,MN Samuels,9,10,0,111.11111111111111,10.0
SO Hetmyer,MG Bracewell,9,13,0,144.44444444444443,13.0
MP Stoinis,HR Shokeen,9,24,0,266.66666666666663,24.0
MP Stoinis,JP Faulkner,9,14,0,155.55555555555557,14.0
MP Stoinis,Avesh Khan,9,25,0,277.77777777777777,25.0
SS Iyer,MC Henriques,9,14,0,155.55555555555557,14.0
MP Stoinis,Fazalhaq Farooqi,9,9,0,100.0,9.0
MP Stoinis,G Coetzee,9,15,0,166.66666666666669,15.0
MP Stoinis,Kartik Tyagi,9,7,0,77.77777777777779,7.0
MP Stoinis,SS Cottrell,9,15,0,166.66666666666669,15.0
DA Warner,S Nadeem,9,10,0,111.11111111111111,10.0
DB Das,WD Parnell,9,7,0,77.77777777777779,7.0
WP Saha,R Vinay Kumar,9,8,0,88.88888888888889,8.0
WP Saha,RD Chahar,9,9,0,100.0,9.0
DH Yagnik,R Ashwin,9,4,1,44.44444444444444,4.0
DB Ravi Teja,A Nehra,9,13,0,144.44444444444443,13.0
AB Agarkar,SR Watson,9,12,1,133.33333333333331,12.0
MM Ali,SM Curran,9,8,2,88.88888888888889,4.0
SO Hetmyer,J Yadav,9,17,0,188.88888888888889,17.0
MP Stoinis,A Mishra,9,12,0,133.33333333333331,12.0
SS Iyer,PJ Sangwan,9,20,0,222.22222222222223,20.0
SS Iyer,R Sai Kishore,9,17,0,188.88888888888889,17.0
MP Stoinis,CH Morris,9,8,0,88.88888888888889,8.0
MN van Wyk,A Nehra,9,8,1,88.88888888888889,8.0
MN van Wyk,PJ Sangwan,9,17,0,188.88888888888889,17.0
DB Ravi Teja,R Bhatia,9,9,0,100.0,9.0
RV Uthappa,S Aravind,9,18,0,200.0,18.0
DJ Bravo,B Laughlin,9,8,0,88.88888888888889,8.0
DJ Bravo,BA Stokes,9,20,0,222.22222222222223,20.0
DB Ravi Teja,SK Trivedi,9,6,0,66.66666666666666,6.0
DH Yagnik,KA Pollard,9,17,0,188.88888888888889,17.0
DJ Bravo,J Suchith,9,16,0,177.77777777777777,16.0
DJ Bravo,KA Pollard,9,17,0,188.88888888888889,17.0
DJ Bravo,MM Patel,9,14,1,155.55555555555557,14.0
MM Ali,JDS Neesham,9,22,0,244.44444444444446,22.0
MM Patel,DP Nannes,9,22,0,244.44444444444446,22.0
MM Sharma,AR Patel,9,1,0,11.11111111111111,1.0
MN Samuels,AD Mascarenhas,9,6,1,66.66666666666666,6.0
Abishek Porel,Mohammed Siraj,9,15,0,166.66666666666669,15.0
DJ Bravo,MS Gony,9,27,0,300.0,27.0
WP Saha,MM Ali,9,7,0,77.77777777777779,7.0
DJ Bravo,RD Chahar,9,10,0,111.11111111111111,10.0
DJ Bravo,RJ Harris,9,8,1,88.88888888888889,8.0
Abishek Porel,PJ Cummins,9,14,1,155.55555555555557,14.0
SS Tiwary,A Chandila,9,10,0,111.11111111111111,10.0
SS Tiwary,Arshdeep Singh,9,10,0,111.11111111111111,10.0
PP Shaw,NT Ellis,9,9,0,100.0,9.0
PP Shaw,C Sakariya,9,7,1,77.77777777777779,7.0
PP Shaw,HR Shokeen,9,10,1,111.11111111111111,10.0
ML Hayden,SM Pollock,9,20,0,222.22222222222223,20.0
MM Ali,CH Morris,9,9,0,100.0,9.0
MM Ali,AD Russell,9,10,0,111.11111111111111,10.0
MM Ali,S Kaul,9,12,1,133.33333333333331,12.0
Abishek Porel,SR Dubey,9,0,1,0.0,0.0
WP Saha,KL Nagarkoti,9,9,0,100.0,9.0
DJ Hooda,KV Sharma,9,10,2,111.11111111111111,5.0
DJ Harris,R Ashwin,9,6,0,66.66666666666666,6.0
DJ Hooda,AS Roy,9,14,0,155.55555555555557,14.0
DJ Hooda,Anureet Singh,9,19,1,211.11111111111111,19.0
DJ Hooda,MA Starc,9,5,1,55.55555555555556,5.0
AD Russell,JD Unadkat,9,24,0,266.66666666666663,24.0
DJ Hooda,S Kaushik,9,8,0,88.88888888888889,8.0
DJ Hooda,SM Curran,9,7,0,77.77777777777779,7.0
DJ Hooda,T Natarajan,9,10,0,111.11111111111111,10.0
DJ Hussey,M Morkel,9,13,1,144.44444444444443,13.0
DJ Hussey,MS Gony,9,9,0,100.0,9.0
DJ Hussey,NLTC Perera,9,9,0,100.0,9.0
DJ Hussey,AG Murtaza,9,10,0,111.11111111111111,10.0
SS Tiwary,DE Bollinger,9,7,0,77.77777777777779,7.0
SS Tiwary,GB Hogg,9,13,0,144.44444444444443,13.0
MK Tiwary,JP Duminy,9,14,0,155.55555555555557,14.0
MK Tiwary,ST Jayasuriya,9,11,0,122.22222222222223,11.0
MK Tiwary,Mohammed Shami,9,13,0,144.44444444444443,13.0
MK Tiwary,P Negi,9,7,0,77.77777777777779,7.0
MK Tiwary,PV Tambe,9,8,0,88.88888888888889,8.0
MK Tiwary,RJ Harris,9,6,0,66.66666666666666,6.0
MK Tiwary,SK Warne,9,5,0,55.55555555555556,5.0
MK Tiwary,SN Thakur,9,9,0,100.0,9.0
MK Tiwary,Yuvraj Singh,9,4,0,44.44444444444444,4.0
PP Shaw,TU Deshpande,9,7,1,77.77777777777779,7.0
MK Tiwary,Bipul Sharma,9,3,0,33.33333333333333,3.0
MK Pandey,Vijaykumar Vyshak,9,5,0,55.55555555555556,5.0
MK Tiwary,Harmeet Singh,9,8,0,88.88888888888889,8.0
MK Tiwary,MJ McClenaghan,9,19,0,211.11111111111111,19.0
MK Tiwary,GB Hogg,9,8,1,88.88888888888889,8.0
DJ Hussey,SP Narine,9,6,1,66.66666666666666,6.0
WP Saha,C de Grandhomme,9,6,0,66.66666666666666,6.0
WP Saha,CJ Jordan,9,14,0,155.55555555555557,14.0
WP Saha,CR Woakes,9,5,0,55.55555555555556,5.0
DJ Hussey,R Sharma,9,14,1,155.55555555555557,14.0
DJ Mitchell,MM Sharma,9,8,1,88.88888888888889,8.0
WP Saha,A Mithun,9,4,0,44.44444444444444,4.0
RV Uthappa,DL Chahar,9,9,1,100.0,9.0
DJ Willey,Suyash Sharma,9,8,0,88.88888888888889,8.0
DJG Sammy,JP Faulkner,9,11,2,122.22222222222223,5.5
DJG Sammy,MM Sharma,9,19,1,211.11111111111111,19.0
DJ Mitchell,S Sandeep Warrier,9,20,0,222.22222222222223,20.0
MK Pandey,SB Jakati,9,11,1,122.22222222222223,11.0
AM Rahane,K Kartikeya,9,5,1,55.55555555555556,5.0
SO Hetmyer,A Nortje,9,17,0,188.88888888888889,17.0
SO Hetmyer,Avesh Khan,9,18,2,200.0,9.0
SS Tiwary,JJ Bumrah,9,13,1,144.44444444444443,13.0
SS Tiwary,M Kartik,9,9,1,100.0,9.0
SS Tiwary,MM Ali,9,8,0,88.88888888888889,8.0
WG Jacks,Harsh Dubey,9,24,0,266.66666666666663,24.0
WG Jacks,KK Ahmed,9,12,0,133.33333333333331,12.0
RT Ponting,SM Pollock,9,5,0,55.55555555555556,5.0
RV Uthappa,A Singh,9,16,0,177.77777777777777,16.0
RV Uthappa,A Symonds,9,13,1,144.44444444444443,13.0
WA Mota,JA Morkel,9,10,1,111.11111111111111,10.0
WA Mota,PP Ojha,9,6,0,66.66666666666666,6.0
WD Parnell,PP Ojha,9,11,1,122.22222222222223,11.0
MK Pandey,M de Lange,9,9,0,100.0,9.0
SN Thakur,JJ Bumrah,9,17,0,188.88888888888889,17.0
SN Thakur,Mohammed Siraj,9,12,1,133.33333333333331,12.0
SN Thakur,NM Coulter-Nile,9,9,1,100.0,9.0
AM Rahane,M Jansen,9,18,0,200.0,18.0
WD Parnell,SL Malinga,9,1,1,11.11111111111111,1.0
WD Parnell,SP Narine,9,5,2,55.55555555555556,2.5
SC Ganguly,I Sharma,9,13,0,144.44444444444443,13.0
SC Ganguly,KP Pietersen,9,10,0,111.11111111111111,10.0
DL Vettori,L Balaji,9,9,1,100.0,9.0
DL Vettori,MM Patel,9,3,1,33.33333333333333,3.0
DP Conway,PP Chawla,9,6,0,66.66666666666666,6.0
W Jaffer,DP Vijaykumar,9,10,0,111.11111111111111,10.0
AM Rahane,Mukesh Kumar,9,9,1,100.0,9.0
SN Khan,M Markande,9,5,2,55.55555555555556,2.5
MK Pandey,BA Bhatt,9,6,0,66.66666666666666,6.0
MK Pandey,IC Pandey,9,7,0,77.77777777777779,7.0
MK Pandey,J Botha,9,7,0,77.77777777777779,7.0
MK Pandey,JC Archer,9,5,0,55.55555555555556,5.0
W Jaffer,JA Morkel,9,10,0,111.11111111111111,10.0
W Jaffer,JDP Oram,9,3,0,33.33333333333333,3.0
RT Ponting,DT Christian,9,12,0,133.33333333333331,12.0
SC Ganguly,MF Maharoof,9,12,0,133.33333333333331,12.0
RS Bopara,Imran Tahir,9,14,0,155.55555555555557,14.0
VVS Laxman,VRV Singh,9,13,0,144.44444444444443,13.0
Vivrant Sharma,CJ Jordan,9,20,0,222.22222222222223,20.0
DP Conway,M Prasidh Krishna,9,5,0,55.55555555555556,5.0
DPMD Jayawardene,AP Dole,9,17,1,188.88888888888889,17.0
DP Conway,SN Thakur,9,7,1,77.77777777777779,7.0
MK Lomror,A Zampa,9,13,1,144.44444444444443,13.0
MK Lomror,D Pretorius,9,20,0,222.22222222222223,20.0
Priyansh Arya,Mohsin Khan,9,34,0,377.77777777777777,34.0
MK Lomror,Yash Thakur,9,23,2,255.55555555555554,11.5
DP Conway,Shahbaz Ahmed,9,17,0,188.88888888888889,17.0
DP Conway,T Natarajan,9,19,0,211.11111111111111,19.0
RS Bopara,JD Ryder,9,18,0,200.0,18.0
RS Bopara,PV Tambe,9,12,0,133.33333333333331,12.0
RS Bopara,RP Singh,9,7,0,77.77777777777779,7.0
DPMD Jayawardene,DE Bollinger,9,6,0,66.66666666666666,6.0
DPMD Jayawardene,AD Mathews,9,8,1,88.88888888888889,8.0
VVS Laxman,IK Pathan,9,12,0,133.33333333333331,12.0
DPMD Jayawardene,Bipul Sharma,9,13,0,144.44444444444443,13.0
Abishek Porel,DS Rathi,9,10,0,111.11111111111111,10.0
VR Iyer,Simarjeet Singh,9,17,0,188.88888888888889,17.0
RS Bopara,Harbhajan Singh,9,6,0,66.66666666666666,6.0
RR Rossouw,TA Boult,9,13,0,144.44444444444443,13.0
RS Bopara,AB Dinda,9,10,0,111.11111111111111,10.0
AD Russell,M Theekshana,9,20,0,222.22222222222223,20.0
DPMD Jayawardene,R Shukla,9,7,1,77.77777777777779,7.0
VR Iyer,SM Curran,9,7,0,77.77777777777779,7.0
DPMD Jayawardene,PV Tambe,9,10,0,111.11111111111111,10.0
MJ Lumb,S Tyagi,9,17,0,188.88888888888889,17.0
MJ Lumb,SJ Srivastava,9,19,0,211.11111111111111,19.0
MJ Santner,JJ Bumrah,9,5,0,55.55555555555556,5.0
ST Jayasuriya,S Tyagi,9,15,1,166.66666666666669,15.0
Q de Kock,BB Sran,9,12,1,133.33333333333331,12.0
SN Khan,JA Duffy,9,19,0,211.11111111111111,19.0
ST Jayasuriya,DP Nannes,9,2,1,22.22222222222222,2.0
ST Jayasuriya,JDP Oram,9,16,1,177.77777777777777,16.0
ST Jayasuriya,MM Patel,9,11,0,122.22222222222223,11.0
MJ Lumb,R Sharma,9,7,0,77.77777777777779,7.0
MJ Lumb,RP Singh,9,21,1,233.33333333333334,21.0
MJ Guptill,I Sharma,9,13,0,144.44444444444443,13.0
STR Binny,DW Steyn,9,13,0,144.44444444444443,13.0
STR Binny,JD Unadkat,9,14,0,155.55555555555557,14.0
Q de Kock,DJ Hooda,9,12,1,133.33333333333331,12.0
MJ Guptill,Imran Tahir,9,21,0,233.33333333333334,21.0
MJ Guptill,JJ Bumrah,9,10,1,111.11111111111111,10.0
MJ Guptill,Mohammed Shami,9,17,0,188.88888888888889,17.0
MJ Guptill,Z Khan,9,2,1,22.22222222222222,2.0
MJ Clarke,Harbhajan Singh,9,11,1,122.22222222222223,11.0
DR Smith,AD Russell,9,7,0,77.77777777777779,7.0
AD Russell,MG Johnson,9,14,1,155.55555555555557,14.0
SC Ganguly,S Tyagi,9,2,0,22.22222222222222,2.0
SC Ganguly,SB Bangar,9,6,0,66.66666666666666,6.0
SC Ganguly,SL Malinga,9,7,1,77.77777777777779,7.0
DR Smith,DL Vettori,9,16,0,177.77777777777777,16.0
DR Smith,Mohammad Nabi,9,12,0,133.33333333333331,12.0
A Mhatre,AR Patel,9,13,0,144.44444444444443,13.0
Q de Kock,KC Cariappa,9,13,0,144.44444444444443,13.0
Q de Kock,KV Sharma,9,15,2,166.66666666666669,7.5
MF Maharoof,B Lee,9,9,1,100.0,9.0
MEK Hussey,R Rampaul,9,8,0,88.88888888888889,8.0
MG Bracewell,MM Sharma,9,18,0,200.0,18.0
MG Johnson,B Kumar,9,8,1,88.88888888888889,8.0
MJ Guptill,CH Morris,9,16,0,177.77777777777777,16.0
DR Smith,LR Shukla,9,13,0,144.44444444444443,13.0
DR Smith,M Muralitharan,9,7,2,77.77777777777779,3.5
DR Smith,MC Henriques,9,21,1,233.33333333333334,21.0
RR Rossouw,A Nehra,9,3,2,33.33333333333333,1.5
VR Iyer,M Theekshana,9,4,0,44.44444444444444,4.0
DR Smith,P Suyal,9,11,0,122.22222222222223,11.0
MEK Hussey,DT Christian,9,9,0,100.0,9.0
Q de Kock,MM Ali,9,7,2,77.77777777777779,3.5
SN Khan,Arshdeep Singh,9,19,1,211.11111111111111,19.0
Q de Kock,IC Pandey,9,14,1,155.55555555555557,14.0
MEK Hussey,P Suyal,9,10,0,111.11111111111111,10.0
STR Binny,KV Sharma,9,6,0,66.66666666666666,6.0
STR Binny,Karanveer Singh,9,9,1,100.0,9.0
RR Pant,RP Meredith,9,5,0,55.55555555555556,5.0
RR Pant,S Kaushik,9,12,0,133.33333333333331,12.0
RR Pant,SM Curran,9,12,0,133.33333333333331,12.0
DT Christian,Mujeeb Ur Rahman,9,5,0,55.55555555555556,5.0
DR Smith,WD Parnell,9,2,1,22.22222222222222,2.0
DS Kulkarni,RA Jadeja,9,10,0,111.11111111111111,10.0
VR Iyer,CH Morris,9,6,0,66.66666666666666,6.0
VR Iyer,G Coetzee,9,21,0,233.33333333333334,21.0
RR Pant,N Rana,9,6,1,66.66666666666666,6.0
DW Steyn,JD Unadkat,9,8,1,88.88888888888889,8.0
Dhruv Jurel,L Ngidi,9,3,1,33.33333333333333,3.0
Dhruv Jurel,M Pathirana,9,26,0,288.88888888888886,26.0
Dhruv Jurel,MM Ali,9,11,0,122.22222222222223,11.0
MD Shanaka,JO Holder,9,3,2,33.33333333333333,1.5
MEK Hussey,A Chandila,9,11,0,122.22222222222223,11.0
MC Juneja,SL Malinga,9,7,1,77.77777777777779,7.0
MD Choudhary,Suyash Sharma,9,11,0,122.22222222222223,11.0
Q de Kock,PJ Cummins,9,13,1,144.44444444444443,13.0
Q de Kock,PWH de Silva,9,21,0,233.33333333333334,21.0
Q de Kock,MC Henriques,9,9,1,100.0,9.0
STR Binny,VY Mahesh,9,8,1,88.88888888888889,8.0
AM Rahane,RD Chahar,9,12,1,133.33333333333331,12.0
MEK Hussey,K Goel,9,17,0,188.88888888888889,17.0
Dhruv Jurel,RA Jadeja,9,13,0,144.44444444444443,13.0
AB de Villiers,WPUJC Vaas,9,8,0,88.88888888888889,8.0
AC Gilchrist,A Chandila,9,4,0,44.44444444444444,4.0
E Lewis,M Prasidh Krishna,9,17,0,188.88888888888889,17.0
Dhruv Jurel,Yash Dayal,9,16,0,177.77777777777777,16.0
E Lewis,CR Woakes,9,11,0,122.22222222222223,11.0
V Suryavanshi,SN Thakur,9,25,1,277.77777777777777,25.0
MC Henriques,PP Chawla,9,7,0,77.77777777777779,7.0
MC Henriques,R Bhatia,9,9,0,100.0,9.0
MC Henriques,S Nadeem,9,10,1,111.11111111111111,10.0
AK Markram,LS Livingstone,9,7,0,77.77777777777779,7.0
Q de Kock,P Sahu,9,10,0,111.11111111111111,10.0
SV Samson,Ashwani Kumar,9,14,0,155.55555555555557,14.0
MD Mishra,RA Jadeja,9,12,0,133.33333333333331,12.0
MD Mishra,V Kohli,9,13,0,144.44444444444443,13.0
V Suryavanshi,T Vijay,9,21,0,233.33333333333334,21.0
AD Russell,P Negi,9,11,0,122.22222222222223,11.0
AD Russell,S Gopal,9,17,0,188.88888888888889,17.0
E Lewis,N Rana,9,6,0,66.66666666666666,6.0
E Lewis,Washington Sundar,9,14,1,155.55555555555557,14.0
EJG Morgan,JP Faulkner,9,11,0,122.22222222222223,11.0
EJG Morgan,AD Russell,9,6,0,66.66666666666666,6.0
Q de Kock,V Shankar,9,6,0,66.66666666666666,6.0
SM Pollock,GD McGrath,9,15,0,166.66666666666669,15.0
MC Henriques,GJ Maxwell,9,10,0,111.11111111111111,10.0
SV Samson,JH Kallis,9,11,0,122.22222222222223,11.0
SV Samson,CJ Anderson,9,13,0,144.44444444444443,13.0
MC Henriques,Abhishek Sharma,9,9,1,100.0,9.0
MC Henriques,JA Morkel,9,21,0,233.33333333333334,21.0
MC Henriques,M Morkel,9,4,0,44.44444444444444,4.0
EJG Morgan,Arshdeep Singh,9,9,0,100.0,9.0
EJG Morgan,Basil Thampi,9,21,1,233.33333333333334,21.0
RR Pant,M Jansen,9,19,0,211.11111111111111,19.0
RR Pant,Iqbal Abdulla,9,18,0,200.0,18.0
V Suryavanshi,I Sharma,9,27,0,300.0,27.0
V Suryavanshi,JO Holder,9,18,0,200.0,18.0
V Suryavanshi,Kartik Tyagi,9,15,0,166.66666666666669,15.0
EJG Morgan,L Ngidi,9,8,1,88.88888888888889,8.0
EJG Morgan,MG Johnson,9,11,1,122.22222222222223,11.0
R Ashwin,CV Varun,9,8,1,88.88888888888889,8.0
MA Agarwal,Kartik Tyagi,9,15,0,166.66666666666669,15.0
MA Agarwal,M Ashwin,9,17,1,188.88888888888889,17.0
MA Agarwal,J Botha,9,23,0,255.55555555555554,23.0
MA Agarwal,MR Marsh,9,13,0,144.44444444444443,13.0
MA Agarwal,Mohammed Shami,9,6,0,66.66666666666666,6.0
MA Agarwal,M Muralitharan,9,17,0,188.88888888888889,17.0
MA Agarwal,M Theekshana,9,8,1,88.88888888888889,8.0
AA Jhunjhunwala,DP Nannes,9,15,0,166.66666666666669,15.0
AA Kulkarni,B Kumar,9,7,0,77.77777777777779,7.0
EJG Morgan,Mohammed Siraj,9,2,0,22.22222222222222,2.0
V Suryavanshi,A Kamboj,9,20,1,222.22222222222223,20.0
RR Pant,Arshdeep Singh,9,4,1,44.44444444444444,4.0
RR Pant,CJ Jordan,9,6,1,66.66666666666666,6.0
EJG Morgan,SK Raina,9,3,1,33.33333333333333,3.0
EJG Morgan,SK Trivedi,9,13,0,144.44444444444443,13.0
V Shankar,RS Hangargekar,9,12,1,133.33333333333331,12.0
F du Plessis,Akash Singh,9,20,0,222.22222222222223,20.0
F du Plessis,Azmatullah Omarzai,9,23,0,255.55555555555554,23.0
M Vohra,Ankit Sharma,9,9,1,100.0,9.0
M Vohra,DL Chahar,9,12,0,133.33333333333331,12.0
Q de Kock,VG Arora,9,13,1,144.44444444444443,13.0
M Vohra,S Nadeem,9,14,1,155.55555555555557,14.0
MA Agarwal,Abhishek Sharma,9,9,0,100.0,9.0
M Vohra,R Sharma,9,13,0,144.44444444444443,13.0
MA Agarwal,BCJ Cutting,9,21,0,233.33333333333334,21.0
F du Plessis,Bipul Sharma,9,22,0,244.44444444444446,22.0
SD Hope,Mohsin Khan,9,5,0,55.55555555555556,5.0
SD Hope,Ravi Bishnoi,9,14,1,155.55555555555557,14.0
SD Hope,S Sandeep Warrier,9,17,1,188.88888888888889,17.0
F du Plessis,IK Pathan,9,10,1,111.11111111111111,10.0
F du Plessis,HF Gurney,9,14,0,155.55555555555557,14.0
F du Plessis,HH Pandya,9,8,0,88.88888888888889,8.0
F du Plessis,KA Jamieson,9,11,0,122.22222222222223,11.0
F du Plessis,M Muralitharan,9,8,1,88.88888888888889,8.0
F du Plessis,JP Duminy,9,12,1,133.33333333333331,12.0
F du Plessis,MS Gony,9,19,0,211.11111111111111,19.0
R Ashwin,KA Pollard,9,5,1,55.55555555555556,5.0
SM Curran,RJ Gleeson,9,10,0,111.11111111111111,10.0
F du Plessis,LS Livingstone,9,19,0,211.11111111111111,19.0
SE Marsh,AA Chavan,9,19,0,211.11111111111111,19.0
SE Marsh,AD Mathews,9,7,0,77.77777777777779,7.0
SE Marsh,AN Ahmed,9,16,0,177.77777777777777,16.0
V Shankar,Mohammed Shami,9,6,0,66.66666666666666,6.0
V Shankar,Mustafizur Rahman,9,11,0,122.22222222222223,11.0
V Shankar,PJ Cummins,9,6,1,66.66666666666666,6.0
F du Plessis,MJ Santner,9,8,0,88.88888888888889,8.0
R Ashwin,TA Boult,9,6,2,66.66666666666666,3.0
R Ashwin,TG Southee,9,5,1,55.55555555555556,5.0
R Ashwin,RA Jadeja,9,3,0,33.33333333333333,3.0
M Vijay,KK Cooper,9,12,0,133.33333333333331,12.0
AD Russell,TU Deshpande,9,14,1,155.55555555555557,14.0
F du Plessis,TG Southee,9,21,1,233.33333333333334,21.0
Abhishek Sharma,KH Pandya,9,9,0,100.0,9.0
FH Allen,Mohammed Siraj,9,16,0,177.77777777777777,16.0
F du Plessis,STR Binny,9,16,0,177.77777777777777,16.0
V Shankar,HV Patel,9,10,1,111.11111111111111,10.0
V Shankar,I Sharma,9,7,1,77.77777777777779,7.0
V Shankar,Imran Tahir,9,11,1,122.22222222222223,11.0
V Shankar,K Kartikeya,9,14,0,155.55555555555557,14.0
FH Allen,AR Patel,9,10,0,111.11111111111111,10.0
M Vijay,AM Nayar,9,13,1,144.44444444444443,13.0
SV Samson,Suyash Sharma,9,8,0,88.88888888888889,8.0
SM Curran,Mustafizur Rahman,9,5,1,55.55555555555556,5.0
R Ashwin,SP Narine,9,10,1,111.11111111111111,10.0
M Vijay,CJ Jordan,9,20,0,222.22222222222223,20.0
G Gambhir,B Lee,9,5,0,55.55555555555556,5.0
FY Fazal,PP Chawla,9,12,0,133.33333333333331,12.0
FY Fazal,S Sreesanth,9,3,0,33.33333333333333,3.0
FY Fazal,SE Bond,9,11,1,122.22222222222223,11.0
G Gambhir,A Mithun,9,14,0,155.55555555555557,14.0
RM Patidar,MM Ali,9,11,0,122.22222222222223,11.0
RM Patidar,Nithish Kumar Reddy,9,9,0,100.0,9.0
G Gambhir,DJ Hooda,9,11,1,122.22222222222223,11.0
G Gambhir,AC Thomas,9,8,0,88.88888888888889,8.0
G Gambhir,Bipul Sharma,9,8,0,88.88888888888889,8.0
G Gambhir,CJ Jordan,9,16,0,177.77777777777777,16.0
G Gambhir,CR Brathwaite,9,6,0,66.66666666666666,6.0
M Shahrukh Khan,T Natarajan,9,10,0,111.11111111111111,10.0
R Dhawan,Shakib Al Hasan,9,11,1,122.22222222222223,11.0
R Bhatia,WD Parnell,9,15,0,166.66666666666669,15.0
SW Billings,B Kumar,9,4,1,44.44444444444444,4.0
SW Billings,BA Stokes,9,16,1,177.77777777777777,16.0
V Shankar,A Nortje,9,3,0,33.33333333333333,3.0
V Shankar,BA Stokes,9,10,0,111.11111111111111,10.0
V Shankar,H Sharma,9,8,0,88.88888888888889,8.0
RM Patidar,Harshit Rana,9,21,0,233.33333333333334,21.0
RM Patidar,JO Holder,9,16,0,177.77777777777777,16.0
RM Patidar,Kartik Tyagi,9,9,0,100.0,9.0
SE Marsh,BAW Mendis,9,11,1,122.22222222222223,11.0
SE Marsh,BJ Hodge,9,18,0,200.0,18.0
G Gambhir,R Tewatia,9,9,1,100.0,9.0
G Gambhir,K Rabada,9,8,0,88.88888888888889,8.0
G Gambhir,KH Pandya,9,17,1,188.88888888888889,17.0
Salman Butt,JA Morkel,9,11,0,122.22222222222223,11.0
R Dhawan,SP Narine,9,9,0,100.0,9.0
M Manhas,SK Trivedi,9,13,1,144.44444444444443,13.0
M Shahrukh Khan,Kuldeep Yadav,9,7,0,77.77777777777779,7.0
SE Marsh,CH Gayle,9,11,0,122.22222222222223,11.0
Abhishek Sharma,A Kamboj,9,16,0,177.77777777777777,16.0
G Gambhir,RJ Harris,9,2,1,22.22222222222222,2.0
G Gambhir,P Amarnath,9,24,0,266.66666666666663,24.0
G Gambhir,Parvez Rasool,9,11,0,122.22222222222223,11.0
Abdul Samad,SP Narine,9,14,1,155.55555555555557,14.0
Abdul Samad,T Natarajan,9,20,1,222.22222222222223,20.0
Abdul Samad,TA Boult,9,7,2,77.77777777777779,3.5
V Sehwag,SB Bangar,9,26,0,288.88888888888886,26.0
AK Markram,JD Unadkat,9,21,0,233.33333333333334,21.0
AK Markram,JR Hazlewood,9,3,0,33.33333333333333,3.0
R Dravid,JD Unadkat,9,15,0,166.66666666666669,15.0
R Dravid,BAW Mendis,9,6,1,66.66666666666666,6.0
M Manhas,JA Morkel,9,14,0,155.55555555555557,14.0
M Manhas,JR Hopes,9,9,1,100.0,9.0
GC Smith,SB Joshi,9,14,1,155.55555555555557,14.0
V Sehwag,RR Powar,9,18,0,200.0,18.0
V Sehwag,S Aravind,9,14,0,155.55555555555557,14.0
RK Singh,Mohsin Khan,9,12,0,133.33333333333331,12.0
RK Singh,PJ Cummins,9,10,0,111.11111111111111,10.0
RK Singh,PP Chawla,9,13,1,144.44444444444443,13.0
GJ Bailey,PV Tambe,9,7,0,77.77777777777779,7.0
GJ Bailey,Yuvraj Singh,9,12,0,133.33333333333331,12.0
Abdul Samad,LH Ferguson,9,13,1,144.44444444444443,13.0
Abdul Samad,MP Stoinis,9,18,0,200.0,18.0
R Dravid,MF Maharoof,9,11,0,122.22222222222223,11.0
R Dravid,P Awana,9,10,0,111.11111111111111,10.0
M Kaif,MF Maharoof,9,4,0,44.44444444444444,4.0
Sameer Rizvi,Sakib Hussain,9,7,0,77.77777777777779,7.0
M Klinger,Z Khan,9,12,0,133.33333333333331,12.0
M Kaif,A Symonds,9,25,0,277.77777777777777,25.0
SE Marsh,JD Ryder,9,9,0,100.0,9.0
SE Marsh,M Muralitharan,9,14,0,155.55555555555557,14.0
RK Singh,Harbhajan Singh,9,10,1,111.11111111111111,10.0
GJ Maxwell,CR Woakes,9,8,0,88.88888888888889,8.0
GJ Maxwell,R Tewatia,9,9,1,100.0,9.0
GJ Maxwell,S Kaul,9,11,1,122.22222222222223,11.0
GJ Maxwell,K Kartikeya,9,14,0,155.55555555555557,14.0
RK Singh,JR Hazlewood,9,16,0,177.77777777777777,16.0
RK Singh,LH Ferguson,9,9,1,100.0,9.0
RJ Quiney,JA Morkel,9,12,0,133.33333333333331,12.0
GJ Maxwell,TG Southee,9,15,0,166.66666666666669,15.0
GJ Maxwell,SS Agarwal,9,15,0,166.66666666666669,15.0
H Klaasen,A Mishra,9,18,1,200.0,18.0
LS Livingstone,Naveen-ul-Haq,9,19,0,211.11111111111111,19.0
SL Malinga,DJ Bravo,9,2,2,22.22222222222222,1.0
SL Malinga,WD Parnell,9,5,1,55.55555555555556,5.0
SM Curran,AD Russell,9,15,1,166.66666666666669,15.0
R Dravid,KP Appanna,9,12,1,133.33333333333331,12.0
M Jansen,Rashid Khan,9,14,1,155.55555555555557,14.0
Gurkeerat Singh,I Sharma,9,17,1,188.88888888888889,17.0
Gurkeerat Singh,J Botha,9,11,1,122.22222222222223,11.0
RK Singh,Brijesh Sharma,9,15,0,166.66666666666669,15.0
RJ Harris,JH Kallis,9,11,0,122.22222222222223,11.0
H Klaasen,B Muzarabani,9,13,1,144.44444444444443,13.0
H Klaasen,AM Ghazanfar,9,26,0,288.88888888888886,26.0
SE Marsh,MN Samuels,9,11,0,122.22222222222223,11.0
SE Marsh,MS Gony,9,9,0,100.0,9.0
SE Marsh,P Amarnath,9,21,0,233.33333333333334,21.0
RG Sharma,Simarjeet Singh,9,9,1,100.0,9.0
Abdul Samad,E Malinga,9,14,0,155.55555555555557,14.0
V Sehwag,AC Thomas,9,6,1,66.66666666666666,6.0
V Sehwag,AG Murtaza,9,6,2,66.66666666666666,3.0
Shakib Al Hasan,AD Russell,9,21,0,233.33333333333334,21.0
R Dravid,VY Mahesh,9,10,0,111.11111111111111,10.0
LRPL Taylor,R Ashwin,9,8,0,88.88888888888889,8.0
LRPL Taylor,SK Trivedi,9,12,0,133.33333333333331,12.0
Shahbaz Ahmed,SP Narine,9,8,1,88.88888888888889,8.0
Shahbaz Ahmed,LH Ferguson,9,15,1,166.66666666666669,15.0
LS Livingstone,JR Hazlewood,9,25,0,277.77777777777777,25.0
LS Livingstone,M Jansen,9,20,0,222.22222222222223,20.0
A Mhatre,Arshdeep Singh,9,8,0,88.88888888888889,8.0
RG Sharma,T Natarajan,9,17,1,188.88888888888889,17.0
RG Sharma,Umar Gul,9,9,0,100.0,9.0
RG Sharma,V Nigam,9,9,1,100.0,9.0
AG Paunikar,DW Steyn,9,8,1,88.88888888888889,8.0
HC Brook,SP Narine,9,7,0,77.77777777777779,7.0
H Klaasen,R Shepherd,9,14,1,155.55555555555557,14.0
HH Gibbs,GD McGrath,9,14,0,155.55555555555557,14.0
Shakib Al Hasan,BW Hilfenhaus,9,24,0,266.66666666666663,24.0
Shakib Al Hasan,KW Richardson,9,18,1,200.0,18.0
R Dravid,SC Ganguly,9,10,1,111.11111111111111,10.0
R Dravid,SK Trivedi,9,21,0,233.33333333333334,21.0
LRPL Taylor,Mohammad Asif,9,16,0,177.77777777777777,16.0
LRPL Taylor,BAW Mendis,9,15,0,166.66666666666669,15.0
Shahbaz Ahmed,Yash Dayal,9,7,0,77.77777777777779,7.0
RG Sharma,Rasikh Salam,9,7,1,77.77777777777779,7.0
V Kohli,XC Bartlett,9,9,0,100.0,9.0
V Nigam,Harshit Rana,9,17,0,188.88888888888889,17.0
HH Gibbs,IK Pathan,9,9,0,100.0,9.0
HH Gibbs,MM Patel,9,9,1,100.0,9.0
AT Rayudu,YK Pathan,9,17,0,188.88888888888889,17.0
HH Pandya,E Malinga,9,12,1,133.33333333333331,12.0
R Parag,I Sharma,9,11,0,122.22222222222223,11.0
SK Warne,IK Pathan,9,11,0,122.22222222222223,11.0
LR Shukla,CRD Fernando,9,17,0,188.88888888888889,17.0
LMP Simmons,Mohammed Shami,9,15,0,166.66666666666669,15.0
Shakib Al Hasan,Kuldeep Yadav,9,8,0,88.88888888888889,8.0
Shakib Al Hasan,MG Johnson,9,11,0,122.22222222222223,11.0
HH Pandya,G Coetzee,9,19,0,211.11111111111111,19.0
RG Sharma,S Kaul,9,9,1,100.0,9.0
AD Russell,Washington Sundar,9,30,0,333.33333333333337,30.0
RG Sharma,Noor Ahmad,9,11,0,122.22222222222223,11.0
V Kohli,TK Curran,9,22,0,244.44444444444446,22.0
HH Pandya,M Pathirana,9,7,1,77.77777777777779,7.0
HH Pandya,JA Richardson,9,10,0,111.11111111111111,10.0
AT Rayudu,SB Wagh,9,7,0,77.77777777777779,7.0
LMP Simmons,K Rabada,9,15,0,166.66666666666669,15.0
LMP Simmons,KK Cooper,9,14,0,155.55555555555557,14.0
LH Ferguson,SN Thakur,9,14,0,155.55555555555557,14.0
Shashank Singh,AS Joseph,9,25,0,277.77777777777777,25.0
Shashank Singh,Avesh Khan,9,14,1,155.55555555555557,14.0
LMP Simmons,S Badree,9,15,0,166.66666666666669,15.0
A Mishra,DJ Bravo,9,9,0,100.0,9.0
A Mishra,Iqbal Abdulla,9,13,1,144.44444444444443,13.0
HH Pandya,MJ Santner,9,5,0,55.55555555555556,5.0
RG Sharma,R Tewatia,9,3,1,33.33333333333333,3.0
HM Amla,AJ Tye,9,19,0,211.11111111111111,19.0
HH Pandya,SM Curran,9,22,1,244.44444444444446,22.0
A Mhatre,YS Chahal,9,8,0,88.88888888888889,8.0
HM Amla,Mustafizur Rahman,9,16,0,177.77777777777777,16.0
AB de Villiers,MJ Santner,9,9,0,100.0,9.0
Shashank Singh,RJ Gleeson,9,11,0,122.22222222222223,11.0
Shashank Singh,Yash Dayal,9,9,0,100.0,9.0
LA Pomersbach,DW Steyn,9,5,0,55.55555555555556,5.0
LA Pomersbach,R Ashwin,9,7,0,77.77777777777779,7.0
LA Pomersbach,T Thushara,9,15,0,166.66666666666669,15.0
LA Carseldine,FH Edwards,9,4,0,44.44444444444444,4.0
LA Carseldine,WPUJC Vaas,9,7,1,77.77777777777779,7.0
HM Amla,JJ Bumrah,9,13,0,144.44444444444443,13.0
RG Sharma,MS Gony,9,24,0,266.66666666666663,24.0
RG Sharma,Mashrafe Mortaza,9,24,0,266.66666666666663,24.0
RG Sharma,Mayank Dagar,9,8,1,88.88888888888889,8.0
RG Sharma,Mukesh Choudhary,9,9,1,100.0,9.0
V Kohli,Parvez Rasool,9,7,0,77.77777777777779,7.0
HV Patel,SN Thakur,9,7,0,77.77777777777779,7.0
Harbhajan Singh,AR Patel,9,8,0,88.88888888888889,8.0
RG Sharma,LS Livingstone,9,11,1,122.22222222222223,11.0
Harbhajan Singh,M Muralitharan,9,14,1,155.55555555555557,14.0
Kartik Sharma,MJ Santner,9,15,0,166.66666666666669,15.0
KV Sharma,PP Chawla,9,8,0,88.88888888888889,8.0
AK Markram,Arshad Khan,9,12,0,133.33333333333331,12.0
R Parag,R Sai Kishore,9,19,0,211.11111111111111,19.0
R Parag,MP Stoinis,9,15,0,166.66666666666669,15.0
R Parag,Nithish Kumar Reddy,9,6,0,66.66666666666666,6.0
Kuldeep Yadav,MM Ali,9,2,0,22.22222222222222,2.0
Harpreet Brar,SP Narine,9,9,0,100.0,9.0
Harpreet Brar,Suyash Sharma,9,3,0,33.33333333333333,3.0
Harbhajan Singh,M Morkel,9,12,1,133.33333333333331,12.0
RG Sharma,JR Hopes,9,16,0,177.77777777777777,16.0
Harbhajan Singh,Shakib Al Hasan,9,8,0,88.88888888888889,8.0
Harbhajan Singh,UT Yadav,9,7,1,77.77777777777779,7.0
V Kohli,NT Ellis,9,14,0,155.55555555555557,14.0
KV Sharma,DT Christian,9,3,0,33.33333333333333,3.0
KV Sharma,Imran Tahir,9,21,0,233.33333333333334,21.0
KS Williamson,Parvez Rasool,9,10,0,111.11111111111111,10.0
AK Markram,A Mishra,9,14,0,155.55555555555557,14.0
AK Markram,AS Joseph,9,14,0,155.55555555555557,14.0
Shubman Gill,Ashwani Kumar,9,6,1,66.66666666666666,6.0
Shubman Gill,BA Stokes,9,5,0,55.55555555555556,5.0
Shubman Gill,DJ Bravo,9,9,0,100.0,9.0
Kartik Sharma,K Rabada,9,18,1,200.0,18.0
Kartik Sharma,Kuldeep Yadav,9,9,0,100.0,9.0
IK Pathan,AB Dinda,9,17,0,188.88888888888889,17.0
IK Pathan,Anand Rajan,9,4,0,44.44444444444444,4.0
IK Pathan,B Lee,9,17,0,188.88888888888889,17.0
IK Pathan,JP Faulkner,9,8,1,88.88888888888889,8.0
IK Pathan,MF Maharoof,9,11,0,122.22222222222223,11.0
IR Jaggi,SK Warne,9,4,1,44.44444444444444,4.0
IR Jaggi,SL Malinga,9,12,0,133.33333333333331,12.0
R Powell,JJ Bumrah,9,9,1,100.0,9.0
R Powell,K Gowtham,9,19,0,211.11111111111111,19.0
A Symonds,RA Jadeja,9,9,1,100.0,9.0
A Symonds,RR Powar,9,9,0,100.0,9.0
KS Williamson,I Sharma,9,25,1,277.77777777777777,25.0
KS Williamson,JO Holder,9,9,0,100.0,9.0
KS Williamson,K Khejroliya,9,17,0,188.88888888888889,17.0
IK Pathan,R Vinay Kumar,9,13,0,144.44444444444443,13.0
AJ Finch,DW Steyn,9,11,1,122.22222222222223,11.0
A Nehra,IK Pathan,9,1,1,11.11111111111111,1.0
A Raghuvanshi,Abhishek Sharma,9,16,0,177.77777777777777,16.0
Ishan Kishan,A Zampa,9,14,0,155.55555555555557,14.0
Ishan Kishan,I Udana,9,20,1,222.22222222222223,20.0
AT Rayudu,R Dhawan,9,19,1,211.11111111111111,19.0
Ishan Kishan,L Ngidi,9,15,0,166.66666666666669,15.0
Ishan Kishan,DJ Willey,9,8,0,88.88888888888889,8.0
Ishan Kishan,DT Christian,9,13,1,144.44444444444443,13.0
V Kohli,K Kartikeya,9,13,0,144.44444444444443,13.0
Ishan Kishan,MC Henriques,9,3,0,33.33333333333333,3.0
Ishan Kishan,MR Marsh,9,5,0,55.55555555555556,5.0
Ishan Kishan,SS Cottrell,9,7,0,77.77777777777779,7.0
KR Mayers,Mukesh Kumar,9,22,0,244.44444444444446,22.0
R Powell,LH Ferguson,9,20,0,222.22222222222223,20.0
R Powell,M Markande,9,11,0,122.22222222222223,11.0
KS Williamson,C de Grandhomme,9,20,0,222.22222222222223,20.0
KS Bharat,RV Patel,9,7,0,77.77777777777779,7.0
SE Marsh,VS Yeligati,9,14,0,155.55555555555557,14.0
SE Rutherford,Arshdeep Singh,9,10,3,111.11111111111111,3.3333333333333335
J Botha,SL Malinga,9,14,1,155.55555555555557,14.0
J Arunkumar,AB Dinda,9,9,0,100.0,9.0
RG Sharma,BA Stokes,9,10,0,111.11111111111111,10.0
RE van der Merwe,RJ Harris,9,13,0,144.44444444444443,13.0
JA Morkel,A Kumble,9,13,0,144.44444444444443,13.0
A Raghuvanshi,JA Duffy,9,18,0,200.0,18.0
A Raghuvanshi,JJ Bumrah,9,9,0,100.0,9.0
A Raghuvanshi,K Rabada,9,12,1,133.33333333333331,12.0
V Kohli,DL Vettori,9,9,0,100.0,9.0
JA Morkel,AB Agarkar,9,19,0,211.11111111111111,19.0
R Ravindra,Azmatullah Omarzai,9,21,0,233.33333333333334,21.0
SK Raina,S Rana,9,13,0,144.44444444444443,13.0
KS Bharat,A Nortje,9,7,0,77.77777777777779,7.0
KS Bharat,AR Patel,9,25,0,277.77777777777777,25.0
Shubman Gill,H Sharma,9,20,0,222.22222222222223,20.0
JA Morkel,DL Vettori,9,15,0,166.66666666666669,15.0
V Kohli,AM Nayar,9,18,0,200.0,18.0
V Kohli,AS Joseph,9,12,0,133.33333333333331,12.0
JA Morkel,MM Sharma,9,12,0,133.33333333333331,12.0
JA Morkel,UT Yadav,9,7,2,77.77777777777779,3.5
V Kohli,AF Milne,9,15,1,166.66666666666669,15.0
KM Jadhav,VR Aaron,9,6,1,66.66666666666666,6.0
KM Jadhav,Yuvraj Singh,9,6,0,66.66666666666666,6.0
SK Raina,R Tewatia,9,13,1,144.44444444444443,13.0
SK Raina,RE van der Merwe,9,6,1,66.66666666666666,6.0
R Powell,Yash Raj Punja,9,17,0,188.88888888888889,17.0
KP Pietersen,BE Hendricks,9,23,0,255.55555555555554,23.0
KP Pietersen,Bipul Sharma,9,8,1,88.88888888888889,8.0
KP Pietersen,DJ Bravo,9,13,1,144.44444444444443,13.0
Shubman Gill,Lalit Yadav,9,8,0,88.88888888888889,8.0
KR Mayers,J Yadav,9,13,0,144.44444444444443,13.0
KR Mayers,KK Ahmed,9,5,0,55.55555555555556,5.0
JC Archer,L Ngidi,9,27,0,300.0,27.0
SE Rutherford,Imran Tahir,9,2,1,22.22222222222222,2.0
SE Rutherford,M Jansen,9,9,0,100.0,9.0
RD Rickelton,VG Arora,9,18,0,200.0,18.0
RD Rickelton,XC Bartlett,9,18,0,200.0,18.0
JC Buttler,KV Sharma,9,9,0,100.0,9.0
R Ravindra,WG Jacks,9,10,0,111.11111111111111,10.0
KM Jadhav,Mohammed Shami,9,3,2,33.33333333333333,1.5
KM Jadhav,PP Chawla,9,13,2,144.44444444444443,6.5
KP Pietersen,GB Hogg,9,16,0,177.77777777777777,16.0
KP Pietersen,JJ Bumrah,9,14,0,155.55555555555557,14.0
JC Buttler,MJ Santner,9,17,0,188.88888888888889,17.0
JC Buttler,MM Ali,9,25,1,277.77777777777777,25.0
RE Levi,R Ashwin,9,9,0,100.0,9.0
RE van der Merwe,JA Morkel,9,6,1,66.66666666666666,6.0
RD Rickelton,Nithish Kumar Reddy,9,24,0,266.66666666666663,24.0
AT Rayudu,KP Pietersen,9,11,0,122.22222222222223,11.0
A Raghuvanshi,Prince Yadav,9,8,1,88.88888888888889,8.0
AT Rayudu,J Theron,9,17,0,188.88888888888889,17.0
JC Buttler,Mukesh Choudhary,9,15,0,166.66666666666669,15.0
UBT Chand,S Sreesanth,9,9,1,100.0,9.0
UT Yadav,DW Steyn,9,3,0,33.33333333333333,3.0
JC Buttler,VG Arora,9,18,0,200.0,18.0
KL Rahul,VR Iyer,9,13,1,144.44444444444443,13.0
R Tewatia,CR Woakes,9,18,0,200.0,18.0
A Symonds,MB Parmar,9,16,0,177.77777777777777,16.0
Shubman Gill,Prince Yadav,9,9,1,100.0,9.0
KM Jadhav,KMA Paul,9,6,0,66.66666666666666,6.0
AP Tare,SR Watson,9,19,0,211.11111111111111,19.0
AP Tare,SW Tait,9,8,0,88.88888888888889,8.0
JC Buttler,VR Aaron,9,16,0,177.77777777777777,16.0
JC Buttler,Vivrant Sharma,9,15,0,166.66666666666669,15.0
SE Rutherford,Shahbaz Ahmed,9,16,0,177.77777777777777,16.0
SE Rutherford,TG Southee,9,2,1,22.22222222222222,2.0
RD Gaikwad,TK Curran,9,8,0,88.88888888888889,8.0
JD Ryder,R McLaren,9,17,1,188.88888888888889,17.0
JD Ryder,S Aravind,9,12,0,133.33333333333331,12.0
JC Buttler,Yudhvir Singh,9,8,0,88.88888888888889,8.0
JC Buttler,Z Khan,9,10,0,111.11111111111111,10.0
JD Ryder,AG Murtaza,9,8,0,88.88888888888889,8.0
JD Ryder,DJ Bravo,9,15,0,166.66666666666669,15.0
JD Ryder,HV Patel,9,13,1,144.44444444444443,13.0
AR Patel,BJ Dwarshuis,9,17,1,188.88888888888889,17.0
R Shepherd,M Pathirana,9,21,1,233.33333333333334,21.0
R Smaran,Mohammed Siraj,9,6,0,66.66666666666666,6.0
KM Jadhav,AN Ahmed,9,23,0,255.55555555555554,23.0
KL Rahul,S Dube,9,27,0,300.0,27.0
JDP Oram,RE van der Merwe,9,4,0,44.44444444444444,4.0
UBT Chand,Azhar Mahmood,9,3,1,33.33333333333333,3.0
UBT Chand,B Lee,9,4,2,44.44444444444444,2.0
UBT Chand,NLTC Perera,9,4,0,44.44444444444444,4.0
RD Rickelton,AS Roy,9,13,0,144.44444444444443,13.0
RD Rickelton,Akash Madhwal,9,12,0,133.33333333333331,12.0
RD Gaikwad,PP Chawla,9,12,1,133.33333333333331,12.0
R Tewatia,PP Chawla,9,10,1,111.11111111111111,10.0
KL Rahul,MC Henriques,9,12,1,133.33333333333331,12.0
KL Rahul,MJ Santner,9,9,0,100.0,9.0
KL Rahul,MK Lomror,9,13,0,144.44444444444443,13.0
KL Rahul,Mukesh Kumar,9,10,0,111.11111111111111,10.0
Shubman Gill,R Tewatia,9,11,2,122.22222222222223,5.5
KL Rahul,NLTC Perera,9,11,1,122.22222222222223,11.0
AR Patel,Arshdeep Singh,9,10,0,111.11111111111111,10.0
JD Unadkat,SP Narine,9,12,1,133.33333333333331,12.0
RD Gaikwad,MM Sharma,9,14,1,155.55555555555557,14.0
Tilak Varma,T Natarajan,9,11,0,122.22222222222223,11.0
Tilak Varma,Umran Malik,9,7,1,77.77777777777779,7.0
Tilak Varma,VG Arora,9,22,0,244.44444444444446,22.0
Tilak Varma,Yash Dayal,9,18,0,200.0,18.0
JEC Franklin,M Kartik,9,8,0,88.88888888888889,8.0
JH Kallis,BAW Mendis,9,9,0,100.0,9.0
JEC Franklin,Shakib Al Hasan,9,9,0,100.0,9.0
KL Rahul,HR Shokeen,9,7,0,77.77777777777779,7.0
KL Rahul,M Ashwin,9,14,0,155.55555555555557,14.0
Shubman Gill,SH Johnson,9,18,1,200.0,18.0
AR Patel,JP Duminy,9,6,0,66.66666666666666,6.0
RD Gaikwad,J Little,9,24,0,266.66666666666663,24.0
JH Kallis,DP Nannes,9,6,1,66.66666666666666,6.0
JH Kallis,AL Menaria,9,15,0,166.66666666666669,15.0
Tilak Varma,Nithish Kumar Reddy,9,10,0,111.11111111111111,10.0
JH Kallis,BW Hilfenhaus,9,4,1,44.44444444444444,4.0
JH Kallis,JEC Franklin,9,19,1,211.11111111111111,19.0
JH Kallis,KV Sharma,9,5,0,55.55555555555556,5.0
JH Kallis,MA Starc,9,9,0,100.0,9.0
AB de Villiers,SS Cottrell,9,12,0,133.33333333333331,12.0
AB de Villiers,Shoaib Akhtar,9,4,1,44.44444444444444,4.0
AJ Finch,M de Lange,9,14,0,155.55555555555557,14.0
AT Rayudu,DL Vettori,9,4,1,44.44444444444444,4.0
JH Kallis,TM Dilshan,9,10,0,111.11111111111111,10.0
JH Kallis,WD Parnell,9,7,1,77.77777777777779,7.0
JJ Roy,Bipul Sharma,9,13,0,144.44444444444443,13.0
JJ Roy,HV Patel,9,14,0,155.55555555555557,14.0
JH Kallis,T Thushara,9,8,0,88.88888888888889,8.0
R Tewatia,SN Thakur,9,11,2,122.22222222222223,5.5
AR Patel,KV Sharma,9,23,0,255.55555555555554,23.0
KL Rahul,Azmatullah Omarzai,9,13,0,144.44444444444443,13.0
AR Patel,JC Archer,9,9,0,100.0,9.0
AR Patel,JO Holder,9,13,0,144.44444444444443,13.0
KL Rahul,FA Allen,9,21,0,233.33333333333334,21.0
JH Kallis,TG Southee,9,16,0,177.77777777777777,16.0
AJ Finch,MS Gony,9,21,1,233.33333333333334,21.0
Tilak Varma,Ashok Sharma,9,28,0,311.11111111111114,28.0
JJ Roy,M Pathirana,9,8,0,88.88888888888889,8.0
JJ Roy,Mohammed Siraj,9,13,0,144.44444444444443,13.0
JM Bairstow,AS Rajpoot,9,11,0,122.22222222222223,11.0
JM Bairstow,AS Roy,9,29,1,322.22222222222223,29.0
Tilak Varma,A Nortje,9,10,1,111.11111111111111,10.0
JM Bairstow,KV Sharma,9,23,0,255.55555555555554,23.0
KK Nair,MM Sharma,9,5,0,55.55555555555556,5.0
R Vinay Kumar,KA Pollard,9,12,0,133.33333333333331,12.0
Sikandar Raza,KH Pandya,9,20,0,222.22222222222223,20.0
Sikandar Raza,Noor Ahmad,9,11,0,122.22222222222223,11.0
Suryansh Shedge,Arshad Khan,9,14,0,155.55555555555557,14.0
Suryansh Shedge,Shivang Kumar,9,20,0,222.22222222222223,20.0
Suryansh Shedge,Suyash Sharma,9,15,1,166.66666666666669,15.0
Swapnil Singh,Noor Ahmad,9,9,0,100.0,9.0
T Banton,Mohammed Siraj,9,3,1,33.33333333333333,3.0
KK Nair,TA Boult,9,19,0,211.11111111111111,19.0
RA Jadeja,BAW Mendis,9,8,0,88.88888888888889,8.0
R Vinay Kumar,RN ten Doeschate,9,7,0,77.77777777777779,7.0
R Vinay Kumar,RP Singh,9,4,2,44.44444444444444,2.0
KK Cooper,Harbhajan Singh,9,10,1,111.11111111111111,10.0
KK Nair,AD Mathews,9,10,0,111.11111111111111,10.0
KK Nair,K Santokie,9,16,0,177.77777777777777,16.0
KK Nair,KA Pollard,9,14,0,155.55555555555557,14.0
KK Nair,DJ Hooda,9,12,0,133.33333333333331,12.0
RA Tripathi,Yash Thakur,9,8,2,88.88888888888889,4.0
RD Chahar,KK Ahmed,9,15,0,166.66666666666669,15.0
JM Bairstow,SS Cottrell,9,16,0,177.77777777777777,16.0
JM Bairstow,Sandeep Sharma,9,3,0,33.33333333333333,3.0
TM Head,SN Thakur,9,10,0,111.11111111111111,10.0
JM Sharma,Mohsin Khan,9,7,0,77.77777777777779,7.0
KH Pandya,JO Holder,9,13,0,144.44444444444443,13.0
RA Jadeja,Iqbal Abdulla,9,10,1,111.11111111111111,10.0
KH Pandya,MM Sharma,9,17,2,188.88888888888889,8.5
KH Pandya,Mohammad Nabi,9,8,0,88.88888888888889,8.0
KH Pandya,P Negi,9,6,1,66.66666666666666,6.0
KH Pandya,RA Bawa,9,13,0,144.44444444444443,13.0
KK Nair,AS Roy,9,11,1,122.22222222222223,11.0
KH Pandya,S Nadeem,9,14,1,155.55555555555557,14.0
JM Bairstow,Y Prithvi Raj,9,12,0,133.33333333333331,12.0
JM Bairstow,Yash Dayal,9,12,0,133.33333333333331,12.0
RA Tripathi,R Dhawan,9,16,0,177.77777777777777,16.0
JM Sharma,Suyash Sharma,9,16,0,177.77777777777777,16.0
TM Head,Kuldeep Yadav,9,6,1,66.66666666666666,6.0
TM Head,MW Short,9,4,0,44.44444444444444,4.0
JM Sharma,Noor Ahmad,9,12,1,133.33333333333331,12.0
JM Sharma,W O'Rourke,9,32,0,355.55555555555554,32.0
KD Karthik,Washington Sundar,9,11,0,122.22222222222223,11.0
KH Pandya,A Zampa,9,6,0,66.66666666666666,6.0
AR Patel,M Theekshana,9,25,1,277.77777777777777,25.0
RA Jadeja,Karanveer Singh,9,19,0,211.11111111111111,19.0
AR Patel,PV Tambe,9,11,0,122.22222222222223,11.0
KH Pandya,K Khejroliya,9,11,0,122.22222222222223,11.0
KH Pandya,CJ Jordan,9,12,0,133.33333333333331,12.0
T Stubbs,JC Archer,9,14,1,155.55555555555557,14.0
SK Raina,B Stanlake,9,8,0,88.88888888888889,8.0
TM Head,K Gowtham,9,26,0,288.88888888888886,26.0
JP Duminy,M Ashwin,9,13,0,144.44444444444443,13.0
JP Duminy,DJ Bravo,9,11,1,122.22222222222223,11.0
JP Duminy,Harmeet Singh,9,19,0,211.11111111111111,19.0
JP Duminy,PC Valthaty,9,8,0,88.88888888888889,8.0
JP Duminy,K Goel,9,3,0,33.33333333333333,3.0
JP Duminy,M Manhas,9,8,0,88.88888888888889,8.0
JP Duminy,MG Johnson,9,8,0,88.88888888888889,8.0
RA Tripathi,P Kumar,9,24,0,266.66666666666663,24.0
TM Head,AR Patel,9,14,1,155.55555555555557,14.0
JP Duminy,Shoaib Ahmed,9,11,0,122.22222222222223,11.0
JP Duminy,WD Parnell,9,8,1,88.88888888888889,8.0
JP Faulkner,NLTC Perera,9,13,0,144.44444444444443,13.0
JP Inglis,AJ Hosein,9,33,0,366.66666666666663,33.0
AB de Villiers,SM Pollock,9,3,0,33.33333333333333,3.0
KD Karthik,S Sreesanth,9,5,0,55.55555555555556,5.0
KD Karthik,Naveen-ul-Haq,9,8,1,88.88888888888889,8.0
KD Karthik,P Negi,9,8,0,88.88888888888889,8.0
KD Karthik,RR Raje,9,15,0,166.66666666666669,15.0
T Stubbs,R Sai Kishore,9,30,0,333.33333333333337,30.0
T Stubbs,R Shepherd,9,29,0,322.22222222222223,29.0
JP Inglis,Akash Singh,9,11,1,122.22222222222223,11.0
JP Faulkner,B Kumar,9,21,2,233.33333333333334,10.5
AJ Finch,S Aravind,9,12,0,133.33333333333331,12.0
RA Tripathi,MG Johnson,9,5,0,55.55555555555556,5.0
A Symonds,B Lee,9,6,0,66.66666666666666,6.0
A Symonds,Bipul Sharma,9,14,0,155.55555555555557,14.0
A Symonds,DE Bollinger,9,8,0,88.88888888888889,8.0
JP Faulkner,MA Starc,9,20,0,222.22222222222223,20.0
RA Jadeja,MC Henriques,9,15,0,166.66666666666669,15.0
RA Jadeja,MJ McClenaghan,9,17,1,188.88888888888889,17.0
SK Raina,HF Gurney,9,15,0,166.66666666666669,15.0
SK Raina,Harpreet Brar,9,15,0,166.66666666666669,15.0
KD Karthik,Harshit Rana,9,10,0,111.11111111111111,10.0
KD Karthik,MN Samuels,9,9,0,100.0,9.0
TH David,A Kamboj,9,18,0,200.0,18.0
JR Hopes,CH Gayle,9,17,0,188.88888888888889,17.0
JR Hopes,DS Kulkarni,9,13,0,144.44444444444443,13.0
JR Hopes,DW Steyn,9,9,0,100.0,9.0
JR Hopes,M Muralitharan,9,12,0,133.33333333333331,12.0
K Goel,Pankaj Singh,9,11,0,122.22222222222223,11.0
JR Philippe,Sandeep Sharma,9,8,0,88.88888888888889,8.0
KC Sangakkara,P Amarnath,9,11,0,122.22222222222223,11.0
KC Sangakkara,PD Collingwood,9,9,1,100.0,9.0
RA Jadeja,MJ Santner,9,4,0,44.44444444444444,4.0
RA Jadeja,MP Yadav,9,25,0,277.77777777777777,25.0
RA Jadeja,MS Gony,9,8,0,88.88888888888889,8.0
KC Sangakkara,RJ Harris,9,17,0,188.88888888888889,17.0
AR Patel,TA Boult,9,11,2,122.22222222222223,5.5
TM Dilshan,Joginder Sharma,9,11,0,122.22222222222223,11.0
KA Jamieson,SP Narine,9,3,0,33.33333333333333,3.0
K Rabada,Ashwani Kumar,9,10,0,111.11111111111111,10.0
KA Pollard,AA Chavan,9,16,1,177.77777777777777,16.0
KA Pollard,AP Dole,9,17,1,188.88888888888889,17.0
AT Rayudu,A Mithun,9,17,0,188.88888888888889,17.0
AJ Finch,SR Watson,9,8,0,88.88888888888889,8.0
KC Sangakkara,Iqbal Abdulla,9,8,1,88.88888888888889,8.0
KC Sangakkara,JD Unadkat,9,8,1,88.88888888888889,8.0
KC Sangakkara,R McLaren,9,10,0,111.11111111111111,10.0
KC Sangakkara,KP Appanna,9,8,0,88.88888888888889,8.0
KC Sangakkara,L Balaji,9,9,1,100.0,9.0
KC Sangakkara,M Manhas,9,11,0,122.22222222222223,11.0
TH David,Kuldeep Yadav,9,9,0,100.0,9.0
TH David,MM Sharma,9,10,1,111.11111111111111,10.0
KA Pollard,A Kumble,9,4,1,44.44444444444444,4.0
KA Pollard,Iqbal Abdulla,9,7,0,77.77777777777779,7.0
KA Pollard,JC Archer,9,4,1,44.44444444444444,4.0
TL Suman,RJ Harris,9,0,1,0.0,0.0
KA Pollard,Ravi Bishnoi,9,11,0,122.22222222222223,11.0
AS Raut,R Vinay Kumar,9,23,0,255.55555555555554,23.0
RA Jadeja,R Tewatia,9,7,0,77.77777777777779,7.0
TL Suman,DJ Bravo,9,8,1,88.88888888888889,8.0
KA Pollard,STR Binny,9,17,1,188.88888888888889,17.0
Yuvraj Singh,S Sreesanth,9,11,0,122.22222222222223,11.0
B Chipli,GD McGrath,9,1,1,11.11111111111111,1.0
Yuvraj Singh,P Awana,9,13,0,144.44444444444443,13.0
Yuvraj Singh,PD Collingwood,9,4,0,44.44444444444444,4.0
Yuvraj Singh,R Rampaul,9,10,0,111.11111111111111,10.0
P Negi,M de Lange,9,18,0,200.0,18.0
P Negi,PJ Cummins,9,16,0,177.77777777777777,16.0
SPD Smith,CJ Anderson,9,6,0,66.66666666666666,6.0
Yuvraj Singh,RJ Harris,9,14,0,155.55555555555557,14.0
A Badoni,HV Patel,9,11,0,122.22222222222223,11.0
A Ashish Reddy,Harbhajan Singh,8,11,0,137.5,11.0
A Badoni,KH Pandya,8,12,0,150.0,12.0
A Badoni,K Rabada,8,8,1,100.0,8.0
Yuvraj Singh,S Kaushik,8,2,1,25.0,2.0
AB de Villiers,KL Nagarkoti,8,20,0,250.0,20.0
P Nissanka,MJ Santner,8,11,1,137.5,11.0
B Indrajith,M Prasidh Krishna,8,9,1,112.5,9.0
B Kumar,Arshdeep Singh,8,8,1,100.0,8.0
S Gopal,Rashid Khan,8,8,0,100.0,8.0
S Nadeem,R Ashwin,8,3,0,37.5,3.0
S Dube,Shivam Mavi,8,4,1,50.0,4.0
S Dube,WG Jacks,8,9,0,112.5,9.0
S Dube,Washington Sundar,8,6,0,75.0,6.0
Yuvraj Singh,Mohammad Hafeez,8,16,1,200.0,16.0
AB de Villiers,KP Appanna,8,9,1,112.5,9.0
AB de Villiers,Kartik Tyagi,8,7,0,87.5,7.0
AB de Villiers,M Markande,8,8,0,100.0,8.0
P Simran Singh,MA Starc,8,17,0,212.5,17.0
P Kumar,L Balaji,8,23,0,287.5,23.0
P Kumar,MM Sharma,8,8,2,100.0,4.0
KA Pollard,JE Taylor,8,10,1,125.0,10.0
KA Pollard,MS Gony,8,3,0,37.5,3.0
TL Suman,J Theron,8,11,0,137.5,11.0
TL Suman,M Morkel,8,10,0,125.0,10.0
AT Carey,JC Archer,8,11,0,137.5,11.0
KA Pollard,PP Ojha,8,2,1,25.0,2.0
KA Pollard,R Dhawan,8,11,0,137.5,11.0
RA Jadeja,TK Curran,8,10,0,125.0,10.0
RA Jadeja,TP Sudhindra,8,13,0,162.5,13.0
KA Pollard,TS Mills,8,12,0,150.0,12.0
TL Seifert,K Rabada,8,13,1,162.5,13.0
TL Seifert,Mohammed Shami,8,4,1,50.0,4.0
TL Suman,AA Chavan,8,8,0,100.0,8.0
KA Pollard,S Ladda,8,17,1,212.5,17.0
Z Khan,SB Jakati,8,8,0,100.0,8.0
A Ashish Reddy,M Kartik,8,6,0,75.0,6.0
TH David,R Ashwin,8,5,0,62.5,5.0
TH David,SP Narine,8,4,0,50.0,4.0
RA Jadeja,SB Jakati,8,15,0,187.5,15.0
AJ Finch,T Natarajan,8,15,0,187.5,15.0
AJ Finch,WD Parnell,8,5,0,62.5,5.0
KC Sangakkara,MA Khote,8,13,0,162.5,13.0
TH David,Noor Ahmad,8,20,1,250.0,20.0
TM Dilshan,Anand Rajan,8,8,0,100.0,8.0
KA Jamieson,Suyash Sharma,8,1,0,12.5,1.0
RA Jadeja,SK Warne,8,4,1,50.0,4.0
KA Pollard,JA Morkel,8,6,2,75.0,3.0
KA Pollard,B Stanlake,8,11,1,137.5,11.0
KA Pollard,DE Bollinger,8,22,0,275.0,22.0
KA Pollard,DP Nannes,8,7,1,87.5,7.0
KA Pollard,KC Cariappa,8,15,0,187.5,15.0
KA Pollard,GB Hogg,8,13,0,162.5,13.0
RA Jadeja,P Kumar,8,4,0,50.0,4.0
RA Jadeja,P Negi,8,1,0,12.5,1.0
KC Sangakkara,SW Tait,8,15,1,187.5,15.0
TH David,K Rabada,8,9,0,112.5,9.0
KD Karthik,AG Murtaza,8,6,1,75.0,6.0
TH David,JJ Bumrah,8,14,0,175.0,14.0
K Goel,JP Duminy,8,8,0,100.0,8.0
AT Rayudu,AD Mathews,8,13,0,162.5,13.0
KA Jamieson,R Shepherd,8,11,0,137.5,11.0
K Rabada,B Kumar,8,11,0,137.5,11.0
K Rabada,KA Pollard,8,11,0,137.5,11.0
KA Pollard,AC Thomas,8,17,0,212.5,17.0
AT Rayudu,A Singh,8,8,0,100.0,8.0
AT Rayudu,AA Jhunjhunwala,8,21,0,262.5,21.0
AT Rayudu,AC Thomas,8,5,1,62.5,5.0
TM Dilshan,AB Agarkar,8,16,0,200.0,16.0
KD Karthik,Mukesh Choudhary,8,21,0,262.5,21.0
TA Boult,Noor Ahmad,8,13,0,162.5,13.0
KD Karthik,R Tewatia,8,7,1,87.5,7.0
JP Inglis,Vijaykumar Vyshak,8,13,0,162.5,13.0
RA Tripathi,GJ Maxwell,8,12,0,150.0,12.0
RA Tripathi,Harbhajan Singh,8,8,0,100.0,8.0
JR Hopes,KA Pollard,8,15,0,187.5,15.0
K Goel,SM Pollock,8,3,0,37.5,3.0
K Goel,VY Mahesh,8,21,1,262.5,21.0
K Gowtham,DL Chahar,8,14,0,175.0,14.0
JR Philippe,Rashid Khan,8,3,1,37.5,3.0
JR Philippe,S Nadeem,8,15,0,187.5,15.0
JR Philippe,TA Boult,8,11,0,137.5,11.0
TH David,PJ Cummins,8,8,0,100.0,8.0
KC Sangakkara,NLTC Perera,8,18,0,225.0,18.0
RA Jadeja,P Awana,8,11,2,137.5,5.5
KD Karthik,SM Pollock,8,7,1,87.5,7.0
KH Pandya,Akash Madhwal,8,5,0,62.5,5.0
JP Faulkner,DW Steyn,8,7,0,87.5,7.0
RA Tripathi,JD Unadkat,8,9,0,112.5,9.0
JP Faulkner,KV Sharma,8,10,1,125.0,10.0
JR Hopes,JD Unadkat,8,7,0,87.5,7.0
JP Inglis,SS Mishra,8,11,0,137.5,11.0
A Symonds,AD Mathews,8,7,0,87.5,7.0
JR Hopes,YK Pathan,8,12,1,150.0,12.0
JP Inglis,TA Boult,8,15,0,187.5,15.0
KD Karthik,DE Bollinger,8,8,0,100.0,8.0
TH David,DA Payne,8,13,0,162.5,13.0
TH David,DS Rathi,8,18,0,225.0,18.0
TH David,JA Richardson,8,10,0,125.0,10.0
KD Karthik,M Prasidh Krishna,8,11,1,137.5,11.0
KD Karthik,MJ Santner,8,9,0,112.5,9.0
JP Duminy,KH Pandya,8,8,0,100.0,8.0
RA Tripathi,Mohammad Nabi,8,15,0,187.5,15.0
RA Tripathi,Mohit Rathee,8,21,0,262.5,21.0
RA Tripathi,PP Chawla,8,7,2,87.5,3.5
AJ Finch,Ravi Bishnoi,8,7,1,87.5,7.0
JP Duminy,Parvez Rasool,8,7,0,87.5,7.0
JP Faulkner,KH Pandya,8,4,0,50.0,4.0
JP Faulkner,MP Stoinis,8,9,0,112.5,9.0
JP Faulkner,S Gopal,8,8,0,100.0,8.0
AR Patel,R Sai Kishore,8,15,0,187.5,15.0
AB de Villiers,RS Bopara,8,20,0,250.0,20.0
KD Karthik,P Sahu,8,13,0,162.5,13.0
KD Karthik,Suyash Sharma,8,6,2,75.0,3.0
T Stubbs,N Thushara,8,15,0,187.5,15.0
T Stubbs,R Ashwin,8,20,0,250.0,20.0
T Stubbs,Rashid Khan,8,14,0,175.0,14.0
RA Jadeja,DS Rathi,8,8,0,100.0,8.0
AR Patel,MM Sharma,8,8,1,100.0,8.0
AR Patel,P Kumar,8,6,1,75.0,6.0
KH Pandya,KMA Paul,8,12,0,150.0,12.0
KH Pandya,M Ashwin,8,14,0,175.0,14.0
KH Pandya,Avesh Khan,8,5,0,62.5,5.0
KH Pandya,Basil Thampi,8,6,0,75.0,6.0
T Stubbs,I Sharma,8,12,0,150.0,12.0
JO Holder,R Shepherd,8,17,0,212.5,17.0
JO Holder,TA Boult,8,8,0,100.0,8.0
SK Raina,BAW Mendis,8,21,0,262.5,21.0
TM Head,Basil Thampi,8,15,0,187.5,15.0
TM Head,CR Woakes,8,12,0,150.0,12.0
JP Duminy,I Sharma,8,6,0,75.0,6.0
JP Duminy,MR Marsh,8,7,1,87.5,7.0
JP Duminy,Mohammed Siraj,8,8,0,100.0,8.0
T Stubbs,L Wood,8,27,0,337.5,27.0
T Stubbs,M Prasidh Krishna,8,10,0,125.0,10.0
KH Pandya,Harshit Rana,8,9,1,112.5,9.0
KH Pandya,I Sharma,8,17,0,212.5,17.0
SK Raina,JO Holder,8,11,1,137.5,11.0
KK Nair,Arshad Khan,8,13,0,162.5,13.0
KH Pandya,Ravi Bishnoi,8,3,2,37.5,1.5
KH Pandya,TS Mills,8,11,0,137.5,11.0
RA Tripathi,Ramandeep Singh,8,12,1,150.0,12.0
RA Tripathi,S Kaul,8,20,0,250.0,20.0
JM Sharma,KK Ahmed,8,16,1,200.0,16.0
TM Head,KK Ahmed,8,19,0,237.5,19.0
JM Sharma,PWH de Silva,8,11,1,137.5,11.0
JM Sharma,R Sai Kishore,8,12,2,150.0,6.0
JP Duminy,B Lee,8,11,0,137.5,11.0
JO Holder,AR Patel,8,4,2,50.0,2.0
R Vinay Kumar,RJ Harris,8,8,3,100.0,2.6666666666666665
KK Nair,GB Hogg,8,8,0,100.0,8.0
KK Nair,GS Sandhu,8,19,0,237.5,19.0
KH Pandya,V Nigam,8,10,1,125.0,10.0
KH Pandya,WG Jacks,8,8,0,100.0,8.0
KK Cooper,Imran Tahir,8,10,0,125.0,10.0
JM Bairstow,B Kumar,8,13,0,162.5,13.0
JM Bairstow,DJ Hooda,8,10,0,125.0,10.0
RD Gaikwad,CJ Jordan,8,14,0,175.0,14.0
RD Gaikwad,DG Nalkande,8,13,0,162.5,13.0
TR Birt,DT Christian,8,2,1,25.0,2.0
Tanush Kotian,Arshdeep Singh,8,10,0,125.0,10.0
AT Rayudu,Arshdeep Singh,8,5,0,62.5,5.0
TM Head,N Thushara,8,9,0,112.5,9.0
TM Head,Naveen-ul-Haq,8,31,0,387.5,31.0
TM Head,RJW Topley,8,21,0,262.5,21.0
KL Rahul,E Malinga,8,10,0,125.0,10.0
AJ Finch,MP Stoinis,8,16,0,200.0,16.0
AJ Finch,Mohammed Siraj,8,12,0,150.0,12.0
AJ Finch,P Negi,8,14,3,175.0,4.666666666666667
RD Gaikwad,E Malinga,8,5,1,62.5,5.0
JJ Roy,R Dhawan,8,11,0,137.5,11.0
Tilak Varma,DS Rathi,8,4,0,50.0,4.0
Tilak Varma,I Sharma,8,6,0,75.0,6.0
RA Jadeja,AS Joseph,8,9,1,112.5,9.0
KL Rahul,A Nortje,8,10,0,125.0,10.0
Swapnil Singh,A Zampa,8,5,0,62.5,5.0
KK Nair,R Tewatia,8,6,0,75.0,6.0
AR Patel,Kuldeep Yadav,8,13,1,162.5,13.0
AR Patel,LS Livingstone,8,7,0,87.5,7.0
KH Pandya,UT Yadav,8,12,1,150.0,12.0
RA Jadeja,DJ Bravo,8,10,0,125.0,10.0
JH Kallis,Mohammad Asif,8,15,0,187.5,15.0
AB de Villiers,Shivam Sharma,8,17,0,212.5,17.0
AB de Villiers,V Pratap Singh,8,4,0,50.0,4.0
AT Rayudu,CJ Jordan,8,10,1,125.0,10.0
AT Rayudu,DP Nannes,8,7,0,87.5,7.0
JH Kallis,P Parameswaran,8,7,0,87.5,7.0
JJ Bumrah,BB Sran,8,5,1,62.5,5.0
KK Nair,VG Arora,8,6,1,75.0,6.0
KK Nair,WD Parnell,8,13,0,162.5,13.0
R Tewatia,RA Jadeja,8,5,0,62.5,5.0
SK Raina,Kamran Khan,8,20,0,250.0,20.0
Shubman Gill,XC Bartlett,8,15,0,187.5,15.0
KL Rahul,AN Ahmed,8,11,0,137.5,11.0
KL Rahul,AU Rashid,8,11,1,137.5,11.0
Shubman Gill,UT Yadav,8,14,0,175.0,14.0
KL Rahul,DS Rathi,8,5,0,62.5,5.0
R Tewatia,L Wood,8,17,0,212.5,17.0
KL Rahul,KA Jamieson,8,10,0,125.0,10.0
KL Rahul,KV Sharma,8,9,1,112.5,9.0
KL Rahul,L Balaji,8,3,0,37.5,3.0
KL Rahul,L Ngidi,8,4,2,50.0,2.0
AR Patel,I Sharma,8,8,0,100.0,8.0
Shubman Gill,S Dube,8,14,0,175.0,14.0
KL Rahul,JO Holder,8,9,2,112.5,4.5
JG Bethell,JJ Bumrah,8,4,0,50.0,4.0
JG Bethell,Mohammed Shami,8,4,1,50.0,4.0
RD Gaikwad,Mohammad Nabi,8,10,0,125.0,10.0
RD Gaikwad,K Yadav,8,10,0,125.0,10.0
RD Gaikwad,KA Pollard,8,12,0,150.0,12.0
JH Kallis,DS Kulkarni,8,7,0,87.5,7.0
JH Kallis,AB McDonald,8,9,0,112.5,9.0
Tilak Varma,PVD Chameera,8,8,0,100.0,8.0
KL Rahul,MD Shanaka,8,12,1,150.0,12.0
KL Rahul,R Sai Kishore,8,16,0,200.0,16.0
KL Rahul,R Shepherd,8,10,0,125.0,10.0
KL Rahul,N Rana,8,10,0,125.0,10.0
KL Rahul,Prince Yadav,8,13,0,162.5,13.0
JE Root,WD Parnell,8,4,1,50.0,4.0
JD Unadkat,CV Varun,8,7,0,87.5,7.0
RD Gaikwad,KL Nagarkoti,8,13,0,162.5,13.0
Tilak Varma,XC Bartlett,8,20,0,250.0,20.0
JEC Franklin,BW Hilfenhaus,8,0,1,0.0,0.0
JEC Franklin,DL Vettori,8,7,0,87.5,7.0
JH Kallis,Azhar Mahmood,8,9,1,112.5,9.0
KL Rahul,Harshit Rana,8,14,1,175.0,14.0
SK Raina,MM Ali,8,14,1,175.0,14.0
R Tewatia,KV Sharma,8,23,0,287.5,23.0
R Tewatia,L Ngidi,8,9,0,112.5,9.0
KM Jadhav,CR Brathwaite,8,24,0,300.0,24.0
KM Jadhav,HV Patel,8,6,2,75.0,3.0
AP Tare,MR Marsh,8,6,0,75.0,6.0
AP Tare,PJ Sangwan,8,16,1,200.0,16.0
UBT Chand,A Mishra,8,12,1,150.0,12.0
UBT Chand,JD Unadkat,8,6,1,75.0,6.0
JD Ryder,MM Patel,8,6,0,75.0,6.0
RD Gaikwad,TU Deshpande,8,8,0,100.0,8.0
RD Gaikwad,Navdeep Saini,8,14,0,175.0,14.0
JDP Oram,Shoaib Ahmed,8,19,0,237.5,19.0
JDS Neesham,AR Patel,8,4,0,50.0,4.0
JDS Neesham,Karanveer Singh,8,3,1,37.5,3.0
JDS Neesham,Rashid Khan,8,9,0,112.5,9.0
KL Rahul,JPR Scantlebury-Searles,8,14,0,175.0,14.0
R Tewatia,MJ Santner,8,3,0,37.5,3.0
R Tewatia,JO Holder,8,13,0,162.5,13.0
AP Tare,PV Tambe,8,12,0,150.0,12.0
AP Tare,R Vinay Kumar,8,12,0,150.0,12.0
Shubman Gill,Mukesh Choudhary,8,9,1,112.5,9.0
Shubman Gill,NM Coulter-Nile,8,10,0,125.0,10.0
Shubman Gill,OC McCoy,8,13,0,162.5,13.0
SE Rutherford,TA Boult,8,9,3,112.5,3.0
SE Rutherford,UT Yadav,8,10,0,125.0,10.0
RD Gaikwad,Shakib Al Hasan,8,16,0,200.0,16.0
JD Ryder,A Mithun,8,14,0,175.0,14.0
AR Patel,Azmatullah Omarzai,8,6,0,75.0,6.0
AR Patel,CJ Anderson,8,13,0,162.5,13.0
R Shepherd,R Ashwin,8,6,0,75.0,6.0
R Shepherd,Rashid Khan,8,15,0,187.5,15.0
KM Jadhav,A Nehra,8,17,0,212.5,17.0
KL Rahul,RP Singh,8,8,0,100.0,8.0
KL Rahul,SH Johnson,8,10,0,125.0,10.0
Urvil Patel,Mohammed Siraj,8,9,1,112.5,9.0
Urvil Patel,Prince Yadav,8,5,0,62.5,5.0
RD Rickelton,R Ashwin,8,6,0,75.0,6.0
RD Rickelton,Harshit Rana,8,15,0,187.5,15.0
RD Rickelton,KK Ahmed,8,14,1,175.0,14.0
RD Rickelton,M Jansen,8,16,1,200.0,16.0
SE Rutherford,SN Thakur,8,6,1,75.0,6.0
AT Rayudu,J Syed Mohammad,8,11,0,137.5,11.0
UBT Chand,TG Southee,8,4,1,50.0,4.0
JC Buttler,S Nadeem,8,15,0,187.5,15.0
JD Ryder,I Sharma,8,14,0,175.0,14.0
JC Buttler,Umran Malik,8,20,1,250.0,20.0
SK Raina,MS Gony,8,20,0,250.0,20.0
SK Raina,Mustafizur Rahman,8,9,0,112.5,9.0
A Symonds,PD Collingwood,8,15,0,187.5,15.0
A Symonds,PP Ojha,8,3,0,37.5,3.0
R Sharma,R Vinay Kumar,8,1,1,12.5,1.0
R Shepherd,A Nortje,8,33,0,412.5,33.0
R Shepherd,Avesh Khan,8,8,0,100.0,8.0
R Ravindra,Swapnil Singh,8,7,0,87.5,7.0
KM Jadhav,Rashid Khan,8,6,1,75.0,6.0
KM Jadhav,S Gopal,8,16,0,200.0,16.0
KM Jadhav,SR Watson,8,10,0,125.0,10.0
KM Jadhav,Sandeep Sharma,8,9,1,112.5,9.0
AT Rayudu,JL Pattinson,8,9,0,112.5,9.0
JC Buttler,Iqbal Abdulla,8,19,1,237.5,19.0
JC Buttler,JA Duffy,8,14,0,175.0,14.0
JC Buttler,JO Holder,8,10,0,125.0,10.0
JC Buttler,JW Hastings,8,5,0,62.5,5.0
RE Levi,DW Steyn,8,1,2,12.5,0.5
RD Rickelton,MA Starc,8,14,0,175.0,14.0
AT Rayudu,Joginder Sharma,8,6,0,75.0,6.0
KP Pietersen,Pankaj Singh,8,10,0,125.0,10.0
KP Pietersen,V Pratap Singh,8,10,0,125.0,10.0
Shubman Gill,MP Stoinis,8,17,0,212.5,17.0
JC Buttler,A Kamboj,8,13,0,162.5,13.0
SE Rutherford,Mukesh Kumar,8,6,1,75.0,6.0
RE Levi,AA Chavan,8,14,0,175.0,14.0
A Raghuvanshi,Sumit Kumar,8,16,0,200.0,16.0
JC Buttler,AS Roy,8,6,0,75.0,6.0
JC Buttler,Abhishek Sharma,8,13,0,162.5,13.0
JC Buttler,DS Kulkarni,8,5,0,62.5,5.0
JC Buttler,Gurjapneet Singh,8,10,0,125.0,10.0
JC Buttler,Harbhajan Singh,8,19,0,237.5,19.0
JC Buttler,MJ Henry,8,19,0,237.5,19.0
Shubman Gill,PHKD Mendis,8,17,0,212.5,17.0
KM Jadhav,J Suchith,8,10,0,125.0,10.0
R Sathish,NLTC Perera,8,4,0,50.0,4.0
KP Pietersen,Z Khan,8,9,0,112.5,9.0
KR Mayers,Arshdeep Singh,8,17,0,212.5,17.0
Shubman Gill,KA Maharaj,8,13,0,162.5,13.0
Shubman Gill,KR Sen,8,10,0,125.0,10.0
JA Morkel,Harbhajan Singh,8,18,1,225.0,18.0
RG Sharma,Abhishek Sharma,8,12,0,150.0,12.0
AJ Finch,LH Ferguson,8,19,1,237.5,19.0
V Kohli,AL Menaria,8,9,0,112.5,9.0
JA Morkel,RG Sharma,8,12,0,150.0,12.0
JA Morkel,SB Styris,8,8,0,100.0,8.0
JA Morkel,SP Narine,8,22,0,275.0,22.0
JA Morkel,Sohail Tanvir,8,9,2,112.5,4.5
JC Archer,AD Russell,8,10,1,125.0,10.0
JC Archer,KV Sharma,8,10,0,125.0,10.0
SK Raina,Navdeep Saini,8,8,0,100.0,8.0
KP Pietersen,JP Faulkner,8,12,0,150.0,12.0
J Botha,MF Maharoof,8,13,1,162.5,13.0
J Botha,RE van der Merwe,8,15,0,187.5,15.0
J Botha,S Nadeem,8,10,0,125.0,10.0
RE van der Merwe,Yuvraj Singh,8,6,0,75.0,6.0
J Fraser-McGurk,Zeeshan Ansari,8,19,1,237.5,19.0
J Suchith,AR Patel,8,17,0,212.5,17.0
JA Morkel,IK Pathan,8,10,0,125.0,10.0
V Kohli,BA Stokes,8,14,1,175.0,14.0
V Kohli,CJ Jordan,8,6,0,75.0,6.0
KP Pietersen,RG Sharma,8,17,0,212.5,17.0
R Ravindra,Arshdeep Singh,8,9,0,112.5,9.0
R Ravindra,DL Chahar,8,11,0,137.5,11.0
R Ravindra,KK Ahmed,8,1,1,12.5,1.0
KR Mayers,Noor Ahmad,8,10,0,125.0,10.0
KR Mayers,R Ashwin,8,4,1,50.0,4.0
KP Pietersen,YS Chahal,8,11,1,137.5,11.0
R Powell,Avesh Khan,8,8,0,100.0,8.0
R Powell,DR Sams,8,5,0,62.5,5.0
KS Williamson,CR Woakes,8,17,0,212.5,17.0
KS Bharat,LH Ferguson,8,5,0,62.5,5.0
KS Bharat,RD Chahar,8,16,1,200.0,16.0
AT Rayudu,Mujeeb Ur Rahman,8,7,0,87.5,7.0
SE Rutherford,Avesh Khan,8,18,0,225.0,18.0
SE Rutherford,Azmatullah Omarzai,8,5,1,62.5,5.0
V Kohli,J Suchith,8,10,1,125.0,10.0
Ishan Kishan,S Nadeem,8,5,0,62.5,5.0
J Botha,SB Jakati,8,8,1,100.0,8.0
J Fraser-McGurk,Arshad Khan,8,10,1,125.0,10.0
J Botha,AM Salvi,8,10,0,125.0,10.0
J Botha,Anand Rajan,8,6,2,75.0,3.0
A Raghuvanshi,Mustafizur Rahman,8,10,0,125.0,10.0
J Fraser-McGurk,PJ Cummins,8,18,0,225.0,18.0
AT Rayudu,PV Tambe,8,11,0,137.5,11.0
AJ Finch,Iqbal Abdulla,8,6,1,75.0,6.0
V Kohli,JD Ryder,8,11,0,137.5,11.0
Ishan Kishan,JJ Bumrah,8,8,0,100.0,8.0
Ishan Kishan,R Parag,8,12,0,150.0,12.0
Ishan Kishan,MA Starc,8,16,2,200.0,8.0
Ishan Kishan,MM Ali,8,7,0,87.5,7.0
AT Rayudu,PD Collingwood,8,6,0,75.0,6.0
Ishan Kishan,S Badree,8,12,1,150.0,12.0
Ishan Kishan,Shashank Singh,8,12,0,150.0,12.0
SK Raina,SN Thakur,8,7,0,87.5,7.0
SK Raina,STR Binny,8,8,0,100.0,8.0
R Powell,M Jansen,8,10,0,125.0,10.0
R Powell,Prince Yadav,8,16,0,200.0,16.0
R Powell,SA Abbott,8,17,0,212.5,17.0
R Powell,AM Ghazanfar,8,11,1,137.5,11.0
KS Williamson,AD Russell,8,10,2,125.0,5.0
R Powell,J Overton,8,10,0,125.0,10.0
A Symonds,S Randiv,8,7,0,87.5,7.0
A Symonds,SE Bond,8,7,0,87.5,7.0
KS Williamson,Harbhajan Singh,8,10,1,125.0,10.0
KS Williamson,I Udana,8,2,1,25.0,2.0
KS Williamson,IS Sodhi,8,13,1,162.5,13.0
KS Williamson,Imran Tahir,8,4,1,50.0,4.0
Iqbal Abdulla,JJ Bumrah,8,13,0,162.5,13.0
IK Pathan,SC Ganguly,8,10,2,125.0,5.0
RG Sharma,HH Pandya,8,8,1,100.0,8.0
Ishan Kishan,Brijesh Sharma,8,16,0,200.0,16.0
V Kohli,Lalit Yadav,8,6,1,75.0,6.0
V Kohli,M Siddharth,8,7,1,87.5,7.0
A Raghuvanshi,A Nortje,8,16,1,200.0,16.0
Ishan Kishan,A Mishra,8,8,3,100.0,2.6666666666666665
KS Williamson,P Dubey,8,11,0,137.5,11.0
KS Williamson,Rashid Khan,8,6,0,75.0,6.0
SK Raina,T Shamsi,8,8,0,100.0,8.0
Shubman Gill,Basil Thampi,8,15,0,187.5,15.0
A Symonds,R McLaren,8,9,1,112.5,9.0
Kartik Sharma,Arshad Khan,8,10,1,125.0,10.0
IK Pathan,P Awana,8,19,0,237.5,19.0
IK Pathan,Harmeet Singh,8,8,0,100.0,8.0
IK Pathan,SR Watson,8,8,0,100.0,8.0
IK Pathan,JD Ryder,8,9,0,112.5,9.0
IK Pathan,JD Unadkat,8,7,0,87.5,7.0
IK Pathan,KW Richardson,8,5,0,62.5,5.0
IK Pathan,MM Patel,8,14,0,175.0,14.0
V Kohli,MJ Henry,8,19,0,237.5,19.0
V Kohli,MM Ali,8,4,1,50.0,4.0
KS Sharma,MM Ali,8,4,1,50.0,4.0
KV Sharma,SR Watson,8,7,2,87.5,3.5
AK Markram,CH Morris,8,10,0,125.0,10.0
R Parag,R Ashwin,8,10,0,125.0,10.0
R Parag,Mohsin Khan,8,16,0,200.0,16.0
R Parag,Naveen-ul-Haq,8,19,1,237.5,19.0
Kuldeep Yadav,KH Pandya,8,5,1,62.5,5.0
Kuldeep Yadav,NT Ellis,8,6,0,75.0,6.0
Harpreet Brar,R Sai Kishore,8,17,1,212.5,17.0
A Mishra,MR Marsh,8,8,1,100.0,8.0
RG Sharma,KP Pietersen,8,11,0,137.5,11.0
Harpreet Singh,KH Pandya,8,12,1,150.0,12.0
Harbhajan Singh,SR Watson,8,17,0,212.5,17.0
Harbhajan Singh,Sandeep Sharma,8,5,0,62.5,5.0
Harbhajan Singh,Z Khan,8,13,0,162.5,13.0
Harpreet Brar,I Sharma,8,8,0,100.0,8.0
IK Pathan,NLTC Perera,8,6,1,75.0,6.0
Harbhajan Singh,Iqbal Abdulla,8,5,0,62.5,5.0
Harbhajan Singh,JDP Oram,8,17,1,212.5,17.0
Harbhajan Singh,JP Faulkner,8,5,1,62.5,5.0
Harbhajan Singh,KK Cooper,8,21,0,262.5,21.0
HV Patel,Kartik Tyagi,8,9,1,112.5,9.0
HV Patel,RA Jadeja,8,1,0,12.5,1.0
HV Patel,Rashid Khan,8,6,0,75.0,6.0
RG Sharma,LB Williams,8,7,0,87.5,7.0
RG Sharma,M Ashwin,8,13,0,162.5,13.0
RG Sharma,M Siddharth,8,17,1,212.5,17.0
RG Sharma,M Theekshana,8,20,0,250.0,20.0
Harbhajan Singh,MC Henriques,8,9,0,112.5,9.0
Harbhajan Singh,S Nadeem,8,8,0,100.0,8.0
Harpreet Brar,JO Holder,8,7,0,87.5,7.0
Kartik Sharma,Mohammed Shami,8,15,0,187.5,15.0
KV Sharma,MM Sharma,8,17,1,212.5,17.0
Shivang Kumar,SS Mishra,8,2,1,25.0,2.0
Kartik Sharma,Ravi Bishnoi,8,12,0,150.0,12.0
LA Pomersbach,SB Jakati,8,11,1,137.5,11.0
LH Ferguson,CH Morris,8,8,1,100.0,8.0
Shashank Singh,Mohammed Siraj,8,23,0,287.5,23.0
Shashank Singh,R Ashwin,8,11,0,137.5,11.0
Shashank Singh,R Parag,8,9,0,112.5,9.0
LA Pomersbach,B Lee,8,4,0,50.0,4.0
HM Amla,STR Binny,8,6,0,75.0,6.0
HR Shokeen,MJ Santner,8,6,0,75.0,6.0
HV Patel,CV Varun,8,4,2,50.0,2.0
HM Amla,IK Pathan,8,10,0,125.0,10.0
HM Amla,K Rabada,8,8,0,100.0,8.0
V Kohli,RP Meredith,8,8,0,100.0,8.0
HM Amla,S Nadeem,8,7,1,87.5,7.0
Harbhajan Singh,I Sharma,8,26,0,325.0,26.0
R Parag,Akash Madhwal,8,7,0,87.5,7.0
Shakib Al Hasan,SP Narine,8,14,0,175.0,14.0
Shashank Singh,HH Pandya,8,5,0,62.5,5.0
Shashank Singh,Harshit Rana,8,23,0,287.5,23.0
LMP Simmons,IK Pathan,8,17,0,212.5,17.0
AP Tare,AA Chavan,8,9,0,112.5,9.0
AP Tare,AB Dinda,8,0,1,0.0,0.0
AP Tare,KK Cooper,8,7,2,87.5,3.5
A Mishra,JD Unadkat,8,18,0,225.0,18.0
A Mishra,JH Kallis,8,7,0,87.5,7.0
A Mishra,KK Cooper,8,3,0,37.5,3.0
HH Pandya,MC Henriques,8,5,0,62.5,5.0
RG Sharma,PVD Chameera,8,6,0,75.0,6.0
RG Sharma,Prince Yadav,8,8,0,100.0,8.0
HH Pandya,PVD Chameera,8,10,1,125.0,10.0
HM Amla,SS Agarwal,8,12,1,150.0,12.0
LR Shukla,DW Steyn,8,9,1,112.5,9.0
LR Shukla,JDP Oram,8,14,0,175.0,14.0
LMP Simmons,MG Johnson,8,4,0,50.0,4.0
LR Shukla,RE van der Merwe,8,15,1,187.5,15.0
LR Shukla,T Henderson,8,8,0,100.0,8.0
LRPL Taylor,A Nehra,8,9,0,112.5,9.0
V Kohli,Simarjeet Singh,8,12,0,150.0,12.0
HH Pandya,BB Sran,8,3,0,37.5,3.0
HH Pandya,M Theekshana,8,7,1,87.5,7.0
HH Pandya,HF Gurney,8,21,1,262.5,21.0
HH Pandya,JO Holder,8,6,1,75.0,6.0
HH Pandya,Mujeeb Ur Rahman,8,13,0,162.5,13.0
HH Pandya,Naveen-ul-Haq,8,7,1,87.5,7.0
A Mishra,AD Mathews,8,6,0,75.0,6.0
R Parag,M Tiwari,8,5,0,62.5,5.0
R Parag,MA Starc,8,8,3,100.0,2.6666666666666665
LRPL Taylor,MA Starc,8,12,0,150.0,12.0
LRPL Taylor,P Amarnath,8,7,1,87.5,7.0
LRPL Taylor,DJ Bravo,8,6,1,75.0,6.0
HC Brook,Akash Singh,8,8,1,100.0,8.0
SE Marsh,R McLaren,8,12,0,150.0,12.0
SE Marsh,S Randiv,8,7,1,87.5,7.0
RG Sharma,RR Raje,8,12,0,150.0,12.0
V Kohli,Vijaykumar Vyshak,8,6,0,75.0,6.0
V Kohli,W O'Rourke,8,21,0,262.5,21.0
V Kohli,WD Parnell,8,7,0,87.5,7.0
HH Gibbs,RR Powar,8,11,0,137.5,11.0
HH Pandya,DL Chahar,8,10,1,125.0,10.0
AP Tare,M Morkel,8,8,0,100.0,8.0
R Parag,Imran Tahir,8,12,0,150.0,12.0
SK Warne,JA Morkel,8,12,1,150.0,12.0
LMP Simmons,TG Southee,8,8,0,100.0,8.0
Shahbaz Ahmed,Mukesh Kumar,8,19,1,237.5,19.0
Lalit Yadav,R Tewatia,8,2,0,25.0,2.0
H Klaasen,M Theekshana,8,11,0,137.5,11.0
AJ Finch,AF Milne,8,9,0,112.5,9.0
HC Brook,Suyash Sharma,8,10,0,125.0,10.0
H Klaasen,R Ashwin,8,9,0,112.5,9.0
H Klaasen,R Sai Kishore,8,11,1,137.5,11.0
H Klaasen,SZ Mulani,8,26,0,325.0,26.0
H Klaasen,UT Yadav,8,10,0,125.0,10.0
HH Gibbs,DS Kulkarni,8,11,1,137.5,11.0
Shakib Al Hasan,HV Patel,8,7,0,87.5,7.0
LR Shukla,R Vinay Kumar,8,4,0,50.0,4.0
R McLaren,CH Gayle,8,9,0,112.5,9.0
R McLaren,DW Steyn,8,4,0,50.0,4.0
R McLaren,JD Ryder,8,5,0,62.5,5.0
R McLaren,Z Khan,8,8,0,100.0,8.0
Gurkeerat Singh,PP Chawla,8,10,0,125.0,10.0
A Mhatre,Mohammed Shami,8,10,0,125.0,10.0
A Mhatre,Mohammed Siraj,8,6,0,75.0,6.0
A Mhatre,PP Hinge,8,22,0,275.0,22.0
A Mhatre,Suyash Sharma,8,12,0,150.0,12.0
A Mhatre,VG Arora,8,12,2,150.0,6.0
H Klaasen,AJ Hosein,8,12,0,150.0,12.0
SE Marsh,Mohammad Hafeez,8,10,0,125.0,10.0
SE Marsh,NLTC Perera,8,12,0,150.0,12.0
H Klaasen,MK Lomror,8,14,0,175.0,14.0
Shakib Al Hasan,AR Patel,8,10,2,125.0,5.0
LRPL Taylor,Joginder Sharma,8,8,0,100.0,8.0
R Dravid,V Pratap Singh,8,11,0,137.5,11.0
LRPL Taylor,SR Watson,8,10,0,125.0,10.0
LS Livingstone,Mohammed Siraj,8,1,2,12.5,0.5
Shahbaz Ahmed,Mohammed Siraj,8,7,0,87.5,7.0
SK Warne,YA Abdulla,8,7,0,87.5,7.0
SL Malinga,JP Faulkner,8,5,1,62.5,5.0
R Dravid,K Upadhyay,8,10,0,125.0,10.0
Lalit Yadav,TS Mills,8,8,0,100.0,8.0
M Jansen,B Kumar,8,5,0,62.5,5.0
Lalit Yadav,DR Sams,8,14,0,175.0,14.0
Lalit Yadav,Mustafizur Rahman,8,6,0,75.0,6.0
GR Napier,CH Gayle,8,10,1,125.0,10.0
Gurkeerat Singh,A Nehra,8,12,0,150.0,12.0
Gurkeerat Singh,A Zampa,8,7,0,87.5,7.0
Gurkeerat Singh,DJ Bravo,8,3,2,37.5,1.5
Gurkeerat Singh,KK Ahmed,8,6,1,75.0,6.0
RG Sharma,WA Mota,8,18,0,225.0,18.0
RG Sharma,Yash Thakur,8,15,0,187.5,15.0
RJ Harris,SB Jakati,8,14,1,175.0,14.0
H Klaasen,C Green,8,18,1,225.0,18.0
GJ Maxwell,HH Pandya,8,22,0,275.0,22.0
GJ Maxwell,J Suchith,8,16,2,200.0,8.0
GJ Maxwell,JC Archer,8,3,1,37.5,3.0
GJ Maxwell,R Dhawan,8,14,0,175.0,14.0
RK Singh,KH Pandya,8,7,1,87.5,7.0
RK Singh,KR Sen,8,15,0,187.5,15.0
RJ Quiney,Harbhajan Singh,8,4,0,50.0,4.0
RJ Quiney,JP Duminy,8,12,0,150.0,12.0
GJ Maxwell,Yudhvir Singh,8,11,0,137.5,11.0
GJ Maxwell,Mohammed Shami,8,19,1,237.5,19.0
V Sehwag,CJ McKay,8,10,0,125.0,10.0
V Sehwag,DJ Bravo,8,9,1,112.5,9.0
Gurkeerat Singh,SP Narine,8,4,1,50.0,4.0
Lalit Yadav,Rashid Khan,8,10,0,125.0,10.0
SK Warne,PP Ojha,8,4,1,50.0,4.0
SK Warne,SS Sarkar,8,6,0,75.0,6.0
Lalit Yadav,N Rana,8,8,0,100.0,8.0
Lalit Yadav,R Ashwin,8,14,0,175.0,14.0
M Kaif,PP Ojha,8,11,0,137.5,11.0
M Kaif,R Bhatia,8,4,1,50.0,4.0
M Kaif,RR Raje,8,6,1,75.0,6.0
Sameer Rizvi,M Pathirana,8,9,0,112.5,9.0
Sameer Rizvi,Mukesh Choudhary,8,11,0,137.5,11.0
Sameer Rizvi,SN Thakur,8,20,0,250.0,20.0
Sameer Rizvi,TA Boult,8,14,0,175.0,14.0
M Kaif,ST Jayasuriya,8,7,0,87.5,7.0
Abdul Samad,NA Saini,8,17,0,212.5,17.0
Abdul Samad,PJ Cummins,8,23,0,287.5,23.0
Abdul Samad,RA Jadeja,8,6,0,75.0,6.0
V Sehwag,Iqbal Abdulla,8,14,0,175.0,14.0
GJ Maxwell,DJG Sammy,8,13,0,162.5,13.0
GJ Maxwell,DW Steyn,8,7,0,87.5,7.0
GC Smith,YA Abdulla,8,20,0,250.0,20.0
GD Phillips,JDS Neesham,8,2,0,25.0,2.0
GC Smith,PP Chawla,8,11,0,137.5,11.0
GD Phillips,YS Chahal,8,16,0,200.0,16.0
GH Vihari,J Botha,8,5,0,62.5,5.0
GC Smith,SL Malinga,8,8,0,100.0,8.0
V Sehwag,P Suyal,8,10,0,125.0,10.0
GJ Bailey,KA Pollard,8,9,0,112.5,9.0
GH Vihari,PV Tambe,8,5,0,62.5,5.0
RK Singh,Washington Sundar,8,6,0,75.0,6.0
SE Marsh,HH Pandya,8,15,0,187.5,15.0
GJ Bailey,R Vinay Kumar,8,16,2,200.0,8.0
GJ Bailey,B Lee,8,10,0,125.0,10.0
V Sehwag,JP Duminy,8,14,2,175.0,7.0
GJ Bailey,PP Ojha,8,4,0,50.0,4.0
Abdul Samad,MM Sharma,8,13,1,162.5,13.0
M Kaif,AB Agarkar,8,9,1,112.5,9.0
R Dravid,CH Morris,8,5,1,62.5,5.0
R Dravid,CK Langeveldt,8,6,0,75.0,6.0
M Manhas,L Balaji,8,9,0,112.5,9.0
Salman Butt,SM Pollock,8,7,1,87.5,7.0
Sameer Rizvi,Azmatullah Omarzai,8,22,0,275.0,22.0
Sachin Baby,MM Sharma,8,6,0,75.0,6.0
Sachin Baby,Mustafizur Rahman,8,23,0,287.5,23.0
Salman Butt,GD McGrath,8,6,0,75.0,6.0
Salman Butt,IK Pathan,8,10,0,125.0,10.0
G Gambhir,V Kohli,8,13,0,162.5,13.0
GC Smith,Abdur Razzak,8,19,0,237.5,19.0
GC Smith,D Kalyankrishna,8,15,0,187.5,15.0
RM Patidar,B Kumar,8,9,0,112.5,9.0
RK Singh,RP Meredith,8,13,0,162.5,13.0
RK Singh,TA Boult,8,12,0,150.0,12.0
Sachin Baby,B Kumar,8,14,1,175.0,14.0
M Morkel,R Vinay Kumar,8,14,0,175.0,14.0
M Shahrukh Khan,CV Varun,8,4,0,50.0,4.0
M Manhas,S Randiv,8,11,0,137.5,11.0
M Manhas,SB Jakati,8,3,0,37.5,3.0
M Shahrukh Khan,JR Hazlewood,8,6,0,75.0,6.0
M Shahrukh Khan,PWH de Silva,8,7,1,87.5,7.0
SW Billings,Sandeep Sharma,8,5,1,62.5,5.0
SW Billings,T Natarajan,8,10,0,125.0,10.0
G Gambhir,MA Starc,8,9,2,112.5,4.5
SE Marsh,CRD Fernando,8,17,0,212.5,17.0
RM Patidar,A Mishra,8,13,0,162.5,13.0
RM Patidar,Arshad Khan,8,13,1,162.5,13.0
G Gambhir,Pankaj Singh,8,4,1,50.0,4.0
G Gambhir,S Narwal,8,9,2,112.5,4.5
G Gambhir,Sohail Tanvir,8,8,0,100.0,8.0
SW Billings,JD Unadkat,8,7,0,87.5,7.0
SW Billings,JO Holder,8,9,0,112.5,9.0
SW Billings,PWH de Silva,8,10,0,125.0,10.0
SW Billings,R Ashwin,8,16,1,200.0,16.0
R Bhatia,SK Trivedi,8,13,1,162.5,13.0
R Bhatia,UT Yadav,8,13,0,162.5,13.0
M Shahrukh Khan,Rashid Khan,8,4,1,50.0,4.0
M Vijay,A Kumble,8,7,1,87.5,7.0
G Gambhir,DR Smith,8,9,0,112.5,9.0
RM Patidar,M Theekshana,8,15,0,187.5,15.0
G Gambhir,Mujeeb Ur Rahman,8,9,0,112.5,9.0
G Gambhir,KJ Abbott,8,8,0,100.0,8.0
G Gambhir,M Ntini,8,12,0,150.0,12.0
Salman Butt,MM Patel,8,17,1,212.5,17.0
SM Curran,Arshdeep Singh,8,1,0,12.5,1.0
SM Curran,HF Gurney,8,24,0,300.0,24.0
R Bishnoi,VS Malik,8,12,0,150.0,12.0
R Dhawan,AB Dinda,8,6,0,75.0,6.0
R Dhawan,AR Patel,8,2,1,25.0,2.0
SM Curran,Mohammed Shami,8,13,0,162.5,13.0
SM Curran,Nithish Kumar Reddy,8,13,0,162.5,13.0
SM Curran,PJ Cummins,8,4,0,50.0,4.0
R Ashwin,Sandeep Sharma,8,9,0,112.5,9.0
AM Rahane,Zeeshan Ansari,8,9,1,112.5,9.0
M Vijay,BB Sran,8,10,0,125.0,10.0
RM Patidar,XC Bartlett,8,11,0,137.5,11.0
RM Patidar,PJ Sangwan,8,7,1,87.5,7.0
G Gambhir,Anureet Singh,8,9,0,112.5,9.0
V Sehwag,Yuvraj Singh,8,10,0,125.0,10.0
M Shahrukh Khan,Vijaykumar Vyshak,8,10,1,125.0,10.0
SW Billings,DL Chahar,8,15,0,187.5,15.0
SW Billings,Iqbal Abdulla,8,6,1,75.0,6.0
M Vijay,HH Pandya,8,15,0,187.5,15.0
M Vijay,NL McCullum,8,4,0,50.0,4.0
M Vijay,S Kaul,8,9,0,112.5,9.0
A Symonds,V Kohli,8,11,0,137.5,11.0
AA Bilakhia,P Kumar,8,12,0,150.0,12.0
SV Samson,P Negi,8,14,0,175.0,14.0
SV Samson,PJ Sangwan,8,12,1,150.0,12.0
SV Samson,R Sharma,8,7,0,87.5,7.0
F du Plessis,S Aravind,8,5,0,62.5,5.0
F du Plessis,Washington Sundar,8,8,1,100.0,8.0
FH Allen,L Ngidi,8,3,1,37.5,3.0
FH Allen,V Nigam,8,31,0,387.5,31.0
FY Fazal,DS Kulkarni,8,7,0,87.5,7.0
V Shankar,HH Pandya,8,9,0,112.5,9.0
M Vijay,A Mishra,8,11,1,137.5,11.0
M Vijay,AC Thomas,8,10,1,125.0,10.0
M Vohra,JD Unadkat,8,7,0,87.5,7.0
M Vohra,KA Jamieson,8,6,1,75.0,6.0
M Vohra,KH Pandya,8,6,0,75.0,6.0
M Vohra,M Ashwin,8,10,0,125.0,10.0
F du Plessis,Naveen-ul-Haq,8,13,0,162.5,13.0
F du Plessis,OF Smith,8,18,0,225.0,18.0
SE Marsh,A Mithun,8,9,0,112.5,9.0
SE Marsh,Ankit Soni,8,11,0,137.5,11.0
V Shankar,MM Patel,8,12,0,150.0,12.0
V Shankar,MP Stoinis,8,7,0,87.5,7.0
V Shankar,MR Marsh,8,11,1,137.5,11.0
F du Plessis,MR Marsh,8,8,2,100.0,4.0
M Vijay,DJG Sammy,8,11,1,137.5,11.0
R Bhatia,R Vinay Kumar,8,20,1,250.0,20.0
R Ashwin,RJ Harris,8,8,1,100.0,8.0
R Ashwin,RP Meredith,8,12,1,150.0,12.0
SV Samson,L Balaji,8,12,0,150.0,12.0
SD Hope,RD Chahar,8,18,0,225.0,18.0
RN ten Doeschate,DS Kulkarni,8,12,1,150.0,12.0
Abhishek Sharma,M Ashwin,8,14,0,175.0,14.0
Abhishek Sharma,Mustafizur Rahman,8,12,0,150.0,12.0
F du Plessis,Mukesh Kumar,8,13,1,162.5,13.0
M Vijay,R Rampaul,8,3,2,37.5,1.5
R Ashwin,DS Kulkarni,8,17,0,212.5,17.0
R Ashwin,Imran Tahir,8,9,0,112.5,9.0
M Vohra,A Mishra,8,8,2,100.0,4.0
M Vijay,S Ladda,8,9,0,112.5,9.0
AM Rahane,Shivang Kumar,8,9,0,112.5,9.0
AM Rahane,Swapnil Singh,8,9,0,112.5,9.0
M Vohra,DW Steyn,8,20,0,250.0,20.0
M Vohra,GB Hogg,8,3,0,37.5,3.0
M Vohra,J Botha,8,12,1,150.0,12.0
MA Agarwal,TK Curran,8,15,1,187.5,15.0
V Shankar,WD Parnell,8,15,0,187.5,15.0
RR Pant,AB Dinda,8,2,1,25.0,2.0
RR Pant,Brijesh Sharma,8,12,0,150.0,12.0
EJG Morgan,STR Binny,8,9,0,112.5,9.0
EJG Morgan,RV Gomez,8,9,0,112.5,9.0
EJG Morgan,S Gopal,8,24,0,300.0,24.0
V Shankar,TA Boult,8,18,1,225.0,18.0
M Vohra,CH Morris,8,18,0,225.0,18.0
SM Curran,S Gopal,8,8,1,100.0,8.0
SM Curran,S Lamichhane,8,8,2,100.0,4.0
SM Curran,SN Thakur,8,15,0,187.5,15.0
SM Curran,TK Curran,8,22,0,275.0,22.0
MA Agarwal,AN Ahmed,8,4,1,50.0,4.0
MA Agarwal,Akash Madhwal,8,19,1,237.5,19.0
M Vohra,R Bhatia,8,12,0,150.0,12.0
AK Markram,KH Pandya,8,4,3,50.0,1.3333333333333333
SV Samson,J Suchith,8,16,0,200.0,16.0
MC Henriques,I Sharma,8,4,1,50.0,4.0
MC Henriques,Imran Tahir,8,7,1,87.5,7.0
RR Pant,L Ngidi,8,8,2,100.0,4.0
RR Pant,M Ashwin,8,8,0,100.0,8.0
RR Pant,GC Viljoen,8,4,1,50.0,4.0
RR Pant,Harsh Dubey,8,8,0,100.0,8.0
RR Pant,IS Sodhi,8,11,0,137.5,11.0
V Suryavanshi,Akash Singh,8,24,0,300.0,24.0
EJG Morgan,JA Morkel,8,6,1,75.0,6.0
SV Samson,LS Livingstone,8,13,0,162.5,13.0
R Ashwin,BB Sran,8,8,1,100.0,8.0
MA Agarwal,Harpreet Brar,8,10,0,125.0,10.0
AM Rahane,Ravi Bishnoi,8,12,0,150.0,12.0
AM Rahane,RJ Harris,8,6,1,75.0,6.0
SV Samson,AM Ghazanfar,8,13,0,162.5,13.0
SV Samson,Ankit Soni,8,17,0,212.5,17.0
MD Mishra,VS Malik,8,8,1,100.0,8.0
V Suryavanshi,VG Arora,8,19,1,237.5,19.0
AD Russell,R Ashwin,8,4,2,50.0,2.0
AD Russell,S Kaul,8,22,1,275.0,22.0
RR Pant,KA Jamieson,8,4,0,50.0,4.0
E Lewis,R Tewatia,8,9,1,112.5,9.0
E Lewis,S Nadeem,8,9,0,112.5,9.0
E Lewis,TU Deshpande,8,19,0,237.5,19.0
EJG Morgan,JP Duminy,8,8,1,100.0,8.0
EJG Morgan,KK Cooper,8,5,1,62.5,5.0
MA Agarwal,TS Mills,8,13,0,162.5,13.0
MA Starc,AR Patel,8,3,0,37.5,3.0
MA Starc,DJ Bravo,8,4,0,50.0,4.0
SM Katich,JA Morkel,8,14,0,175.0,14.0
SU Parakh,CV Varun,8,11,0,137.5,11.0
SU Parakh,SP Narine,8,12,1,150.0,12.0
Dhruv Jurel,Nithish Kumar Reddy,8,13,1,162.5,13.0
Dhruv Jurel,PP Hinge,8,13,2,162.5,6.5
Dhruv Jurel,R Shepherd,8,14,0,175.0,14.0
RR Pant,Nithish Kumar Reddy,8,12,1,150.0,12.0
RR Pant,PJ Sangwan,8,21,1,262.5,21.0
E Lewis,JC Archer,8,3,0,37.5,3.0
E Lewis,Lalit Yadav,8,2,1,25.0,2.0
V Suryavanshi,R Ashwin,8,5,1,62.5,5.0
V Suryavanshi,SP Narine,8,7,0,87.5,7.0
MC Juneja,DJ Hussey,8,6,0,75.0,6.0
MC Juneja,MG Johnson,8,16,0,200.0,16.0
MC Henriques,Rashid Khan,8,5,0,62.5,5.0
AK Markram,M Pathirana,8,7,1,87.5,7.0
MD Mishra,KA Pollard,8,5,1,62.5,5.0
DT Christian,AM Salvi,8,7,0,87.5,7.0
VR Iyer,GJ Maxwell,8,6,1,75.0,6.0
RR Pant,Mohsin Khan,8,3,1,37.5,3.0
RR Pant,N Burger,8,5,1,62.5,5.0
DW Steyn,JP Faulkner,8,9,1,112.5,9.0
DW Steyn,R Vinay Kumar,8,13,0,162.5,13.0
VR Iyer,Azmatullah Omarzai,8,11,0,137.5,11.0
VR Iyer,C Sakariya,8,7,0,87.5,7.0
DW Steyn,UT Yadav,8,3,1,37.5,3.0
Dhruv Jurel,KA Jamieson,8,10,0,125.0,10.0
VR Iyer,A Kamboj,8,14,0,175.0,14.0
E Lewis,DL Chahar,8,11,1,137.5,11.0
MD Choudhary,KH Pandya,8,12,0,150.0,12.0
MD Choudhary,M Jansen,8,5,1,62.5,5.0
MD Mishra,A Mishra,8,4,1,50.0,4.0
Q de Kock,LS Livingstone,8,19,0,237.5,19.0
Q de Kock,Mayank Dagar,8,14,0,175.0,14.0
SM Pollock,PP Chawla,8,2,0,25.0,2.0
SM Pollock,PP Ojha,8,8,0,100.0,8.0
SM Pollock,Shahid Afridi,8,2,0,25.0,2.0
MEK Hussey,M Muralitharan,8,8,0,100.0,8.0
MEK Hussey,MJ McClenaghan,8,6,1,75.0,6.0
MEK Hussey,JD Unadkat,8,12,1,150.0,12.0
STR Binny,JJ Bumrah,8,9,1,112.5,9.0
STR Binny,Mohammed Shami,8,21,0,262.5,21.0
Abhishek Sharma,SM Curran,8,11,1,137.5,11.0
DR Smith,RP Singh,8,4,0,50.0,4.0
RR Pant,VR Aaron,8,16,1,200.0,16.0
RR Pant,RD Chahar,8,13,0,162.5,13.0
RR Pant,Ramandeep Singh,8,15,1,187.5,15.0
DT Christian,PC Valthaty,8,15,1,187.5,15.0
DR Smith,YK Pathan,8,13,1,162.5,13.0
MEK Hussey,R Shukla,8,19,0,237.5,19.0
MF Maharoof,P Kumar,8,12,0,150.0,12.0
MF Maharoof,SK Trivedi,8,7,0,87.5,7.0
MF Maharoof,ST Jayasuriya,8,9,1,112.5,9.0
MG Johnson,KK Cooper,8,7,0,87.5,7.0
MEK Hussey,VR Aaron,8,14,1,175.0,14.0
RR Rossouw,HV Patel,8,20,0,250.0,20.0
RR Rossouw,K Gowtham,8,6,0,75.0,6.0
RR Pant,T Shamsi,8,10,0,125.0,10.0
VR Iyer,K Gowtham,8,8,1,100.0,8.0
VR Iyer,KM Asif,8,12,0,150.0,12.0
DR Smith,PP Chawla,8,14,1,175.0,14.0
DR Smith,S Sreesanth,8,16,0,200.0,16.0
DR Smith,SMSM Senanayake,8,20,0,250.0,20.0
Abhishek Sharma,R Dhawan,8,16,0,200.0,16.0
Abhishek Sharma,Ravi Bishnoi,8,37,0,462.5,37.0
MF Maharoof,Harbhajan Singh,8,19,0,237.5,19.0
Q de Kock,DR Smith,8,8,0,100.0,8.0
Q de Kock,GC Viljoen,8,8,0,100.0,8.0
MG Johnson,UT Yadav,8,3,0,37.5,3.0
MJ Clarke,R Vinay Kumar,8,12,1,150.0,12.0
DR Martyn,A Kumble,8,4,1,50.0,4.0
SC Ganguly,Shakib Al Hasan,8,4,2,50.0,2.0
SC Ganguly,Sohail Tanvir,8,7,0,87.5,7.0
SC Ganguly,UT Yadav,8,2,0,25.0,2.0
A Manohar,R Ashwin,8,7,0,87.5,7.0
VR Iyer,Mohsin Khan,8,14,1,175.0,14.0
VR Iyer,Mustafizur Rahman,8,3,0,37.5,3.0
DR Smith,LH Ferguson,8,13,0,162.5,13.0
STR Binny,R Sharma,8,14,0,175.0,14.0
Q de Kock,KH Pandya,8,6,2,75.0,3.0
Q de Kock,KR Sen,8,15,0,187.5,15.0
Abishek Porel,Harshit Rana,8,15,1,187.5,15.0
DPMD Jayawardene,Harmeet Singh,8,9,0,112.5,9.0
AD Russell,Navdeep Saini,8,6,0,75.0,6.0
DPMD Jayawardene,SK Warne,8,9,0,112.5,9.0
VR Iyer,Naman Dhir,8,11,0,137.5,11.0
DPMD Jayawardene,PJ Sangwan,8,7,1,87.5,7.0
DPMD Jayawardene,R Rampaul,8,10,0,125.0,10.0
Abishek Porel,AK Markram,8,11,1,137.5,11.0
DPMD Jayawardene,TL Suman,8,18,1,225.0,18.0
MJ Lumb,WPUJC Vaas,8,10,0,125.0,10.0
ST Jayasuriya,Shoaib Akhtar,8,27,0,337.5,27.0
SN Khan,Harbhajan Singh,8,5,0,62.5,5.0
SN Khan,JO Holder,8,6,0,75.0,6.0
ST Jayasuriya,IK Pathan,8,18,1,225.0,18.0
STR Binny,A Nehra,8,18,0,225.0,18.0
STR Binny,HV Patel,8,7,0,87.5,7.0
MJ Santner,K Rabada,8,12,0,150.0,12.0
Priyansh Arya,Kuldeep Yadav,8,19,0,237.5,19.0
MK Lomror,Washington Sundar,8,5,0,62.5,5.0
MK Lomror,MR Marsh,8,16,1,200.0,16.0
MK Lomror,RA Jadeja,8,5,0,62.5,5.0
SS Tiwary,RJ Harris,8,2,1,25.0,2.0
SS Tiwary,SJ Srivastava,8,10,1,125.0,10.0
SS Tiwary,T Thushara,8,3,0,37.5,3.0
MK Pandey,Basil Thampi,8,10,1,125.0,10.0
MK Pandey,CRD Fernando,8,8,1,100.0,8.0
MK Pandey,DP Nannes,8,8,0,100.0,8.0
DP Conway,Suyash Sharma,8,6,0,75.0,6.0
RS Bopara,Kamran Khan,8,0,2,0.0,0.0
DPMD Jayawardene,DJ Hussey,8,19,0,237.5,19.0
VVS Laxman,A Singh,8,8,0,100.0,8.0
DPMD Jayawardene,BJ Hodge,8,9,0,112.5,9.0
Priyansh Arya,RJW Topley,8,19,0,237.5,19.0
SN Khan,Rashid Khan,8,8,1,100.0,8.0
SN Khan,Ravi Bishnoi,8,11,0,137.5,11.0
SN Khan,S Lamichhane,8,6,1,75.0,6.0
SN Khan,SP Narine,8,2,1,25.0,2.0
SN Khan,Shivang Kumar,8,13,0,162.5,13.0
MK Pandey,Harsh Dubey,8,9,0,112.5,9.0
MK Pandey,J Suchith,8,18,0,225.0,18.0
SS Tiwary,NT Ellis,8,6,1,75.0,6.0
W Jaffer,MS Gony,8,12,0,150.0,12.0
W Jaffer,SB Styris,8,7,0,87.5,7.0
SC Ganguly,PD Collingwood,8,14,0,175.0,14.0
SC Ganguly,RJ Harris,8,6,0,75.0,6.0
DP Conway,Washington Sundar,8,5,0,62.5,5.0
Vishnu Vinod,Noor Ahmad,8,8,0,100.0,8.0
ST Jayasuriya,A Mishra,8,10,1,125.0,10.0
MK Pandey,Noor Ahmad,8,9,0,112.5,9.0
MK Pandey,LE Plunkett,8,5,1,62.5,5.0
AM Rahane,KJ Abbott,8,10,0,125.0,10.0
MK Pandey,NLTC Perera,8,9,0,112.5,9.0
MK Pandey,Naman Dhir,8,12,0,150.0,12.0
MK Pandey,S Aravind,8,16,1,200.0,16.0
MK Pandey,S Kaul,8,15,0,187.5,15.0
WG Jacks,AR Patel,8,6,0,75.0,6.0
WG Jacks,Arshad Khan,8,14,0,175.0,14.0
WG Jacks,Avesh Khan,8,19,0,237.5,19.0
SC Ganguly,JEC Franklin,8,5,0,62.5,5.0
RS Bopara,SK Warne,8,10,0,125.0,10.0
RS Bopara,SL Malinga,8,5,0,62.5,5.0
DL Vettori,R Vinay Kumar,8,8,0,100.0,8.0
DP Conway,R Ashwin,8,5,1,62.5,5.0
Priyansh Arya,PJ Cummins,8,12,1,150.0,12.0
SO Hetmyer,DR Sams,8,3,0,37.5,3.0
SS Tiwary,KV Sharma,8,7,0,87.5,7.0
SS Tiwary,L Balaji,8,4,1,50.0,4.0
SS Tiwary,M Morkel,8,12,1,150.0,12.0
WG Jacks,Brijesh Sharma,8,11,0,137.5,11.0
WG Jacks,Mohammed Siraj,8,15,0,187.5,15.0
RV Uthappa,BAW Mendis,8,22,0,275.0,22.0
RV Patel,B Kumar,8,10,1,125.0,10.0
RV Uthappa,A Chandila,8,12,1,150.0,12.0
SC Ganguly,DP Vijaykumar,8,10,1,125.0,10.0
SC Ganguly,FH Edwards,8,0,0,0.0,0.0
WD Parnell,A Mishra,8,6,0,75.0,6.0
SN Thakur,B Kumar,8,13,0,162.5,13.0
PR Shah,PJ Sangwan,8,7,0,87.5,7.0
PR Shah,R Vinay Kumar,8,4,0,50.0,4.0
PR Veer,Avesh Khan,8,9,0,112.5,9.0
DJ Mitchell,Mayank Dagar,8,3,0,37.5,3.0
DJ Thornely,VY Mahesh,8,10,0,125.0,10.0
DJ Willey,AD Russell,8,7,0,87.5,7.0
RV Uthappa,CJ Anderson,8,10,1,125.0,10.0
WG Jacks,PJ Cummins,8,15,1,187.5,15.0
DJG Sammy,BMAJ Mendis,8,12,0,150.0,12.0
DJG Sammy,RA Jadeja,8,8,1,100.0,8.0
DJ Mitchell,Rasikh Salam,8,13,0,162.5,13.0
DJ Mitchell,SH Johnson,8,9,0,112.5,9.0
DJ Mitchell,SP Narine,8,17,1,212.5,17.0
DL Chahar,JJ Bumrah,8,6,1,75.0,6.0
PR Veer,PP Hinge,8,6,1,75.0,6.0
PV Tambe,DW Steyn,8,4,0,50.0,4.0
PVD Chameera,TA Boult,8,11,0,137.5,11.0
PWH de Silva,YS Chahal,8,11,0,137.5,11.0
SO Hetmyer,A Zampa,8,18,0,225.0,18.0
PP Shaw,R Ashwin,8,5,2,62.5,2.5
MK Tiwary,A Kumble,8,15,0,187.5,15.0
MK Tiwary,AA Chavan,8,11,0,137.5,11.0
MK Tiwary,AR Patel,8,7,0,87.5,7.0
MK Tiwary,Ankit Sharma,8,5,0,62.5,5.0
MK Tiwary,L Ngidi,8,5,0,62.5,5.0
MK Tiwary,M de Lange,8,7,1,87.5,7.0
DJ Hussey,CJ McKay,8,17,0,212.5,17.0
SB Styris,MS Gony,8,9,0,112.5,9.0
SB Styris,R Bhatia,8,5,0,62.5,5.0
DJ Hussey,L Balaji,8,8,0,100.0,8.0
DJ Hussey,M Kartik,8,5,1,62.5,5.0
DJ Hussey,Z Khan,8,7,1,87.5,7.0
DJ Malan,AR Patel,8,4,1,50.0,4.0
DJ Malan,Lalit Yadav,8,8,0,100.0,8.0
DJ Mitchell,HV Patel,8,8,1,100.0,8.0
WP Saha,DT Christian,8,7,1,87.5,7.0
WP Saha,HV Patel,8,14,2,175.0,7.0
WP Saha,IK Pathan,8,8,0,100.0,8.0
DJ Hooda,LS Livingstone,8,15,0,187.5,15.0
AD Russell,I Sharma,8,11,1,137.5,11.0
AD Russell,LE Plunkett,8,6,0,75.0,6.0
DJ Hooda,TS Mills,8,13,0,162.5,13.0
DJ Hussey,MR Marsh,8,2,0,25.0,2.0
PP Shaw,S Sandeep Warrier,8,8,2,100.0,4.0
MK Tiwary,RE van der Merwe,8,6,1,75.0,6.0
AM Rahane,JL Pattinson,8,8,0,100.0,8.0
ML Hayden,R Bhatia,8,25,0,312.5,25.0
ML Hayden,R McLaren,8,7,0,87.5,7.0
SS Tiwary,MM Patel,8,12,0,150.0,12.0
PP Shaw,TG Southee,8,17,0,212.5,17.0
PR Shah,Harmeet Singh,8,10,0,125.0,10.0
SS Tiwary,A Nehra,8,14,1,175.0,14.0
PP Shaw,J Suchith,8,6,0,75.0,6.0
ML Hayden,RE van der Merwe,8,18,0,225.0,18.0
SS Iyer,Yash Raj Punja,8,11,0,137.5,11.0
SS Prabhudessai,J Suchith,8,6,1,75.0,6.0
AB Barath,R Sathish,8,9,0,112.5,9.0
MM Ali,A Nortje,8,12,1,150.0,12.0
RV Uthappa,M Markande,8,13,2,162.5,6.5
WP Saha,M Pathirana,8,8,0,100.0,8.0
DJ Bravo,P Suyal,8,9,1,112.5,9.0
DJ Bravo,YK Pathan,8,8,0,100.0,8.0
DJ Harris,M Morkel,8,6,1,75.0,6.0
DJ Hooda,Karanveer Singh,8,17,0,212.5,17.0
DJ Hooda,LH Ferguson,8,3,0,37.5,3.0
DJ Hooda,Mohammed Shami,8,19,1,237.5,19.0
DJ Hooda,JR Hazlewood,8,11,0,137.5,11.0
MM Ali,VR Iyer,8,5,0,62.5,5.0
MM Ali,Noor Ahmad,8,21,0,262.5,21.0
MM Ali,PWH de Silva,8,18,0,225.0,18.0
MN Samuels,P Awana,8,3,1,37.5,3.0
MN Samuels,PP Chawla,8,11,0,137.5,11.0
AA Noffke,AB Agarkar,8,2,0,25.0,2.0
Abishek Porel,Mukesh Choudhary,8,21,0,262.5,21.0
DJ Bravo,DS Kulkarni,8,25,0,312.5,25.0
RV Uthappa,PVD Chameera,8,13,0,162.5,13.0
SB Bangar,R Bhatia,8,4,1,50.0,4.0
SB Dubey,Arshdeep Singh,8,14,0,175.0,14.0
SB Dubey,VG Arora,8,22,2,275.0,11.0
WP Saha,MJ Santner,8,5,0,62.5,5.0
WP Saha,NT Ellis,8,4,0,50.0,4.0
Abishek Porel,Naveen-ul-Haq,8,16,1,200.0,16.0
Abishek Porel,PWH de Silva,8,8,1,100.0,8.0
MP Stoinis,CR Brathwaite,8,16,0,200.0,16.0
MP Stoinis,DJ Willey,8,9,0,112.5,9.0
MP Stoinis,DS Kulkarni,8,8,0,100.0,8.0
DJ Bravo,DJ Hussey,8,18,0,225.0,18.0
DB Ravi Teja,WD Parnell,8,7,0,87.5,7.0
DJ Bravo,J Botha,8,7,0,87.5,7.0
A Chopra,Harmeet Singh,8,4,0,50.0,4.0
A Flintoff,DW Steyn,8,14,0,175.0,14.0
DJ Bravo,AB Agarkar,8,8,0,100.0,8.0
DJ Bravo,M Ashwin,8,10,0,125.0,10.0
MM Ali,S Lamichhane,8,10,1,125.0,10.0
MM Ali,DL Chahar,8,10,0,125.0,10.0
MM Ali,HH Pandya,8,5,0,62.5,5.0
MM Ali,JJ Bumrah,8,10,1,125.0,10.0
PP Chawla,SK Warne,8,11,1,137.5,11.0
PP Chawla,Z Khan,8,14,1,175.0,14.0
MP Stoinis,KA Pollard,8,6,0,75.0,6.0
MP Stoinis,Mukesh Kumar,8,18,0,225.0,18.0
SA Yadav,Shivam Mavi,8,7,0,87.5,7.0
SA Yadav,TU Deshpande,8,11,0,137.5,11.0
DB Das,R Ashwin,8,13,1,162.5,13.0
DB Das,AA Chavan,8,10,0,125.0,10.0
DB Das,AD Mascarenhas,8,10,0,125.0,10.0
WP Saha,P Negi,8,8,1,100.0,8.0
WP Saha,PJ Sangwan,8,10,0,125.0,10.0
WP Saha,R Bhatia,8,6,1,75.0,6.0
DB Das,YK Pathan,8,13,0,162.5,13.0
DB Ravi Teja,JA Morkel,8,6,1,75.0,6.0
AB Agarkar,A Mishra,8,1,0,12.5,1.0
AB Agarkar,PJ Sangwan,8,17,1,212.5,17.0
AB Agarkar,Sohail Tanvir,8,13,0,162.5,13.0
SO Hetmyer,KA Jamieson,8,23,0,287.5,23.0
PP Chawla,I Sharma,8,21,0,262.5,21.0
PK Garg,SN Thakur,8,10,0,125.0,10.0
MP Stoinis,S Lamichhane,8,16,0,200.0,16.0
MR Marsh,E Malinga,8,11,1,137.5,11.0
MR Marsh,Harshit Rana,8,19,1,237.5,19.0
Abishek Porel,Yash Dayal,8,15,1,187.5,15.0
Abishek Porel,Zeeshan Ansari,8,16,0,200.0,16.0
Akshat Raghuwanshi,AJ Hosein,8,7,1,87.5,7.0
RV Uthappa,TK Curran,8,7,1,87.5,7.0
AD Mathews,YK Pathan,8,20,0,250.0,20.0
DA Warner,Shahbaz Ahmed,8,14,0,175.0,14.0
WP Saha,S Kaul,8,15,1,187.5,15.0
WP Saha,WPUJC Vaas,8,2,1,25.0,2.0
MN van Wyk,SL Malinga,8,8,0,100.0,8.0
PP Chawla,NLTC Perera,8,8,3,100.0,2.6666666666666665
MP Stoinis,Harshit Rana,8,8,0,100.0,8.0
PK Garg,Arshdeep Singh,8,4,2,50.0,2.0
MR Marsh,PP Ojha,8,12,1,150.0,12.0
MR Marsh,Yash Raj Punja,8,12,0,150.0,12.0
AB McDonald,Harbhajan Singh,8,6,0,75.0,6.0
Rahmanullah Gurbaz,Akash Deep,8,9,0,112.5,9.0
Rahmanullah Gurbaz,DJ Willey,8,6,0,75.0,6.0
Rahmanullah Gurbaz,HH Pandya,8,20,0,250.0,20.0
Rahmanullah Gurbaz,JC Archer,8,3,0,37.5,3.0
RV Uthappa,ST Jayasuriya,8,18,0,225.0,18.0
DA Warner,LR Shukla,8,5,0,62.5,5.0
DA Warner,R Tewatia,8,10,0,125.0,10.0
DA Warner,S Dhawan,8,9,1,112.5,9.0
Abishek Porel,TU Deshpande,8,25,0,312.5,25.0
MP Stoinis,P Kumar,8,12,0,150.0,12.0
SO Hetmyer,Prince Yadav,8,11,0,137.5,11.0
PP Chawla,A Singh,8,9,0,112.5,9.0
Washington Sundar,JDS Neesham,8,4,0,50.0,4.0
Washington Sundar,M Ashwin,8,4,1,50.0,4.0
DA Warner,CJ Jordan,8,10,0,125.0,10.0
DA Warner,CR Woakes,8,14,1,175.0,14.0
SA Yadav,STR Binny,8,10,1,125.0,10.0
Aniket Verma,R Shepherd,8,24,1,300.0,24.0
Aniket Verma,Suyash Sharma,8,23,0,287.5,23.0
DA Warner,DJ Muthuswami,8,20,0,250.0,20.0
WP Saha,Yuvraj Singh,8,11,0,137.5,11.0
WPUJC Vaas,YK Pathan,8,6,1,75.0,6.0
Washington Sundar,AR Patel,8,10,0,125.0,10.0
Washington Sundar,B Laughlin,8,12,0,150.0,12.0
Aniket Verma,HH Pandya,8,15,1,187.5,15.0
Aniket Verma,M Pathirana,8,2,0,25.0,2.0
MR Marsh,JD Unadkat,8,17,0,212.5,17.0
PN Mankad,M Markande,8,16,0,200.0,16.0
SS Iyer,DW Steyn,8,9,0,112.5,9.0
MS Bisla,BA Bhatt,8,9,0,112.5,9.0
MS Bisla,RP Singh,8,2,0,25.0,2.0
MS Dhoni,B Lee,8,17,0,212.5,17.0
MS Dhoni,C Nanda,8,4,0,50.0,4.0
MS Bisla,S Randiv,8,8,0,100.0,8.0
SS Iyer,BB Sran,8,6,0,75.0,6.0
SS Iyer,C Sakariya,8,7,0,87.5,7.0
DA Miller,T Natarajan,8,7,1,87.5,7.0
DA Miller,Yash Thakur,8,13,0,162.5,13.0
Rahmanullah Gurbaz,SM Curran,8,17,0,212.5,17.0
DA Warner,AM Nayar,8,11,0,137.5,11.0
DA Warner,Ankit Soni,8,17,0,212.5,17.0
Ankit Sharma,R Ashwin,8,18,1,225.0,18.0
Anmolpreet Singh,Avesh Khan,8,14,0,175.0,14.0
Anmolpreet Singh,JR Hazlewood,8,15,0,187.5,15.0
DA Miller,JR Hazlewood,8,13,0,162.5,13.0
DA Miller,MM Patel,8,22,0,275.0,22.0
DA Miller,Mohammad Nabi,8,5,0,62.5,5.0
DA Miller,Mukesh Choudhary,8,9,0,112.5,9.0
SA Yadav,R Vinay Kumar,8,21,0,262.5,21.0
Ramandeep Singh,RA Jadeja,8,6,0,75.0,6.0
DA Miller,Ravi Bishnoi,8,5,0,62.5,5.0
DA Miller,S Gopal,8,10,0,125.0,10.0
Anirudh Singh,P Kumar,8,11,0,137.5,11.0
Washington Sundar,RP Meredith,8,8,0,100.0,8.0
Washington Sundar,Sakib Hussain,8,7,1,87.5,7.0
Anmolpreet Singh,KH Pandya,8,11,1,137.5,11.0
DA Warner,A Ashish Reddy,8,25,0,312.5,25.0
SO Hetmyer,Sandeep Sharma,8,10,0,125.0,10.0
PJ Cummins,BA Stokes,8,16,1,200.0,16.0
PJ Cummins,JC Archer,8,11,0,137.5,11.0
SS Iyer,CH Morris,8,7,1,87.5,7.0
PHKD Mendis,DS Rathi,8,17,0,212.5,17.0
PHKD Mendis,M Pathirana,8,8,0,100.0,8.0
PHKD Mendis,SN Thakur,8,9,1,112.5,9.0
AM Rahane,B Lee,8,1,0,12.5,1.0
AM Rahane,Ankit Sharma,8,8,0,100.0,8.0
MS Dhoni,HR Shokeen,8,7,0,87.5,7.0
MS Dhoni,J Botha,8,8,0,100.0,8.0
AM Rahane,AS Joseph,8,18,0,225.0,18.0
Y Nagar,A Singh,8,22,1,275.0,22.0
Y Nagar,DT Christian,8,11,1,137.5,11.0
DA Miller,IS Sodhi,8,13,0,162.5,13.0
Ravi Bishnoi,HV Patel,8,6,0,75.0,6.0
S Anirudha,JH Kallis,8,14,1,175.0,14.0
S Anirudha,L Balaji,8,7,0,87.5,7.0
Rashid Khan,DL Chahar,8,16,0,200.0,16.0
Anuj Rawat,A Nortje,8,9,0,112.5,9.0
DA Miller,DJG Sammy,8,7,1,87.5,7.0
DA Miller,AB McDonald,8,6,1,75.0,6.0
DA Miller,BAW Mendis,8,15,0,187.5,15.0
SA Yadav,PV Tambe,8,11,0,137.5,11.0
DA Miller,J Theron,8,8,0,100.0,8.0
DA Miller,JH Kallis,8,13,0,162.5,13.0
SP Fleming,DS Kulkarni,8,11,1,137.5,11.0
SP Fleming,PJ Sangwan,8,15,0,187.5,15.0
SP Goswami,AD Russell,8,14,0,175.0,14.0
MS Dhoni,MN Samuels,8,16,0,200.0,16.0
AM Rahane,Arshad Khan,8,25,0,312.5,25.0
AM Rahane,Auqib Nabi,8,18,0,225.0,18.0
MS Dhoni,K Kartikeya,8,11,0,137.5,11.0
SS Iyer,Abhishek Sharma,8,7,0,87.5,7.0
MS Dhoni,RR Raje,8,9,0,112.5,9.0
MS Dhoni,PJ Cummins,8,6,1,75.0,6.0
PD Salt,Nithish Kumar Reddy,8,15,0,187.5,15.0
PD Salt,Noor Ahmad,8,10,1,125.0,10.0
PD Salt,SH Johnson,8,8,0,100.0,8.0
MS Dhoni,Parvez Rasool,8,6,0,75.0,6.0
MS Dhoni,R McLaren,8,13,0,162.5,13.0
AM Nayar,SL Malinga,8,7,1,87.5,7.0
D Pretorius,JJ Bumrah,8,12,0,150.0,12.0
D Salunkhe,DL Vettori,8,12,0,150.0,12.0
D Padikkal,Sikandar Raza,8,9,0,112.5,9.0
D Padikkal,TK Curran,8,13,0,162.5,13.0
D Padikkal,UT Yadav,8,4,2,50.0,2.0
S Badrinath,J Syed Mohammad,8,3,1,37.5,3.0
S Aravind,DT Christian,8,9,0,112.5,9.0
S Badrinath,AB Dinda,8,7,0,87.5,7.0
S Badrinath,AD Mathews,8,17,0,212.5,17.0
SR Watson,TK Curran,8,27,1,337.5,27.0
MS Wade,Mohsin Khan,8,13,0,162.5,13.0
MS Dhoni,Sohail Tanvir,8,16,1,200.0,16.0
MS Dhoni,VR Aaron,8,13,1,162.5,13.0
D Padikkal,CH Morris,8,14,0,175.0,14.0
D Ferreira,Arshdeep Singh,8,20,0,250.0,20.0
D Ferreira,DS Rathi,8,6,0,75.0,6.0
D Ferreira,E Malinga,8,8,1,100.0,8.0
D Ferreira,Harsh Dubey,8,16,0,200.0,16.0
D Ferreira,MP Yadav,8,15,0,187.5,15.0
Y Venugopal Rao,KW Richardson,8,10,0,125.0,10.0
D Padikkal,KV Sharma,8,10,0,125.0,10.0
D Padikkal,Naveen-ul-Haq,8,4,0,50.0,4.0
Anuj Rawat,Kuldeep Yadav,8,2,0,25.0,2.0
Anuj Rawat,M Ashwin,8,13,0,162.5,13.0
MS Dhoni,Mujeeb Ur Rahman,8,6,0,75.0,6.0
CL White,SMSM Senanayake,8,7,0,87.5,7.0
Y Venugopal Rao,UT Yadav,8,4,1,50.0,4.0
S Badrinath,MN Samuels,8,12,1,150.0,12.0
Y Venugopal Rao,RP Singh,8,11,0,137.5,11.0
CM Gautam,S Badree,8,9,1,112.5,9.0
D Brevis,PWH de Silva,8,6,1,75.0,6.0
D Brevis,Shahbaz Ahmed,8,18,0,225.0,18.0
D Brevis,E Malinga,8,9,1,112.5,9.0
Y Venugopal Rao,LR Shukla,8,9,0,112.5,9.0
Y Venugopal Rao,P Parameswaran,8,8,1,100.0,8.0
Y Venugopal Rao,R Bhatia,8,4,0,50.0,4.0
D Brevis,M Prasidh Krishna,8,9,1,112.5,9.0
D Brevis,MM Sharma,8,11,1,137.5,11.0
PD Salt,A Kamboj,8,18,0,225.0,18.0
MS Dhoni,Yash Dayal,8,14,2,175.0,7.0
SR Watson,T Natarajan,8,9,1,112.5,9.0
AB de Villiers,AN Ahmed,8,10,0,125.0,10.0
SR Watson,S Narwal,8,10,0,125.0,10.0
MS Wade,B Kumar,8,9,0,112.5,9.0
MS Wade,MR Marsh,8,6,1,75.0,6.0
SP Goswami,Shakib Al Hasan,8,4,1,50.0,4.0
SP Goswami,UT Yadav,8,7,0,87.5,7.0
PC Valthaty,UT Yadav,8,1,0,12.5,1.0
MW Short,AS Joseph,8,10,0,125.0,10.0
MW Short,Arshad Khan,8,15,0,187.5,15.0
CJ Anderson,RA Jadeja,8,14,0,175.0,14.0
S Badrinath,JD Ryder,8,11,0,137.5,11.0
YBK Jaiswal,Fazalhaq Farooqi,8,15,1,187.5,15.0
YBK Jaiswal,IC Porel,8,7,0,87.5,7.0
CL White,DR Smith,8,8,1,100.0,8.0
Y Venugopal Rao,WA Mota,8,13,0,162.5,13.0
CM Gautam,WD Parnell,8,10,0,125.0,10.0
PC Valthaty,SK Warne,8,11,1,137.5,11.0
SR Watson,R Bhatia,8,17,1,212.5,17.0
SR Watson,R Tewatia,8,17,1,212.5,17.0
YBK Jaiswal,MJ Santner,8,11,0,137.5,11.0
AD Mathews,R Dhawan,8,8,0,100.0,8.0
S Badrinath,V Kohli,8,11,0,137.5,11.0
S Badrinath,VR Aaron,8,7,0,87.5,7.0
S Chanderpaul,I Sharma,8,5,1,62.5,5.0
CH Morris,Mohammed Siraj,8,12,0,150.0,12.0
CH Morris,P Kumar,8,23,0,287.5,23.0
CH Morris,R Vinay Kumar,8,9,1,112.5,9.0
CJ Anderson,A Nehra,8,4,1,50.0,4.0
CJ Anderson,JP Duminy,8,7,0,87.5,7.0
CJ Ferguson,Shakib Al Hasan,8,5,1,62.5,5.0
CJ Jordan,Rashid Khan,8,2,0,25.0,2.0
CL White,AD Russell,8,13,0,162.5,13.0
CH Gayle,Pankaj Singh,8,7,1,87.5,7.0
YBK Jaiswal,N Thushara,8,14,0,175.0,14.0
YBK Jaiswal,NT Ellis,8,10,1,125.0,10.0
YBK Jaiswal,Nithish Kumar Reddy,8,11,0,137.5,11.0
YBK Jaiswal,PP Hinge,8,8,0,100.0,8.0
SA Yadav,KR Sen,8,21,0,262.5,21.0
Anuj Rawat,OF Smith,8,11,0,137.5,11.0
Anuj Rawat,Ravi Bishnoi,8,7,0,87.5,7.0
Anuj Rawat,TU Deshpande,8,18,0,225.0,18.0
Anureet Singh,DJ Bravo,8,5,0,62.5,5.0
MV Boucher,AB Agarkar,8,8,0,100.0,8.0
MV Boucher,DJ Bravo,8,7,0,87.5,7.0
MV Boucher,DP Nannes,8,8,0,100.0,8.0
MV Boucher,IK Pathan,8,9,1,112.5,9.0
PC Valthaty,KV Sharma,8,3,1,37.5,3.0
PC Valthaty,SK Trivedi,8,24,0,300.0,24.0
Mandeep Singh,J Botha,8,12,0,150.0,12.0
Mandeep Singh,C de Grandhomme,8,10,0,125.0,10.0
SR Watson,Mustafizur Rahman,8,7,2,87.5,3.5
Mandeep Singh,R Dhawan,8,7,1,87.5,7.0
AM Nayar,RE van der Merwe,8,4,0,50.0,4.0
AM Nayar,SB Jakati,8,20,0,250.0,20.0
S Dhawan,AS Rajpoot,8,13,1,162.5,13.0
S Dhawan,Azhar Mahmood,8,12,0,150.0,12.0
S Dhawan,B Laughlin,8,12,0,150.0,12.0
CH Gayle,NB Singh,8,6,0,75.0,6.0
Ashutosh Sharma,Akash Madhwal,8,21,0,262.5,21.0
CH Gayle,RE van der Merwe,8,11,0,137.5,11.0
CH Gayle,MG Neser,8,22,0,275.0,22.0
CH Gayle,S Kaushik,8,15,0,187.5,15.0
CH Gayle,S Lamichhane,8,22,1,275.0,22.0
CH Gayle,SB Jakati,8,19,0,237.5,19.0
CH Gayle,GB Hogg,8,15,2,187.5,7.5
S Dhawan,Imran Tahir,8,11,1,137.5,11.0
S Dhawan,J Syed Mohammad,8,6,1,75.0,6.0
S Dhawan,JA Richardson,8,13,1,162.5,13.0
CH Gayle,AM Nayar,8,16,0,200.0,16.0
Mandeep Singh,M Kartik,8,12,0,150.0,12.0
Mandeep Singh,MJ McClenaghan,8,11,1,137.5,11.0
Mandeep Singh,MN Samuels,8,7,1,87.5,7.0
PBB Rajapaksa,D Pretorius,8,11,0,137.5,11.0
PBB Rajapaksa,MM Sharma,8,8,0,100.0,8.0
Mandeep Singh,SK Trivedi,8,7,0,87.5,7.0
SR Watson,LE Plunkett,8,27,0,337.5,27.0
Mohammed Siraj,SN Thakur,8,1,0,12.5,1.0
MW Short,Sakib Hussain,8,7,0,87.5,7.0
Mandeep Singh,A Chandila,8,1,1,12.5,1.0
SP Goswami,V Sehwag,8,8,0,100.0,8.0
N Jagadeesan,J Little,8,6,1,75.0,6.0
N Jagadeesan,Washington Sundar,8,8,0,100.0,8.0
Mohammad Hafeez,SM Pollock,8,3,1,37.5,3.0
Mohammad Nabi,KMA Paul,8,11,1,137.5,11.0
Mohammad Nabi,Sandeep Sharma,8,3,1,37.5,3.0
SP Narine,DJ Bravo,8,15,0,187.5,15.0
SP Narine,DL Chahar,8,21,1,262.5,21.0
N Pooran,C Green,8,9,0,112.5,9.0
N Pooran,AR Patel,8,28,0,350.0,28.0
CA Pujara,JP Faulkner,8,14,0,175.0,14.0
CA Pujara,KW Richardson,8,9,0,112.5,9.0
SA Yadav,DS Rathi,8,5,0,62.5,5.0
SA Yadav,DT Christian,8,15,1,187.5,15.0
SA Yadav,HH Pandya,8,13,0,162.5,13.0
AC Gilchrist,J Botha,8,14,0,175.0,14.0
S Dhawan,GHS Garton,8,7,0,87.5,7.0
PA Reddy,R Sharma,8,5,0,62.5,5.0
AK Markram,SH Johnson,8,22,0,275.0,22.0
AK Markram,UT Yadav,8,20,2,250.0,10.0
AK Markram,XC Bartlett,8,23,0,287.5,23.0
SR Watson,GD McGrath,8,10,0,125.0,10.0
N Pooran,Yash Dayal,8,8,0,100.0,8.0
N Pooran,RJW Topley,8,20,0,250.0,20.0
YK Pathan,A Kumble,8,7,1,87.5,7.0
YK Pathan,AJ Tye,8,11,0,137.5,11.0
AD Mathews,KV Sharma,8,8,0,100.0,8.0
S Dhawan,JC Archer,8,9,1,112.5,9.0
Ashutosh Sharma,MJ Santner,8,5,1,62.5,5.0
CA Lynn,UT Yadav,8,13,0,162.5,13.0
CA Pujara,AC Voges,8,10,0,125.0,10.0
YBK Jaiswal,Sakib Hussain,8,5,1,62.5,5.0
YBK Jaiswal,Shahbaz Ahmed,8,17,1,212.5,17.0
PA Patel,R Bhatia,8,7,1,87.5,7.0
N Rana,AS Rajpoot,8,11,1,137.5,11.0
N Rana,Arshdeep Singh,8,15,1,187.5,15.0
N Rana,BCJ Cutting,8,4,0,50.0,4.0
CA Lynn,Arshdeep Singh,8,21,0,262.5,21.0
C de Grandhomme,P Negi,8,9,1,112.5,9.0
S Dhawan,MP Stoinis,8,11,1,137.5,11.0
S Dhawan,MP Yadav,8,13,0,162.5,13.0
AD Hales,BA Stokes,8,11,0,137.5,11.0
S Dhawan,JP Duminy,8,12,1,150.0,12.0
YK Pathan,BE Hendricks,8,6,1,75.0,6.0
YK Pathan,CK Langeveldt,8,2,1,25.0,2.0
CA Lynn,MJ Santner,8,11,0,137.5,11.0
CA Lynn,B Stanlake,8,12,0,150.0,12.0
CA Lynn,JA Morkel,8,10,0,125.0,10.0
PA Reddy,MG Johnson,8,6,1,75.0,6.0
N Rana,Sakib Hussain,8,13,0,162.5,13.0
N Rana,Shakib Al Hasan,8,14,1,175.0,14.0
N Rana,Swapnil Singh,8,18,0,225.0,18.0
C Munro,DJ Hooda,8,8,1,100.0,8.0
SA Yadav,CR Brathwaite,8,15,1,187.5,15.0
AD Hales,K Gowtham,8,4,1,50.0,4.0
S Dhawan,Lalit Yadav,8,11,1,137.5,11.0
YK Pathan,GB Hogg,8,10,0,125.0,10.0
YK Pathan,HH Pandya,8,8,0,100.0,8.0
CA Ingram,M Ashwin,8,13,0,162.5,13.0
CA Ingram,Mujeeb Ur Rahman,8,13,0,162.5,13.0
CA Ingram,P Negi,8,13,0,162.5,13.0
SR Watson,A Nortje,8,2,1,25.0,2.0
SR Watson,AB Agarkar,8,12,0,150.0,12.0
SR Watson,Anureet Singh,8,13,0,162.5,13.0
PA Patel,SW Tait,8,7,0,87.5,7.0
BR Dunk,MA Starc,8,4,0,50.0,4.0
Bipul Sharma,JD Unadkat,8,11,1,137.5,11.0
Bipul Sharma,R Sharma,8,15,0,187.5,15.0
C Connolly,Washington Sundar,8,8,0,100.0,8.0
C Green,AS Roy,8,3,0,37.5,3.0
C Green,R Sai Kishore,8,18,0,225.0,18.0
C Green,JD Unadkat,8,11,0,137.5,11.0
C Green,Kartik Tyagi,8,22,0,275.0,22.0
C Green,M Markande,8,11,0,137.5,11.0
C Green,Sandeep Sharma,8,9,0,112.5,9.0
C Green,Umran Malik,8,13,0,162.5,13.0
N Rana,K Khejroliya,8,14,0,175.0,14.0
N Rana,DJ Hooda,8,15,0,187.5,15.0
PA Patel,S Badree,8,3,1,37.5,3.0
N Rana,J Suchith,8,9,0,112.5,9.0
AB de Villiers,J Botha,8,10,0,125.0,10.0
PA Patel,MP Stoinis,8,14,1,175.0,14.0
PA Patel,NM Coulter-Nile,8,9,0,112.5,9.0
PA Patel,P Sahu,8,18,0,225.0,18.0
PA Patel,P Suyal,8,10,0,125.0,10.0
SP Narine,KH Pandya,8,20,1,250.0,20.0
N Saini,VR Aaron,8,9,0,112.5,9.0
N Rana,S Badree,8,2,1,25.0,2.0
N Rana,S Nadeem,8,16,0,200.0,16.0
SR Tendulkar,Pankaj Singh,8,11,0,137.5,11.0
N Wadhera,AD Russell,8,7,0,87.5,7.0
YK Pathan,P Awana,8,11,0,137.5,11.0
YK Pathan,PV Tambe,8,9,1,112.5,9.0
BJ Hodge,YA Abdulla,8,14,0,175.0,14.0
AC Gilchrist,VY Mahesh,8,23,0,287.5,23.0
AC Voges,I Sharma,8,15,0,187.5,15.0
AC Voges,SB Jakati,8,5,0,62.5,5.0
N Wadhera,Akash Madhwal,8,19,1,237.5,19.0
N Wadhera,KH Pandya,8,2,0,25.0,2.0
N Wadhera,KV Sharma,8,13,1,162.5,13.0
SR Tendulkar,KV Sharma,8,17,1,212.5,17.0
SP Narine,MJ Santner,8,1,2,12.5,0.5
SP Narine,MR Marsh,8,6,1,75.0,6.0
A Badoni,MJ Santner,8,15,0,187.5,15.0
A Badoni,MM Ali,8,6,0,75.0,6.0
A Badoni,MP Stoinis,8,4,0,50.0,4.0
YK Pathan,R Sathish,8,26,0,325.0,26.0
S Dhawan,SM Pollock,8,6,1,75.0,6.0
AC Gilchrist,PJ Sangwan,8,17,1,212.5,17.0
AC Gilchrist,PP Chawla,8,4,0,50.0,4.0
AC Gilchrist,RG Sharma,8,11,0,137.5,11.0
S Dhawan,R Tewatia,8,12,0,150.0,12.0
BJ Rohrer,Azhar Mahmood,8,23,0,287.5,23.0
PA Patel,GB Hogg,8,5,1,62.5,5.0
PA Patel,GJ Maxwell,8,12,0,150.0,12.0
NK Patel,RR Raje,8,12,0,150.0,12.0
NK Patel,S Sreesanth,8,18,0,225.0,18.0
NLTC Perera,Azhar Mahmood,8,20,0,250.0,20.0
N Wadhera,SP Narine,8,2,1,25.0,2.0
N Wadhera,Sandeep Sharma,8,8,0,100.0,8.0
BJ Hodge,JJ Bumrah,8,12,0,150.0,12.0
YK Pathan,S Sreesanth,8,10,0,125.0,10.0
AC Gilchrist,SM Pollock,8,27,0,337.5,27.0
S Dhawan,RR Powar,8,15,1,187.5,15.0
S Dhawan,S Sandeep Warrier,8,13,0,162.5,13.0
BJ Hodge,M Muralitharan,8,4,1,50.0,4.0
BJ Hodge,NLTC Perera,8,6,0,75.0,6.0
BJ Hodge,P Awana,8,8,0,100.0,8.0
BJ Hodge,R Dhawan,8,8,0,100.0,8.0
N Wadhera,Yash Dayal,8,7,1,87.5,7.0
AL Menaria,KA Pollard,8,14,1,175.0,14.0
SR Tendulkar,J Syed Mohammad,8,9,1,112.5,9.0
SR Tendulkar,JD Ryder,8,11,0,137.5,11.0
AB de Villiers,KK Cooper,8,17,0,212.5,17.0
SR Tendulkar,BAW Mendis,8,17,1,212.5,17.0
NT Ellis,B Kumar,8,8,1,100.0,8.0
Atharva Taide,RA Jadeja,8,5,1,62.5,5.0
AC Gilchrist,S Ladda,8,16,1,200.0,16.0
YK Pathan,T Shamsi,8,13,0,162.5,13.0
N Wadhera,M Siddharth,8,13,1,162.5,13.0
N Wadhera,Mohsin Khan,8,3,2,37.5,1.5
PA Patel,JR Hopes,8,11,0,137.5,11.0
PA Patel,Karanveer Singh,8,8,1,100.0,8.0
PA Patel,DL Vettori,8,12,0,150.0,12.0
PA Patel,DP Vijaykumar,8,5,1,62.5,5.0
NV Ojha,DS Kulkarni,8,3,0,37.5,3.0
AL Menaria,PC Valthaty,8,15,0,187.5,15.0
SR Tendulkar,AUK Pathan,8,9,0,112.5,9.0
AL Menaria,SP Narine,8,11,0,137.5,11.0
AM Nayar,A Flintoff,8,25,0,312.5,25.0
BB McCullum,Mohammed Shami,8,10,0,125.0,10.0
S Dube,CJ Jordan,8,4,1,50.0,4.0
S Dube,DJ Bravo,8,1,0,12.5,1.0
S Dube,DS Rathi,8,5,0,62.5,5.0
AC Gilchrist,ST Jayasuriya,8,14,0,175.0,14.0
Atharva Taide,A Mishra,8,16,0,200.0,16.0
YV Takawale,Shakib Al Hasan,8,7,0,87.5,7.0
BB McCullum,LR Shukla,8,6,1,75.0,6.0
Atharva Taide,Mukesh Kumar,8,13,0,162.5,13.0
N Wadhera,V Nigam,8,12,1,150.0,12.0
N Wadhera,YS Chahal,8,18,0,225.0,18.0
Naman Dhir,Prince Yadav,8,19,0,237.5,19.0
Naman Dhir,RS Ghosh,8,12,0,150.0,12.0
SPD Smith,RS Bopara,8,9,1,112.5,9.0
SPD Smith,SK Raina,8,11,0,137.5,11.0
BA Stokes,PP Chawla,8,6,2,75.0,3.0
BA Stokes,S Nadeem,8,7,0,87.5,7.0
SA Asnodkar,Mohammad Asif,8,16,0,200.0,16.0
SA Asnodkar,RP Singh,8,8,0,100.0,8.0
BB McCullum,AD Mascarenhas,8,7,1,87.5,7.0
BB McCullum,BA Bhatt,8,2,0,25.0,2.0
BB McCullum,M Ashwin,8,11,0,137.5,11.0
BB McCullum,MC Henriques,8,6,1,75.0,6.0
NLTC Perera,M Muralitharan,8,3,0,37.5,3.0
NLTC Perera,MM Sharma,8,9,1,112.5,9.0
PA Patel,AN Ahmed,8,10,0,125.0,10.0
NV Ojha,DL Vettori,8,11,0,137.5,11.0
Yuvraj Singh,DP Nannes,8,8,0,100.0,8.0
Azhar Mahmood,DJ Bravo,8,5,1,62.5,5.0
S Dube,KM Asif,8,9,0,112.5,9.0
S Dube,KW Richardson,8,14,1,175.0,14.0
BA Stokes,HH Pandya,8,8,2,100.0,4.0
BA Stokes,JL Pattinson,8,20,0,250.0,20.0
B Sai Sudharsan,Simarjeet Singh,8,24,0,300.0,24.0
B Sumanth,SB Jakati,8,8,0,100.0,8.0
BA Stokes,T Natarajan,8,7,0,87.5,7.0
SR Tendulkar,A Chandila,8,4,1,50.0,4.0
PA Patel,Anureet Singh,8,9,0,112.5,9.0
PA Patel,BA Stokes,8,18,0,225.0,18.0
PA Patel,CR Woakes,8,2,0,25.0,2.0
P Simran Singh,Vijaykumar Vyshak,8,9,1,112.5,9.0
SPD Smith,STR Binny,8,13,1,162.5,13.0
Naman Dhir,K Rabada,8,9,0,112.5,9.0
Nithish Kumar Reddy,AR Patel,8,10,0,125.0,10.0
Naman Dhir,PJ Cummins,8,16,0,200.0,16.0
P Simran Singh,Yudhvir Singh,8,9,1,112.5,9.0
PA Patel,AD Mathews,8,14,2,175.0,7.0
P Simran Singh,PWH de Silva,8,18,0,225.0,18.0
Nithish Kumar Reddy,KH Pandya,8,16,0,200.0,16.0
SPD Smith,Navdeep Saini,8,9,0,112.5,9.0
B Sai Sudharsan,Harshit Rana,8,14,0,175.0,14.0
B Sai Sudharsan,K Kartikeya,8,6,0,75.0,6.0
S Vidyut,S Sreesanth,8,9,1,112.5,9.0
S Dube,Lalit Yadav,8,21,0,262.5,21.0
S Dube,MA Starc,8,7,0,87.5,7.0
Yuvraj Singh,IC Pandey,8,9,0,112.5,9.0
Yuvraj Singh,KW Richardson,8,24,2,300.0,12.0
Azhar Mahmood,PP Ojha,8,12,1,150.0,12.0
B Sai Sudharsan,SH Johnson,8,9,0,112.5,9.0
OA Shah,Z Khan,8,9,2,112.5,4.5
B Kumar,TG Southee,8,7,1,87.5,7.0
B Lee,A Singh,8,20,0,250.0,20.0
S Dube,Prince Yadav,8,23,0,287.5,23.0
S Dube,SH Johnson,8,14,0,175.0,14.0
B Sai Sudharsan,LH Ferguson,8,7,0,87.5,7.0
B Sai Sudharsan,CJ Jordan,8,16,0,200.0,16.0
B Sai Sudharsan,Nithish Kumar Reddy,8,6,0,75.0,6.0
Nithish Kumar Reddy,CV Varun,8,6,0,75.0,6.0
SP Narine,UT Yadav,8,12,1,150.0,12.0
SPD Smith,M Kartik,8,11,0,137.5,11.0
SPD Smith,M Markande,8,13,0,162.5,13.0
SPD Smith,MM Patel,8,13,1,162.5,13.0
OA Shah,R Vinay Kumar,8,24,1,300.0,24.0
Nithish Kumar Reddy,Yash Raj Punja,8,19,0,237.5,19.0
OA Shah,HV Patel,8,8,0,100.0,8.0
Yuvraj Singh,S Kaul,8,9,0,112.5,9.0
S Sohal,L Balaji,8,14,0,175.0,14.0
S Sohal,WD Parnell,8,6,0,75.0,6.0
B Kumar,JJ Bumrah,8,7,0,87.5,7.0
B Kumar,L Ngidi,8,7,0,87.5,7.0
B Kumar,R Vinay Kumar,8,11,0,137.5,11.0
B Kumar,RA Jadeja,8,12,0,150.0,12.0
B Kumar,Rashid Khan,8,7,0,87.5,7.0
B Kumar,SL Malinga,8,6,0,75.0,6.0
P Dogra,PJ Sangwan,8,8,0,100.0,8.0
P Simran Singh,Akash Singh,8,8,0,100.0,8.0
P Simran Singh,Brijesh Sharma,8,8,0,100.0,8.0
SPD Smith,Iqbal Abdulla,8,8,0,100.0,8.0
SPD Smith,J Yadav,8,7,0,87.5,7.0
SPD Smith,JR Hazlewood,8,2,0,25.0,2.0
SPD Smith,K Rabada,8,12,0,150.0,12.0
S Sohal,Harbhajan Singh,8,6,0,75.0,6.0
S Sohal,IK Pathan,8,14,0,175.0,14.0
B Akhil,A Nehra,8,13,1,162.5,13.0
B Chipli,AB Dinda,8,8,0,100.0,8.0
B Chipli,KA Pollard,8,7,1,87.5,7.0
Azhar Mahmood,Z Khan,8,5,0,62.5,5.0
Azmatullah Omarzai,DL Chahar,8,20,1,250.0,20.0
Azmatullah Omarzai,JR Hazlewood,8,7,1,87.5,7.0
Yuvraj Singh,PV Tambe,8,16,0,200.0,16.0
P Nissanka,Mukesh Choudhary,8,10,1,125.0,10.0
P Kumar,YA Abdulla,8,18,0,225.0,18.0
P Negi,GB Hogg,8,8,2,100.0,4.0
P Negi,GJ Maxwell,8,7,0,87.5,7.0
SPD Smith,DJ Hooda,8,8,0,100.0,8.0
Yuvraj Singh,STR Binny,8,14,0,175.0,14.0
Yuvraj Singh,Shakib Al Hasan,8,3,1,37.5,3.0
A Ashish Reddy,AB Dinda,7,9,0,128.57142857142858,9.0
A Ashish Reddy,YS Chahal,7,13,0,185.71428571428572,13.0
Z Khan,DW Steyn,7,0,2,0.0,0.0
Yuvraj Singh,Shivam Sharma,7,1,1,14.285714285714285,1.0
Yuvraj Singh,Pankaj Singh,7,21,0,300.0,21.0
B Chipli,SK Trivedi,7,5,1,71.42857142857143,5.0
S Dube,Mohsin Khan,7,19,0,271.42857142857144,19.0
SA Asnodkar,DR Smith,7,8,0,114.28571428571428,8.0
S Sriram,I Sharma,7,6,0,85.71428571428571,6.0
S Dube,R Sai Kishore,7,20,0,285.7142857142857,20.0
S Dube,R Parag,7,3,0,42.857142857142854,3.0
S Gopal,A Mishra,7,6,1,85.71428571428571,6.0
S Dube,V Nigam,7,13,1,185.71428571428572,13.0
S Narwal,M Morkel,7,3,0,42.857142857142854,3.0
S Kaul,Mustafizur Rahman,7,0,2,0.0,0.0
S Gopal,JJ Bumrah,7,8,2,114.28571428571428,4.0
Yuvraj Singh,P Amarnath,7,14,1,200.0,14.0
Yuvraj Singh,MR Marsh,7,8,0,114.28571428571428,8.0
B Lee,RP Singh,7,4,1,57.14285714285714,4.0
B Lee,DS Kulkarni,7,9,1,128.57142857142858,9.0
B Kumar,Yash Dayal,7,8,0,114.28571428571428,8.0
B Kumar,YS Chahal,7,4,1,57.14285714285714,4.0
S Dube,Abhinandan Singh,7,6,1,85.71428571428571,6.0
SA Asnodkar,V Kohli,7,8,0,114.28571428571428,8.0
SA Asnodkar,S Tyagi,7,9,0,128.57142857142858,9.0
SA Asnodkar,RR Raje,7,4,1,57.14285714285714,4.0
SA Asnodkar,L Balaji,7,7,0,100.0,7.0
SA Asnodkar,JDP Oram,7,14,0,200.0,14.0
SA Asnodkar,DS Kulkarni,7,9,0,128.57142857142858,9.0
S Dube,Kuldeep Yadav,7,5,0,71.42857142857143,5.0
S Dube,KK Ahmed,7,14,1,200.0,14.0
S Dube,JDS Neesham,7,9,1,128.57142857142858,9.0
B Sai Sudharsan,OF Smith,7,7,0,100.0,7.0
B Sai Sudharsan,Naman Dhir,7,15,0,214.28571428571428,15.0
B Sai Sudharsan,MM Ali,7,7,0,100.0,7.0
B Sai Sudharsan,MA Starc,7,15,0,214.28571428571428,15.0
Yuvraj Singh,JO Holder,7,8,2,114.28571428571428,4.0
Yuvraj Singh,J Yadav,7,10,0,142.85714285714286,10.0
Azhar Mahmood,JP Faulkner,7,9,1,128.57142857142858,9.0
AC Voges,DW Steyn,7,5,0,71.42857142857143,5.0
AC Gilchrist,NM Coulter-Nile,7,5,1,71.42857142857143,5.0
AD Hales,A Mishra,7,3,1,42.857142857142854,3.0
AC Gilchrist,SM Harwood,7,5,0,71.42857142857143,5.0
S Dhawan,V Shankar,7,15,0,214.28571428571428,15.0
S Dube,DR Sams,7,14,1,200.0,14.0
Yuvraj Singh,GD McGrath,7,21,1,300.0,21.0
Yuvraj Singh,DJ Hussey,7,17,0,242.85714285714283,17.0
Yuvraj Singh,DJ Hooda,7,6,0,85.71428571428571,6.0
Yuvraj Singh,D Wiese,7,6,0,85.71428571428571,6.0
B Sai Sudharsan,XC Bartlett,7,12,0,171.42857142857142,12.0
B Sai Sudharsan,Washington Sundar,7,10,0,142.85714285714286,10.0
B Sai Sudharsan,Sikandar Raza,7,15,0,214.28571428571428,15.0
B Sai Sudharsan,Shivang Kumar,7,9,0,128.57142857142858,9.0
BA Stokes,JO Holder,7,12,1,171.42857142857142,12.0
BA Stokes,Mustafizur Rahman,7,10,0,142.85714285714286,10.0
AD Mascarenhas,R Bhatia,7,4,2,57.14285714285714,2.0
AD Mascarenhas,CH Gayle,7,6,0,85.71428571428571,6.0
AD Mascarenhas,BAW Mendis,7,3,0,42.857142857142854,3.0
AD Hales,MM Ali,7,3,1,42.857142857142854,3.0
AD Hales,DL Chahar,7,1,1,14.285714285714285,1.0
SA Yadav,Brijesh Sharma,7,9,0,128.57142857142858,9.0
SA Yadav,Basil Thampi,7,3,1,42.857142857142854,3.0
SA Yadav,AJ Tye,7,6,1,85.71428571428571,6.0
SA Yadav,A Kamboj,7,1,0,14.285714285714285,1.0
S Dhawan,PVD Chameera,7,1,0,14.285714285714285,1.0
S Dhawan,Naveen-ul-Haq,7,6,0,85.71428571428571,6.0
AC Voges,UT Yadav,7,8,0,114.28571428571428,8.0
BA Stokes,M Prasidh Krishna,7,3,0,42.857142857142854,3.0
Yuvraj Singh,BJ Hodge,7,6,1,85.71428571428571,6.0
Yuvraj Singh,AM Nayar,7,7,0,100.0,7.0
Yuvraj Singh,AD Mathews,7,8,0,114.28571428571428,8.0
Yuvraj Singh,A Symonds,7,15,0,214.28571428571428,15.0
BA Stokes,SR Watson,7,8,0,114.28571428571428,8.0
BB McCullum,Anureet Singh,7,11,0,157.14285714285714,11.0
BA Stokes,UT Yadav,7,8,0,114.28571428571428,8.0
BB McCullum,BW Hilfenhaus,7,10,0,142.85714285714286,10.0
S Dhawan,GC Viljoen,7,14,2,200.0,7.0
AC Gilchrist,GD McGrath,7,5,1,71.42857142857143,5.0
SA Yadav,GC Viljoen,7,17,0,242.85714285714283,17.0
SA Yadav,DW Steyn,7,19,0,271.42857142857144,19.0
AD Mathews,M Morkel,7,16,0,228.57142857142856,16.0
AD Mathews,DL Vettori,7,5,0,71.42857142857143,5.0
AD Mathews,DE Bollinger,7,5,0,71.42857142857143,5.0
S Dhawan,Kartik Tyagi,7,18,1,257.14285714285717,18.0
S Dhawan,Mayank Dagar,7,14,0,200.0,14.0
AD Mathews,RA Jadeja,7,9,0,128.57142857142858,9.0
AD Mathews,NLTC Perera,7,11,1,157.14285714285714,11.0
SA Yadav,JA Morkel,7,13,0,185.71428571428572,13.0
SA Yadav,J Little,7,15,0,214.28571428571428,15.0
SA Yadav,I Sharma,7,8,1,114.28571428571428,8.0
S Dhawan,BCJ Cutting,7,11,0,157.14285714285714,11.0
S Dhawan,DR Smith,7,10,1,142.85714285714286,10.0
S Dhawan,CR Brathwaite,7,13,1,185.71428571428572,13.0
S Dhawan,C Sakariya,7,8,0,114.28571428571428,8.0
S Dhawan,Harshit Rana,7,10,0,142.85714285714286,10.0
BB McCullum,MS Gony,7,15,0,214.28571428571428,15.0
BB McCullum,MM Sharma,7,6,2,85.71428571428571,3.0
BB McCullum,M Markande,7,13,0,185.71428571428572,13.0
Yashpal Singh,A Singh,7,3,0,42.857142857142854,3.0
Yashpal Singh,A Nehra,7,2,0,28.57142857142857,2.0
YV Takawale,Mohammad Asif,7,4,0,57.14285714285714,4.0
YV Dhull,RA Jadeja,7,9,1,128.57142857142858,9.0
Atharva Taide,Yash Thakur,7,15,0,214.28571428571428,15.0
Atharva Taide,Ravi Bishnoi,7,3,1,42.857142857142854,3.0
S Badrinath,BJ Hodge,7,12,1,171.42857142857142,12.0
S Badrinath,MR Marsh,7,7,1,100.0,7.0
S Badrinath,LR Shukla,7,6,0,85.71428571428571,6.0
S Badrinath,SR Watson,7,12,1,171.42857142857142,12.0
S Dhawan,A Mithun,7,12,0,171.42857142857142,12.0
S Dhawan,A Chandila,7,11,0,157.14285714285714,11.0
S Chanderpaul,SR Watson,7,1,1,14.285714285714285,1.0
S Badrinath,WPUJC Vaas,7,4,0,57.14285714285714,4.0
AD Mathews,S Nadeem,7,4,0,57.14285714285714,4.0
Atharva Taide,PJ Cummins,7,8,0,114.28571428571428,8.0
Atharva Taide,B Kumar,7,10,0,142.85714285714286,10.0
Atharva Taide,Akash Deep,7,5,0,71.42857142857143,5.0
YV Dhull,M Theekshana,7,4,0,57.14285714285714,4.0
YK Pathan,TG Southee,7,19,0,271.42857142857144,19.0
BB McCullum,VS Malik,7,12,1,171.42857142857142,12.0
BB McCullum,SJ Srivastava,7,7,0,100.0,7.0
BCJ Cutting,AR Patel,7,4,1,57.14285714285714,4.0
BB Samantray,PV Tambe,7,10,0,142.85714285714286,10.0
BB Samantray,AD Mathews,7,9,0,128.57142857142858,9.0
Rashid Khan,TG Southee,7,4,2,57.14285714285714,2.0
Rashid Khan,Shivam Mavi,7,16,1,228.57142857142856,16.0
SA Yadav,P Dubey,7,5,0,71.42857142857143,5.0
SA Yadav,NM Coulter-Nile,7,13,1,185.71428571428572,13.0
S Badrinath,AB Agarkar,7,15,0,214.28571428571428,15.0
S Badree,JD Unadkat,7,1,1,14.285714285714285,1.0
S Arora,N Burger,7,12,0,171.42857142857142,12.0
S Aravind,AJ Tye,7,4,0,57.14285714285714,4.0
YK Pathan,SE Bond,7,13,0,185.71428571428572,13.0
YK Pathan,SB Styris,7,8,0,114.28571428571428,8.0
YK Pathan,RV Gomez,7,7,0,100.0,7.0
BJ Hodge,KP Pietersen,7,2,0,28.57142857142857,2.0
BJ Hodge,KA Pollard,7,16,0,228.57142857142856,16.0
BJ Hodge,K Santokie,7,12,1,171.42857142857142,12.0
BJ Hodge,JA Morkel,7,12,1,171.42857142857142,12.0
Ramandeep Singh,Fazalhaq Farooqi,7,14,0,200.0,14.0
AC Gilchrist,AP Dole,7,17,1,242.85714285714283,17.0
SA Yadav,Rasikh Salam,7,11,0,157.14285714285714,11.0
Rashid Khan,M Prasidh Krishna,7,22,1,314.2857142857143,22.0
Rashid Khan,Kuldeep Yadav,7,10,0,142.85714285714286,10.0
Rashid Khan,KH Pandya,7,6,0,85.71428571428571,6.0
Rashid Khan,K Rabada,7,11,2,157.14285714285714,5.5
S Anirudha,RJ Harris,7,15,1,214.28571428571428,15.0
BJ Hodge,R Vinay Kumar,7,9,2,128.57142857142858,4.5
BJ Hodge,R Rampaul,7,16,0,228.57142857142856,16.0
BJ Hodge,MM Patel,7,5,1,71.42857142857143,5.0
A Badoni,PJ Cummins,7,10,0,142.85714285714286,10.0
BR Dunk,B Kumar,7,0,0,0.0,0.0
BJ Rohrer,PP Chawla,7,6,1,85.71428571428571,6.0
AC Gilchrist,Anand Rajan,7,10,0,142.85714285714286,10.0
Ramandeep Singh,A Kamboj,7,7,1,100.0,7.0
Rahmanullah Gurbaz,Ravi Bishnoi,7,5,0,71.42857142857143,5.0
Rahmanullah Gurbaz,KV Sharma,7,9,1,128.57142857142858,9.0
Rashid Khan,B Kumar,7,12,1,171.42857142857142,12.0
Rashid Khan,Arshdeep Singh,7,1,2,14.285714285714285,0.5
Ramandeep Singh,Yash Raj Punja,7,2,1,28.57142857142857,2.0
Ramandeep Singh,SP Narine,7,4,0,57.14285714285714,4.0
BJ Rohrer,JP Faulkner,7,14,0,200.0,14.0
YK Pathan,PJ Sangwan,7,3,0,42.857142857142854,3.0
YK Pathan,Mujeeb Ur Rahman,7,3,0,42.857142857142854,3.0
C Connolly,AM Ghazanfar,7,6,1,85.71428571428571,6.0
Bipul Sharma,R Bhatia,7,8,0,114.28571428571428,8.0
Bipul Sharma,MN Samuels,7,14,0,200.0,14.0
Bipul Sharma,L Balaji,7,9,0,128.57142857142858,9.0
C Connolly,RD Chahar,7,12,0,171.42857142857142,12.0
RV Uthappa,RP Meredith,7,10,0,142.85714285714286,10.0
SA Yadav,Washington Sundar,7,5,0,71.42857142857143,5.0
AD Nath,Imran Tahir,7,4,0,57.14285714285714,4.0
AD Mathews,Z Khan,7,11,1,157.14285714285714,11.0
C Connolly,M Prasidh Krishna,7,8,0,114.28571428571428,8.0
C Green,Avesh Khan,7,12,0,171.42857142857142,12.0
C Green,Arshdeep Singh,7,12,0,171.42857142857142,12.0
C Connolly,WG Jacks,7,8,0,114.28571428571428,8.0
C Green,L Ngidi,7,5,0,71.42857142857143,5.0
C Green,PJ Cummins,7,19,0,271.42857142857144,19.0
C Munro,L Ngidi,7,1,0,14.285714285714285,1.0
C Munro,BB Sran,7,7,0,100.0,7.0
C Munro,B Kumar,7,5,0,71.42857142857143,5.0
C Green,TA Boult,7,14,0,200.0,14.0
YK Pathan,J Theron,7,6,0,85.71428571428571,6.0
C de Grandhomme,YS Chahal,7,3,1,42.857142857142854,3.0
C de Grandhomme,A Choudhary,7,3,0,42.857142857142854,3.0
AD Russell,CJ Jordan,7,12,0,171.42857142857142,12.0
AD Russell,Bipul Sharma,7,14,1,200.0,14.0
RV Uthappa,LMP Simmons,7,19,1,271.42857142857144,19.0
SB Styris,MF Maharoof,7,5,1,71.42857142857143,5.0
SB Jakati,SL Malinga,7,3,0,42.857142857142854,3.0
SB Jakati,DP Nannes,7,11,1,157.14285714285714,11.0
SB Dubey,M Jansen,7,14,0,200.0,14.0
SB Dubey,C Bosch,7,11,0,157.14285714285714,11.0
CA Ingram,HH Pandya,7,14,0,200.0,14.0
YK Pathan,DT Christian,7,17,0,242.85714285714283,17.0
YK Pathan,DP Nannes,7,7,0,100.0,7.0
CA Lynn,M Muralitharan,7,16,0,228.57142857142856,16.0
RV Uthappa,DP Nannes,7,6,0,85.71428571428571,6.0
RV Uthappa,CJ Jordan,7,2,2,28.57142857142857,1.0
RV Uthappa,Basil Thampi,7,16,0,228.57142857142856,16.0
SC Ganguly,AM Nayar,7,4,1,57.14285714285714,4.0
SB Styris,Mohammad Asif,7,14,0,200.0,14.0
RV Uthappa,KP Appanna,7,9,0,128.57142857142858,9.0
RV Uthappa,JDP Oram,7,20,0,285.7142857142857,20.0
CA Lynn,KA Jamieson,7,2,0,28.57142857142857,2.0
CA Lynn,K Rabada,7,9,1,128.57142857142858,9.0
YK Pathan,A Symonds,7,6,1,85.71428571428571,6.0
YBK Jaiswal,WG Jacks,7,8,1,114.28571428571428,8.0
CA Lynn,SB Jakati,7,7,0,100.0,7.0
CA Lynn,R Dhawan,7,6,0,85.71428571428571,6.0
CA Pujara,A Nehra,7,11,0,157.14285714285714,11.0
Ashutosh Sharma,KV Sharma,7,14,0,200.0,14.0
CA Pujara,L Balaji,7,2,0,28.57142857142857,2.0
SC Ganguly,DT Christian,7,2,1,28.57142857142857,2.0
RV Uthappa,B Lee,7,19,1,271.42857142857144,19.0
RV Uthappa,Azhar Mahmood,7,6,0,85.71428571428571,6.0
RV Uthappa,Arshdeep Singh,7,5,0,71.42857142857143,5.0
RV Uthappa,DR Smith,7,4,1,57.14285714285714,4.0
CA Pujara,JJ Bumrah,7,4,0,57.14285714285714,4.0
YBK Jaiswal,Swapnil Singh,7,10,0,142.85714285714286,10.0
CA Pujara,RP Singh,7,5,1,71.42857142857143,5.0
Ashutosh Sharma,Noor Ahmad,7,12,1,171.42857142857142,12.0
CA Pujara,WPUJC Vaas,7,4,0,57.14285714285714,4.0
CA Pujara,SMSM Senanayake,7,3,1,42.857142857142854,3.0
CH Gayle,Anand Rajan,7,11,1,157.14285714285714,11.0
A Badoni,Washington Sundar,7,9,0,128.57142857142858,9.0
A Badoni,WD Parnell,7,7,1,100.0,7.0
CH Gayle,Karanveer Singh,7,18,0,257.14285714285717,18.0
CH Gayle,KJ Abbott,7,22,0,314.2857142857143,22.0
Arshdeep Singh,Mustafizur Rahman,7,4,1,57.14285714285714,4.0
CH Gayle,P Parameswaran,7,36,0,514.2857142857143,36.0
CH Gayle,Mohammad Nabi,7,8,0,114.28571428571428,8.0
CH Gayle,PV Tambe,7,9,1,128.57142857142858,9.0
CH Gayle,P Suyal,7,21,0,300.0,21.0
RS Bopara,PP Ojha,7,11,0,157.14285714285714,11.0
RS Bopara,MJ McClenaghan,7,5,1,71.42857142857143,5.0
RS Bopara,JP Faulkner,7,10,0,142.85714285714286,10.0
SC Ganguly,RS Bopara,7,5,1,71.42857142857143,5.0
SC Ganguly,M Morkel,7,7,2,100.0,3.5
RT Ponting,M Muralitharan,7,3,0,42.857142857142854,3.0
RT Ponting,JH Kallis,7,11,1,157.14285714285714,11.0
RT Ponting,JD Unadkat,7,3,0,42.857142857142854,3.0
RT Ponting,DP Nannes,7,5,0,71.42857142857143,5.0
Anuj Rawat,MM Sharma,7,15,0,214.28571428571428,15.0
CH Gayle,S Sreesanth,7,16,0,228.57142857142856,16.0
CH Gayle,S Gopal,7,15,0,214.28571428571428,15.0
Arshad Khan,I Sharma,7,15,0,214.28571428571428,15.0
Arshad Khan,HV Patel,7,14,0,200.0,14.0
Anuj Rawat,Sandeep Sharma,7,12,0,171.42857142857142,12.0
Anuj Rawat,R Ashwin,7,3,0,42.857142857142854,3.0
CH Morris,K Rabada,7,15,0,214.28571428571428,15.0
RR Rossouw,Mohammed Siraj,7,19,0,271.42857142857144,19.0
RR Rossouw,MM Sharma,7,16,0,228.57142857142856,16.0
SC Ganguly,SM Pollock,7,5,2,71.42857142857143,2.5
RR Sarwan,P Kumar,7,6,1,85.71428571428571,6.0
RR Sarwan,M Muralitharan,7,6,0,85.71428571428571,6.0
RR Sarwan,DNT Zoysa,7,7,0,100.0,7.0
RR Rossouw,T Natarajan,7,9,0,128.57142857142858,9.0
RR Rossouw,Sandeep Sharma,7,14,0,200.0,14.0
AD Russell,Mohsin Khan,7,5,1,71.42857142857143,5.0
CH Morris,CR Woakes,7,12,1,171.42857142857142,12.0
CH Gayle,TU Deshpande,7,25,0,357.14285714285717,25.0
CH Morris,YS Chahal,7,8,0,114.28571428571428,8.0
CH Morris,TK Curran,7,17,0,242.85714285714283,17.0
CH Morris,SP Narine,7,7,1,100.0,7.0
CH Morris,NM Coulter-Nile,7,7,1,100.0,7.0
CH Morris,Mohammed Shami,7,18,2,257.14285714285717,9.0
CJ Ferguson,Iqbal Abdulla,7,2,0,28.57142857142857,2.0
CL White,AD Mascarenhas,7,3,0,42.857142857142854,3.0
AD Russell,RP Meredith,7,10,0,142.85714285714286,10.0
AD Russell,R Tewatia,7,11,0,157.14285714285714,11.0
AD Russell,PWH de Silva,7,8,0,114.28571428571428,8.0
AC Blizzard,P Kumar,7,12,1,171.42857142857142,12.0
AC Blizzard,Iqbal Abdulla,7,9,0,128.57142857142858,9.0
AC Blizzard,IK Pathan,7,1,1,14.285714285714285,1.0
RR Pant,R Bhatia,7,17,0,242.85714285714283,17.0
RR Powar,JA Morkel,7,12,0,171.42857142857142,12.0
RR Pant,TM Head,7,12,0,171.42857142857142,12.0
RN ten Doeschate,DW Steyn,7,3,0,42.857142857142854,3.0
SD Hope,KH Pandya,7,7,0,100.0,7.0
SD Hope,Harpreet Brar,7,5,0,71.42857142857143,5.0
SD Chitnis,IK Pathan,7,10,0,142.85714285714286,10.0
SD Chitnis,DJ Bravo,7,6,1,85.71428571428571,6.0
SD Chitnis,AD Russell,7,14,1,200.0,14.0
RR Pant,C Green,7,8,1,114.28571428571428,8.0
RR Pant,DR Sams,7,9,0,128.57142857142858,9.0
RR Pant,KA Pollard,7,7,0,100.0,7.0
RR Pant,MJ McClenaghan,7,10,0,142.85714285714286,10.0
CL White,AC Thomas,7,10,0,142.85714285714286,10.0
CL White,AB Dinda,7,9,0,128.57142857142858,9.0
CJ McKay,IK Pathan,7,4,1,57.14285714285714,4.0
CJ Ferguson,SW Tait,7,10,0,142.85714285714286,10.0
YBK Jaiswal,JD Unadkat,7,6,0,85.71428571428571,6.0
CL White,DB Ravi Teja,7,10,0,142.85714285714286,10.0
CL White,P Parameswaran,7,4,2,57.14285714285714,2.0
AD Russell,UT Yadav,7,14,0,200.0,14.0
AD Russell,Shakib Al Hasan,7,5,0,71.42857142857143,5.0
AD Russell,SP Narine,7,3,1,42.857142857142854,3.0
SE Marsh,AM Salvi,7,8,0,114.28571428571428,8.0
SE Marsh,AB McDonald,7,9,2,128.57142857142858,4.5
SD Lad,Mohammed Shami,7,1,1,14.285714285714285,1.0
RR Pant,A Dananjaya,7,20,0,285.7142857142857,20.0
RP Singh,M Muralitharan,7,1,1,14.285714285714285,1.0
RN ten Doeschate,IK Pathan,7,5,0,71.42857142857143,5.0
CL White,MF Maharoof,7,4,0,57.14285714285714,4.0
Y Venugopal Rao,Z Khan,7,9,0,128.57142857142858,9.0
CL White,Sohail Tanvir,7,1,0,14.285714285714285,1.0
CL White,SP Narine,7,3,1,42.857142857142854,3.0
CL White,SK Raina,7,10,0,142.85714285714286,10.0
CL White,RP Singh,7,4,1,57.14285714285714,4.0
CR Brathwaite,M Prasidh Krishna,7,10,1,142.85714285714286,10.0
CM Gautam,HV Patel,7,10,0,142.85714285714286,10.0
RM Patidar,Abhishek Sharma,7,9,0,128.57142857142858,9.0
SE Marsh,DJ Hussey,7,9,1,128.57142857142858,9.0
RM Patidar,JD Unadkat,7,10,1,142.85714285714286,10.0
RM Patidar,I Sharma,7,14,1,200.0,14.0
RM Patidar,OC McCoy,7,10,0,142.85714285714286,10.0
RM Patidar,N Burger,7,15,0,214.28571428571428,15.0
RM Patidar,TU Deshpande,7,13,0,185.71428571428572,13.0
RN ten Doeschate,A Nehra,7,14,1,200.0,14.0
CM Gautam,AR Patel,7,8,0,114.28571428571428,8.0
D Brevis,Kartik Tyagi,7,3,1,42.857142857142854,3.0
D Brevis,HV Patel,7,7,1,100.0,7.0
D Brevis,DS Rathi,7,5,1,71.42857142857143,5.0
D Brevis,Prince Yadav,7,3,0,42.857142857142854,3.0
SE Marsh,KH Pandya,7,15,0,214.28571428571428,15.0
SE Marsh,JP Duminy,7,8,2,114.28571428571428,4.0
SE Marsh,J Theron,7,14,0,200.0,14.0
RK Singh,MG Bracewell,7,5,0,71.42857142857143,5.0
RM Patidar,CJ Jordan,7,2,1,28.57142857142857,2.0
RM Patidar,Brijesh Sharma,7,9,0,128.57142857142858,9.0
Y Venugopal Rao,Mohammad Asif,7,9,0,128.57142857142858,9.0
D Ferreira,MA Starc,7,12,1,171.42857142857142,12.0
D Padikkal,Akash Deep,7,5,0,71.42857142857143,5.0
D Ferreira,Rashid Khan,7,30,1,428.57142857142856,30.0
Y Venugopal Rao,Iqbal Abdulla,7,5,0,71.42857142857143,5.0
Y Venugopal Rao,Harmeet Singh,7,10,0,142.85714285714286,10.0
D Padikkal,J Little,7,9,0,128.57142857142858,9.0
D Padikkal,Harsh Dubey,7,17,1,242.85714285714283,17.0
D Padikkal,E Malinga,7,17,1,242.85714285714283,17.0
D Padikkal,MJ Santner,7,8,1,114.28571428571428,8.0
D Padikkal,KK Ahmed,7,1,2,14.285714285714285,0.5
D Padikkal,Sakib Hussain,7,7,0,100.0,7.0
D Padikkal,S Dube,7,20,0,285.7142857142857,20.0
Anuj Rawat,Harpreet Brar,7,4,0,57.14285714285714,4.0
RG Sharma,SW Tait,7,10,1,142.85714285714286,10.0
SE Marsh,P Parameswaran,7,11,0,157.14285714285714,11.0
SE Marsh,P Negi,7,6,1,85.71428571428571,6.0
RJ Quiney,DJ Bravo,7,16,0,228.57142857142856,16.0
RJ Harris,R Vinay Kumar,7,12,0,171.42857142857142,12.0
RJ Harris,DL Vettori,7,3,0,42.857142857142854,3.0
RK Singh,Arshdeep Singh,7,11,0,157.14285714285714,11.0
RK Singh,A Nortje,7,24,1,342.85714285714283,24.0
RK Bhui,A Mishra,7,5,0,71.42857142857143,5.0
RJ Quiney,YA Abdulla,7,6,1,85.71428571428571,6.0
Y Venugopal Rao,A Symonds,7,16,0,228.57142857142856,16.0
DA Miller,AR Patel,7,6,1,85.71428571428571,6.0
DA Miller,A Zampa,7,8,0,114.28571428571428,8.0
D Wiese,MM Sharma,7,13,1,185.71428571428572,13.0
DA Miller,C de Grandhomme,7,11,0,157.14285714285714,11.0
RG Sharma,S Sreesanth,7,10,0,142.85714285714286,10.0
RG Sharma,S Aravind,7,12,0,171.42857142857142,12.0
RG Sharma,RR Powar,7,3,0,42.857142857142854,3.0
SE Marsh,S Dhawan,7,5,1,71.42857142857143,5.0
AJ Finch,AD Russell,7,6,0,85.71428571428571,6.0
AJ Finch,AB Dinda,7,14,0,200.0,14.0
AF Milne,SN Thakur,7,9,0,128.57142857142858,9.0
RG Sharma,V Kohli,7,7,0,100.0,7.0
DA Miller,JP Behrendorff,7,3,1,42.857142857142854,3.0
Y Nagar,GB Hogg,7,5,0,71.42857142857143,5.0
XC Bartlett,CV Varun,7,4,0,57.14285714285714,4.0
DA Miller,M Kartik,7,13,0,185.71428571428572,13.0
DA Miller,M Theekshana,7,14,0,200.0,14.0
DA Miller,RE van der Merwe,7,5,1,71.42857142857143,5.0
DA Miller,PH Solanki,7,4,0,57.14285714285714,4.0
DA Miller,Noor Ahmad,7,13,0,185.71428571428572,13.0
RG Sharma,J Syed Mohammad,7,9,1,128.57142857142858,9.0
SE Marsh,SN Thakur,7,5,1,71.42857142857143,5.0
SE Marsh,SB Wagh,7,5,1,71.42857142857143,5.0
AJ Finch,CJ Jordan,7,3,0,42.857142857142854,3.0
AJ Finch,CH Gayle,7,2,0,28.57142857142857,2.0
RG Sharma,SJ Srivastava,7,19,0,271.42857142857144,19.0
Washington Sundar,Shivang Kumar,7,8,0,114.28571428571428,8.0
Washington Sundar,SM Curran,7,2,1,28.57142857142857,2.0
DA Miller,TU Deshpande,7,5,1,71.42857142857143,5.0
DA Miller,Shahbaz Ahmed,7,10,0,142.85714285714286,10.0
Anmolpreet Singh,A Mishra,7,6,1,85.71428571428571,6.0
Anirudh Singh,SK Warne,7,6,1,85.71428571428571,6.0
DA Warner,A Symonds,7,5,0,71.42857142857143,5.0
DA Warner,A Singh,7,2,1,28.57142857142857,2.0
Washington Sundar,Mukesh Kumar,7,9,1,128.57142857142858,9.0
DA Warner,DR Smith,7,17,0,242.85714285714283,17.0
Aniket Verma,TU Deshpande,7,11,1,157.14285714285714,11.0
Aniket Verma,RA Jadeja,7,8,0,114.28571428571428,8.0
Aniket Verma,Prince Yadav,7,3,1,42.857142857142854,3.0
Aniket Verma,Mohammed Siraj,7,2,2,28.57142857142857,1.0
Aniket Verma,MM Sharma,7,13,0,185.71428571428572,13.0
RG Sharma,Azmatullah Omarzai,7,6,0,85.71428571428571,6.0
RG Sharma,Anureet Singh,7,9,0,128.57142857142858,9.0
RG Sharma,Ankit Soni,7,2,0,28.57142857142857,2.0
SE Rutherford,Akash Deep,7,9,0,128.57142857142858,9.0
SE Rutherford,Abhishek Sharma,7,17,0,242.85714285714283,17.0
SE Marsh,V Kohli,7,11,0,157.14285714285714,11.0
SE Marsh,Umar Gul,7,4,0,57.14285714285714,4.0
RG Sharma,C Sakariya,7,3,1,42.857142857142854,3.0
RG Sharma,BMAJ Mendis,7,10,0,142.85714285714286,10.0
RG Sharma,J Theron,7,6,0,85.71428571428571,6.0
RD Rickelton,V Nigam,7,9,0,128.57142857142858,9.0
SE Rutherford,Mohammed Shami,7,6,0,85.71428571428571,6.0
SE Rutherford,MM Sharma,7,17,0,242.85714285714283,17.0
RE van der Merwe,RA Jadeja,7,4,0,57.14285714285714,4.0
AJ Finch,M Markande,7,8,0,114.28571428571428,8.0
RG Sharma,B Muzarabani,7,13,0,185.71428571428572,13.0
Washington Sundar,CV Varun,7,3,1,42.857142857142854,3.0
Washington Sundar,Brijesh Sharma,7,12,0,171.42857142857142,12.0
WPUJC Vaas,UT Yadav,7,4,0,57.14285714285714,4.0
DA Warner,KR Sen,7,10,0,142.85714285714286,10.0
DA Warner,MA Wood,7,7,0,100.0,7.0
Abishek Porel,Shahbaz Ahmed,7,21,0,300.0,21.0
DA Warner,O Thomas,7,7,1,100.0,7.0
DA Warner,Mukesh Choudhary,7,14,0,200.0,14.0
Akash Madhwal,KV Sharma,7,3,0,42.857142857142854,3.0
Abishek Porel,T Natarajan,7,6,0,85.71428571428571,6.0
DA Warner,SK Warne,7,6,0,85.71428571428571,6.0
RD Gaikwad,SN Thakur,7,11,0,157.14285714285714,11.0
SE Rutherford,WG Jacks,7,14,0,200.0,14.0
RD Rickelton,M Siddharth,7,24,0,342.85714285714283,24.0
RD Rickelton,K Kartikeya,7,12,0,171.42857142857142,12.0
RD Rickelton,Harsh Dubey,7,22,0,314.2857142857143,22.0
RD Rickelton,B Muzarabani,7,12,1,171.42857142857142,12.0
RD Rickelton,Ravi Bishnoi,7,13,0,185.71428571428572,13.0
RD Rickelton,MP Yadav,7,5,0,71.42857142857143,5.0
DA Warner,S Tyagi,7,7,0,100.0,7.0
DA Warner,S Lamichhane,7,3,0,42.857142857142854,3.0
WP Saha,S Nadeem,7,11,1,157.14285714285714,11.0
DB Das,A Nehra,7,8,1,114.28571428571428,8.0
DAJ Bracewell,R Vinay Kumar,7,10,0,142.85714285714286,10.0
DA Warner,Y Prithvi Raj,7,10,1,142.85714285714286,10.0
DB Das,S Sreesanth,7,4,2,57.14285714285714,2.0
DB Das,MM Patel,7,7,0,100.0,7.0
DB Das,IK Pathan,7,4,0,57.14285714285714,4.0
AB de Villiers,SW Tait,7,1,0,14.285714285714285,1.0
RD Gaikwad,JDS Neesham,7,11,0,157.14285714285714,11.0
RD Gaikwad,M Ashwin,7,6,0,85.71428571428571,6.0
RD Gaikwad,KR Mayers,7,11,0,157.14285714285714,11.0
RD Gaikwad,SH Johnson,7,11,1,157.14285714285714,11.0
RD Gaikwad,PP Hinge,7,9,0,128.57142857142858,9.0
RD Gaikwad,Shivam Mavi,7,4,0,57.14285714285714,4.0
DB Ravi Teja,IK Pathan,7,3,0,42.857142857142854,3.0
DB Ravi Teja,B Kumar,7,9,0,128.57142857142858,9.0
DB Ravi Teja,AB Dinda,7,8,0,114.28571428571428,8.0
DH Yagnik,SP Narine,7,16,0,228.57142857142856,16.0
DJ Bravo,DJ Hooda,7,10,0,142.85714285714286,10.0
WP Saha,P Awana,7,3,1,42.857142857142854,3.0
A Manohar,HH Pandya,7,13,0,185.71428571428572,13.0
A Flintoff,DJ Bravo,7,13,0,185.71428571428572,13.0
A Chopra,Y Venugopal Rao,7,3,1,42.857142857142854,3.0
A Chopra,SB Styris,7,5,0,71.42857142857143,5.0
DJ Bravo,JEC Franklin,7,12,0,171.42857142857142,12.0
DJ Bravo,GB Hogg,7,7,0,100.0,7.0
RA Tripathi,P Negi,7,6,2,85.71428571428571,3.0
SK Raina,AD Mascarenhas,7,12,0,171.42857142857142,12.0
RA Tripathi,Shakib Al Hasan,7,6,1,85.71428571428571,6.0
RA Tripathi,S Dube,7,15,0,214.28571428571428,15.0
RA Tripathi,S Badree,7,9,0,128.57142857142858,9.0
RA Tripathi,WD Parnell,7,15,0,214.28571428571428,15.0
RA Tripathi,TU Deshpande,7,9,0,128.57142857142858,9.0
AJ Finch,P Sahu,7,12,1,171.42857142857142,12.0
DJ Bravo,MG Johnson,7,3,0,42.857142857142854,3.0
WP Saha,Mustafizur Rahman,7,12,0,171.42857142857142,12.0
Abishek Porel,Prince Yadav,7,8,0,114.28571428571428,8.0
Abishek Porel,PP Chawla,7,6,0,85.71428571428571,6.0
RA Jadeja,Shivam Mavi,7,3,0,42.857142857142854,3.0
RA Jadeja,WG Jacks,7,5,0,71.42857142857143,5.0
RA Tripathi,DR Sams,7,17,0,242.85714285714283,17.0
RA Tripathi,DJ Hooda,7,11,1,157.14285714285714,11.0
RA Tripathi,M Theekshana,7,5,0,71.42857142857143,5.0
AJ Finch,R Vinay Kumar,7,1,1,14.285714285714285,1.0
RA Tripathi,PJ Cummins,7,8,0,114.28571428571428,8.0
DJ Bravo,PJ Sangwan,7,6,0,85.71428571428571,6.0
DJ Harris,A Mithun,7,5,0,71.42857142857143,5.0
DJ Bravo,Z Khan,7,10,0,142.85714285714286,10.0
DJ Harris,RR Powar,7,13,0,185.71428571428572,13.0
DJ Harris,PP Chawla,7,9,0,128.57142857142858,9.0
DJ Hooda,P Negi,7,11,0,157.14285714285714,11.0
WP Saha,I Sharma,7,4,1,57.14285714285714,4.0
WP Saha,DR Sams,7,2,0,28.57142857142857,2.0
DJ Hussey,KK Cooper,7,14,0,200.0,14.0
DJ Hussey,ST Jayasuriya,7,5,1,71.42857142857143,5.0
RA Jadeja,JA Morkel,7,4,1,57.14285714285714,4.0
RA Jadeja,J Botha,7,6,0,85.71428571428571,6.0
RA Jadeja,M Morkel,7,12,0,171.42857142857142,12.0
RA Jadeja,M Jansen,7,7,0,100.0,7.0
RA Jadeja,Nithish Kumar Reddy,7,10,0,142.85714285714286,10.0
RA Jadeja,Naman Dhir,7,5,1,71.42857142857143,5.0
RA Jadeja,Mukesh Kumar,7,9,0,128.57142857142858,9.0
AJ Finch,Shivam Sharma,7,2,1,28.57142857142857,2.0
AJ Finch,SW Tait,7,5,1,71.42857142857143,5.0
DJ Hussey,Parvez Rasool,7,6,0,85.71428571428571,6.0
DJ Hussey,PP Chawla,7,4,2,57.14285714285714,2.0
WP Saha,BA Stokes,7,11,0,157.14285714285714,11.0
WP Saha,AS Rajpoot,7,6,1,85.71428571428571,6.0
DJ Jacobs,A Singh,7,3,1,42.857142857142854,3.0
DJ Hussey,YS Chahal,7,11,0,157.14285714285714,11.0
DJ Hussey,V Pratap Singh,7,7,1,100.0,7.0
RA Jadeja,Abdul Samad,7,10,0,142.85714285714286,10.0
SK Raina,K Goel,7,11,0,157.14285714285714,11.0
SK Raina,JR Hopes,7,16,0,228.57142857142856,16.0
SK Raina,JE Taylor,7,14,0,200.0,14.0
RA Jadeja,Kartik Tyagi,7,15,1,214.28571428571428,15.0
DJ Mitchell,JR Hazlewood,7,0,1,0.0,0.0
DJ Mitchell,JJ Bumrah,7,9,0,128.57142857142858,9.0
DJ Mitchell,HH Pandya,7,5,1,71.42857142857143,5.0
DJ Mitchell,GJ Maxwell,7,4,0,57.14285714285714,4.0
WP Saha,AD Mathews,7,9,0,128.57142857142858,9.0
WP Saha,AB McDonald,7,9,0,128.57142857142858,9.0
WG Jacks,Ravi Bishnoi,7,4,0,57.14285714285714,4.0
DJ Thornely,Shahid Afridi,7,3,1,42.857142857142854,3.0
R Tewatia,N Burger,7,4,0,57.14285714285714,4.0
R Tewatia,Mukesh Kumar,7,7,0,100.0,7.0
R Vinay Kumar,R McLaren,7,7,0,100.0,7.0
R Vinay Kumar,L Balaji,7,6,1,85.71428571428571,6.0
R Vinay Kumar,JP Faulkner,7,22,1,314.2857142857143,22.0
R Vinay Kumar,IK Pathan,7,7,0,100.0,7.0
RA Jadeja,AM Salvi,7,6,1,85.71428571428571,6.0
DJG Sammy,BW Hilfenhaus,7,10,0,142.85714285714286,10.0
DJ Willey,UT Yadav,7,1,0,14.285714285714285,1.0
WG Jacks,JD Unadkat,7,7,0,100.0,7.0
WG Jacks,HV Patel,7,6,0,85.71428571428571,6.0
DL Chahar,AR Patel,7,11,0,157.14285714285714,11.0
DJM Short,TA Boult,7,12,0,171.42857142857142,12.0
DJM Short,Kuldeep Yadav,7,2,0,28.57142857142857,2.0
WG Jacks,AD Russell,7,9,2,128.57142857142858,4.5
WA Mota,M Muralitharan,7,4,0,57.14285714285714,4.0
DL Vettori,YK Pathan,7,4,0,57.14285714285714,4.0
DL Vettori,JR Hopes,7,7,0,100.0,7.0
DL Vettori,IK Pathan,7,7,1,100.0,7.0
DL Chahar,NT Ellis,7,15,0,214.28571428571428,15.0
R Sathish,PP Chawla,7,10,0,142.85714285714286,10.0
AB de Villiers,RR Raje,7,9,0,128.57142857142858,9.0
R Tewatia,JC Archer,7,14,1,200.0,14.0
R Tewatia,GJ Maxwell,7,3,0,42.857142857142854,3.0
DP Conway,LH Ferguson,7,4,0,57.14285714285714,4.0
DP Conway,KR Sen,7,4,0,57.14285714285714,4.0
DP Conway,G Coetzee,7,10,0,142.85714285714286,10.0
W Jaffer,Z Khan,7,2,1,28.57142857142857,2.0
W Jaffer,Shahid Afridi,7,10,0,142.85714285714286,10.0
W Jaffer,P Amarnath,7,17,1,242.85714285714283,17.0
DP Conway,Mayank Dagar,7,8,0,114.28571428571428,8.0
R Powell,TA Boult,7,14,0,200.0,14.0
SK Raina,RG Sharma,7,3,1,42.857142857142854,3.0
SK Raina,R McLaren,7,5,0,71.42857142857143,5.0
R Sathish,JP Faulkner,7,8,1,114.28571428571428,8.0
R Ravindra,VG Arora,7,3,1,42.857142857142854,3.0
R Shepherd,KK Ahmed,7,32,0,457.1428571428571,32.0
R Shepherd,DS Rathi,7,8,0,114.28571428571428,8.0
R Shepherd,Arshdeep Singh,7,7,1,100.0,7.0
DP Conway,MM Sharma,7,10,0,142.85714285714286,10.0
Vishnu Vinod,Sandeep Sharma,7,1,1,14.285714285714285,1.0
Vishnu Vinod,AS Joseph,7,11,0,157.14285714285714,11.0
Virat Singh,R Ashwin,7,3,0,42.857142857142854,3.0
VVS Laxman,P Kumar,7,5,1,71.42857142857143,5.0
VVS Laxman,M Muralitharan,7,7,0,100.0,7.0
DP Conway,UT Yadav,7,2,1,28.57142857142857,2.0
DPMD Jayawardene,DP Nannes,7,11,0,157.14285714285714,11.0
R Powell,Raghu Sharma,7,15,0,214.28571428571428,15.0
R Powell,RA Jadeja,7,3,1,42.857142857142854,3.0
R Powell,PVD Chameera,7,3,0,42.857142857142854,3.0
R Powell,PJ Cummins,7,9,0,128.57142857142858,9.0
R Powell,M Prasidh Krishna,7,10,0,142.85714285714286,10.0
SK Raina,SE Rutherford,7,7,0,100.0,7.0
SK Raina,RV Gomez,7,16,0,228.57142857142856,16.0
SK Raina,RJ Harris,7,2,1,28.57142857142857,2.0
R Ravindra,LS Livingstone,7,14,0,200.0,14.0
DPMD Jayawardene,CJ McKay,7,7,0,100.0,7.0
VR Iyer,TU Deshpande,7,12,0,171.42857142857142,12.0
Abishek Porel,Mohammad Nabi,7,6,1,85.71428571428571,6.0
Abishek Porel,KK Ahmed,7,5,0,71.42857142857143,5.0
DPMD Jayawardene,IK Pathan,7,3,0,42.857142857142854,3.0
VR Iyer,Shivang Kumar,7,22,0,314.2857142857143,22.0
VR Iyer,RA Jadeja,7,15,1,214.28571428571428,15.0
DR Smith,A Chandila,7,21,0,300.0,21.0
DR Shorey,AS Roy,7,2,1,28.57142857142857,2.0
DPMD Jayawardene,Z Khan,7,13,0,185.71428571428572,13.0
Abishek Porel,Akash Madhwal,7,12,0,171.42857142857142,12.0
Abishek Porel,AS Roy,7,13,1,185.71428571428572,13.0
Abhishek Sharma,XC Bartlett,7,16,0,228.57142857142856,16.0
DR Smith,D Wiese,7,17,0,242.85714285714283,17.0
SK Raina,V Shankar,7,8,0,114.28571428571428,8.0
SK Raina,V Pratap Singh,7,17,0,242.85714285714283,17.0
SK Raina,TL Suman,7,21,0,300.0,21.0
SK Raina,TK Curran,7,4,0,57.14285714285714,4.0
SK Raina,TG Southee,7,5,0,71.42857142857143,5.0
R Parag,Shivam Mavi,7,1,0,14.285714285714285,1.0
R Powell,Kartik Tyagi,7,10,0,142.85714285714286,10.0
R Powell,HH Pandya,7,1,0,14.285714285714285,1.0
R Powell,Ashok Sharma,7,10,1,142.85714285714286,10.0
R Parag,JR Hazlewood,7,13,1,185.71428571428572,13.0
R Parag,JO Holder,7,7,3,100.0,2.3333333333333335
AB de Villiers,Mujeeb Ur Rahman,7,15,0,214.28571428571428,15.0
AJ Tye,JJ Bumrah,7,11,0,157.14285714285714,11.0
R Parag,PWH de Silva,7,5,0,71.42857142857143,5.0
R Parag,NT Ellis,7,10,1,142.85714285714286,10.0
A Manohar,Umran Malik,7,9,1,128.57142857142858,9.0
A Manohar,R Shepherd,7,4,1,57.14285714285714,4.0
A Manohar,M Jansen,7,7,0,100.0,7.0
DR Smith,JP Duminy,7,5,0,71.42857142857143,5.0
DR Smith,R Rampaul,7,10,1,142.85714285714286,10.0
DR Smith,R Dhawan,7,5,0,71.42857142857143,5.0
DR Smith,NLTC Perera,7,7,1,100.0,7.0
DR Smith,Mohammed Siraj,7,6,0,85.71428571428571,6.0
A Manohar,JDS Neesham,7,10,0,142.85714285714286,10.0
VR Iyer,Mayank Dagar,7,10,0,142.85714285714286,10.0
Abhishek Sharma,Simarjeet Singh,7,10,0,142.85714285714286,10.0
DT Christian,DJ Bravo,7,8,0,114.28571428571428,8.0
DT Christian,BW Hilfenhaus,7,14,0,200.0,14.0
DS Lehmann,IK Pathan,7,3,1,42.857142857142854,3.0
DS Kulkarni,MA Starc,7,1,1,14.285714285714285,1.0
R McLaren,M Manhas,7,8,0,114.28571428571428,8.0
R McLaren,JH Kallis,7,8,0,114.28571428571428,8.0
R McLaren,AC Thomas,7,15,0,214.28571428571428,15.0
SK Warne,A Mishra,7,6,3,85.71428571428571,2.0
SK Trivedi,RP Singh,7,1,1,14.285714285714285,1.0
SK Rasheed,SN Thakur,7,10,0,142.85714285714286,10.0
SK Rasheed,DS Rathi,7,5,0,71.42857142857143,5.0
R Parag,AM Ghazanfar,7,15,2,214.28571428571428,7.5
DW Steyn,KK Cooper,7,16,0,228.57142857142856,16.0
DT Patil,SK Warne,7,6,1,85.71428571428571,6.0
DT Christian,SK Trivedi,7,3,1,42.857142857142854,3.0
Dhruv Jurel,C Bosch,7,7,2,100.0,3.5
SL Malinga,UT Yadav,7,7,1,100.0,7.0
SL Malinga,M Morkel,7,4,0,57.14285714285714,4.0
SL Malinga,BW Hilfenhaus,7,6,1,85.71428571428571,6.0
R Dravid,SB Bangar,7,14,1,200.0,14.0
R Dravid,RE van der Merwe,7,11,1,157.14285714285714,11.0
R Dravid,Shahid Afridi,7,4,0,57.14285714285714,4.0
Dhruv Jurel,A Zampa,7,3,1,42.857142857142854,3.0
VR Iyer,Arjun Tendulkar,7,12,0,171.42857142857142,12.0
Dhruv Jurel,MM Sharma,7,17,0,242.85714285714283,17.0
Dhruv Jurel,M Prasidh Krishna,7,12,0,171.42857142857142,12.0
Dhruv Jurel,KV Sharma,7,14,1,200.0,14.0
Dhruv Jurel,Sakib Hussain,7,7,0,100.0,7.0
Dhruv Jurel,Naveen-ul-Haq,7,5,0,71.42857142857143,5.0
E Lewis,BA Stokes,7,7,0,100.0,7.0
E Lewis,B Stanlake,7,14,0,200.0,14.0
E Lewis,A Mishra,7,8,1,114.28571428571428,8.0
E Lewis,LE Plunkett,7,4,0,57.14285714285714,4.0
E Lewis,K Gowtham,7,11,0,157.14285714285714,11.0
R Dhawan,Yuvraj Singh,7,9,0,128.57142857142858,9.0
R Dhawan,PVD Chameera,7,6,0,85.71428571428571,6.0
AK Markram,E Malinga,7,8,0,114.28571428571428,8.0
R Dravid,CH Gayle,7,9,0,128.57142857142858,9.0
AK Markram,GHS Garton,7,6,1,85.71428571428571,6.0
E Lewis,JJ Bumrah,7,9,1,128.57142857142858,9.0
E Lewis,S Gopal,7,18,0,257.14285714285717,18.0
E Lewis,R Ashwin,7,8,0,114.28571428571428,8.0
E Lewis,PP Chawla,7,14,1,200.0,14.0
EJG Morgan,KA Pollard,7,9,0,128.57142857142858,9.0
EJG Morgan,J Yadav,7,6,1,85.71428571428571,6.0
EJG Morgan,NLTC Perera,7,20,0,285.7142857142857,20.0
EJG Morgan,Mujeeb Ur Rahman,7,13,0,185.71428571428572,13.0
EJG Morgan,M Muralitharan,7,6,0,85.71428571428571,6.0
EJG Morgan,R Shukla,7,12,0,171.42857142857142,12.0
EJG Morgan,TG Southee,7,8,1,114.28571428571428,8.0
EJG Morgan,S Nadeem,7,7,1,100.0,7.0
R Bhatia,B Kumar,7,3,1,42.857142857142854,3.0
R Ashwin,V Sehwag,7,3,0,42.857142857142854,3.0
R Ashwin,SSB Magala,7,7,0,100.0,7.0
SM Curran,Mohammed Siraj,7,3,0,42.857142857142854,3.0
SM Curran,M Theekshana,7,10,0,142.85714285714286,10.0
R Dhawan,P Awana,7,11,0,157.14285714285714,11.0
R Bhatia,SR Watson,7,11,0,157.14285714285714,11.0
R Bhatia,S Sreesanth,7,17,0,242.85714285714283,17.0
F du Plessis,Basil Thampi,7,2,0,28.57142857142857,2.0
F du Plessis,Gurkeerat Singh,7,5,0,71.42857142857143,5.0
F du Plessis,G Coetzee,7,12,0,171.42857142857142,12.0
Abhishek Sharma,MM Ali,7,7,0,100.0,7.0
F du Plessis,K Kartikeya,7,7,0,100.0,7.0
SM Curran,R Tewatia,7,15,1,214.28571428571428,15.0
R Ashwin,MC Henriques,7,10,0,142.85714285714286,10.0
R Ashwin,IK Pathan,7,7,2,100.0,3.5
R Ashwin,HV Patel,7,13,1,185.71428571428572,13.0
R Ashwin,SMSM Senanayake,7,5,0,71.42857142857143,5.0
R Ashwin,PJ Cummins,7,11,0,157.14285714285714,11.0
R Ashwin,Mohammed Shami,7,12,1,171.42857142857142,12.0
F du Plessis,MM Ali,7,7,2,100.0,3.5
V Shankar,Naveen-ul-Haq,7,9,1,128.57142857142858,9.0
V Shankar,MA Starc,7,7,0,100.0,7.0
F du Plessis,R Rampaul,7,11,0,157.14285714285714,11.0
F du Plessis,SE Rutherford,7,10,0,142.85714285714286,10.0
Abhishek Sharma,K Yadav,7,8,0,114.28571428571428,8.0
F du Plessis,VG Arora,7,15,0,214.28571428571428,15.0
F du Plessis,TK Curran,7,12,0,171.42857142857142,12.0
F du Plessis,SS Cottrell,7,6,0,85.71428571428571,6.0
FH Allen,K Rabada,7,15,0,214.28571428571428,15.0
AK Markram,MM Ali,7,7,1,100.0,7.0
SM Katich,SB Jakati,7,14,0,200.0,14.0
R Ashwin,CJ Jordan,7,11,0,157.14285714285714,11.0
R Ashwin,C Sakariya,7,9,0,128.57142857142858,9.0
R Ashwin,Akash Madhwal,7,5,1,71.42857142857143,5.0
R Ashwin,AD Russell,7,18,1,257.14285714285717,18.0
FH Allen,JO Holder,7,16,0,228.57142857142856,16.0
V Shankar,KK Ahmed,7,8,0,114.28571428571428,8.0
V Shankar,JP Behrendorff,7,18,0,257.14285714285717,18.0
FY Fazal,SK Raina,7,7,0,100.0,7.0
G Gambhir,AM Nayar,7,11,0,157.14285714285714,11.0
G Gambhir,DJG Sammy,7,7,0,100.0,7.0
Abhishek Sharma,CJ Jordan,7,10,0,142.85714285714286,10.0
Abhishek Sharma,Brijesh Sharma,7,13,0,185.71428571428572,13.0
V Shankar,Avesh Khan,7,10,1,142.85714285714286,10.0
V Sehwag,YA Abdulla,7,18,0,257.14285714285717,18.0
G Gambhir,Gurkeerat Singh,7,4,1,57.14285714285714,4.0
G Gambhir,FH Edwards,7,6,0,85.71428571428571,6.0
Abdul Samad,Ravi Bishnoi,7,8,2,114.28571428571428,4.0
SN Khan,BA Stokes,7,12,0,171.42857142857142,12.0
SN Khan,Anureet Singh,7,8,1,114.28571428571428,8.0
SN Khan,AD Russell,7,11,1,157.14285714285714,11.0
SM Pollock,SB Bangar,7,13,1,185.71428571428572,13.0
Q de Kock,Noor Ahmad,7,11,0,157.14285714285714,11.0
Q de Kock,R Vinay Kumar,7,20,0,285.7142857142857,20.0
V Sehwag,WD Parnell,7,5,0,71.42857142857143,5.0
V Sehwag,Sandeep Sharma,7,9,0,128.57142857142858,9.0
V Sehwag,SM Pollock,7,25,0,357.14285714285717,25.0
V Sehwag,SJ Srivastava,7,13,0,185.71428571428572,13.0
GC Smith,Harbhajan Singh,7,1,1,14.285714285714285,1.0
GC Smith,DS Kulkarni,7,10,0,142.85714285714286,10.0
GH Vihari,MM Sharma,7,4,0,57.14285714285714,4.0
AK Markram,Mukesh Kumar,7,11,0,157.14285714285714,11.0
Priyansh Arya,T Natarajan,7,2,1,28.57142857142857,2.0
SN Khan,M Jansen,7,7,0,100.0,7.0
SN Khan,E Malinga,7,4,1,57.14285714285714,4.0
AK Markram,Nithish Kumar Reddy,7,10,0,142.85714285714286,10.0
Q de Kock,D Pretorius,7,7,1,100.0,7.0
Q de Kock,LH Ferguson,7,13,0,185.71428571428572,13.0
GH Vihari,Iqbal Abdulla,7,4,1,57.14285714285714,4.0
GH Vihari,Harbhajan Singh,7,6,0,85.71428571428571,6.0
GH Vihari,DS Kulkarni,7,6,1,85.71428571428571,6.0
V Sehwag,R Shukla,7,9,0,128.57142857142858,9.0
V Sehwag,NLTC Perera,7,9,0,128.57142857142858,9.0
GJ Bailey,AS Rajpoot,7,10,0,142.85714285714286,10.0
GJ Bailey,J Suchith,7,15,0,214.28571428571428,15.0
GJ Bailey,IK Pathan,7,7,0,100.0,7.0
Priyansh Arya,HH Pandya,7,17,0,242.85714285714283,17.0
Priyansh Arya,Arshad Khan,7,20,0,285.7142857142857,20.0
SN Khan,RD Chahar,7,9,0,128.57142857142858,9.0
SN Khan,PV Tambe,7,19,0,271.42857142857144,19.0
Abdul Samad,Mukesh Kumar,7,7,2,100.0,3.5
GJ Maxwell,CJ Jordan,7,21,0,300.0,21.0
GJ Maxwell,BA Stokes,7,12,0,171.42857142857142,12.0
GJ Maxwell,AJ Tye,7,9,0,128.57142857142858,9.0
GJ Maxwell,KW Richardson,7,13,1,185.71428571428572,13.0
GJ Maxwell,RV Patel,7,8,0,114.28571428571428,8.0
GJ Maxwell,MM Sharma,7,12,1,171.42857142857142,12.0
GJ Maxwell,MK Lomror,7,4,0,57.14285714285714,4.0
GJ Maxwell,YK Pathan,7,2,0,28.57142857142857,2.0
V Sehwag,CRD Fernando,7,9,0,128.57142857142858,9.0
V Sehwag,CH Morris,7,8,0,114.28571428571428,8.0
Gurkeerat Singh,JD Unadkat,7,6,0,85.71428571428571,6.0
H Klaasen,A Kamboj,7,1,1,14.285714285714285,1.0
Gurkeerat Singh,YS Chahal,7,8,1,114.28571428571428,8.0
Gurkeerat Singh,Mustafizur Rahman,7,7,0,100.0,7.0
SN Thakur,Rashid Khan,7,3,2,42.857142857142854,1.5
SN Thakur,M Theekshana,7,10,0,142.85714285714286,10.0
SN Thakur,Arshdeep Singh,7,6,1,85.71428571428571,6.0
Priyansh Arya,K Rabada,7,8,1,114.28571428571428,8.0
Priyansh Arya,Harshit Rana,7,21,1,300.0,21.0
H Klaasen,B Kumar,7,13,0,185.71428571428572,13.0
A Mhatre,T Natarajan,7,15,0,214.28571428571428,15.0
Abdul Samad,JD Unadkat,7,14,1,200.0,14.0
Abdul Samad,Avesh Khan,7,14,2,200.0,7.0
H Klaasen,Kartik Tyagi,7,10,0,142.85714285714286,10.0
H Klaasen,JR Hazlewood,7,23,0,328.57142857142856,23.0
H Klaasen,JO Holder,7,6,1,85.71428571428571,6.0
H Klaasen,JA Duffy,7,6,0,85.71428571428571,6.0
H Klaasen,Harpreet Brar,7,11,1,157.14285714285714,11.0
H Klaasen,Mohammed Shami,7,5,1,71.42857142857143,5.0
PP Shaw,VR Aaron,7,11,0,157.14285714285714,11.0
SO Hetmyer,Basil Thampi,7,6,0,85.71428571428571,6.0
SO Hetmyer,AJ Tye,7,19,0,271.42857142857144,19.0
H Klaasen,MG Bracewell,7,10,0,142.85714285714286,10.0
V Sehwag,AM Nayar,7,16,0,228.57142857142856,16.0
V Sehwag,AC Voges,7,8,0,114.28571428571428,8.0
H Klaasen,RJW Topley,7,11,0,157.14285714285714,11.0
HC Brook,Mohammed Siraj,7,4,0,57.14285714285714,4.0
HC Brook,AD Russell,7,3,0,42.857142857142854,3.0
H Klaasen,Yash Thakur,7,11,0,157.14285714285714,11.0
H Klaasen,XC Bartlett,7,7,1,100.0,7.0
H Klaasen,WD Parnell,7,8,0,114.28571428571428,8.0
HH Gibbs,AA Jhunjhunwala,7,13,0,185.71428571428572,13.0
HC Brook,TA Boult,7,1,0,14.285714285714285,1.0
V Kohli,Yash Thakur,7,5,0,71.42857142857143,5.0
V Kohli,YA Abdulla,7,11,0,157.14285714285714,11.0
V Kohli,VRV Singh,7,3,1,42.857142857142854,3.0
V Kohli,V Pratap Singh,7,4,0,57.14285714285714,4.0
HH Gibbs,JM Kemp,7,12,0,171.42857142857142,12.0
HH Pandya,Fazalhaq Farooqi,7,25,0,357.14285714285717,25.0
HH Pandya,DW Steyn,7,1,0,14.285714285714285,1.0
PP Chawla,JJ Bumrah,7,5,0,71.42857142857143,5.0
SO Hetmyer,KH Pandya,7,10,1,142.85714285714286,10.0
SO Hetmyer,K Khejroliya,7,8,0,114.28571428571428,8.0
PP Shaw,R Shepherd,7,7,0,100.0,7.0
PR Shah,DP Vijaykumar,7,6,0,85.71428571428571,6.0
HH Pandya,C Green,7,7,0,100.0,7.0
HH Pandya,KA Jamieson,7,8,0,114.28571428571428,8.0
AT Rayudu,SL Malinga,7,7,0,100.0,7.0
AT Rayudu,SK Raina,7,14,1,200.0,14.0
AT Rayudu,SJ Srivastava,7,5,2,71.42857142857143,2.5
AT Rayudu,SB Jakati,7,6,0,85.71428571428571,6.0
PP Chawla,A Symonds,7,3,0,42.857142857142854,3.0
PP Chawla,A Nehra,7,16,0,228.57142857142856,16.0
PP Chawla,A Mishra,7,12,0,171.42857142857142,12.0
SO Hetmyer,R Tewatia,7,5,0,71.42857142857143,5.0
SO Hetmyer,R Powell,7,12,0,171.42857142857142,12.0
PP Chawla,P Awana,7,19,1,271.42857142857144,19.0
HH Pandya,MG Johnson,7,8,0,114.28571428571428,8.0
HH Pandya,MA Wood,7,12,0,171.42857142857142,12.0
A Mishra,IK Pathan,7,7,0,100.0,7.0
A Mhatre,Yash Dayal,7,8,0,114.28571428571428,8.0
HH Pandya,SR Watson,7,12,0,171.42857142857142,12.0
HH Pandya,Rasikh Salam,7,3,1,42.857142857142854,3.0
HH Pandya,RD Chahar,7,10,0,142.85714285714286,10.0
HH Pandya,R Sai Kishore,7,5,1,71.42857142857143,5.0
HM Amla,Iqbal Abdulla,7,9,0,128.57142857142858,9.0
SO Hetmyer,VG Arora,7,9,0,128.57142857142858,9.0
SO Hetmyer,TG Southee,7,17,0,242.85714285714283,17.0
PJ Sangwan,ST Jayasuriya,7,2,0,28.57142857142857,2.0
PN Mankad,GD Phillips,7,7,0,100.0,7.0
PK Garg,S Dube,7,3,1,42.857142857142854,3.0
PK Garg,Mohammed Shami,7,4,1,57.14285714285714,4.0
HV Patel,Avesh Khan,7,9,0,128.57142857142858,9.0
HM Amla,TA Boult,7,10,0,142.85714285714286,10.0
HM Amla,SR Watson,7,9,1,128.57142857142858,9.0
V Kohli,R Shukla,7,7,0,100.0,7.0
HV Patel,YS Chahal,7,7,0,100.0,7.0
HV Patel,Shivam Mavi,7,8,1,114.28571428571428,8.0
HV Patel,Mohammed Shami,7,15,1,214.28571428571428,15.0
HV Patel,J Suchith,7,3,0,42.857142857142854,3.0
Harbhajan Singh,JD Unadkat,7,17,2,242.85714285714283,8.5
Harbhajan Singh,DP Nannes,7,15,0,214.28571428571428,15.0
SP Goswami,CH Gayle,7,3,0,42.857142857142854,3.0
SP Fleming,DJ Bravo,7,9,0,128.57142857142858,9.0
PJ Cummins,AR Patel,7,5,0,71.42857142857143,5.0
PJ Cummins,AD Russell,7,5,2,71.42857142857143,2.5
PD Salt,Shahbaz Ahmed,7,14,0,200.0,14.0
PJ Cummins,RD Chahar,7,7,0,100.0,7.0
PJ Cummins,M Prasidh Krishna,7,17,1,242.85714285714283,17.0
PJ Cummins,DR Sams,7,34,0,485.71428571428567,34.0
Harbhajan Singh,NM Coulter-Nile,7,12,1,171.42857142857142,12.0
A Mukund,JP Faulkner,7,3,0,42.857142857142854,3.0
A Mishra,STR Binny,7,2,0,28.57142857142857,2.0
IK Pathan,AB Agarkar,7,8,0,114.28571428571428,8.0
IK Pathan,A Mithun,7,6,0,85.71428571428571,6.0
Himmat Singh,RA Jadeja,7,10,0,142.85714285714286,10.0
Harshit Rana,E Malinga,7,6,1,85.71428571428571,6.0
Harpreet Singh,MM Sharma,7,3,1,42.857142857142854,3.0
V Kohli,NM Coulter-Nile,7,10,1,142.85714285714286,10.0
IK Pathan,DJG Sammy,7,5,0,71.42857142857143,5.0
IK Pathan,RG Sharma,7,10,0,142.85714285714286,10.0
PD Collingwood,A Mithun,7,20,0,285.7142857142857,20.0
PC Valthaty,WD Parnell,7,5,0,71.42857142857143,5.0
PD Salt,Avesh Khan,7,5,1,71.42857142857143,5.0
PD Salt,JR Hazlewood,7,12,0,171.42857142857142,12.0
PD Salt,JD Unadkat,7,8,1,114.28571428571428,8.0
Imran Tahir,MJ McClenaghan,7,5,1,71.42857142857143,5.0
IR Jaggi,J Botha,7,9,0,128.57142857142858,9.0
IR Jaggi,Iqbal Abdulla,7,2,1,28.57142857142857,2.0
IK Pathan,VY Mahesh,7,8,0,114.28571428571428,8.0
V Kohli,MJ Suthar,7,14,0,200.0,14.0
V Kohli,L Ablish,7,12,0,171.42857142857142,12.0
Ishan Kishan,AS Joseph,7,7,1,100.0,7.0
Ishan Kishan,AJ Tye,7,3,1,42.857142857142854,3.0
PC Valthaty,AN Ahmed,7,4,0,57.14285714285714,4.0
SP Jackson,Rashid Khan,7,8,0,114.28571428571428,8.0
SP Goswami,YK Pathan,7,9,0,128.57142857142858,9.0
PC Valthaty,SB Wagh,7,12,0,171.42857142857142,12.0
PC Valthaty,S Aravind,7,6,0,85.71428571428571,6.0
PC Valthaty,JP Duminy,7,16,0,228.57142857142856,16.0
PD Collingwood,CL White,7,18,0,257.14285714285717,18.0
Ishan Kishan,AJ Hosein,7,6,0,85.71428571428571,6.0
A Nortje,T Natarajan,7,3,2,42.857142857142854,1.5
Ishan Kishan,C Green,7,5,0,71.42857142857143,5.0
AT Rayudu,RG Sharma,7,8,0,114.28571428571428,8.0
Ishan Kishan,Fazalhaq Farooqi,7,13,0,185.71428571428572,13.0
Ishan Kishan,M Markande,7,12,0,171.42857142857142,12.0
Ishan Kishan,LB Williams,7,6,0,85.71428571428571,6.0
Ishan Kishan,KC Cariappa,7,7,0,100.0,7.0
Ishan Kishan,JDS Neesham,7,4,0,57.14285714285714,4.0
A Mukund,SR Watson,7,9,0,128.57142857142858,9.0
V Kohli,JR Hopes,7,11,0,157.14285714285714,11.0
Ishan Kishan,MP Yadav,7,7,0,100.0,7.0
Ishan Kishan,RD Chahar,7,9,0,128.57142857142858,9.0
AT Rayudu,P Sahu,7,9,0,128.57142857142858,9.0
SP Narine,JL Pattinson,7,8,1,114.28571428571428,8.0
SP Narine,CR Woakes,7,20,0,285.7142857142857,20.0
PBB Rajapaksa,HV Patel,7,9,0,128.57142857142858,9.0
PA Reddy,SR Watson,7,12,0,171.42857142857142,12.0
Ishan Kishan,TG Southee,7,5,1,71.42857142857143,5.0
V Kohli,J Yadav,7,8,0,114.28571428571428,8.0
V Kohli,GB Hogg,7,7,0,100.0,7.0
J Botha,DP Nannes,7,0,0,0.0,0.0
J Botha,DJ Bravo,7,5,0,71.42857142857143,5.0
J Botha,B Lee,7,9,0,128.57142857142858,9.0
J Botha,AG Murtaza,7,5,0,71.42857142857143,5.0
J Botha,AA Kazi,7,7,1,100.0,7.0
J Fraser-McGurk,Azmatullah Omarzai,7,12,0,171.42857142857142,12.0
J Fraser-McGurk,Washington Sundar,7,30,0,428.57142857142856,30.0
PA Patel,JW Hastings,7,8,0,114.28571428571428,8.0
SP Narine,Mukesh Kumar,7,6,0,85.71428571428571,6.0
PA Patel,MJ McClenaghan,7,12,0,171.42857142857142,12.0
PA Patel,SM Pollock,7,6,0,85.71428571428571,6.0
PA Patel,VRV Singh,7,6,0,85.71428571428571,6.0
AK Markram,TG Southee,7,6,0,85.71428571428571,6.0
AK Markram,Sandeep Sharma,7,8,0,114.28571428571428,8.0
PA Reddy,RP Singh,7,7,1,100.0,7.0
PA Reddy,MN Samuels,7,4,0,57.14285714285714,4.0
PA Reddy,MC Henriques,7,9,0,128.57142857142858,9.0
PA Reddy,M Kartik,7,9,0,128.57142857142858,9.0
PA Reddy,IK Pathan,7,1,0,14.285714285714285,1.0
PA Reddy,B Kumar,7,7,0,100.0,7.0
PA Patel,DJ Hussey,7,8,0,114.28571428571428,8.0
SP Narine,PVD Chameera,7,19,0,271.42857142857144,19.0
AL Menaria,MM Patel,7,5,0,71.42857142857143,5.0
AL Menaria,BJ Hodge,7,6,2,85.71428571428571,3.0
AL Menaria,A Nehra,7,6,1,85.71428571428571,6.0
PA Patel,DT Christian,7,5,0,71.42857142857143,5.0
PA Patel,LH Ferguson,7,8,0,114.28571428571428,8.0
PA Patel,Kuldeep Yadav,7,9,1,128.57142857142858,9.0
PA Patel,KV Sharma,7,11,0,157.14285714285714,11.0
J Fraser-McGurk,SH Johnson,7,10,1,142.85714285714286,10.0
J Fraser-McGurk,Mohammed Shami,7,1,0,14.285714285714285,1.0
J Fraser-McGurk,HV Patel,7,3,0,42.857142857142854,3.0
J Fraser-McGurk,HH Pandya,7,26,0,371.42857142857144,26.0
J Fraser-McGurk,B Kumar,7,5,1,71.42857142857143,5.0
A Raghuvanshi,Mohsin Khan,7,12,1,171.42857142857142,12.0
A Raghuvanshi,Kuldeep Yadav,7,5,0,71.42857142857143,5.0
J Yadav,K Rabada,7,4,1,57.14285714285714,4.0
J Syed Mohammad,UT Yadav,7,10,1,142.85714285714286,10.0
J Suchith,R Dhawan,7,6,0,85.71428571428571,6.0
P Simran Singh,MM Sharma,7,15,1,214.28571428571428,15.0
P Simran Singh,M Siddharth,7,11,0,157.14285714285714,11.0
SP Narine,Yudhvir Singh,7,10,1,142.85714285714286,10.0
P Simran Singh,S Sandeep Warrier,7,20,0,285.7142857142857,20.0
P Simran Singh,R Ashwin,7,12,0,171.42857142857142,12.0
PA Patel,AD Russell,7,10,0,142.85714285714286,10.0
P Simran Singh,Yash Raj Punja,7,9,1,128.57142857142858,9.0
P Simran Singh,Washington Sundar,7,15,0,214.28571428571428,15.0
J Overton,Suyash Sharma,7,9,1,128.57142857142858,9.0
J Overton,RA Jadeja,7,10,0,142.85714285714286,10.0
J Overton,JC Archer,7,8,0,114.28571428571428,8.0
J Overton,Ashwani Kumar,7,14,1,200.0,14.0
J Overton,Arshad Khan,7,18,1,257.14285714285717,18.0
JA Morkel,DS Kulkarni,7,5,1,71.42857142857143,5.0
JA Morkel,B Lee,7,6,0,85.71428571428571,6.0
JA Morkel,Azhar Mahmood,7,12,2,171.42857142857142,6.0
JA Morkel,A Symonds,7,11,0,157.14285714285714,11.0
P Nissanka,RA Jadeja,7,10,1,142.85714285714286,10.0
P Nissanka,JJ Bumrah,7,8,0,114.28571428571428,8.0
SPD Smith,CR Woakes,7,11,1,157.14285714285714,11.0
SPD Smith,Basil Thampi,7,6,0,85.71428571428571,6.0
P Simran Singh,C Bosch,7,10,0,142.85714285714286,10.0
P Ray Barman,Rashid Khan,7,5,0,71.42857142857143,5.0
P Simran Singh,JP Behrendorff,7,16,0,228.57142857142856,16.0
P Simran Singh,JO Holder,7,7,1,100.0,7.0
JA Morkel,Iqbal Abdulla,7,2,0,28.57142857142857,2.0
V Kohli,Auqib Nabi,7,9,0,128.57142857142858,9.0
JA Morkel,VY Mahesh,7,6,0,85.71428571428571,6.0
JA Morkel,VRV Singh,7,15,0,214.28571428571428,15.0
JA Morkel,RE van der Merwe,7,4,0,57.14285714285714,4.0
JC Archer,SP Narine,7,9,0,128.57142857142858,9.0
JC Buttler,AJ Hosein,7,11,0,157.14285714285714,11.0
AT Rayudu,Lalit Yadav,7,14,0,200.0,14.0
JC Buttler,BA Stokes,7,12,1,171.42857142857142,12.0
P Kumar,SK Trivedi,7,5,0,71.42857142857143,5.0
P Kumar,KK Cooper,7,14,0,200.0,14.0
P Kumar,JA Morkel,7,6,1,85.71428571428571,6.0
P Negi,CH Morris,7,8,2,114.28571428571428,4.0
JC Buttler,Akash Singh,7,6,1,85.71428571428571,6.0
JC Buttler,Akash Madhwal,7,2,1,28.57142857142857,2.0
A Raghuvanshi,Sakib Hussain,7,5,0,71.42857142857143,5.0
A Raghuvanshi,R Sai Kishore,7,13,0,185.71428571428572,13.0
JC Buttler,KL Nagarkoti,7,11,0,157.14285714285714,11.0
JC Buttler,JL Pattinson,7,6,1,85.71428571428571,6.0
JC Buttler,I Udana,7,17,0,242.85714285714283,17.0
OA Shah,Shakib Al Hasan,7,10,0,142.85714285714286,10.0
OA Shah,SW Tait,7,3,0,42.857142857142854,3.0
OA Shah,KP Appanna,7,2,1,28.57142857142857,2.0
SPD Smith,KMDN Kulasekara,7,12,0,171.42857142857142,12.0
AB de Villiers,Karanveer Singh,7,21,0,300.0,21.0
P Kumar,B Kumar,7,9,1,128.57142857142858,9.0
P Kumar,A Mithun,7,14,0,200.0,14.0
P Dogra,R Sathish,7,22,1,314.2857142857143,22.0
JC Buttler,Mohammad Nabi,7,22,0,314.2857142857143,22.0
AT Rayudu,JP Behrendorff,7,11,1,157.14285714285714,11.0
Urvil Patel,DS Rathi,7,24,0,342.85714285714283,24.0
UT Yadav,Mustafizur Rahman,7,2,0,28.57142857142857,2.0
UT Yadav,JA Morkel,7,9,0,128.57142857142858,9.0
JC Buttler,R Tewatia,7,10,0,142.85714285714286,10.0
JC Buttler,R Sai Kishore,7,6,0,85.71428571428571,6.0
JC Buttler,PVD Chameera,7,4,0,57.14285714285714,4.0
JC Buttler,N Thushara,7,12,0,171.42857142857142,12.0
Nithish Kumar Reddy,SM Curran,7,12,0,171.42857142857142,12.0
Nithish Kumar Reddy,N Burger,7,15,0,214.28571428571428,15.0
SPD Smith,MJ Santner,7,6,0,85.71428571428571,6.0
SPD Smith,MA Starc,7,7,1,100.0,7.0
SPD Smith,M Morkel,7,14,0,200.0,14.0
SPD Smith,Karanveer Singh,7,12,0,171.42857142857142,12.0
OA Shah,DW Steyn,7,6,0,85.71428571428571,6.0
OA Shah,Ankit Sharma,7,10,0,142.85714285714286,10.0
AT Rayudu,Iqbal Abdulla,7,10,1,142.85714285714286,10.0
AT Rayudu,I Udana,7,11,1,157.14285714285714,11.0
UT Khawaja,R Dhawan,7,7,0,100.0,7.0
UT Khawaja,MM Sharma,7,10,0,142.85714285714286,10.0
JC Buttler,W O'Rourke,7,7,0,100.0,7.0
JD Ryder,DL Vettori,7,9,0,128.57142857142858,9.0
JD Ryder,Shakib Al Hasan,7,8,0,114.28571428571428,8.0
JD Ryder,L Balaji,7,2,0,28.57142857142857,2.0
Nithish Kumar Reddy,A Nortje,7,3,0,42.857142857142854,3.0
Naman Dhir,YS Chahal,7,16,0,228.57142857142856,16.0
Naman Dhir,XC Bartlett,7,10,0,142.85714285714286,10.0
SPD Smith,PP Ojha,7,3,1,42.857142857142854,3.0
SPD Smith,P Awana,7,10,0,142.85714285714286,10.0
SPD Smith,NLTC Perera,7,3,0,42.857142857142854,3.0
Nithish Kumar Reddy,M Pathirana,7,12,0,171.42857142857142,12.0
Nithish Kumar Reddy,KK Ahmed,7,9,0,128.57142857142858,9.0
Nithish Kumar Reddy,Harshit Rana,7,6,1,85.71428571428571,6.0
UBT Chand,L Balaji,7,6,0,85.71428571428571,6.0
UBT Chand,I Sharma,7,5,0,71.42857142857143,5.0
UBT Chand,AB Dinda,7,5,0,71.42857142857143,5.0
UA Birla,L Balaji,7,2,0,28.57142857142857,2.0
JDP Oram,FH Edwards,7,8,0,114.28571428571428,8.0
JD Unadkat,SN Thakur,7,8,1,114.28571428571428,8.0
Naman Dhir,DS Rathi,7,10,1,142.85714285714286,10.0
NV Ojha,YS Chahal,7,8,1,114.28571428571428,8.0
NV Ojha,YA Abdulla,7,12,0,171.42857142857142,12.0
Naman Dhir,Mukesh Kumar,7,29,0,414.28571428571433,29.0
Naman Dhir,MM Sharma,7,18,0,257.14285714285717,18.0
Nithish Kumar Reddy,Brijesh Sharma,7,10,1,142.85714285714286,10.0
Nithish Kumar Reddy,B Kumar,7,3,0,42.857142857142854,3.0
JEC Franklin,A Mishra,7,8,0,114.28571428571428,8.0
JDS Neesham,PP Chawla,7,7,1,100.0,7.0
JEC Franklin,Iqbal Abdulla,7,13,0,185.71428571428572,13.0
JG Bethell,A Kamboj,7,8,0,114.28571428571428,8.0
JH Kallis,Ankit Sharma,7,4,0,57.14285714285714,4.0
JH Kallis,AD Mascarenhas,7,5,0,71.42857142857143,5.0
Tilak Varma,R Shepherd,7,4,0,57.14285714285714,4.0
Tilak Varma,OF Smith,7,9,0,128.57142857142858,9.0
JH Kallis,MC Henriques,7,6,0,85.71428571428571,6.0
JH Kallis,JP Faulkner,7,2,0,28.57142857142857,2.0
AT Rayudu,DJG Sammy,7,9,0,128.57142857142858,9.0
JH Kallis,RW Price,7,10,0,142.85714285714286,10.0
JH Kallis,ND Doshi,7,13,0,185.71428571428572,13.0
JJ Roy,K Gowtham,7,9,0,128.57142857142858,9.0
SPD Smith,VR Aaron,7,14,0,200.0,14.0
SPD Smith,SS Cottrell,7,8,0,114.28571428571428,8.0
NV Ojha,RG Sharma,7,12,0,171.42857142857142,12.0
NV Ojha,P Negi,7,11,0,157.14285714285714,11.0
NV Ojha,T Thushara,7,5,1,71.42857142857143,5.0
NV Ojha,Sandeep Sharma,7,28,0,400.0,28.0
NV Ojha,RS Bopara,7,7,0,100.0,7.0
Naman Dhir,JR Hazlewood,7,5,0,71.42857142857143,5.0
JJ Roy,HH Pandya,7,22,0,314.2857142857143,22.0
JJ Roy,DL Chahar,7,5,1,71.42857142857143,5.0
JJ Roy,Arshdeep Singh,7,9,0,128.57142857142858,9.0
JJ Bumrah,S Kaul,7,8,0,114.28571428571428,8.0
JJ Bumrah,Avesh Khan,7,9,0,128.57142857142858,9.0
Tilak Varma,MJ Santner,7,12,0,171.42857142857142,12.0
Tilak Varma,MG Bracewell,7,8,0,114.28571428571428,8.0
Tilak Varma,M Pathirana,7,10,1,142.85714285714286,10.0
Tilak Varma,KV Sharma,7,7,0,100.0,7.0
JJ Roy,RA Jadeja,7,14,0,200.0,14.0
JJ Roy,MR Marsh,7,8,0,114.28571428571428,8.0
AM Nayar,A Nehra,7,2,2,28.57142857142857,1.0
AL Menaria,SB Jakati,7,5,0,71.42857142857143,5.0
AL Menaria,RJ Harris,7,5,0,71.42857142857143,5.0
NV Ojha,MA Starc,7,9,0,128.57142857142858,9.0
NV Ojha,Joginder Sharma,7,15,0,214.28571428571428,15.0
NV Ojha,JO Holder,7,3,1,42.857142857142854,3.0
NV Ojha,JD Unadkat,7,12,2,171.42857142857142,6.0
NV Ojha,J Suchith,7,6,2,85.71428571428571,3.0
NV Ojha,AB McDonald,7,13,0,185.71428571428572,13.0
NV Ojha,A Symonds,7,7,0,100.0,7.0
NV Ojha,A Nehra,7,9,1,128.57142857142858,9.0
NV Ojha,A Kumble,7,9,0,128.57142857142858,9.0
NS Naik,MC Henriques,7,7,0,100.0,7.0
NS Naik,BB Sran,7,9,0,128.57142857142858,9.0
NM Coulter-Nile,PP Chawla,7,2,0,28.57142857142857,2.0
AB de Villiers,Joginder Sharma,7,6,0,85.71428571428571,6.0
NV Ojha,D du Preez,7,6,0,85.71428571428571,6.0
NV Ojha,BW Hilfenhaus,7,1,1,14.285714285714285,1.0
NV Ojha,Azhar Mahmood,7,5,0,71.42857142857143,5.0
JJ Roy,M Theekshana,7,20,1,285.7142857142857,20.0
JJ Roy,Kuldeep Yadav,7,8,1,114.28571428571428,8.0
JJ Roy,TG Southee,7,9,0,128.57142857142858,9.0
JM Bairstow,JR Hazlewood,7,20,0,285.7142857142857,20.0
JM Bairstow,M Jansen,7,11,0,157.14285714285714,11.0
NLTC Perera,DW Steyn,7,9,0,128.57142857142858,9.0
NK Patel,PP Chawla,7,6,1,85.71428571428571,6.0
SR Tendulkar,J Botha,7,4,0,57.14285714285714,4.0
SR Tendulkar,HV Patel,7,8,1,114.28571428571428,8.0
SR Tendulkar,CH Morris,7,2,0,28.57142857142857,2.0
NLTC Perera,MN Samuels,7,16,0,228.57142857142856,16.0
NLTC Perera,L Balaji,7,8,0,114.28571428571428,8.0
Tanush Kotian,LS Livingstone,7,1,1,14.285714285714285,1.0
Tanush Kotian,K Rabada,7,6,0,85.71428571428571,6.0
TM Head,Vijaykumar Vyshak,7,17,0,242.85714285714283,17.0
JM Bairstow,Mohsin Khan,7,9,0,128.57142857142858,9.0
AT Rayudu,B Stanlake,7,18,0,257.14285714285717,18.0
AT Rayudu,AS Joseph,7,8,1,114.28571428571428,8.0
JM Bairstow,RJ Gleeson,7,5,0,71.42857142857143,5.0
SR Tendulkar,P Awana,7,8,0,114.28571428571428,8.0
SR Tendulkar,K Goel,7,13,0,185.71428571428572,13.0
N Wadhera,DL Chahar,7,6,0,85.71428571428571,6.0
N Wadhera,R Parag,7,9,0,128.57142857142858,9.0
NJ Maddinson,IC Pandey,7,4,1,57.14285714285714,4.0
N Wadhera,Vijaykumar Vyshak,7,10,0,142.85714285714286,10.0
N Wadhera,TA Boult,7,11,1,157.14285714285714,11.0
N Wadhera,T Natarajan,7,12,0,171.42857142857142,12.0
JM Bairstow,PVD Chameera,7,7,1,100.0,7.0
TM Head,RA Jadeja,7,9,0,128.57142857142858,9.0
JM Sharma,C Bosch,7,6,1,85.71428571428571,6.0
JM Sharma,Akash Madhwal,7,9,1,128.57142857142858,9.0
JM Bairstow,Shahbaz Ahmed,7,3,2,42.857142857142854,1.5
JM Sharma,J Suchith,7,13,1,185.71428571428572,13.0
JM Sharma,Ravi Bishnoi,7,10,0,142.85714285714286,10.0
JM Sharma,PJ Cummins,7,11,0,157.14285714285714,11.0
N Rana,MM Patel,7,8,0,114.28571428571428,8.0
N Rana,LS Livingstone,7,17,0,242.85714285714283,17.0
N Rana,LH Ferguson,7,11,1,157.14285714285714,11.0
SR Tendulkar,R McLaren,7,21,0,300.0,21.0
N Rana,R Parag,7,16,0,228.57142857142856,16.0
N Rana,O Thomas,7,9,0,128.57142857142858,9.0
N Rana,Mukesh Kumar,7,6,0,85.71428571428571,6.0
N Rana,TS Mills,7,13,0,185.71428571428572,13.0
N Rana,SR Watson,7,3,1,42.857142857142854,3.0
JM Sharma,Navdeep Saini,7,15,1,214.28571428571428,15.0
TM Head,MJ McClenaghan,7,17,0,242.85714285714283,17.0
TM Head,MC Henriques,7,10,0,142.85714285714286,10.0
TM Head,MA Starc,7,10,3,142.85714285714286,3.3333333333333335
TM Head,Lalit Yadav,7,24,0,342.85714285714283,24.0
TM Head,KT Maphaka,7,25,0,357.14285714285717,25.0
JP Duminy,BJ Hodge,7,6,0,85.71428571428571,6.0
AM Nayar,DT Christian,7,10,0,142.85714285714286,10.0
AM Nayar,DNT Zoysa,7,16,1,228.57142857142856,16.0
AM Nayar,D Kalyankrishna,7,13,0,185.71428571428572,13.0
SR Tendulkar,V Kohli,7,11,0,157.14285714285714,11.0
SR Tendulkar,S Tyagi,7,10,0,142.85714285714286,10.0
SR Tendulkar,S Ladda,7,14,0,200.0,14.0
N Rana,B Stanlake,7,1,1,14.285714285714285,1.0
N Rana,GC Viljoen,7,16,0,228.57142857142856,16.0
N Rana,DJ Willey,7,7,0,100.0,7.0
N Rana,JE Root,7,8,0,114.28571428571428,8.0
TM Head,I Sharma,7,5,0,71.42857142857143,5.0
TM Head,G Coetzee,7,16,1,228.57142857142856,16.0
JP Duminy,FH Edwards,7,5,0,71.42857142857143,5.0
JP Duminy,CH Morris,7,17,0,242.85714285714283,17.0
JP Duminy,KP Appanna,7,6,0,85.71428571428571,6.0
JP Duminy,JJ van der Wath,7,11,0,157.14285714285714,11.0
JP Duminy,JEC Franklin,7,8,0,114.28571428571428,8.0
JP Duminy,JD Unadkat,7,9,1,128.57142857142858,9.0
JP Duminy,M de Lange,7,6,0,85.71428571428571,6.0
AM Nayar,AB Dinda,7,2,0,28.57142857142857,2.0
AM Nayar,AB Agarkar,7,8,0,114.28571428571428,8.0
N Pooran,V Viyaskanth,7,13,0,185.71428571428572,13.0
N Pooran,T Stubbs,7,29,0,414.28571428571433,29.0
SR Watson,AB Dinda,7,8,0,114.28571428571428,8.0
AM Nayar,JR Hopes,7,7,0,100.0,7.0
AM Nayar,JH Kallis,7,8,0,114.28571428571428,8.0
JP Duminy,S Tyagi,7,9,0,128.57142857142858,9.0
TM Dilshan,Y Venugopal Rao,7,11,0,157.14285714285714,11.0
TM Dilshan,WPUJC Vaas,7,11,0,157.14285714285714,11.0
TM Dilshan,S Tyagi,7,8,0,114.28571428571428,8.0
JP Duminy,VS Malik,7,10,0,142.85714285714286,10.0
JP Duminy,STR Binny,7,12,1,171.42857142857142,12.0
JP Faulkner,Imran Tahir,7,7,1,100.0,7.0
JP Faulkner,DS Kulkarni,7,6,1,85.71428571428571,6.0
JP Duminy,Y Venugopal Rao,7,7,0,100.0,7.0
JP Faulkner,SL Malinga,7,3,0,42.857142857142854,3.0
JP Faulkner,R Vinay Kumar,7,7,0,100.0,7.0
N Pooran,GJ Maxwell,7,10,0,142.85714285714286,10.0
SR Watson,Bipul Sharma,7,11,0,157.14285714285714,11.0
N Pooran,SS Mishra,7,6,0,85.71428571428571,6.0
N Pooran,RP Meredith,7,15,1,214.28571428571428,15.0
N Pooran,PWH de Silva,7,12,1,171.42857142857142,12.0
N Pooran,Nithish Kumar Reddy,7,14,0,200.0,14.0
AM Nayar,Azhar Mahmood,7,8,1,114.28571428571428,8.0
JP Faulkner,P Kumar,7,8,0,114.28571428571428,8.0
JP Faulkner,L Balaji,7,20,0,285.7142857142857,20.0
JR Hopes,J Syed Mohammad,7,13,0,185.71428571428572,13.0
JR Hopes,A Mithun,7,5,1,71.42857142857143,5.0
JP Inglis,YS Chahal,7,7,0,100.0,7.0
JR Hopes,SK Trivedi,7,17,0,242.85714285714283,17.0
JR Hopes,Pankaj Singh,7,10,0,142.85714285714286,10.0
N Jagadeesan,M Markande,7,11,1,157.14285714285714,11.0
N Jagadeesan,HH Pandya,7,12,0,171.42857142857142,12.0
AB de Villiers,DP Nannes,7,14,1,200.0,14.0
AB de Villiers,Basil Thampi,7,16,0,228.57142857142856,16.0
AB de Villiers,B Laughlin,7,13,0,185.71428571428572,13.0
TM Dilshan,MC Henriques,7,7,0,100.0,7.0
K Goel,JDP Oram,7,8,0,114.28571428571428,8.0
K Goel,I Sharma,7,0,1,0.0,0.0
K Goel,Z Khan,7,6,0,85.71428571428571,6.0
K Goel,SE Bond,7,11,0,157.14285714285714,11.0
TM Dilshan,K Upadhyay,7,16,0,228.57142857142856,16.0
KA Pollard,AJ Tye,7,12,2,171.42857142857142,6.0
KA Pollard,AD Mathews,7,5,0,71.42857142857143,5.0
TM Dilshan,B Akhil,7,9,0,128.57142857142858,9.0
TM Dilshan,AD Mascarenhas,7,6,1,85.71428571428571,6.0
TL Suman,TM Dilshan,7,15,0,214.28571428571428,15.0
KA Pollard,B Laughlin,7,9,0,128.57142857142858,9.0
KA Pollard,J Theron,7,8,1,114.28571428571428,8.0
KA Pollard,J Syed Mohammad,7,19,0,271.42857142857144,19.0
KA Pollard,I Udana,7,7,0,100.0,7.0
Mohammad Hafeez,IK Pathan,7,6,1,85.71428571428571,6.0
Mohammad Hafeez,DJ Bravo,7,4,0,57.14285714285714,4.0
Misbah-ul-Haq,S Sreesanth,7,20,1,285.7142857142857,20.0
Mandeep Singh,TP Sudhindra,7,10,0,142.85714285714286,10.0
Mohammed Siraj,Arshdeep Singh,7,5,0,71.42857142857143,5.0
Mohammad Nabi,SL Malinga,7,15,0,214.28571428571428,15.0
Mohammad Nabi,M Prasidh Krishna,7,9,1,128.57142857142858,9.0
KA Pollard,M Kartik,7,5,0,71.42857142857143,5.0
KA Pollard,JH Kallis,7,4,1,57.14285714285714,4.0
TL Suman,SM Harwood,7,14,0,200.0,14.0
TL Suman,S Sreesanth,7,9,0,128.57142857142858,9.0
TL Suman,RA Jadeja,7,4,0,57.14285714285714,4.0
KA Pollard,NM Coulter-Nile,7,11,0,157.14285714285714,11.0
KA Pollard,Mohsin Khan,7,9,0,128.57142857142858,9.0
KA Pollard,MM Patel,7,11,0,157.14285714285714,11.0
KA Pollard,RD Chahar,7,8,0,114.28571428571428,8.0
KA Pollard,R Tewatia,7,19,0,271.42857142857144,19.0
AM Nayar,Joginder Sharma,7,12,0,171.42857142857142,12.0
Mandeep Singh,JJ Bumrah,7,17,0,242.85714285714283,17.0
Mandeep Singh,JD Ryder,7,7,1,100.0,7.0
SR Watson,MJ Clarke,7,9,0,128.57142857142858,9.0
AM Nayar,RP Singh,7,10,1,142.85714285714286,10.0
AM Nayar,R Rampaul,7,5,0,71.42857142857143,5.0
AM Nayar,P Amarnath,7,24,0,342.85714285714283,24.0
Mandeep Singh,MM Patel,7,14,0,200.0,14.0
Mandeep Singh,TA Boult,7,7,1,100.0,7.0
Mohammad Hafeez,M Muralitharan,7,4,0,57.14285714285714,4.0
MV Boucher,L Balaji,7,8,0,114.28571428571428,8.0
SR Watson,S Badree,7,3,0,42.857142857142854,3.0
SR Watson,RR Raje,7,9,2,128.57142857142858,4.5
SR Watson,Pankaj Singh,7,1,0,14.285714285714285,1.0
Mandeep Singh,A Ashish Reddy,7,9,1,128.57142857142858,9.0
MW Short,Shivang Kumar,7,4,0,57.14285714285714,4.0
MW Short,PP Chawla,7,3,1,42.857142857142854,3.0
Mandeep Singh,CR Woakes,7,13,0,185.71428571428572,13.0
AS Yadav,SR Watson,7,10,1,142.85714285714286,10.0
AS Raut,Z Khan,7,10,0,142.85714285714286,10.0
AS Raut,SL Malinga,7,8,0,114.28571428571428,8.0
AS Raut,MF Maharoof,7,5,0,71.42857142857143,5.0
AS Raut,Iqbal Abdulla,7,2,1,28.57142857142857,2.0
TL Suman,MM Patel,7,5,0,71.42857142857143,5.0
TL Suman,M Kartik,7,5,0,71.42857142857143,5.0
MS Gony,L Balaji,7,14,0,200.0,14.0
AB de Villiers,Anand Rajan,7,17,0,242.85714285714283,17.0
MV Boucher,C Nanda,7,11,0,157.14285714285714,11.0
MV Boucher,AB Dinda,7,7,0,100.0,7.0
MS Wade,Washington Sundar,7,7,0,100.0,7.0
MW Short,K Kartikeya,7,4,0,57.14285714285714,4.0
MV Boucher,SK Warne,7,3,1,42.857142857142854,3.0
TL Suman,DT Christian,7,7,0,100.0,7.0
TL Suman,DS Kulkarni,7,7,0,100.0,7.0
TL Suman,AB Agarkar,7,13,0,185.71428571428572,13.0
KA Pollard,SJ Srivastava,7,8,0,114.28571428571428,8.0
KC Sangakkara,AN Ahmed,7,10,0,142.85714285714286,10.0
KC Sangakkara,A Mishra,7,5,0,71.42857142857143,5.0
KA Pollard,Yuvraj Singh,7,10,0,142.85714285714286,10.0
KA Pollard,WD Parnell,7,3,0,42.857142857142854,3.0
KC Sangakkara,CH Gayle,7,8,1,114.28571428571428,8.0
KC Sangakkara,RA Jadeja,7,10,0,142.85714285714286,10.0
KC Sangakkara,Pankaj Singh,7,13,0,185.71428571428572,13.0
KC Sangakkara,P Parameswaran,7,12,0,171.42857142857142,12.0
MS Dhoni,SE Bond,7,20,0,285.7142857142857,20.0
SR Watson,SE Bond,7,10,0,142.85714285714286,10.0
MS Dhoni,YK Pathan,7,4,1,57.14285714285714,4.0
MS Dhoni,TU Deshpande,7,15,0,214.28571428571428,15.0
MS Wade,R Ashwin,7,2,0,28.57142857142857,2.0
MS Wade,KH Pandya,7,6,0,85.71428571428571,6.0
MS Gony,SP Narine,7,19,0,271.42857142857144,19.0
TH David,Mustafizur Rahman,7,19,1,271.42857142857144,19.0
TH David,MJ Santner,7,6,0,85.71428571428571,6.0
KD Karthik,AM Salvi,7,15,1,214.28571428571428,15.0
KD Karthik,AD Mathews,7,13,0,185.71428571428572,13.0
KD Karthik,CR Woakes,7,17,0,242.85714285714283,17.0
KD Karthik,BW Hilfenhaus,7,11,1,157.14285714285714,11.0
KD Karthik,BE Hendricks,7,8,2,114.28571428571428,4.0
MS Dhoni,M Muralitharan,7,11,0,157.14285714285714,11.0
SS Iyer,Arshad Khan (2),7,9,0,128.57142857142858,9.0
SR Watson,Yuvraj Singh,7,8,1,114.28571428571428,8.0
MS Dhoni,Mohsin Khan,7,11,0,157.14285714285714,11.0
MS Dhoni,RP Meredith,7,11,1,157.14285714285714,11.0
AM Nayar,VRV Singh,7,17,0,242.85714285714283,17.0
MS Dhoni,Shahid Afridi,7,9,0,128.57142857142858,9.0
AS Joseph,Mohammed Shami,7,11,0,157.14285714285714,11.0
AR Patel,Yash Dayal,7,1,1,14.285714285714285,1.0
AR Patel,Washington Sundar,7,4,0,57.14285714285714,4.0
AR Patel,WD Parnell,7,13,0,185.71428571428572,13.0
AR Patel,VR Aaron,7,13,0,185.71428571428572,13.0
AR Patel,Umran Malik,7,3,0,42.857142857142854,3.0
TH David,Harpreet Brar,7,20,0,285.7142857142857,20.0
TH David,HV Patel,7,2,1,28.57142857142857,2.0
KD Karthik,GB Hogg,7,17,1,242.85714285714283,17.0
KD Karthik,DP Nannes,7,7,0,100.0,7.0
KD Karthik,DJ Thornely,7,12,0,171.42857142857142,12.0
MS Dhoni,AF Milne,7,9,1,128.57142857142858,9.0
MS Dhoni,C Sakariya,7,8,1,114.28571428571428,8.0
MS Dhoni,DJ Thornely,7,9,0,128.57142857142858,9.0
MS Dhoni,Kartik Tyagi,7,11,1,157.14285714285714,11.0
KD Karthik,LE Plunkett,7,12,0,171.42857142857142,12.0
TG Southee,K Rabada,7,7,0,100.0,7.0
TG Southee,JD Unadkat,7,6,1,85.71428571428571,6.0
TG Southee,DJ Willey,7,8,0,114.28571428571428,8.0
T Stubbs,Yash Dayal,7,17,0,242.85714285714283,17.0
AR Patel,S Kaul,7,17,1,242.85714285714283,17.0
KD Karthik,SB Wagh,7,0,1,0.0,0.0
KD Karthik,VRV Singh,7,11,0,157.14285714285714,11.0
MS Bisla,AL Menaria,7,2,1,28.57142857142857,2.0
SS Iyer,IC Pandey,7,16,0,228.57142857142856,16.0
SS Iyer,Harpreet Brar,7,14,0,200.0,14.0
SS Iyer,GB Hogg,7,7,1,100.0,7.0
MS Bisla,MM Patel,7,19,0,271.42857142857144,19.0
MS Bisla,MJ McClenaghan,7,8,0,114.28571428571428,8.0
MS Bisla,M Muralitharan,7,6,1,85.71428571428571,6.0
MS Bisla,JP Faulkner,7,5,0,71.42857142857143,5.0
MS Bisla,SK Trivedi,7,9,0,128.57142857142858,9.0
MS Dhoni,BB Sran,7,9,0,128.57142857142858,9.0
KD Karthik,TL Suman,7,11,0,157.14285714285714,11.0
T Stubbs,Ravi Bishnoi,7,10,0,142.85714285714286,10.0
KD Karthik,YA Abdulla,7,7,1,100.0,7.0
AR Patel,Mohammad Nabi,7,4,0,57.14285714285714,4.0
KH Pandya,C Green,7,4,0,57.14285714285714,4.0
KH Pandya,BB Sran,7,6,1,85.71428571428571,6.0
KH Pandya,MJ Suthar,7,16,0,228.57142857142856,16.0
KH Pandya,MA Starc,7,3,0,42.857142857142854,3.0
MR Marsh,Zeeshan Ansari,7,9,0,128.57142857142858,9.0
MR Marsh,XC Bartlett,7,12,0,171.42857142857142,12.0
MR Marsh,Vijaykumar Vyshak,7,5,0,71.42857142857143,5.0
MR Marsh,V Nigam,7,18,0,257.14285714285717,18.0
AB de Villiers,A Singh,7,11,0,157.14285714285714,11.0
AB McDonald,P Awana,7,7,0,100.0,7.0
AB McDonald,IK Pathan,7,19,0,271.42857142857144,19.0
MS Bisla,B Kumar,7,6,1,85.71428571428571,6.0
MS Bisla,Anand Rajan,7,5,0,71.42857142857143,5.0
T Stubbs,M Siddharth,7,18,1,257.14285714285717,18.0
KH Pandya,Noor Ahmad,7,4,1,57.14285714285714,4.0
KH Pandya,Umran Malik,7,9,1,128.57142857142858,9.0
KH Pandya,TG Southee,7,8,0,114.28571428571428,8.0
KK Nair,KH Pandya,7,5,2,71.42857142857143,2.5
KK Nair,K Khejroliya,7,7,1,100.0,7.0
MR Marsh,L Ngidi,7,16,0,228.57142857142856,16.0
MR Marsh,KV Sharma,7,7,0,100.0,7.0
MR Marsh,KK Cooper,7,15,0,214.28571428571428,15.0
MR Marsh,P Kumar,7,14,0,200.0,14.0
MR Marsh,MM Sharma,7,7,0,100.0,7.0
MR Marsh,MG Johnson,7,16,1,228.57142857142856,16.0
MR Marsh,Rashid Khan,7,26,0,371.42857142857144,26.0
MS Bisla,AD Mascarenhas,7,16,0,228.57142857142856,16.0
KK Nair,I Sharma,7,3,0,42.857142857142854,3.0
T Kohler-Cadmore,SM Curran,7,10,0,142.85714285714286,10.0
T Kohler-Cadmore,Mohammed Siraj,7,10,0,142.85714285714286,10.0
KK Nair,P Dubey,7,18,0,257.14285714285717,18.0
KK Nair,S Nadeem,7,5,1,71.42857142857143,5.0
KK Nair,S Aravind,7,10,0,142.85714285714286,10.0
KK Nair,R Rampaul,7,3,0,42.857142857142854,3.0
Suryansh Shedge,JR Hazlewood,7,12,0,171.42857142857142,12.0
Sikandar Raza,MA Wood,7,8,0,114.28571428571428,8.0
KL Rahul,A Zampa,7,3,1,42.857142857142854,3.0
KL Nagarkoti,M Ashwin,7,1,1,14.285714285714285,1.0
MP Stoinis,JP Behrendorff,7,15,0,214.28571428571428,15.0
MP Stoinis,Imran Tahir,7,10,1,142.85714285714286,10.0
SS Iyer,Mohammad Nabi,7,6,0,85.71428571428571,6.0
AM Rahane,E Malinga,7,9,0,128.57142857142858,9.0
AM Rahane,DP Nannes,7,13,0,185.71428571428572,13.0
MP Stoinis,Sakib Hussain,7,16,0,228.57142857142856,16.0
MP Stoinis,SR Watson,7,8,0,114.28571428571428,8.0
MP Stoinis,R Sai Kishore,7,11,1,157.14285714285714,11.0
MR Marsh,J Theron,7,7,0,100.0,7.0
Sikandar Raza,JD Unadkat,7,8,1,114.28571428571428,8.0
KL Rahul,BCJ Cutting,7,15,1,214.28571428571428,15.0
KL Rahul,Arshad Khan,7,12,0,171.42857142857142,12.0
KL Rahul,AF Milne,7,15,0,214.28571428571428,15.0
KL Rahul,I Udana,7,4,0,57.14285714285714,4.0
KL Rahul,Harpreet Brar,7,14,0,200.0,14.0
KL Rahul,Gurnoor Brar,7,6,0,85.71428571428571,6.0
KL Rahul,DJ Willey,7,6,0,85.71428571428571,6.0
MN Samuels,RA Jadeja,7,3,0,42.857142857142854,3.0
MN Samuels,Harmeet Singh,7,6,1,85.71428571428571,6.0
MN Samuels,DL Vettori,7,10,0,142.85714285714286,10.0
SS Iyer,PWH de Silva,7,3,1,42.857142857142854,3.0
MP Breetzke,N Thushara,7,5,1,71.42857142857143,5.0
MP Stoinis,DG Nalkande,7,16,1,228.57142857142856,16.0
MP Stoinis,Brijesh Sharma,7,25,0,357.14285714285717,25.0
Shubman Gill,Shakib Al Hasan,7,16,0,228.57142857142856,16.0
Shubman Gill,Rasikh Salam,7,10,0,142.85714285714286,10.0
KL Rahul,N Wadhera,7,5,0,71.42857142857143,5.0
KL Rahul,SB Jakati,7,10,0,142.85714285714286,10.0
KM Jadhav,AD Russell,7,3,0,42.857142857142854,3.0
KM Jadhav,A Kumble,7,6,0,85.71428571428571,6.0
MM Sharma,CH Gayle,7,9,0,128.57142857142858,9.0
AB Barath,R McLaren,7,3,0,42.857142857142854,3.0
AB Barath,Harbhajan Singh,7,13,0,185.71428571428572,13.0
AB Agarkar,R Bhatia,7,15,0,214.28571428571428,15.0
AA Kulkarni,Suyash Sharma,7,8,0,114.28571428571428,8.0
MN van Wyk,A Mishra,7,10,0,142.85714285714286,10.0
MN van Wyk,A Kumble,7,5,0,71.42857142857143,5.0
AP Tare,S Nadeem,7,4,0,57.14285714285714,4.0
KM Jadhav,MA Starc,7,18,0,257.14285714285717,18.0
KM Jadhav,M Markande,7,11,0,157.14285714285714,11.0
KM Jadhav,KV Sharma,7,9,1,128.57142857142858,9.0
KM Jadhav,K Rabada,7,8,1,114.28571428571428,8.0
KM Jadhav,JC Archer,7,1,1,14.285714285714285,1.0
KM Jadhav,MJ McClenaghan,7,6,1,85.71428571428571,6.0
KMA Paul,DJ Bravo,7,1,1,14.285714285714285,1.0
KM Jadhav,S Nadeem,7,5,0,71.42857142857143,5.0
KP Pietersen,JA Morkel,7,15,0,214.28571428571428,15.0
KP Pietersen,DL Vettori,7,19,1,271.42857142857144,19.0
KP Pietersen,B Kumar,7,10,0,142.85714285714286,10.0
KP Pietersen,AN Ahmed,7,5,0,71.42857142857143,5.0
SS Iyer,V Viyaskanth,7,7,0,100.0,7.0
SS Iyer,Shahbaz Ahmed,7,8,1,114.28571428571428,8.0
MM Ali,JR Hazlewood,7,4,0,57.14285714285714,4.0
MM Ali,JO Holder,7,14,0,200.0,14.0
MM Ali,Mohammad Nabi,7,1,0,14.285714285714285,1.0
MM Ali,M Markande,7,15,0,214.28571428571428,15.0
MM Ali,M Jansen,7,5,0,71.42857142857143,5.0
KP Pietersen,PP Chawla,7,14,0,200.0,14.0
KP Pietersen,Karanveer Singh,7,8,0,114.28571428571428,8.0
KP Pietersen,Shakib Al Hasan,7,1,1,14.285714285714285,1.0
KP Pietersen,S Gopal,7,6,0,85.71428571428571,6.0
KR Mayers,Kuldeep Yadav,7,17,0,242.85714285714283,17.0
KR Mayers,JO Holder,7,9,0,128.57142857142858,9.0
ML Hayden,ST Jayasuriya,7,8,1,114.28571428571428,8.0
ML Hayden,SE Bond,7,1,0,14.285714285714285,1.0
SS Prabhudessai,TU Deshpande,7,9,0,128.57142857142858,9.0
SS Prabhudessai,Ravi Bishnoi,7,9,0,128.57142857142858,9.0
SS Prabhudessai,RA Jadeja,7,16,0,228.57142857142856,16.0
SS Prabhudessai,M Pathirana,7,10,1,142.85714285714286,10.0
SS Prabhudessai,M Jansen,7,5,0,71.42857142857143,5.0
MM Ali,DJ Bravo,7,10,1,142.85714285714286,10.0
MM Ali,Basil Thampi,7,20,0,285.7142857142857,20.0
MM Ali,A Zampa,7,7,2,100.0,3.5
ML Hayden,Y Venugopal Rao,7,5,0,71.42857142857143,5.0
KR Mayers,Sandeep Sharma,7,7,0,100.0,7.0
Shubman Gill,Imran Tahir,7,6,1,85.71428571428571,6.0
Shubman Gill,GHS Garton,7,16,0,228.57142857142856,16.0
KS Williamson,AJ Tye,7,6,1,85.71428571428571,6.0
KS Bharat,TA Boult,7,5,1,71.42857142857143,5.0
KS Bharat,Shakib Al Hasan,7,4,0,57.14285714285714,4.0
KS Bharat,M Prasidh Krishna,7,3,0,42.857142857142854,3.0
KS Bharat,KH Pandya,7,4,0,57.14285714285714,4.0
KS Williamson,CJ Jordan,7,7,0,100.0,7.0
ML Hayden,AB Dinda,7,10,0,142.85714285714286,10.0
ML Hayden,A Mishra,7,8,1,114.28571428571428,8.0
MK Tiwary,VRV Singh,7,10,1,142.85714285714286,10.0
SS Tiwary,AB McDonald,7,5,0,71.42857142857143,5.0
SS Tiwary,A Symonds,7,6,0,85.71428571428571,6.0
SS Tiwary,A Ashish Reddy,7,7,0,100.0,7.0
ML Hayden,DR Smith,7,16,0,228.57142857142856,16.0
ML Hayden,SW Tait,7,6,0,85.71428571428571,6.0
KS Williamson,BB Sran,7,4,0,57.14285714285714,4.0
A Symonds,SJ Srivastava,7,7,0,100.0,7.0
KS Williamson,JR Hazlewood,7,11,0,157.14285714285714,11.0
KS Williamson,Harpreet Brar,7,8,1,114.28571428571428,8.0
KS Williamson,S Nadeem,7,7,0,100.0,7.0
KS Williamson,R Bhatia,7,9,0,128.57142857142858,9.0
KV Sharma,Harbhajan Singh,7,5,0,71.42857142857143,5.0
KV Sharma,HV Patel,7,9,0,128.57142857142858,9.0
SS Tiwary,JE Taylor,7,14,1,200.0,14.0
SS Tiwary,DL Chahar,7,12,0,171.42857142857142,12.0
SS Tiwary,DJ Hussey,7,12,0,171.42857142857142,12.0
MK Tiwary,PC Valthaty,7,6,0,85.71428571428571,6.0
MK Tiwary,STR Binny,7,9,0,128.57142857142858,9.0
MK Tiwary,RW Price,7,15,0,214.28571428571428,15.0
MK Tiwary,RV Gomez,7,1,0,14.285714285714285,1.0
MK Tiwary,T Natarajan,7,14,0,200.0,14.0
ML Hayden,CRD Fernando,7,2,0,28.57142857142857,2.0
MK Pandey,R Vinay Kumar,7,8,0,114.28571428571428,8.0
SS Tiwary,MF Maharoof,7,13,0,185.71428571428572,13.0
SS Tiwary,KH Pandya,7,19,0,271.42857142857144,19.0
SS Tiwary,K Upadhyay,7,2,0,28.57142857142857,2.0
MK Pandey,SK Raina,7,7,0,100.0,7.0
MK Tiwary,Basil Thampi,7,6,1,85.71428571428571,6.0
MK Tiwary,AJ Tye,7,5,1,71.42857142857143,5.0
KV Sharma,B Kumar,7,3,1,42.857142857142854,3.0
Shubman Gill,Azmatullah Omarzai,7,19,0,271.42857142857144,19.0
Shubman Gill,Akash Singh,7,15,0,214.28571428571428,15.0
KW Richardson,RA Jadeja,7,4,0,57.14285714285714,4.0
KW Richardson,MG Johnson,7,1,1,14.285714285714285,1.0
KV Sharma,RA Jadeja,7,12,1,171.42857142857142,12.0
KV Sharma,R Ashwin,7,11,0,157.14285714285714,11.0
KV Sharma,JD Unadkat,7,6,1,85.71428571428571,6.0
Kartik Sharma,Mohammed Siraj,7,6,0,85.71428571428571,6.0
Kartik Sharma,HH Pandya,7,11,0,157.14285714285714,11.0
Kamran Akmal,M Muralitharan,7,7,0,100.0,7.0
Shubman Gill,AD Russell,7,11,0,157.14285714285714,11.0
Shoaib Malik,DS Kulkarni,7,9,0,128.57142857142858,9.0
Kuldeep Yadav,Harshit Rana,7,4,0,57.14285714285714,4.0
Kuldeep Yadav,AD Russell,7,11,0,157.14285714285714,11.0
Kartik Sharma,T Natarajan,7,12,0,171.42857142857142,12.0
SS Tiwary,MS Gony,7,4,0,57.14285714285714,4.0
AM Rahane,MS Gony,7,10,0,142.85714285714286,10.0
AM Rahane,MR Marsh,7,17,0,242.85714285714283,17.0
AM Rahane,MM Patel,7,12,0,171.42857142857142,12.0
AM Rahane,KP Appanna,7,7,1,100.0,7.0
MK Pandey,PV Tambe,7,12,2,171.42857142857142,6.0
Shashank Singh,Sandeep Sharma,7,6,0,85.71428571428571,6.0
Shashank Singh,S Gopal,7,22,0,314.2857142857143,22.0
Shashank Singh,Rasikh Salam,7,4,1,57.14285714285714,4.0
Shashank Singh,R Shepherd,7,9,0,128.57142857142858,9.0
LA Carseldine,RG Sharma,7,10,0,142.85714285714286,10.0
LA Carseldine,IK Pathan,7,14,0,200.0,14.0
MK Pandey,AD Mathews,7,10,1,142.85714285714286,10.0
MK Pandey,A Zampa,7,2,1,28.57142857142857,2.0
SS Tiwary,SM Curran,7,5,0,71.42857142857143,5.0
SS Tiwary,Ravi Bishnoi,7,10,0,142.85714285714286,10.0
AM Rahane,Navdeep Saini,7,10,0,142.85714285714286,10.0
AM Rahane,Mustafizur Rahman,7,2,0,28.57142857142857,2.0
MK Pandey,AS Joseph,7,3,0,42.857142857142854,3.0
Shashank Singh,JD Unadkat,7,16,0,228.57142857142856,16.0
LMP Simmons,GJ Maxwell,7,2,1,28.57142857142857,2.0
LJ Wright,S Nadeem,7,7,0,100.0,7.0
Shashank Singh,D Pretorius,7,9,0,128.57142857142858,9.0
Shakib Al Hasan,SK Trivedi,7,10,0,142.85714285714286,10.0
LMP Simmons,MA Starc,7,9,0,128.57142857142858,9.0
AP Tare,IC Pandey,7,10,1,142.85714285714286,10.0
AP Majumdar,Shakib Al Hasan,7,4,1,57.14285714285714,4.0
AP Majumdar,SK Trivedi,7,7,0,100.0,7.0
LMP Simmons,SR Watson,7,12,0,171.42857142857142,12.0
LMP Simmons,RP Singh,7,8,0,114.28571428571428,8.0
LMP Simmons,PJ Cummins,7,14,0,200.0,14.0
MJ Santner,Mohammed Siraj,7,8,1,114.28571428571428,8.0
ST Jayasuriya,BJ Hodge,7,6,0,85.71428571428571,6.0
ST Jayasuriya,AB Dinda,7,12,1,171.42857142857142,12.0
MK Lomror,Sandeep Sharma,7,7,0,100.0,7.0
MK Lomror,MM Ali,7,9,0,128.57142857142858,9.0
MK Lomror,M Markande,7,15,0,214.28571428571428,15.0
LR Shukla,IK Pathan,7,6,0,85.71428571428571,6.0
LPC Silva,RR Raje,7,8,0,114.28571428571428,8.0
LMP Simmons,UT Yadav,7,5,0,71.42857142857143,5.0
Shakib Al Hasan,PV Tambe,7,8,0,114.28571428571428,8.0
Shakib Al Hasan,Mujeeb Ur Rahman,7,3,1,42.857142857142854,3.0
Shakib Al Hasan,MJ McClenaghan,7,7,0,100.0,7.0
Shakib Al Hasan,M Prasidh Krishna,7,7,1,100.0,7.0
Shakib Al Hasan,Karanveer Singh,7,7,1,100.0,7.0
LR Shukla,Z Khan,7,4,2,57.14285714285714,2.0
LR Shukla,TG Southee,7,8,1,114.28571428571428,8.0
LR Shukla,S Nadeem,7,12,0,171.42857142857142,12.0
ST Jayasuriya,M Muralitharan,7,12,0,171.42857142857142,12.0
ST Jayasuriya,DP Vijaykumar,7,10,0,142.85714285714286,10.0
MJ Santner,R Dhawan,7,2,0,28.57142857142857,2.0
MJ Santner,NT Ellis,7,6,1,85.71428571428571,6.0
LR Shukla,PP Ojha,7,5,1,71.42857142857143,5.0
Shakib Al Hasan,JP Duminy,7,7,0,100.0,7.0
LRPL Taylor,C Nanda,7,12,0,171.42857142857142,12.0
LRPL Taylor,AD Mathews,7,22,0,314.2857142857143,22.0
LRPL Taylor,P Parameswaran,7,15,0,214.28571428571428,15.0
LRPL Taylor,P Awana,7,6,1,85.71428571428571,6.0
MJ Lumb,M Muralitharan,7,9,0,128.57142857142858,9.0
MJ Lumb,DW Steyn,7,2,0,28.57142857142857,2.0
MJ Lumb,A Kumble,7,5,1,71.42857142857143,5.0
MJ Guptill,SL Malinga,7,15,0,214.28571428571428,15.0
MJ Guptill,Navdeep Saini,7,20,0,285.7142857142857,20.0
ST Jayasuriya,SK Warne,7,7,1,100.0,7.0
MJ Santner,DR Sams,7,8,1,114.28571428571428,8.0
MJ Santner,Arshdeep Singh,7,11,1,157.14285714285714,11.0
MJ Lumb,RR Powar,7,8,0,114.28571428571428,8.0
Shakib Al Hasan,A Nehra,7,6,0,85.71428571428571,6.0
Shahbaz Ahmed,UT Yadav,7,7,0,100.0,7.0
LRPL Taylor,SK Warne,7,2,0,28.57142857142857,2.0
LRPL Taylor,S Tyagi,7,11,0,157.14285714285714,11.0
LS Livingstone,HH Pandya,7,2,1,28.57142857142857,2.0
LS Livingstone,DJ Bravo,7,9,1,128.57142857142858,9.0
LS Livingstone,D Pretorius,7,19,0,271.42857142857144,19.0
MF Maharoof,SK Warne,7,27,1,385.7142857142857,27.0
MF Maharoof,IK Pathan,7,7,1,100.0,7.0
STR Binny,AR Patel,7,3,0,42.857142857142854,3.0
MJ Clarke,SR Watson,7,8,0,114.28571428571428,8.0
MJ Clarke,JP Duminy,7,9,0,128.57142857142858,9.0
LRPL Taylor,Y Nagar,7,14,1,200.0,14.0
Shahbaz Ahmed,Rashid Khan,7,6,0,85.71428571428571,6.0
Shahbaz Ahmed,Navdeep Saini,7,17,0,242.85714285714283,17.0
Shahbaz Ahmed,Mukesh Choudhary,7,9,0,128.57142857142858,9.0
Shahbaz Ahmed,MM Sharma,7,5,1,71.42857142857143,5.0
LS Livingstone,M Pathirana,7,9,0,128.57142857142858,9.0
LS Livingstone,Shakib Al Hasan,7,7,0,100.0,7.0
LS Livingstone,SP Narine,7,8,0,114.28571428571428,8.0
LS Livingstone,R Shepherd,7,22,0,314.2857142857143,22.0
Shahbaz Ahmed,KV Sharma,7,5,0,71.42857142857143,5.0
Shahbaz Ahmed,J Overton,7,17,0,242.85714285714283,17.0
Shahbaz Ahmed,Harpreet Brar,7,2,0,28.57142857142857,2.0
Shahbaz Ahmed,DG Nalkande,7,10,0,142.85714285714286,10.0
Lalit Yadav,Harshit Rana,7,8,0,114.28571428571428,8.0
Lalit Yadav,CH Morris,7,8,1,114.28571428571428,8.0
M Jansen,Sakib Hussain,7,4,0,57.14285714285714,4.0
MEK Hussey,R Ashwin,7,11,0,157.14285714285714,11.0
MEK Hussey,Pankaj Singh,7,6,0,85.71428571428571,6.0
STR Binny,R Bhatia,7,10,0,142.85714285714286,10.0
STR Binny,R Ashwin,7,10,0,142.85714285714286,10.0
STR Binny,K Rabada,7,10,1,142.85714285714286,10.0
MF Maharoof,A Nehra,7,10,0,142.85714285714286,10.0
MG Johnson,JP Faulkner,7,6,3,85.71428571428571,2.0
MG Johnson,DT Christian,7,9,0,128.57142857142858,9.0
MG Bracewell,SP Narine,7,5,0,71.42857142857143,5.0
M Jansen,HH Pandya,7,4,1,57.14285714285714,4.0
M Jansen,AD Russell,7,3,2,42.857142857142854,1.5
M Ashwin,KK Ahmed,7,5,1,71.42857142857143,5.0
Shahbaz Ahmed,A Kamboj,7,11,0,157.14285714285714,11.0
Sameer Rizvi,Mohammed Shami,7,6,0,85.71428571428571,6.0
Sameer Rizvi,MP Stoinis,7,8,0,114.28571428571428,8.0
M Kaif,RP Singh,7,6,0,85.71428571428571,6.0
M Kaif,J Botha,7,3,1,42.857142857142854,3.0
M Kaif,GD McGrath,7,2,0,28.57142857142857,2.0
M Kaif,B Lee,7,5,0,71.42857142857143,5.0
MD Mishra,SJ Srivastava,7,2,0,28.57142857142857,2.0
MD Mishra,P Kumar,7,4,2,57.14285714285714,2.0
STR Binny,VR Aaron,7,2,0,28.57142857142857,2.0
STR Binny,SK Raina,7,3,0,42.857142857142854,3.0
MEK Hussey,A Singh,7,14,0,200.0,14.0
M Klinger,S Aravind,7,8,0,114.28571428571428,8.0
M Klinger,JD Unadkat,7,10,0,142.85714285714286,10.0
M Kartik,SL Malinga,7,4,1,57.14285714285714,4.0
Sameer Rizvi,J Overton,7,3,1,42.857142857142854,3.0
Salman Butt,Sohail Tanvir,7,1,1,14.285714285714285,1.0
M Manhas,PV Tambe,7,7,0,100.0,7.0
M Manhas,NJ Rimmington,7,5,0,71.42857142857143,5.0
MC Juneja,Harbhajan Singh,7,9,0,128.57142857142858,9.0
MC Juneja,Anand Rajan,7,7,0,100.0,7.0
SV Samson,Auqib Nabi,7,13,0,185.71428571428572,13.0
SV Samson,Akash Singh,7,4,1,57.14285714285714,4.0
MD Shanaka,Raghu Sharma,7,10,0,142.85714285714286,10.0
Salman Butt,A Nehra,7,6,0,85.71428571428571,6.0
Salman Butt,A Mishra,7,7,0,100.0,7.0
Sachin Baby,UT Yadav,7,15,0,214.28571428571428,15.0
M Markande,TA Boult,7,5,1,71.42857142857143,5.0
M Markande,MM Sharma,7,17,0,242.85714285714283,17.0
M Manhas,S Nadeem,7,3,0,42.857142857142854,3.0
M Shahrukh Khan,Fazalhaq Farooqi,7,14,0,200.0,14.0
M Shahrukh Khan,Akash Deep,7,23,0,328.57142857142856,23.0
MA Starc,PV Tambe,7,4,0,57.14285714285714,4.0
SV Samson,DS Kulkarni,7,6,1,85.71428571428571,6.0
MC Henriques,M Vijay,7,7,0,100.0,7.0
MC Henriques,Shakib Al Hasan,7,4,0,57.14285714285714,4.0
MC Henriques,Sandeep Sharma,7,2,2,28.57142857142857,1.0
MC Henriques,Parvez Rasool,7,3,0,42.857142857142854,3.0
MC Juneja,L Balaji,7,6,1,85.71428571428571,6.0
MC Juneja,KK Cooper,7,2,1,28.57142857142857,2.0
MC Juneja,KA Pollard,7,6,0,85.71428571428571,6.0
M Rawat,SP Narine,7,2,0,28.57142857142857,2.0
M Ntini,SR Watson,7,0,0,0.0,0.0
M Morkel,SL Malinga,7,8,1,114.28571428571428,8.0
M Morkel,P Kumar,7,2,0,28.57142857142857,2.0
Sachin Baby,KC Cariappa,7,7,0,100.0,7.0
Sachin Baby,AR Patel,7,10,0,142.85714285714286,10.0
SW Billings,TK Curran,7,22,1,314.2857142857143,22.0
SW Billings,RD Chahar,7,5,0,71.42857142857143,5.0
M Shahrukh Khan,R Ashwin,7,16,0,228.57142857142856,16.0
MA Agarwal,Shakib Al Hasan,7,13,1,185.71428571428572,13.0
MA Agarwal,SR Watson,7,12,0,171.42857142857142,12.0
AA Jhunjhunwala,A Kumble,7,3,0,42.857142857142854,3.0
SV Samson,IK Pathan,7,6,0,85.71428571428571,6.0
SV Samson,IC Pandey,7,3,0,42.857142857142854,3.0
SV Samson,H Sharma,7,18,0,257.14285714285717,18.0
MC Henriques,DP Nannes,7,16,0,228.57142857142856,16.0
MC Henriques,CH Morris,7,8,0,114.28571428571428,8.0
MC Henriques,AD Russell,7,6,0,85.71428571428571,6.0
MC Henriques,A Nehra,7,9,0,128.57142857142858,9.0
M Shahrukh Khan,Mohammed Shami,7,22,0,314.2857142857143,22.0
M Shahrukh Khan,M Theekshana,7,16,1,228.57142857142856,16.0
M Shahrukh Khan,GJ Maxwell,7,14,0,200.0,14.0
SW Billings,R Bhatia,7,5,1,71.42857142857143,5.0
SW Billings,Mohammed Siraj,7,15,1,214.28571428571428,15.0
M Shahrukh Khan,Umran Malik,7,9,1,128.57142857142858,9.0
AA Kulkarni,KH Pandya,7,2,1,28.57142857142857,2.0
AA Jhunjhunwala,ST Jayasuriya,7,8,0,114.28571428571428,8.0
AA Jhunjhunwala,Harbhajan Singh,7,5,1,71.42857142857143,5.0
MA Agarwal,S Nadeem,7,7,1,100.0,7.0
MA Agarwal,S Lamichhane,7,4,0,57.14285714285714,4.0
MA Starc,MG Johnson,7,8,1,114.28571428571428,8.0
M Shahrukh Khan,Shahbaz Ahmed,7,13,0,185.71428571428572,13.0
M Shahrukh Khan,Ravi Bishnoi,7,9,0,128.57142857142858,9.0
SW Billings,Avesh Khan,7,17,0,242.85714285714283,17.0
M Vijay,DJ Hussey,7,19,0,271.42857142857144,19.0
M Vijay,DJ Bravo,7,6,0,85.71428571428571,6.0
M Vijay,CJ Anderson,7,12,0,171.42857142857142,12.0
AN Ahmed,SK Raina,7,3,0,42.857142857142854,3.0
MA Agarwal,DR Smith,7,3,0,42.857142857142854,3.0
MA Agarwal,DJ Willey,7,11,0,157.14285714285714,11.0
MA Agarwal,C Green,7,3,0,42.857142857142854,3.0
MA Agarwal,B Lee,7,8,0,114.28571428571428,8.0
MA Agarwal,IS Sodhi,7,13,1,185.71428571428572,13.0
MA Agarwal,GJ Maxwell,7,10,0,142.85714285714286,10.0
MA Agarwal,DS Rathi,7,8,0,114.28571428571428,8.0
MA Agarwal,K Gowtham,7,8,1,114.28571428571428,8.0
MA Agarwal,MJ Santner,7,6,0,85.71428571428571,6.0
MA Agarwal,MC Henriques,7,9,0,128.57142857142858,9.0
SV Samson,SM Boland,7,8,1,114.28571428571428,8.0
SV Samson,S Gopal,7,10,1,142.85714285714286,10.0
SV Samson,Rasikh Salam,7,19,0,271.42857142857144,19.0
SV Samson,RS Bopara,7,8,1,114.28571428571428,8.0
SV Samson,RJW Topley,7,8,0,114.28571428571428,8.0
M Vijay,KP Pietersen,7,22,1,314.2857142857143,22.0
M Vijay,JL Pattinson,7,0,1,0.0,0.0
M Vijay,P Suyal,7,2,0,28.57142857142857,2.0
M Vohra,JP Faulkner,7,15,0,214.28571428571428,15.0
M Vohra,SM Curran,7,9,1,128.57142857142858,9.0
M Vohra,S Ladda,7,16,0,228.57142857142856,16.0
M Vijay,MR Marsh,7,14,0,200.0,14.0
M Vijay,M Ashwin,7,11,1,157.14285714285714,11.0
AA Bilakhia,JA Morkel,7,6,0,85.71428571428571,6.0
AA Bilakhia,DP Nannes,7,6,0,85.71428571428571,6.0
M Vijay,S Gopal,7,5,2,71.42857142857143,2.5
M Vijay,R Bhatia,7,13,1,185.71428571428572,13.0
SV Samson,R Shepherd,7,8,0,114.28571428571428,8.0
SV Samson,R Sai Kishore,7,12,1,171.42857142857142,12.0
SV Samson,PP Hinge,7,19,0,271.42857142857144,19.0
SV Samson,P Suyal,7,11,0,157.14285714285714,11.0
SV Samson,Nithish Kumar Reddy,7,15,1,214.28571428571428,15.0
AM Rahane,Shivam Sharma,7,13,0,185.71428571428572,13.0
AM Rahane,Sakib Hussain,7,3,1,42.857142857142854,3.0
M Vohra,JA Richardson,7,12,0,171.42857142857142,12.0
M Vohra,MR Marsh,7,11,0,157.14285714285714,11.0
Yuvraj Singh,SE Bond,7,4,0,57.14285714285714,4.0
A Badoni,Harshit Rana,7,7,0,100.0,7.0
Azmatullah Omarzai,M Prasidh Krishna,7,9,0,128.57142857142858,9.0
Azhar Mahmood,STR Binny,7,7,1,100.0,7.0
Yuvraj Singh,VY Mahesh,7,9,0,128.57142857142858,9.0
B Chipli,R Ninan,7,16,0,228.57142857142856,16.0
S Gopal,HV Patel,7,8,1,114.28571428571428,8.0
S Gopal,AS Rajpoot,7,13,0,185.71428571428572,13.0
S Sreesanth,DP Nannes,7,5,0,71.42857142857143,5.0
S Sohal,JJ van der Wath,7,4,0,57.14285714285714,4.0
S Sohal,DL Vettori,7,4,0,57.14285714285714,4.0
S Sohal,B Lee,7,2,0,28.57142857142857,2.0
S Vidyut,A Nehra,6,12,0,200.0,12.0
S Gopal,AJ Tye,6,8,0,133.33333333333331,8.0
S Dube,Vijaykumar Vyshak,6,11,0,183.33333333333331,11.0
S Narwal,UT Yadav,6,14,1,233.33333333333334,14.0
S Nadeem,P Negi,6,1,2,16.666666666666664,0.5
S Gopal,MR Marsh,6,10,0,166.66666666666669,10.0
B Kumar,NLTC Perera,6,13,1,216.66666666666666,13.0
B Kumar,Mohammed Siraj,6,6,0,100.0,6.0
B Kumar,KV Sharma,6,4,0,66.66666666666666,4.0
B Kumar,K Rabada,6,1,1,16.666666666666664,1.0
Yuvraj Singh,NLTC Perera,6,13,0,216.66666666666666,13.0
Yuvraj Singh,LR Shukla,6,11,0,183.33333333333331,11.0
B Sai Sudharsan,Ashwani Kumar,6,7,0,116.66666666666667,7.0
B Sai Sudharsan,Akash Singh,6,11,0,183.33333333333331,11.0
B Lee,RJ Harris,6,8,0,133.33333333333331,8.0
B Laughlin,SL Malinga,6,2,0,33.33333333333333,2.0
A Tomar,JO Holder,6,4,0,66.66666666666666,4.0
A Symonds,Y Nagar,6,16,0,266.66666666666663,16.0
A Symonds,WD Parnell,6,10,0,166.66666666666669,10.0
A Symonds,T Thushara,6,2,0,33.33333333333333,2.0
M Vijay,RJ Peterson,6,7,0,116.66666666666667,7.0
M Vijay,PV Tambe,6,5,0,83.33333333333334,5.0
SV Samson,P Sahu,6,10,0,166.66666666666669,10.0
M Vijay,WPUJC Vaas,6,3,1,50.0,3.0
M Vijay,VS Malik,6,6,0,100.0,6.0
M Vijay,V Sehwag,6,21,0,350.0,21.0
M Vijay,Sandeep Sharma,6,5,1,83.33333333333334,5.0
M Vohra,DT Christian,6,6,0,100.0,6.0
A Badoni,KK Ahmed,6,12,0,200.0,12.0
A Badoni,JD Unadkat,6,4,0,66.66666666666666,4.0
A Badoni,GJ Maxwell,6,5,0,83.33333333333334,5.0
Azmatullah Omarzai,R Sai Kishore,6,1,1,16.666666666666664,1.0
M Vohra,M Markande,6,9,1,150.0,9.0
M Vohra,JDS Neesham,6,14,0,233.33333333333334,14.0
SV Samson,Naveen-ul-Haq,6,3,0,50.0,3.0
SV Samson,Mohammad Nabi,6,10,0,166.66666666666669,10.0
SV Samson,Mayank Dagar,6,14,0,233.33333333333334,14.0
SV Samson,MM Ali,6,9,0,150.0,9.0
M Vohra,SL Malinga,6,15,0,250.0,15.0
M Vohra,PP Ojha,6,9,0,150.0,9.0
MA Agarwal,Arjun Tendulkar,6,2,0,33.33333333333333,2.0
MA Agarwal,Akash Singh,6,15,0,250.0,15.0
M Vohra,Sandeep Sharma,6,3,1,50.0,3.0
M Vijay,MA Starc,6,8,0,133.33333333333331,8.0
M Vijay,M Muralitharan,6,2,2,33.33333333333333,1.0
M Vijay,LR Shukla,6,15,1,250.0,15.0
AA Bilakhia,DL Vettori,6,1,1,16.666666666666664,1.0
A Zampa,A Mishra,6,5,1,83.33333333333334,5.0
MA Agarwal,DR Sams,6,3,0,50.0,3.0
MA Agarwal,DP Nannes,6,5,0,83.33333333333334,5.0
SV Samson,M Morkel,6,16,0,266.66666666666663,16.0
MA Agarwal,Iqbal Abdulla,6,3,1,50.0,3.0
MA Agarwal,KT Maphaka,6,2,0,33.33333333333333,2.0
MA Agarwal,KL Nagarkoti,6,12,0,200.0,12.0
AM Rahane,V Kohli,6,7,0,116.66666666666667,7.0
SV Samson,RP Singh,6,7,0,116.66666666666667,7.0
SV Samson,RN ten Doeschate,6,6,0,100.0,6.0
AA Bilakhia,TM Dilshan,6,3,0,50.0,3.0
M Vijay,K Rabada,6,2,0,33.33333333333333,2.0
M Vijay,JR Hopes,6,8,0,133.33333333333331,8.0
M Vijay,JP Duminy,6,2,0,33.33333333333333,2.0
M Vijay,J Syed Mohammad,6,13,0,216.66666666666666,13.0
M Vohra,MM Sharma,6,4,0,66.66666666666666,4.0
M Vohra,MJ McClenaghan,6,4,0,66.66666666666666,4.0
AA Jhunjhunwala,SL Malinga,6,1,1,16.666666666666664,1.0
AA Jhunjhunwala,PP Chawla,6,6,0,100.0,6.0
AA Jhunjhunwala,AG Murtaza,6,12,0,200.0,12.0
AA Jhunjhunwala,AD Mathews,6,9,0,150.0,9.0
MA Agarwal,S Sreesanth,6,5,0,83.33333333333334,5.0
MA Agarwal,R Dhawan,6,10,0,166.66666666666669,10.0
MA Starc,MM Sharma,6,7,1,116.66666666666667,7.0
SW Billings,B Stanlake,6,9,0,150.0,9.0
M Vijay,AL Menaria,6,3,0,50.0,3.0
M Vijay,A Mithun,6,10,0,166.66666666666669,10.0
M Vijay,CRD Fernando,6,8,1,133.33333333333331,8.0
M Vijay,BA Bhatt,6,11,0,183.33333333333331,11.0
AP Majumdar,AA Chavan,6,16,0,266.66666666666663,16.0
AN Ahmed,Z Khan,6,3,0,50.0,3.0
AM Rahane,Y Prithvi Raj,6,17,0,283.33333333333337,17.0
AM Rahane,VY Mahesh,6,3,1,50.0,3.0
MC Henriques,Gurkeerat Singh,6,6,1,100.0,6.0
MC Henriques,CR Brathwaite,6,6,0,100.0,6.0
MC Henriques,Anureet Singh,6,5,0,83.33333333333334,5.0
M Shahrukh Khan,MJ Santner,6,9,0,150.0,9.0
M Shahrukh Khan,JJ Bumrah,6,6,1,100.0,6.0
M Shahrukh Khan,Harshit Rana,6,17,0,283.33333333333337,17.0
SW Billings,Kuldeep Yadav,6,9,0,150.0,9.0
SW Billings,KK Ahmed,6,1,2,16.666666666666664,0.5
M Theekshana,M Prasidh Krishna,6,2,0,33.33333333333333,2.0
M Theekshana,JJ Bumrah,6,1,0,16.666666666666664,1.0
M Shahrukh Khan,Yash Thakur,6,3,1,50.0,3.0
M Shahrukh Khan,Yash Dayal,6,9,0,150.0,9.0
M Shahrukh Khan,TG Southee,6,11,1,183.33333333333331,11.0
MA Agarwal,N Rana,6,10,0,166.66666666666669,10.0
AM Rahane,S Narwal,6,5,0,83.33333333333334,5.0
SV Samson,JP Duminy,6,5,0,83.33333333333334,5.0
SV Samson,DR Sams,6,7,0,116.66666666666667,7.0
SV Samson,DJ Willey,6,9,0,150.0,9.0
SV Samson,BW Hilfenhaus,6,13,0,216.66666666666666,13.0
MC Henriques,JD Unadkat,6,18,0,300.0,18.0
MC Henriques,PP Ojha,6,10,0,166.66666666666669,10.0
MC Juneja,PP Chawla,6,5,0,83.33333333333334,5.0
M Shahrukh Khan,AR Patel,6,4,0,66.66666666666666,4.0
M Ntini,Sohail Tanvir,6,11,1,183.33333333333331,11.0
M Morkel,RP Singh,6,7,0,116.66666666666667,7.0
M Morkel,MG Johnson,6,14,0,233.33333333333334,14.0
Sachin Baby,LH Ferguson,6,4,0,66.66666666666666,4.0
Sachin Baby,CV Varun,6,2,1,33.33333333333333,2.0
SW Billings,Washington Sundar,6,7,0,116.66666666666667,7.0
MA Agarwal,Z Khan,6,4,1,66.66666666666666,4.0
SV Samson,JL Pattinson,6,10,0,166.66666666666669,10.0
MC Henriques,HH Pandya,6,10,0,166.66666666666669,10.0
MD Mishra,M Muralitharan,6,17,0,283.33333333333337,17.0
MD Mishra,JH Kallis,6,8,0,133.33333333333331,8.0
MD Mishra,DW Steyn,6,2,0,33.33333333333333,2.0
MD Choudhary,C Green,6,16,0,266.66666666666663,16.0
MD Choudhary,B Kumar,6,6,0,100.0,6.0
MD Shanaka,RA Jadeja,6,2,1,33.33333333333333,2.0
MD Shanaka,Mohammed Siraj,6,8,0,133.33333333333331,8.0
M Manhas,Mohammed Shami,6,13,1,216.66666666666666,13.0
M Manhas,M Muralitharan,6,2,1,33.33333333333333,2.0
M Manhas,Kamran Khan,6,9,0,150.0,9.0
M Manhas,JH Kallis,6,12,1,200.0,12.0
Salil Arora,Yash Raj Punja,6,5,0,83.33333333333334,5.0
Salil Arora,Brijesh Sharma,6,16,0,266.66666666666663,16.0
M Manhas,SL Malinga,6,4,2,66.66666666666666,2.0
M Shahrukh Khan,Abhishek Sharma,6,8,0,133.33333333333331,8.0
MA Starc,R Vinay Kumar,6,9,0,150.0,9.0
MEK Hussey,A Mithun,6,12,0,200.0,12.0
MEK Hussey,JA Morkel,6,2,1,33.33333333333333,2.0
MEK Hussey,Harmeet Singh,6,3,1,50.0,3.0
M Manhas,A Symonds,6,5,0,83.33333333333334,5.0
M Klinger,JH Kallis,6,7,0,116.66666666666667,7.0
M Kartik,R Ashwin,6,7,0,116.66666666666667,7.0
M Kartik,DJ Bravo,6,6,0,100.0,6.0
M Kaif,Z Khan,6,4,0,66.66666666666666,4.0
M Kaif,SK Trivedi,6,5,0,83.33333333333334,5.0
Sameer Rizvi,M Jansen,6,10,0,166.66666666666669,10.0
Sameer Rizvi,KV Sharma,6,13,0,216.66666666666666,13.0
M Manhas,R McLaren,6,6,0,100.0,6.0
MC Juneja,AB McDonald,6,11,0,183.33333333333331,11.0
MC Henriques,Tejas Baroka,6,7,0,116.66666666666667,7.0
MC Henriques,T Shamsi,6,14,0,233.33333333333334,14.0
SV Samson,A Kamboj,6,3,0,50.0,3.0
MEK Hussey,WA Mota,6,17,0,283.33333333333337,17.0
MEK Hussey,Sandeep Sharma,6,2,1,33.33333333333333,2.0
Lalit Yadav,TG Southee,6,3,0,50.0,3.0
Sanvir Singh,N Thushara,6,6,0,100.0,6.0
Sandeep Sharma,Mustafizur Rahman,6,5,1,83.33333333333334,5.0
Sandeep Sharma,MM Sharma,6,3,0,50.0,3.0
Sameer Rizvi,RD Chahar,6,5,0,83.33333333333334,5.0
M Kaif,SJ Srivastava,6,12,0,200.0,12.0
MD Mishra,Z Khan,6,5,1,83.33333333333334,5.0
MD Mishra,UT Yadav,6,7,1,116.66666666666667,7.0
STR Binny,YS Chahal,6,8,0,133.33333333333331,8.0
STR Binny,UT Yadav,6,20,2,333.33333333333337,10.0
STR Binny,Sandeep Sharma,6,7,0,116.66666666666667,7.0
STR Binny,SB Jakati,6,14,0,233.33333333333334,14.0
MEK Hussey,CH Gayle,6,2,0,33.33333333333333,2.0
MEK Hussey,AD Russell,6,4,0,66.66666666666666,4.0
LS Livingstone,M Theekshana,6,4,0,66.66666666666666,4.0
LS Livingstone,K Kartikeya,6,6,0,100.0,6.0
LS Livingstone,IC Porel,6,7,0,116.66666666666667,7.0
LS Livingstone,S Kaul,6,20,0,333.33333333333337,20.0
Shahbaz Ahmed,KR Sen,6,3,0,50.0,3.0
Shahbaz Ahmed,KH Pandya,6,5,0,83.33333333333334,5.0
Shahbaz Ahmed,JJ Bumrah,6,5,0,83.33333333333334,5.0
Lalit Yadav,R Parag,6,9,0,150.0,9.0
M Jansen,VG Arora,6,1,2,16.666666666666664,0.5
M Jansen,M Prasidh Krishna,6,8,0,133.33333333333331,8.0
M Jansen,KK Ahmed,6,11,0,183.33333333333331,11.0
MEK Hussey,NLTC Perera,6,11,1,183.33333333333331,11.0
MEK Hussey,Mohammed Shami,6,5,0,83.33333333333334,5.0
MEK Hussey,MM Sharma,6,10,0,166.66666666666669,10.0
STR Binny,NLTC Perera,6,6,1,100.0,6.0
MEK Hussey,RG Sharma,6,5,0,83.33333333333334,5.0
MG Bracewell,CV Varun,6,7,0,116.66666666666667,7.0
MF Maharoof,PP Ojha,6,8,1,133.33333333333331,8.0
MF Maharoof,Iqbal Abdulla,6,5,1,83.33333333333334,5.0
STR Binny,D Wiese,6,6,0,100.0,6.0
STR Binny,BW Hilfenhaus,6,3,0,50.0,3.0
ST Jayasuriya,Z Khan,6,6,1,100.0,6.0
MJ Clarke,SW Tait,6,5,0,83.33333333333334,5.0
MJ Clarke,Iqbal Abdulla,6,5,0,83.33333333333334,5.0
MG Johnson,VR Aaron,6,3,0,50.0,3.0
MG Johnson,R Vinay Kumar,6,9,1,150.0,9.0
MG Johnson,MM Sharma,6,11,0,183.33333333333331,11.0
LS Livingstone,A Nortje,6,9,0,150.0,9.0
LRPL Taylor,Yuvraj Singh,6,6,0,100.0,6.0
Shahbaz Ahmed,PP Chawla,6,6,0,100.0,6.0
Shahbaz Ahmed,OC McCoy,6,6,0,100.0,6.0
Shahbaz Ahmed,L Ngidi,6,7,0,116.66666666666667,7.0
MJ Lumb,DE Bollinger,6,1,0,16.666666666666664,1.0
MJ Guptill,TA Boult,6,16,0,266.66666666666663,16.0
ST Jayasuriya,SC Ganguly,6,14,0,233.33333333333334,14.0
ST Jayasuriya,Mohammad Asif,6,13,0,216.66666666666666,13.0
MJ Santner,B Kumar,6,7,0,116.66666666666667,7.0
MJ McClenaghan,Mustafizur Rahman,6,6,1,100.0,6.0
MJ McClenaghan,MM Sharma,6,5,0,83.33333333333334,5.0
LRPL Taylor,MG Johnson,6,4,0,66.66666666666666,4.0
Shakib Al Hasan,AJ Tye,6,8,0,133.33333333333331,8.0
Shahbaz Ahmed,Swapnil Singh,6,5,0,83.33333333333334,5.0
LRPL Taylor,VRV Singh,6,13,0,216.66666666666666,13.0
LRPL Taylor,SP Narine,6,10,1,166.66666666666669,10.0
LRPL Taylor,SC Ganguly,6,8,1,133.33333333333331,8.0
LRPL Taylor,Pankaj Singh,6,3,1,50.0,3.0
LS Livingstone,GJ Maxwell,6,13,0,216.66666666666666,13.0
LS Livingstone,CV Varun,6,7,1,116.66666666666667,7.0
MK Lomror,JL Pattinson,6,8,0,133.33333333333331,8.0
MK Lomror,DJ Hooda,6,24,0,400.0,24.0
MK Lomror,B Kumar,6,6,0,100.0,6.0
MK Lomror,AS Joseph,6,12,1,200.0,12.0
MK Lomror,AR Patel,6,6,0,100.0,6.0
MJ Santner,RD Chahar,6,4,1,66.66666666666666,4.0
LR Shukla,M Morkel,6,13,1,216.66666666666666,13.0
Shakib Al Hasan,KA Jamieson,6,6,1,100.0,6.0
Shakib Al Hasan,JD Unadkat,6,5,1,83.33333333333334,5.0
Shakib Al Hasan,C de Grandhomme,6,6,0,100.0,6.0
LRPL Taylor,HV Patel,6,11,0,183.33333333333331,11.0
LRPL Taylor,GD McGrath,6,13,1,216.66666666666666,13.0
LRPL Taylor,DL Vettori,6,8,0,133.33333333333331,8.0
LRPL Taylor,CK Langeveldt,6,5,1,83.33333333333334,5.0
LRPL Taylor,B Lee,6,8,0,133.33333333333331,8.0
LRPL Taylor,A Singh,6,4,0,66.66666666666666,4.0
MK Lomror,Naveen-ul-Haq,6,12,1,200.0,12.0
MK Lomror,Mukesh Kumar,6,10,0,166.66666666666669,10.0
MK Lomror,MM Sharma,6,3,0,50.0,3.0
MK Lomror,Lalit Yadav,6,5,0,83.33333333333334,5.0
MK Lomror,KK Ahmed,6,5,1,83.33333333333334,5.0
LR Shukla,JM Kemp,6,8,0,133.33333333333331,8.0
LPC Silva,VRV Singh,6,16,0,266.66666666666663,16.0
LMP Simmons,WD Parnell,6,7,0,116.66666666666667,7.0
Shakib Al Hasan,M Markande,6,2,1,33.33333333333333,2.0
LR Shukla,YK Pathan,6,7,1,116.66666666666667,7.0
MJ Lumb,RJ Harris,6,6,0,100.0,6.0
MJ Lumb,P Kumar,6,6,0,100.0,6.0
ST Jayasuriya,LR Shukla,6,5,1,83.33333333333334,5.0
ST Jayasuriya,Joginder Sharma,6,12,0,200.0,12.0
ST Jayasuriya,FH Edwards,6,1,0,16.666666666666664,1.0
MK Lomror,K Rabada,6,1,1,16.666666666666664,1.0
LH Ferguson,CJ Jordan,6,12,0,200.0,12.0
AP Majumdar,M Muralitharan,6,4,0,66.66666666666666,4.0
LMP Simmons,LH Ferguson,6,1,0,16.666666666666664,1.0
LMP Simmons,JP Duminy,6,9,0,150.0,9.0
LMP Simmons,Imran Tahir,6,14,1,233.33333333333334,14.0
Shakib Al Hasan,VR Aaron,6,4,1,66.66666666666666,4.0
Shakib Al Hasan,TG Southee,6,12,1,200.0,12.0
Shakib Al Hasan,SN Thakur,6,8,0,133.33333333333331,8.0
AP Tare,A Uniyal,6,15,0,250.0,15.0
AP Majumdar,R Bhatia,6,5,0,83.33333333333334,5.0
LMP Simmons,S Kaul,6,6,0,100.0,6.0
ST Jayasuriya,D du Preez,6,14,0,233.33333333333334,14.0
ST Jayasuriya,B Akhil,6,4,0,66.66666666666666,4.0
ST Jayasuriya,AD Mascarenhas,6,13,0,216.66666666666666,13.0
SS Tiwary,VRV Singh,6,12,0,200.0,12.0
SS Tiwary,VR Aaron,6,7,0,116.66666666666667,7.0
MK Pandey,A Singh,6,6,0,100.0,6.0
MK Pandey,A Mithun,6,3,0,50.0,3.0
SS Tiwary,TA Boult,6,6,0,100.0,6.0
MK Pandey,Ankit Sharma,6,2,1,33.33333333333333,2.0
AM Rahane,P Suyal,6,8,0,133.33333333333331,8.0
AM Rahane,Mujeeb Ur Rahman,6,5,0,83.33333333333334,5.0
MK Pandey,D Pretorius,6,5,0,83.33333333333334,5.0
LA Pomersbach,SM Pollock,6,7,0,116.66666666666667,7.0
LA Pomersbach,PP Ojha,6,10,1,166.66666666666669,10.0
LA Pomersbach,DJ Bravo,6,16,0,266.66666666666663,16.0
Shashank Singh,R Sai Kishore,6,5,1,83.33333333333334,5.0
Shashank Singh,PVD Chameera,6,18,0,300.0,18.0
Shashank Singh,PJ Cummins,6,11,0,183.33333333333331,11.0
Shashank Singh,MP Yadav,6,15,0,250.0,15.0
Shashank Singh,KV Sharma,6,19,0,316.66666666666663,19.0
LJ Wright,P Kumar,6,18,0,300.0,18.0
MK Pandey,MA Starc,6,6,0,100.0,6.0
MK Pandey,M Tiwari,6,6,0,100.0,6.0
MK Pandey,P Sahu,6,5,0,83.33333333333334,5.0
AM Rahane,KW Richardson,6,6,0,100.0,6.0
Kartik Sharma,Shivang Kumar,6,11,0,183.33333333333331,11.0
Shivam Mavi,S Kaul,6,5,1,83.33333333333334,5.0
Shashank Singh,Swapnil Singh,6,7,0,116.66666666666667,7.0
LA Carseldine,DR Smith,6,13,0,216.66666666666666,13.0
L Ronchi,P Kumar,6,8,0,133.33333333333331,8.0
L Ronchi,IK Pathan,6,10,0,166.66666666666669,10.0
L Ronchi,DNT Zoysa,6,8,0,133.33333333333331,8.0
Kumar Kushagra,Sandeep Sharma,6,11,0,183.33333333333331,11.0
Kuldeep Yadav,Washington Sundar,6,3,0,50.0,3.0
Kuldeep Yadav,TA Boult,6,4,0,66.66666666666666,4.0
MK Pandey,AM Ghazanfar,6,6,0,100.0,6.0
MK Pandey,AB McDonald,6,11,1,183.33333333333331,11.0
KV Sharma,MA Starc,6,19,1,316.66666666666663,19.0
KV Sharma,JP Faulkner,6,1,1,16.666666666666664,1.0
Kartik Sharma,Prince Yadav,6,19,0,316.66666666666663,19.0
Kartik Sharma,AR Patel,6,6,0,100.0,6.0
Kamran Akmal,JA Morkel,6,6,1,100.0,6.0
Shoaib Malik,VRV Singh,6,5,1,83.33333333333334,5.0
Shivang Kumar,JC Archer,6,14,0,233.33333333333334,14.0
Shivang Kumar,Gurjapneet Singh,6,7,0,116.66666666666667,7.0
Kuldeep Yadav,Sandeep Sharma,6,7,0,116.66666666666667,7.0
Krish Bhagat,J Overton,6,1,1,16.666666666666664,1.0
MK Pandey,C de Grandhomme,6,17,0,283.33333333333337,17.0
SS Tiwary,RG Sharma,6,6,1,100.0,6.0
SS Tiwary,R Dhawan,6,8,0,133.33333333333331,8.0
MK Pandey,Harpreet Brar,6,2,1,33.33333333333333,2.0
MK Pandey,E Malinga,6,20,0,333.33333333333337,20.0
MK Pandey,KMA Paul,6,2,1,33.33333333333333,2.0
AM Rahane,I Udana,6,14,0,233.33333333333334,14.0
MK Pandey,S Narwal,6,11,0,183.33333333333331,11.0
SS Tiwary,K Rabada,6,2,0,33.33333333333333,2.0
MK Pandey,Yuvraj Singh,6,9,1,150.0,9.0
MK Pandey,TL Suman,6,18,0,300.0,18.0
MK Tiwary,BCJ Cutting,6,10,1,166.66666666666669,10.0
MK Tiwary,J Theron,6,10,0,166.66666666666669,10.0
MK Tiwary,I Sharma,6,7,0,116.66666666666667,7.0
MK Tiwary,DL Vettori,6,7,1,116.66666666666667,7.0
MK Tiwary,CR Woakes,6,2,1,33.33333333333333,2.0
KS Williamson,T Shamsi,6,9,0,150.0,9.0
KS Williamson,Simarjeet Singh,6,13,0,216.66666666666666,13.0
Kamran Akmal,A Nehra,6,8,0,133.33333333333331,8.0
KV Sharma,UT Yadav,6,4,0,66.66666666666666,4.0
KV Sharma,Shakib Al Hasan,6,4,0,66.66666666666666,4.0
KV Sharma,SL Malinga,6,2,1,33.33333333333333,2.0
ML Hayden,FH Edwards,6,10,0,166.66666666666669,10.0
ML Hayden,Shoaib Ahmed,6,9,1,150.0,9.0
KS Williamson,B Laughlin,6,7,0,116.66666666666667,7.0
Shubman Gill,GF Linde,6,12,0,200.0,12.0
A Symonds,SL Malinga,6,0,1,0.0,0.0
A Symonds,S Narwal,6,13,0,216.66666666666666,13.0
KS Williamson,MJ Santner,6,10,0,166.66666666666669,10.0
KS Williamson,Shakib Al Hasan,6,6,1,100.0,6.0
KS Williamson,SE Rutherford,6,9,0,150.0,9.0
KV Sharma,CH Morris,6,5,0,83.33333333333334,5.0
MK Tiwary,Karanveer Singh,6,6,0,100.0,6.0
SS Tiwary,JA Morkel,6,4,0,66.66666666666666,4.0
SS Tiwary,Gurkeerat Singh,6,7,1,116.66666666666667,7.0
SS Tiwary,DT Christian,6,5,0,83.33333333333334,5.0
MK Tiwary,R Dhawan,6,2,1,33.33333333333333,2.0
MK Tiwary,V Pratap Singh,6,6,0,100.0,6.0
SS Prabhudessai,YS Chahal,6,1,1,16.666666666666664,1.0
SS Prabhudessai,KH Pandya,6,7,0,116.66666666666667,7.0
ML Hayden,YA Abdulla,6,7,0,116.66666666666667,7.0
KR Mayers,Sikandar Raza,6,17,0,283.33333333333337,17.0
KR Mayers,Mohammed Siraj,6,0,2,0.0,0.0
KR Mayers,MW Short,6,7,0,116.66666666666667,7.0
KS Bharat,MK Lomror,6,8,0,133.33333333333331,8.0
KS Williamson,GJ Maxwell,6,5,0,83.33333333333334,5.0
KS Williamson,FA Allen,6,7,0,116.66666666666667,7.0
KS Williamson,DG Nalkande,6,5,0,83.33333333333334,5.0
SS Tiwary,AP Dole,6,9,0,150.0,9.0
SS Tiwary,AK Markram,6,7,0,116.66666666666667,7.0
SS Tiwary,AD Mascarenhas,6,6,0,100.0,6.0
ML Hayden,Mohammad Hafeez,6,10,0,166.66666666666669,10.0
ML Hayden,KA Pollard,6,4,2,66.66666666666666,2.0
ML Hayden,JP Duminy,6,6,0,100.0,6.0
MM Ali,I Sharma,6,13,0,216.66666666666666,13.0
MM Ali,DS Kulkarni,6,5,0,83.33333333333334,5.0
MM Ali,Mustafizur Rahman,6,11,0,183.33333333333331,11.0
MM Sharma,J Yadav,6,11,0,183.33333333333331,11.0
KP Pietersen,R Ashwin,6,11,0,183.33333333333331,11.0
KP Pietersen,MM Patel,6,7,0,116.66666666666667,7.0
KP Pietersen,MG Johnson,6,13,0,216.66666666666666,13.0
KP Pietersen,M Muralitharan,6,3,1,50.0,3.0
Shubman Gill,MG Bracewell,6,16,0,266.66666666666663,16.0
KP Pietersen,SK Warne,6,15,0,250.0,15.0
KP Pietersen,SJ Srivastava,6,12,0,200.0,12.0
KP Pietersen,R Shukla,6,15,0,250.0,15.0
KR Mayers,Gurnoor Brar,6,11,0,183.33333333333331,11.0
KS Bharat,CH Morris,6,12,0,200.0,12.0
ML Hayden,SK Trivedi,6,5,0,83.33333333333334,5.0
ML Hayden,SJ Srivastava,6,7,0,116.66666666666667,7.0
AR Patel,A Zampa,6,12,0,200.0,12.0
AP Tare,VR Aaron,6,7,1,116.66666666666667,7.0
AP Tare,SP Narine,6,9,0,150.0,9.0
KM Jadhav,LH Ferguson,6,0,1,0.0,0.0
KM Jadhav,Kuldeep Yadav,6,11,0,183.33333333333331,11.0
KM Jadhav,KP Appanna,6,4,1,66.66666666666666,4.0
A Symonds,JM Kemp,6,1,0,16.666666666666664,1.0
KM Jadhav,PJ Cummins,6,4,0,66.66666666666666,4.0
KM Jadhav,NM Coulter-Nile,6,8,1,133.33333333333331,8.0
KP Pietersen,AC Thomas,6,2,0,33.33333333333333,2.0
KP Pietersen,Harmeet Singh,6,4,0,66.66666666666666,4.0
ML Hayden,VRV Singh,6,12,0,200.0,12.0
ML Hayden,V Kohli,6,9,0,150.0,9.0
SS Iyer,TU Deshpande,6,11,0,183.33333333333331,11.0
AB Dinda,SL Malinga,6,1,2,16.666666666666664,0.5
MM Ali,KK Ahmed,6,11,0,183.33333333333331,11.0
MM Ali,T Natarajan,6,7,0,116.66666666666667,7.0
MM Ali,Shivam Mavi,6,15,0,250.0,15.0
MM Ali,S Sandeep Warrier,6,8,0,133.33333333333331,8.0
AB Agarkar,ST Jayasuriya,6,1,1,16.666666666666664,1.0
AB Agarkar,RR Raje,6,10,0,166.66666666666669,10.0
AB Agarkar,RA Jadeja,6,3,0,50.0,3.0
AB Agarkar,DP Nannes,6,8,0,133.33333333333331,8.0
MN Samuels,VY Mahesh,6,3,1,50.0,3.0
KM Jadhav,Harpreet Brar,6,8,0,133.33333333333331,8.0
KM Jadhav,Harbhajan Singh,6,5,1,83.33333333333334,5.0
KM Jadhav,DS Kulkarni,6,4,2,66.66666666666666,2.0
KM Jadhav,Basil Thampi,6,12,0,200.0,12.0
KM Jadhav,BA Stokes,6,12,0,200.0,12.0
A Symonds,Pankaj Singh,6,4,0,66.66666666666666,4.0
A Symonds,KA Pollard,6,5,0,83.33333333333334,5.0
KM Jadhav,IC Pandey,6,7,0,116.66666666666667,7.0
MN Samuels,A Mishra,6,1,0,16.666666666666664,1.0
SS Iyer,RS Bopara,6,4,0,66.66666666666666,4.0
SS Iyer,R Vinay Kumar,6,4,0,66.66666666666666,4.0
MP Stoinis,A Kamboj,6,17,0,283.33333333333337,17.0
MN van Wyk,GR Napier,6,3,1,50.0,3.0
KL Rahul,LI Meriwala,6,8,0,133.33333333333331,8.0
Shubman Gill,SR Watson,6,12,0,200.0,12.0
KL Rahul,MW Short,6,3,0,50.0,3.0
KL Rahul,M Morkel,6,8,0,133.33333333333331,8.0
KL Rahul,R Parag,6,8,0,133.33333333333331,8.0
KL Rahul,R Dhawan,6,10,0,166.66666666666669,10.0
KL Rahul,P Negi,6,4,0,66.66666666666666,4.0
KL Rahul,Sikandar Raza,6,11,0,183.33333333333331,11.0
KL Rahul,Rasikh Salam,6,7,0,116.66666666666667,7.0
KM Jadhav,A Nortje,6,2,2,33.33333333333333,1.0
MM Sharma,A Zampa,6,4,1,66.66666666666666,4.0
MP Stoinis,MA Starc,6,12,1,200.0,12.0
MP Stoinis,Shahbaz Ahmed,6,15,0,250.0,15.0
MP Stoinis,Z Khan,6,6,1,100.0,6.0
MR Marsh,Gurjapneet Singh,6,17,0,283.33333333333337,17.0
AR Patel,K Gowtham,6,5,1,83.33333333333334,5.0
KL Rahul,BB Sran,6,13,0,216.66666666666666,13.0
KL Rahul,Fazalhaq Farooqi,6,3,0,50.0,3.0
AR Patel,JP Behrendorff,6,14,1,233.33333333333334,14.0
AR Patel,J Little,6,10,0,166.66666666666669,10.0
AR Patel,Harpreet Brar,6,10,0,166.66666666666669,10.0
AR Patel,Gurjapneet Singh,6,2,2,33.33333333333333,1.0
AR Patel,DR Sams,6,21,0,350.0,21.0
MN Samuels,SN Thakur,6,16,0,266.66666666666663,16.0
MN Samuels,SK Raina,6,5,0,83.33333333333334,5.0
MN Samuels,Bipul Sharma,6,13,0,216.66666666666666,13.0
MN Samuels,BA Stokes,6,2,0,33.33333333333333,2.0
KK Nair,M Prasidh Krishna,6,7,1,116.66666666666667,7.0
KK Nair,LE Plunkett,6,2,1,33.33333333333333,2.0
KK Nair,RN ten Doeschate,6,8,0,133.33333333333331,8.0
KK Nair,R Bhatia,6,3,1,50.0,3.0
Suryansh Shedge,Rashid Khan,6,6,0,100.0,6.0
Sumit Kumar,Noor Ahmad,6,8,0,133.33333333333331,8.0
Sikandar Raza,Umran Malik,6,4,1,66.66666666666666,4.0
Sikandar Raza,Naveen-ul-Haq,6,7,0,116.66666666666667,7.0
Sikandar Raza,KK Ahmed,6,9,0,150.0,9.0
KL Nagarkoti,Ravi Bishnoi,6,5,0,83.33333333333334,5.0
KK Nair,VR Aaron,6,0,1,0.0,0.0
AR Patel,M Morkel,6,9,0,150.0,9.0
AR Patel,K Rabada,6,9,0,150.0,9.0
MP Stoinis,I Sharma,6,4,0,66.66666666666666,4.0
SS Iyer,NLTC Perera,6,10,0,166.66666666666669,10.0
SS Iyer,MJ Henry,6,15,0,250.0,15.0
MR Marsh,DE Bollinger,6,2,1,33.33333333333333,2.0
MR Marsh,C Bosch,6,9,1,150.0,9.0
MR Marsh,M Kartik,6,3,0,50.0,3.0
MR Marsh,JP Faulkner,6,13,1,216.66666666666666,13.0
MR Marsh,N Thushara,6,11,0,183.33333333333331,11.0
MR Marsh,Sandeep Sharma,6,9,0,150.0,9.0
MR Marsh,SM Curran,6,8,0,133.33333333333331,8.0
MR Marsh,SL Malinga,6,6,0,100.0,6.0
KK Nair,Harpreet Brar,6,7,1,116.66666666666667,7.0
T Stubbs,Avesh Khan,6,5,0,83.33333333333334,5.0
T Stubbs,Arshad Khan,6,20,0,333.33333333333337,20.0
T Stubbs,A Kamboj,6,10,0,166.66666666666669,10.0
T Kohler-Cadmore,NT Ellis,6,3,0,50.0,3.0
T Kohler-Cadmore,HV Patel,6,4,0,66.66666666666666,4.0
T Kohler-Cadmore,B Kumar,6,2,0,33.33333333333333,2.0
T Henderson,P Kumar,6,2,0,33.33333333333333,2.0
AB McDonald,KA Pollard,6,5,0,83.33333333333334,5.0
AB McDonald,CRD Fernando,6,6,0,100.0,6.0
AB McDonald,AG Murtaza,6,5,0,83.33333333333334,5.0
MS Bisla,IC Pandey,6,8,0,133.33333333333331,8.0
MS Bisla,Harbhajan Singh,6,10,1,166.66666666666669,10.0
MS Bisla,AP Dole,6,10,0,166.66666666666669,10.0
KH Pandya,JP Behrendorff,6,10,0,166.66666666666669,10.0
T Stubbs,Mohammed Shami,6,8,0,133.33333333333331,8.0
T Stubbs,M Theekshana,6,7,0,116.66666666666667,7.0
KH Pandya,OC McCoy,6,7,0,116.66666666666667,7.0
KH Pandya,Sikandar Raza,6,7,0,116.66666666666667,7.0
KK Cooper,S Nadeem,6,16,0,266.66666666666663,16.0
KK Nair,DW Steyn,6,9,1,150.0,9.0
KK Nair,DS Kulkarni,6,7,1,116.66666666666667,7.0
KK Nair,Basil Thampi,6,9,0,150.0,9.0
KK Nair,JC Archer,6,1,1,16.666666666666664,1.0
KD Karthik,S Aravind,6,4,1,66.66666666666666,4.0
SS Iyer,Harsh Dubey,6,8,0,133.33333333333331,8.0
MS Bisla,PP Ojha,6,6,2,100.0,3.0
MS Bisla,NLTC Perera,6,13,1,216.66666666666666,13.0
MS Bisla,MC Henriques,6,1,1,16.666666666666664,1.0
MS Dhoni,Akash Madhwal,6,3,1,50.0,3.0
MS Dhoni,AN Ahmed,6,13,1,216.66666666666666,13.0
KD Karthik,Shoaib Ahmed,6,4,0,66.66666666666666,4.0
T Stubbs,PWH de Silva,6,11,0,183.33333333333331,11.0
KD Karthik,Y Venugopal Rao,6,8,0,133.33333333333331,8.0
KD Karthik,WPUJC Vaas,6,18,0,300.0,18.0
AR Patel,N Rana,6,5,0,83.33333333333334,5.0
KH Pandya,C Sakariya,6,10,0,166.66666666666669,10.0
KH Pandya,Bipul Sharma,6,21,0,350.0,21.0
KH Pandya,BCJ Cutting,6,15,0,250.0,15.0
MR Marsh,TU Deshpande,6,5,0,83.33333333333334,5.0
AM Rahane,C Green,6,14,1,233.33333333333334,14.0
MS Dhoni,Harshit Rana,6,3,0,50.0,3.0
MS Dhoni,CRD Fernando,6,3,0,50.0,3.0
AM Rahane,AM Salvi,6,10,0,166.66666666666669,10.0
MS Dhoni,J Syed Mohammad,6,5,0,83.33333333333334,5.0
MS Dhoni,JR Hazlewood,6,11,1,183.33333333333331,11.0
MS Dhoni,JEC Franklin,6,12,0,200.0,12.0
MS Dhoni,JA Morkel,6,7,0,116.66666666666667,7.0
MS Dhoni,MA Khote,6,10,1,166.66666666666669,10.0
TD Paine,Z Khan,6,3,0,50.0,3.0
TA Boult,NT Ellis,6,8,0,133.33333333333331,8.0
AR Patel,R Parag,6,9,0,150.0,9.0
KD Karthik,P Parameswaran,6,11,0,183.33333333333331,11.0
KD Karthik,O Thomas,6,10,0,166.66666666666669,10.0
KD Karthik,NLTC Perera,6,12,0,200.0,12.0
KD Karthik,S Lamichhane,6,7,0,116.66666666666667,7.0
SS Iyer,Akash Singh,6,13,0,216.66666666666666,13.0
SS Iyer,AS Rajpoot,6,8,0,133.33333333333331,8.0
SS Iyer,AS Joseph,6,5,0,83.33333333333334,5.0
SR Watson,Washington Sundar,6,5,1,83.33333333333334,5.0
MS Dhoni,NLTC Perera,6,10,1,166.66666666666669,10.0
MS Dhoni,RJ Peterson,6,15,0,250.0,15.0
AM Rahane,A Nortje,6,7,0,116.66666666666667,7.0
MS Dhoni,Shakib Al Hasan,6,4,0,66.66666666666666,4.0
AS Rajpoot,JJ Bumrah,6,5,0,83.33333333333334,5.0
TH David,I Sharma,6,13,0,216.66666666666666,13.0
TH David,D Pretorius,6,4,0,66.66666666666666,4.0
KD Karthik,GJ Maxwell,6,7,0,116.66666666666667,7.0
KD Karthik,KP Appanna,6,5,1,83.33333333333334,5.0
SS Iyer,CJ Jordan,6,5,0,83.33333333333334,5.0
SS Iyer,Brijesh Sharma,6,7,0,116.66666666666667,7.0
AM Rahane,DG Nalkande,6,12,1,200.0,12.0
SR Watson,VRV Singh,6,4,0,66.66666666666666,4.0
SR Watson,S Tyagi,6,7,0,116.66666666666667,7.0
MS Dhoni,VG Arora,6,3,0,50.0,3.0
MS Wade,MJ Santner,6,6,0,100.0,6.0
MS Wade,JDS Neesham,6,12,0,200.0,12.0
MS Gony,Sohail Tanvir,6,3,0,50.0,3.0
KC Sangakkara,MS Gony,6,6,1,100.0,6.0
TH David,MP Yadav,6,17,0,283.33333333333337,17.0
KC Sangakkara,S Kaul,6,8,0,133.33333333333331,8.0
KD Karthik,A Nel,6,8,0,133.33333333333331,8.0
AR Patel,TG Southee,6,3,1,50.0,3.0
KD Karthik,BB Sran,6,3,2,50.0,1.5
KD Karthik,CV Varun,6,4,1,66.66666666666666,4.0
AS Raut,DE Bollinger,6,6,0,100.0,6.0
AS Raut,A Mishra,6,6,1,100.0,6.0
SS Iyer,Ashok Sharma,6,13,0,216.66666666666666,13.0
TK Curran,BCJ Cutting,6,6,0,100.0,6.0
KA Pollard,Shivam Mavi,6,11,0,183.33333333333331,11.0
KA Pollard,SK Warne,6,4,0,66.66666666666666,4.0
KA Pollard,S Badree,6,3,0,50.0,3.0
KC Sangakkara,AM Salvi,6,5,0,83.33333333333334,5.0
TH David,XC Bartlett,6,11,0,183.33333333333331,11.0
TH David,Rasikh Salam,6,4,0,66.66666666666666,4.0
TH David,R Sai Kishore,6,8,0,133.33333333333331,8.0
KC Sangakkara,JH Kallis,6,7,0,116.66666666666667,7.0
KC Sangakkara,DP Vijaykumar,6,11,0,183.33333333333331,11.0
KC Sangakkara,DE Bollinger,6,6,1,100.0,6.0
KC Sangakkara,BAW Mendis,6,4,0,66.66666666666666,4.0
KC Sangakkara,PJ Sangwan,6,9,0,150.0,9.0
MS Dhoni,SN Thakur,6,11,0,183.33333333333331,11.0
MS Dhoni,SM Pollock,6,0,0,0.0,0.0
MS Dhoni,S Lamichhane,6,5,0,83.33333333333334,5.0
MS Gony,PP Chawla,6,7,1,116.66666666666667,7.0
AB de Villiers,AC Thomas,6,14,1,233.33333333333334,14.0
MV Boucher,DS Kulkarni,6,8,0,133.33333333333331,8.0
MV Boucher,CH Gayle,6,13,0,216.66666666666666,13.0
MS Wade,VG Arora,6,6,0,100.0,6.0
MW Short,J Little,6,7,0,116.66666666666667,7.0
MW Short,Brijesh Sharma,6,1,0,16.666666666666664,1.0
MW Short,Avesh Khan,6,12,0,200.0,12.0
MV Boucher,RP Singh,6,9,2,150.0,4.5
TL Suman,BJ Hodge,6,10,0,166.66666666666669,10.0
TL Suman,A Singh,6,3,1,50.0,3.0
TL Seifert,Mohammed Siraj,6,6,0,100.0,6.0
TL Seifert,JJ Bumrah,6,9,0,150.0,9.0
TK Curran,RD Chahar,6,3,0,50.0,3.0
TK Curran,Mustafizur Rahman,6,7,1,116.66666666666667,7.0
TK Curran,KA Pollard,6,8,1,133.33333333333331,8.0
Mandeep Singh,AB McDonald,6,8,0,133.33333333333331,8.0
MW Short,Yudhvir Singh,6,11,0,183.33333333333331,11.0
MW Short,Nithish Kumar Reddy,6,3,0,50.0,3.0
Mandeep Singh,DL Vettori,6,6,0,100.0,6.0
Mandeep Singh,CJ McKay,6,14,0,233.33333333333334,14.0
Mandeep Singh,CJ Dala,6,8,0,133.33333333333331,8.0
AM Nayar,KK Cooper,6,7,1,116.66666666666667,7.0
AT Carey,JJ Bumrah,6,10,0,166.66666666666669,10.0
AS Yadav,R Bhatia,6,12,0,200.0,12.0
AS Yadav,DJ Hussey,6,8,1,133.33333333333331,8.0
AS Roy,JC Archer,6,11,0,183.33333333333331,11.0
AS Raut,RJ Harris,6,9,0,150.0,9.0
AS Raut,R McLaren,6,11,0,183.33333333333331,11.0
AS Raut,PP Ojha,6,9,0,150.0,9.0
AS Raut,PP Chawla,6,3,1,50.0,3.0
TL Suman,KA Pollard,6,5,0,83.33333333333334,5.0
Mohammad Nabi,Mujeeb Ur Rahman,6,16,0,266.66666666666663,16.0
Mohammad Nabi,Mohammed Shami,6,4,1,66.66666666666666,4.0
N Jagadeesan,PWH de Silva,6,2,0,33.33333333333333,2.0
KA Pollard,K Gowtham,6,20,0,333.33333333333337,20.0
KA Pollard,Mustafizur Rahman,6,13,0,216.66666666666666,13.0
KA Pollard,MC Henriques,6,3,1,50.0,3.0
KA Pollard,RP Singh,6,15,0,250.0,15.0
KA Pollard,R Sathish,6,20,0,333.33333333333337,20.0
KA Pollard,Pankaj Singh,6,20,0,333.33333333333337,20.0
SR Watson,P Prasanth,6,18,0,300.0,18.0
SR Watson,NM Coulter-Nile,6,6,0,100.0,6.0
Mandeep Singh,PP Ojha,6,5,0,83.33333333333334,5.0
Mandeep Singh,LJ Wright,6,7,0,116.66666666666667,7.0
Mandeep Singh,S Gopal,6,3,1,50.0,3.0
Mandeep Singh,R Rampaul,6,6,0,100.0,6.0
SR Watson,S Lamichhane,6,2,0,33.33333333333333,2.0
KA Pollard,Ankit Sharma,6,10,0,166.66666666666669,10.0
KA Pollard,Anand Rajan,6,13,1,216.66666666666666,13.0
TL Suman,UT Yadav,6,10,1,166.66666666666669,10.0
KA Pollard,DR Smith,6,11,0,183.33333333333331,11.0
KA Pollard,CR Woakes,6,5,2,83.33333333333334,2.5
KA Pollard,CJ Anderson,6,8,0,133.33333333333331,8.0
KA Pollard,CH Gayle,6,17,0,283.33333333333337,17.0
KA Pollard,B Lee,6,6,0,100.0,6.0
KA Pollard,IC Pandey,6,12,0,200.0,12.0
KA Pollard,DT Christian,6,4,2,66.66666666666666,2.0
Misbah-ul-Haq,RP Singh,6,7,0,116.66666666666667,7.0
Misbah-ul-Haq,MF Maharoof,6,4,2,66.66666666666666,2.0
Mandeep Singh,Yuvraj Singh,6,3,0,50.0,3.0
Mohammed Shami,KK Cooper,6,2,1,33.33333333333333,2.0
Mohammed Shami,DJ Bravo,6,3,0,50.0,3.0
Mohammad Nabi,R Ashwin,6,7,0,116.66666666666667,7.0
K Goel,AD Mathews,6,4,0,66.66666666666666,4.0
K Goel,A Nehra,6,6,0,100.0,6.0
K Goel,A Kumble,6,1,0,16.666666666666664,1.0
Joginder Sharma,Z Khan,6,6,0,100.0,6.0
K Gowtham,PWH de Silva,6,9,0,150.0,9.0
K Gowtham,MM Sharma,6,19,0,316.66666666666663,19.0
K Gowtham,KV Sharma,6,13,0,216.66666666666666,13.0
K Gowtham,Imran Tahir,6,8,0,133.33333333333331,8.0
K Gowtham,AD Russell,6,13,0,216.66666666666666,13.0
TM Dilshan,JH Kallis,6,8,0,133.33333333333331,8.0
KA Jamieson,CJ Jordan,6,4,0,66.66666666666666,4.0
K Rabada,TG Southee,6,15,1,250.0,15.0
K Rabada,NM Coulter-Nile,6,3,0,50.0,3.0
K Rabada,GJ Maxwell,6,4,0,66.66666666666666,4.0
K Gowtham,RS Hangargekar,6,1,0,16.666666666666664,1.0
AT Rayudu,AL Menaria,6,3,1,50.0,3.0
Mohsin Khan,OC McCoy,6,7,0,116.66666666666667,7.0
Mohsin Khan,CJ Jordan,6,0,0,0.0,0.0
SR Watson,Imran Tahir,6,3,0,50.0,3.0
AB de Villiers,DT Christian,6,2,0,33.33333333333333,2.0
N Pooran,CH Morris,6,5,1,83.33333333333334,5.0
N Pooran,Abdul Samad,6,28,0,466.6666666666667,28.0
N Pooran,A Zampa,6,17,0,283.33333333333337,17.0
N Pooran,JR Hazlewood,6,3,1,50.0,3.0
N Pooran,JL Pattinson,6,8,1,133.33333333333331,8.0
JR Hopes,P Amarnath,6,14,1,233.33333333333334,14.0
JR Hopes,JH Kallis,6,3,0,50.0,3.0
A Raghuvanshi,Yash Thakur,6,8,0,133.33333333333331,8.0
TM Dilshan,MS Gony,6,9,0,150.0,9.0
TM Dilshan,MR Marsh,6,7,0,116.66666666666667,7.0
TM Dilshan,LJ Wright,6,4,1,66.66666666666666,4.0
K Goel,DJ Hussey,6,6,1,100.0,6.0
SR Watson,CRD Fernando,6,1,0,16.666666666666664,1.0
SR Watson,CJ Jordan,6,12,0,200.0,12.0
SR Watson,BW Hilfenhaus,6,1,1,16.666666666666664,1.0
N Pooran,Mohammad Nabi,6,11,0,183.33333333333331,11.0
N Pooran,R Shepherd,6,6,1,100.0,6.0
TM Dilshan,RJ Harris,6,10,0,166.66666666666669,10.0
JP Inglis,M Jansen,6,2,0,33.33333333333333,2.0
JP Inglis,JR Hazlewood,6,3,2,50.0,1.5
JP Inglis,JC Archer,6,9,0,150.0,9.0
JP Inglis,Gurjapneet Singh,6,7,0,116.66666666666667,7.0
JR Hopes,Harbhajan Singh,6,1,1,16.666666666666664,1.0
JR Philippe,KH Pandya,6,7,0,116.66666666666667,7.0
JR Philippe,JO Holder,6,6,0,100.0,6.0
JR Hopes,SK Warne,6,4,1,66.66666666666666,4.0
Mustafizur Rahman,TA Boult,6,7,0,116.66666666666667,7.0
Mukesh Kumar,NT Ellis,6,4,0,66.66666666666666,4.0
N Pooran,V Nigam,6,22,0,366.66666666666663,22.0
N Pooran,UT Yadav,6,7,0,116.66666666666667,7.0
N Pooran,Simarjeet Singh,6,17,0,283.33333333333337,17.0
SR Watson,B Stanlake,6,0,0,0.0,0.0
N Rana,A Choudhary,6,6,0,100.0,6.0
AM Nayar,JA Morkel,6,9,1,150.0,9.0
AM Nayar,Harbhajan Singh,6,9,1,150.0,9.0
JP Duminy,Y Nagar,6,10,0,166.66666666666669,10.0
JP Duminy,WA Mota,6,3,0,50.0,3.0
JP Faulkner,K Santokie,6,18,0,300.0,18.0
JP Faulkner,Sandeep Sharma,6,5,2,83.33333333333334,2.5
JP Faulkner,PP Ojha,6,4,0,66.66666666666666,4.0
N Pooran,E Malinga,6,7,0,116.66666666666667,7.0
SR Watson,Harmeet Singh,6,11,0,183.33333333333331,11.0
SR Watson,HV Patel,6,2,0,33.33333333333333,2.0
SR Watson,DJG Sammy,6,8,0,133.33333333333331,8.0
JP Duminy,A Mishra,6,20,0,333.33333333333337,20.0
AM Nayar,CH Gayle,6,2,0,33.33333333333333,2.0
N Rana,Ankit Soni,6,6,1,100.0,6.0
N Rana,DW Steyn,6,18,0,300.0,18.0
N Rana,DR Sams,6,2,0,33.33333333333333,2.0
N Rana,CR Woakes,6,8,0,133.33333333333331,8.0
N Rana,K Kartikeya,6,17,0,283.33333333333337,17.0
JP Duminy,A Chandila,6,5,0,83.33333333333334,5.0
JP Behrendorff,J Little,6,3,0,50.0,3.0
JO Holder,YS Chahal,6,10,0,166.66666666666669,10.0
JO Holder,TU Deshpande,6,6,1,100.0,6.0
TM Head,JA Duffy,6,5,1,83.33333333333334,5.0
JP Duminy,MN Samuels,6,11,0,183.33333333333331,11.0
JP Duminy,MM Patel,6,10,0,166.66666666666669,10.0
N Pooran,Yash Raj Punja,6,9,1,150.0,9.0
N Pooran,WG Jacks,6,19,1,316.66666666666663,19.0
JM Sharma,SN Thakur,6,8,1,133.33333333333331,8.0
AB de Villiers,Iqbal Abdulla,6,7,0,116.66666666666667,7.0
AB de Villiers,Harpreet Brar,6,1,1,16.666666666666664,1.0
N Rana,Prince Yadav,6,5,0,83.33333333333334,5.0
N Rana,PJ Cummins,6,6,1,100.0,6.0
N Rana,Nithish Kumar Reddy,6,16,0,266.66666666666663,16.0
N Rana,Sikandar Raza,6,6,1,100.0,6.0
N Rana,SL Malinga,6,9,1,150.0,9.0
JO Holder,Sakib Hussain,6,7,0,116.66666666666667,7.0
JO Holder,Mustafizur Rahman,6,6,1,100.0,6.0
JO Holder,M Prasidh Krishna,6,0,1,0.0,0.0
JO Holder,B Kumar,6,4,2,66.66666666666666,2.0
JM Sharma,Vijaykumar Vyshak,6,11,1,183.33333333333331,11.0
JP Duminy,AN Ahmed,6,6,0,100.0,6.0
JP Duminy,AC Thomas,6,5,0,83.33333333333334,5.0
JP Duminy,AB Agarkar,6,12,0,200.0,12.0
JM Bairstow,R Tewatia,6,6,2,100.0,3.0
N Sindhu,JR Hazlewood,6,10,0,166.66666666666669,10.0
N Saini,PP Ojha,6,8,1,133.33333333333331,8.0
N Wadhera,DJ Hooda,6,4,0,66.66666666666666,4.0
N Wadhera,B Kumar,6,11,1,183.33333333333331,11.0
N Wadhera,Avesh Khan,6,15,0,250.0,15.0
N Sindhu,Vijaykumar Vyshak,6,11,0,183.33333333333331,11.0
N Wadhera,Shivang Kumar,6,9,0,150.0,9.0
NLTC Perera,KJ Abbott,6,16,0,266.66666666666663,16.0
TM Head,Shashank Singh,6,6,1,100.0,6.0
TM Head,Rasikh Salam,6,12,1,200.0,12.0
TM Head,Noor Ahmad,6,6,1,100.0,6.0
JM Sharma,A Zampa,6,9,0,150.0,9.0
JM Sharma,Mukesh Kumar,6,2,0,33.33333333333333,2.0
JM Sharma,L Ngidi,6,7,1,116.66666666666667,7.0
JM Sharma,TU Deshpande,6,8,1,133.33333333333331,8.0
NK Patel,VRV Singh,6,12,0,200.0,12.0
NK Patel,JR Hopes,6,9,0,150.0,9.0
NM Coulter-Nile,Mohammed Shami,6,12,0,200.0,12.0
NLTC Perera,R Vinay Kumar,6,12,0,200.0,12.0
NLTC Perera,R Sharma,6,10,0,166.66666666666669,10.0
NLTC Perera,Mustafizur Rahman,6,6,0,100.0,6.0
NLTC Perera,MJ McClenaghan,6,4,0,66.66666666666666,4.0
NLTC Perera,M Kartik,6,8,0,133.33333333333331,8.0
JM Bairstow,KC Cariappa,6,13,0,216.66666666666666,13.0
Tanush Kotian,SM Curran,6,2,0,33.33333333333333,2.0
TU Deshpande,JO Holder,6,13,1,216.66666666666666,13.0
TU Deshpande,E Malinga,6,9,1,150.0,9.0
TR Birt,Iqbal Abdulla,6,6,0,100.0,6.0
TM Srivastava,VY Mahesh,6,5,1,83.33333333333334,5.0
TM Head,XC Bartlett,6,14,0,233.33333333333334,14.0
AT Rayudu,Anand Rajan,6,3,0,50.0,3.0
SR Tendulkar,BJ Hodge,6,8,0,133.33333333333331,8.0
AB de Villiers,JL Pattinson,6,13,0,216.66666666666666,13.0
NV Ojha,DT Christian,6,4,1,66.66666666666666,4.0
NV Ojha,CR Woakes,6,7,0,116.66666666666667,7.0
JJ Roy,Kartik Tyagi,6,6,1,100.0,6.0
Tilak Varma,Harshit Rana,6,15,1,250.0,15.0
Tilak Varma,E Malinga,6,9,0,150.0,9.0
JM Bairstow,AF Milne,6,15,0,250.0,15.0
JL Pattinson,L Ngidi,6,6,1,100.0,6.0
JJ Roy,Vijaykumar Vyshak,6,5,1,83.33333333333334,5.0
JJ Roy,Shivam Mavi,6,1,1,16.666666666666664,1.0
JM Bairstow,JP Behrendorff,6,13,0,216.66666666666666,13.0
JM Bairstow,JL Pattinson,6,12,0,200.0,12.0
JM Bairstow,MP Yadav,6,5,1,83.33333333333334,5.0
JM Bairstow,KMA Paul,6,3,1,50.0,3.0
NLTC Perera,HV Patel,6,20,0,333.33333333333337,20.0
NV Ojha,SS Mundhe,6,4,1,66.66666666666666,4.0
NV Ojha,SE Bond,6,3,0,50.0,3.0
JJ Bumrah,YS Chahal,6,1,1,16.666666666666664,1.0
JJ Bumrah,HV Patel,6,6,2,100.0,3.0
JJ Roy,PWH de Silva,6,6,0,100.0,6.0
JJ Roy,Naveen-ul-Haq,6,15,0,250.0,15.0
JJ Roy,MK Lomror,6,4,0,66.66666666666666,4.0
NV Ojha,AM Salvi,6,1,1,16.666666666666664,1.0
SR Tendulkar,AP Dole,6,5,0,83.33333333333334,5.0
SR Tendulkar,AB McDonald,6,4,0,66.66666666666666,4.0
SR Tendulkar,A Uniyal,6,6,0,100.0,6.0
NV Ojha,HV Patel,6,9,0,150.0,9.0
AL Menaria,SL Malinga,6,3,0,50.0,3.0
AL Menaria,RP Singh,6,12,0,200.0,12.0
AL Menaria,R Sharma,6,2,1,33.33333333333333,2.0
NV Ojha,AD Russell,6,8,0,133.33333333333331,8.0
JEC Franklin,Z Khan,6,7,1,116.66666666666667,7.0
JH Kallis,Anand Rajan,6,2,0,33.33333333333333,2.0
JH Kallis,HV Patel,6,10,0,166.66666666666669,10.0
JH Kallis,FH Edwards,6,10,0,166.66666666666669,10.0
JH Kallis,DP Vijaykumar,6,10,0,166.66666666666669,10.0
Tilak Varma,PJ Sangwan,6,8,0,133.33333333333331,8.0
JH Kallis,MJ Clarke,6,4,1,66.66666666666666,4.0
JH Kallis,RV Gomez,6,2,1,33.33333333333333,2.0
JH Kallis,R McLaren,6,4,1,66.66666666666666,4.0
JH Kallis,SB Bangar,6,6,1,100.0,6.0
NV Ojha,Iqbal Abdulla,6,3,1,50.0,3.0
NV Ojha,Imran Tahir,6,2,1,33.33333333333333,2.0
SPD Smith,T Natarajan,6,8,0,133.33333333333331,8.0
NV Ojha,R McLaren,6,10,0,166.66666666666669,10.0
NV Ojha,P Awana,6,1,0,16.666666666666664,1.0
NV Ojha,MG Johnson,6,6,0,100.0,6.0
Naman Dhir,Ashok Sharma,6,8,0,133.33333333333331,8.0
Naman Dhir,A Kamboj,6,11,0,183.33333333333331,11.0
SPD Smith,SB Jakati,6,12,0,200.0,12.0
SPD Smith,RP Meredith,6,1,2,16.666666666666664,0.5
Naman Dhir,R Shepherd,6,10,0,166.66666666666669,10.0
Naman Dhir,MP Yadav,6,2,0,33.33333333333333,2.0
Naman Dhir,MJ Henry,6,8,0,133.33333333333331,8.0
Naman Dhir,KA Jamieson,6,6,0,100.0,6.0
JEC Franklin,A Nehra,6,14,0,233.33333333333334,14.0
JE Root,Mohammed Siraj,6,5,0,83.33333333333334,5.0
JDS Neesham,Ravi Bishnoi,6,7,0,116.66666666666667,7.0
JDP Oram,S Sreesanth,6,5,0,83.33333333333334,5.0
Tilak Varma,Washington Sundar,6,5,0,83.33333333333334,5.0
Tilak Varma,TU Deshpande,6,12,0,200.0,12.0
JEC Franklin,JH Kallis,6,5,0,83.33333333333334,5.0
JG Bethell,Noor Ahmad,6,14,0,233.33333333333334,14.0
Naman Dhir,Rasikh Salam,6,13,2,216.66666666666666,6.5
SPD Smith,R Tewatia,6,5,0,83.33333333333334,5.0
SPD Smith,MS Gony,6,10,0,166.66666666666669,10.0
Nithish Kumar Reddy,Kartik Tyagi,6,12,0,200.0,12.0
Nithish Kumar Reddy,JJ Bumrah,6,8,0,133.33333333333331,8.0
JD Ryder,KP Pietersen,6,8,0,133.33333333333331,8.0
UBT Chand,P Awana,6,6,0,100.0,6.0
UBT Chand,A Singh,6,0,0,0.0,0.0
JDP Oram,IK Pathan,6,7,2,116.66666666666667,3.5
JD Unadkat,Shivam Mavi,6,11,0,183.33333333333331,11.0
JD Unadkat,SM Curran,6,17,0,283.33333333333337,17.0
JD Unadkat,Harshit Rana,6,1,0,16.666666666666664,1.0
JD Unadkat,AJ Tye,6,4,2,66.66666666666666,2.0
JD Ryder,Y Venugopal Rao,6,14,0,233.33333333333334,14.0
JEC Franklin,AC Thomas,6,6,0,100.0,6.0
Naman Dhir,J Overton,6,13,1,216.66666666666666,13.0
OA Shah,Jaskaran Singh,6,10,0,166.66666666666669,10.0
OA Shah,JH Kallis,6,7,1,116.66666666666667,7.0
OA Shah,DL Vettori,6,7,0,116.66666666666667,7.0
OA Shah,CH Gayle,6,19,0,316.66666666666663,19.0
OA Shah,B Lee,6,14,0,233.33333333333334,14.0
Noor Ahmad,B Kumar,6,7,2,116.66666666666667,3.5
AT Rayudu,J Little,6,2,1,33.33333333333333,2.0
UT Khawaja,Sandeep Sharma,6,4,0,66.66666666666666,4.0
UT Khawaja,A Mishra,6,1,1,16.666666666666664,1.0
JC Buttler,SSB Magala,6,6,0,100.0,6.0
JD Ryder,JA Morkel,6,7,0,116.66666666666667,7.0
JD Ryder,Iqbal Abdulla,6,9,0,150.0,9.0
JD Ryder,Harbhajan Singh,6,3,2,50.0,1.5
JD Ryder,RP Singh,6,10,0,166.66666666666669,10.0
Navdeep Saini,HV Patel,6,8,0,133.33333333333331,8.0
Naman Dhir,Sandeep Sharma,6,14,0,233.33333333333334,14.0
OA Shah,MM Patel,6,9,1,150.0,9.0
OA Shah,KMDN Kulasekara,6,2,1,33.33333333333333,2.0
SPD Smith,KJ Abbott,6,15,0,250.0,15.0
AB de Villiers,KW Richardson,6,14,1,233.33333333333334,14.0
P Dogra,SL Malinga,6,5,0,83.33333333333334,5.0
OF Smith,Mohammed Siraj,6,23,0,383.33333333333337,23.0
OA Shah,V Pratap Singh,6,9,0,150.0,9.0
AT Rayudu,KW Richardson,6,7,0,116.66666666666667,7.0
AT Rayudu,Jaskaran Singh,6,18,0,300.0,18.0
Urvil Patel,JJ Bumrah,6,7,0,116.66666666666667,7.0
UT Yadav,Sandeep Sharma,6,10,0,166.66666666666669,10.0
UT Yadav,Rashid Khan,6,5,0,83.33333333333334,5.0
UT Yadav,KA Pollard,6,10,0,166.66666666666669,10.0
UT Yadav,JP Faulkner,6,18,0,300.0,18.0
Nithish Kumar Reddy,Mohammed Siraj,6,3,0,50.0,3.0
SPD Smith,M de Lange,6,6,0,100.0,6.0
P Negi,CJ Anderson,6,13,0,216.66666666666666,13.0
P Negi,CH Gayle,6,3,1,50.0,3.0
P Negi,Ankit Soni,6,13,1,216.66666666666666,13.0
P Negi,AB Dinda,6,13,0,216.66666666666666,13.0
P Nissanka,VG Arora,6,13,0,216.66666666666666,13.0
P Nissanka,TU Deshpande,6,10,0,166.66666666666669,10.0
V Kohli,A Singh,6,12,0,200.0,12.0
JC Buttler,HF Gurney,6,8,1,133.33333333333331,8.0
JC Buttler,GB Hogg,6,14,0,233.33333333333334,14.0
JC Buttler,JP Faulkner,6,6,1,100.0,6.0
JC Buttler,JD Unadkat,6,8,0,133.33333333333331,8.0
JC Buttler,J Overton,6,9,0,150.0,9.0
JC Buttler,Mayank Dagar,6,20,0,333.33333333333337,20.0
JC Buttler,MM Patel,6,5,1,83.33333333333334,5.0
JC Buttler,L Ngidi,6,5,0,83.33333333333334,5.0
OA Shah,RP Singh,6,4,0,66.66666666666666,4.0
P Simran Singh,AM Ghazanfar,6,9,0,150.0,9.0
P Simran Singh,KR Mayers,6,4,0,66.66666666666666,4.0
P Simran Singh,GJ Maxwell,6,8,1,133.33333333333331,8.0
V Kohli,AB McDonald,6,17,0,283.33333333333337,17.0
JA Morkel,V Kohli,6,28,0,466.6666666666667,28.0
JA Morkel,RA Jadeja,6,11,0,183.33333333333331,11.0
JC Archer,VG Arora,6,10,1,166.66666666666669,10.0
JC Archer,T Natarajan,6,12,0,200.0,12.0
JC Archer,Mohammed Shami,6,15,2,250.0,7.5
JC Archer,K Rabada,6,1,2,16.666666666666664,0.5
P Kumar,VRV Singh,6,7,0,116.66666666666667,7.0
P Kumar,MM Patel,6,2,1,33.33333333333333,2.0
P Kumar,GB Hogg,6,7,0,116.66666666666667,7.0
SPD Smith,IK Pathan,6,8,1,133.33333333333331,8.0
P Negi,SN Thakur,6,10,1,166.66666666666669,10.0
P Negi,P Kumar,6,5,0,83.33333333333334,5.0
P Simran Singh,TG Southee,6,14,1,233.33333333333334,14.0
P Simran Singh,Raghu Sharma,6,14,0,233.33333333333334,14.0
P Simran Singh,P Dubey,6,10,0,166.66666666666669,10.0
P Simran Singh,YS Chahal,6,4,1,66.66666666666666,4.0
J Suchith,DJ Bravo,6,3,1,50.0,3.0
J Overton,E Malinga,6,10,0,166.66666666666669,10.0
V Kohli,DR Smith,6,10,0,166.66666666666669,10.0
JA Morkel,I Sharma,6,19,0,316.66666666666663,19.0
JA Morkel,CH Gayle,6,2,1,33.33333333333333,2.0
JA Morkel,R Sathish,6,10,0,166.66666666666669,10.0
JA Morkel,J Theron,6,5,0,83.33333333333334,5.0
P Nissanka,Rashid Khan,6,5,0,83.33333333333334,5.0
P Nissanka,N Burger,6,15,0,250.0,15.0
P Nissanka,DL Chahar,6,6,0,100.0,6.0
P Nissanka,CV Varun,6,7,0,116.66666666666667,7.0
SPD Smith,CJ Jordan,6,6,0,100.0,6.0
PA Patel,DJ Muthuswami,6,4,0,66.66666666666666,4.0
SP Narine,SM Curran,6,11,0,183.33333333333331,11.0
SP Narine,S Midhun,6,12,0,200.0,12.0
AK Markram,Zeeshan Ansari,6,12,0,200.0,12.0
PA Patel,HV Patel,6,8,0,133.33333333333331,8.0
PA Patel,GD McGrath,6,2,0,33.33333333333333,2.0
J Fraser-McGurk,Ravi Bishnoi,6,5,0,83.33333333333334,5.0
J Fraser-McGurk,PP Chawla,6,12,1,200.0,12.0
J Fraser-McGurk,M Markande,6,19,1,316.66666666666663,19.0
J Fraser-McGurk,L Wood,6,19,0,316.66666666666663,19.0
J Fraser-McGurk,JC Archer,6,9,1,150.0,9.0
A Raghuvanshi,M Jansen,6,8,0,133.33333333333331,8.0
P Simran Singh,MR Marsh,6,18,0,300.0,18.0
P Simran Singh,MP Stoinis,6,4,0,66.66666666666666,4.0
SPD Smith,AS Rajpoot,6,3,0,50.0,3.0
SPD Smith,AB Dinda,6,21,0,350.0,21.0
PBB Rajapaksa,Mohammed Shami,6,10,0,166.66666666666669,10.0
PBB Rajapaksa,M Theekshana,6,8,0,133.33333333333331,8.0
PA Reddy,SW Tait,6,4,0,66.66666666666666,4.0
PA Reddy,SK Trivedi,6,6,1,100.0,6.0
PC Valthaty,JJ van der Wath,6,5,0,83.33333333333334,5.0
PC Valthaty,Anureet Singh,6,4,1,66.66666666666666,4.0
Ishan Kishan,WG Jacks,6,7,1,116.66666666666667,7.0
J Arunkumar,Umar Gul,6,12,1,200.0,12.0
J Fraser-McGurk,Avesh Khan,6,28,0,466.6666666666667,28.0
J Botha,VY Mahesh,6,4,0,66.66666666666666,4.0
J Botha,L Balaji,6,7,0,116.66666666666667,7.0
J Botha,KA Pollard,6,7,0,116.66666666666667,7.0
SP Narine,Mujeeb Ur Rahman,6,4,1,66.66666666666666,4.0
PA Patel,Shahid Afridi,6,4,0,66.66666666666666,4.0
AK Markram,SZ Mulani,6,5,0,83.33333333333334,5.0
PA Patel,DJ Willey,6,8,0,133.33333333333331,8.0
Ishan Kishan,Harpreet Brar,6,13,0,216.66666666666666,13.0
Ishan Kishan,DR Sams,6,10,0,166.66666666666669,10.0
Ishan Kishan,KS Williamson,6,12,0,200.0,12.0
Ishan Kishan,K Yadav,6,10,0,166.66666666666669,10.0
V Kohli,JDS Neesham,6,10,0,166.66666666666669,10.0
Ishan Kishan,N Rana,6,5,0,83.33333333333334,5.0
Ishan Kishan,R Dhawan,6,14,0,233.33333333333334,14.0
Ishan Kishan,PP Chawla,6,14,0,233.33333333333334,14.0
Ishan Kishan,PJ Sangwan,6,10,0,166.66666666666669,10.0
Ishan Kishan,Nithish Kumar Reddy,6,10,0,166.66666666666669,10.0
PA Reddy,Azhar Mahmood,6,12,0,200.0,12.0
PA Patel,Yuvraj Singh,6,7,0,116.66666666666667,7.0
PA Patel,VY Mahesh,6,9,0,150.0,9.0
SP Narine,JC Archer,6,1,0,16.666666666666664,1.0
SP Narine,DT Christian,6,19,0,316.66666666666663,19.0
PBB Rajapaksa,Mukesh Choudhary,6,5,0,83.33333333333334,5.0
PC Valthaty,AC Thomas,6,6,1,100.0,6.0
PC Valthaty,AB Dinda,6,1,2,16.666666666666664,0.5
PBB Rajapaksa,YS Chahal,6,7,1,116.66666666666667,7.0
SP Narine,CJ Jordan,6,6,1,100.0,6.0
SP Narine,AS Joseph,6,14,0,233.33333333333334,14.0
PC Valthaty,SB Jakati,6,10,0,166.66666666666669,10.0
PD Collingwood,AD Mathews,6,7,0,116.66666666666667,7.0
PD Collingwood,AB Agarkar,6,6,0,100.0,6.0
Iqbal Abdulla,SB Jakati,6,10,0,166.66666666666669,10.0
A Raghuvanshi,HH Pandya,6,5,2,83.33333333333334,2.5
A Raghuvanshi,B Kumar,6,6,0,100.0,6.0
A Nortje,WD Parnell,6,9,0,150.0,9.0
A Nehra,Harmeet Singh,6,7,0,116.66666666666667,7.0
AT Rayudu,RV Gomez,6,14,0,233.33333333333334,14.0
AT Rayudu,RP Singh,6,5,0,83.33333333333334,5.0
Ishan Kishan,I Sharma,6,11,0,183.33333333333331,11.0
PD Salt,Arshad Khan (2),6,13,0,216.66666666666666,13.0
PD Salt,LH Ferguson,6,28,0,466.6666666666667,28.0
PD Salt,K Rabada,6,15,0,250.0,15.0
PD Salt,K Kartikeya,6,8,1,133.33333333333331,8.0
PD Salt,JJ Bumrah,6,6,0,100.0,6.0
PD Salt,Harsh Dubey,6,15,0,250.0,15.0
PD Salt,RD Chahar,6,9,0,150.0,9.0
IR Jaggi,KH Pandya,6,5,0,83.33333333333334,5.0
IR Jaggi,JDP Oram,6,2,0,33.33333333333333,2.0
IR Jaggi,A Singh,6,9,0,150.0,9.0
IK Pathan,Yuvraj Singh,6,5,1,83.33333333333334,5.0
V Kohli,MJ Clarke,6,5,0,83.33333333333334,5.0
V Kohli,M Kartik,6,5,1,83.33333333333334,5.0
V Kohli,LJ Wright,6,4,0,66.66666666666666,4.0
Ishan Kishan,Avesh Khan,6,3,0,50.0,3.0
PC Valthaty,AM Salvi,6,12,0,200.0,12.0
Harpreet Brar,NM Coulter-Nile,6,3,0,50.0,3.0
Himmat Singh,Ravi Bishnoi,6,2,1,33.33333333333333,2.0
Himmat Singh,Kartik Tyagi,6,13,1,216.66666666666666,13.0
Harshit Rana,Abhishek Sharma,6,19,0,316.66666666666663,19.0
Harpreet Singh,C Green,6,3,1,50.0,3.0
V Kohli,Naveen-ul-Haq,6,12,0,200.0,12.0
IK Pathan,CH Gayle,6,5,0,83.33333333333334,5.0
IK Pathan,AM Salvi,6,6,1,100.0,6.0
IK Pathan,JP Duminy,6,3,0,50.0,3.0
IK Pathan,SB Jakati,6,4,0,66.66666666666666,4.0
IK Pathan,RJ Harris,6,9,1,150.0,9.0
IK Pathan,R Dhawan,6,3,2,50.0,1.5
PD Collingwood,A Kumble,6,7,0,116.66666666666667,7.0
SP Goswami,PJ Sangwan,6,18,0,300.0,18.0
SP Goswami,JH Kallis,6,4,0,66.66666666666666,4.0
PD Salt,Azmatullah Omarzai,6,10,0,166.66666666666669,10.0
PD Salt,Mukesh Kumar,6,4,0,66.66666666666666,4.0
PD Salt,Mohammed Shami,6,5,1,83.33333333333334,5.0
SP Goswami,A Nehra,6,6,0,100.0,6.0
SP Fleming,Shoaib Malik,6,10,0,166.66666666666669,10.0
PJ Cummins,Kuldeep Yadav,6,1,2,16.666666666666664,0.5
PJ Cummins,K Rabada,6,3,1,50.0,3.0
PJ Cummins,Harbhajan Singh,6,7,1,116.66666666666667,7.0
Harbhajan Singh,RG Sharma,6,13,1,216.66666666666666,13.0
Harbhajan Singh,PJ Sangwan,6,7,1,116.66666666666667,7.0
Harbhajan Singh,P Kumar,6,0,4,0.0,0.0
A Mithun,RJ Harris,6,12,1,200.0,12.0
A Mishra,VR Aaron,6,2,0,33.33333333333333,2.0
A Mishra,R Sharma,6,5,0,83.33333333333334,5.0
A Mishra,PP Ojha,6,2,0,33.33333333333333,2.0
A Mishra,P Negi,6,9,1,150.0,9.0
Harpreet Brar,PWH de Silva,6,7,0,116.66666666666667,7.0
SP Fleming,AB Agarkar,6,6,0,100.0,6.0
SO Hetmyer,Yash Dayal,6,12,0,200.0,12.0
SO Hetmyer,TA Boult,6,8,1,133.33333333333331,8.0
SO Hetmyer,SS Cottrell,6,1,0,16.666666666666664,1.0
PK Garg,JDS Neesham,6,13,0,216.66666666666666,13.0
PK Garg,A Zampa,6,2,0,33.33333333333333,2.0
PJ Cummins,TS Mills,6,13,0,216.66666666666666,13.0
PK Garg,TA Boult,6,4,0,66.66666666666666,4.0
PK Garg,SM Curran,6,20,0,333.33333333333337,20.0
HM Amla,Z Khan,6,10,0,166.66666666666669,10.0
Harbhajan Singh,AB Agarkar,6,16,0,266.66666666666663,16.0
HV Patel,RJ Gleeson,6,1,0,16.666666666666664,1.0
HV Patel,JC Archer,6,8,1,133.33333333333331,8.0
Harbhajan Singh,L Balaji,6,12,0,200.0,12.0
Harbhajan Singh,KAJ Roach,6,19,0,316.66666666666663,19.0
PD Salt,Naveen-ul-Haq,6,15,1,250.0,15.0
PP Chawla,BCJ Cutting,6,6,1,100.0,6.0
PP Chawla,Anand Rajan,6,12,1,200.0,12.0
PP Chawla,AR Patel,6,3,1,50.0,3.0
PP Chawla,AD Mathews,6,12,0,200.0,12.0
PN Mankad,VG Arora,6,3,1,50.0,3.0
SO Hetmyer,R Sai Kishore,6,10,0,166.66666666666669,10.0
PP Chawla,R McLaren,6,11,1,183.33333333333331,11.0
PP Chawla,Mohammed Shami,6,5,0,83.33333333333334,5.0
A Mishra,GB Hogg,6,1,1,16.666666666666664,1.0
HH Pandya,S Lamichhane,6,13,0,216.66666666666666,13.0
HH Pandya,RP Meredith,6,9,0,150.0,9.0
HH Pandya,Z Khan,6,6,0,100.0,6.0
HM Amla,RD Chahar,6,3,1,50.0,3.0
HM Amla,PJ Sangwan,6,10,0,166.66666666666669,10.0
HV Patel,CJ Jordan,6,17,0,283.33333333333337,17.0
PJ Cummins,CH Morris,6,8,2,133.33333333333331,4.0
PP Shaw,KL Nagarkoti,6,15,1,250.0,15.0
PP Shaw,Rasikh Salam,6,8,0,133.33333333333331,8.0
PP Shaw,RP Meredith,6,3,0,50.0,3.0
PP Shaw,R Parag,6,8,0,133.33333333333331,8.0
HH Pandya,CR Woakes,6,18,0,300.0,18.0
HH Pandya,CJ Jordan,6,13,0,216.66666666666666,13.0
V Kohli,Sohail Tanvir,6,1,1,16.666666666666664,1.0
V Kohli,Shashank Singh,6,12,0,200.0,12.0
V Kohli,S Randiv,6,8,0,133.33333333333331,8.0
HH Pandya,Harpreet Brar,6,9,1,150.0,9.0
AT Rayudu,SN Thakur,6,4,0,66.66666666666666,4.0
HH Pandya,M Markande,6,14,0,233.33333333333334,14.0
HH Pandya,Noor Ahmad,6,2,1,33.33333333333333,2.0
HH Pandya,Mustafizur Rahman,6,2,2,33.33333333333333,1.0
PP Chawla,DS Kulkarni,6,6,1,100.0,6.0
PP Chawla,DR Smith,6,3,1,50.0,3.0
HC Brook,I Sharma,6,3,0,50.0,3.0
H Klaasen,WG Jacks,6,0,0,0.0,0.0
V Nigam,Zeeshan Ansari,6,10,0,166.66666666666669,10.0
HH Gibbs,RA Jadeja,6,6,0,100.0,6.0
HH Gibbs,ST Jayasuriya,6,10,0,166.66666666666669,10.0
HH Gibbs,SR Watson,6,7,0,116.66666666666667,7.0
HH Gibbs,SK Warne,6,3,1,50.0,3.0
HH Pandya,AN Ahmed,6,15,0,250.0,15.0
AT Rayudu,V Kohli,6,5,0,83.33333333333334,5.0
PP Chawla,JH Kallis,6,14,0,233.33333333333334,14.0
PP Chawla,IK Pathan,6,4,0,66.66666666666666,4.0
SO Hetmyer,KV Sharma,6,19,1,316.66666666666663,19.0
PP Shaw,Avesh Khan,6,14,0,233.33333333333334,14.0
PP Ojha,UT Yadav,6,2,0,33.33333333333333,2.0
PP Chawla,Yuvraj Singh,6,4,0,66.66666666666666,4.0
PP Shaw,M Ashwin,6,8,0,133.33333333333331,8.0
PR Shah,A Nehra,6,2,0,33.33333333333333,2.0
PP Shaw,V Shankar,6,1,0,16.666666666666664,1.0
PP Shaw,TS Mills,6,12,0,200.0,12.0
SO Hetmyer,Harshit Rana,6,2,2,33.33333333333333,1.0
SO Hetmyer,Fazalhaq Farooqi,6,10,0,166.66666666666669,10.0
SO Hetmyer,DT Christian,6,11,0,183.33333333333331,11.0
SO Hetmyer,C Green,6,9,0,150.0,9.0
SO Hetmyer,Azmatullah Omarzai,6,8,1,133.33333333333331,8.0
PWH de Silva,M Jansen,6,6,1,100.0,6.0
PWH de Silva,CV Varun,6,3,3,50.0,1.0
PV Tambe,CH Gayle,6,0,0,0.0,0.0
A Mhatre,Arshad Khan,6,28,0,466.6666666666667,28.0
V Sehwag,B Chipli,6,20,0,333.33333333333337,20.0
V Sehwag,B Akhil,6,16,0,266.66666666666663,16.0
H Klaasen,V Puthur,6,15,0,250.0,15.0
HC Brook,SM Curran,6,4,0,66.66666666666666,4.0
SN Thakur,S Kaul,6,15,1,250.0,15.0
SN Thakur,PJ Cummins,6,15,0,250.0,15.0
SN Thakur,M Pathirana,6,6,1,100.0,6.0
SN Thakur,KV Sharma,6,12,0,200.0,12.0
SN Thakur,DJ Bravo,6,9,1,150.0,9.0
SN Khan,TA Boult,6,9,0,150.0,9.0
Priyansh Arya,JC Archer,6,8,2,133.33333333333331,4.0
Priyansh Arya,Harsh Dubey,6,18,0,300.0,18.0
H Klaasen,Akash Madhwal,6,11,1,183.33333333333331,11.0
A Mhatre,Kuldeep Yadav,6,14,0,233.33333333333334,14.0
Abdul Samad,Harshit Rana,6,6,2,100.0,3.0
Abdul Samad,DG Nalkande,6,7,0,116.66666666666667,7.0
Abdul Samad,C Sakariya,6,9,0,150.0,9.0
H Klaasen,L Ngidi,6,21,0,350.0,21.0
PR Shah,DP Nannes,6,1,1,16.666666666666664,1.0
PR Shah,AM Salvi,6,4,0,66.66666666666666,4.0
GJ Maxwell,Basil Thampi,6,11,0,183.33333333333331,11.0
GJ Maxwell,AB Dinda,6,12,0,200.0,12.0
GJ Maxwell,NLTC Perera,6,9,0,150.0,9.0
GJ Maxwell,Yuvraj Singh,6,17,0,283.33333333333337,17.0
GJ Maxwell,Yash Dayal,6,8,0,133.33333333333331,8.0
GJ Maxwell,Shivam Mavi,6,7,0,116.66666666666667,7.0
V Sehwag,I Malhotra,6,23,0,383.33333333333337,23.0
Gurkeerat Singh,JJ Bumrah,6,2,0,33.33333333333333,2.0
Gurkeerat Singh,DL Chahar,6,7,0,116.66666666666667,7.0
Gurkeerat Singh,TA Boult,6,12,0,200.0,12.0
Gurkeerat Singh,SR Watson,6,3,0,50.0,3.0
Gurkeerat Singh,S Sreesanth,6,2,0,33.33333333333333,2.0
AT Rayudu,Yash Dayal,6,17,0,283.33333333333337,17.0
PR Shah,SB Joshi,6,8,0,133.33333333333331,8.0
PR Shah,R Bhatia,6,8,1,133.33333333333331,8.0
SN Thakur,Sandeep Sharma,6,2,1,33.33333333333333,2.0
Pankaj Singh,IK Pathan,6,1,1,16.666666666666664,1.0
SN Khan,SR Watson,6,11,1,183.33333333333331,11.0
SN Khan,N Burger,6,10,0,166.66666666666669,10.0
SN Khan,MM Ali,6,3,0,50.0,3.0
SN Khan,MA Wood,6,0,1,0.0,0.0
SN Khan,M Prasidh Krishna,6,3,0,50.0,3.0
Priyansh Arya,RA Jadeja,6,5,0,83.33333333333334,5.0
Priyansh Arya,Prince Yadav,6,9,0,150.0,9.0
Priyansh Arya,Noor Ahmad,6,8,1,133.33333333333331,8.0
Priyansh Arya,N Burger,6,21,0,350.0,21.0
Priyansh Arya,Mukesh Choudhary,6,19,0,316.66666666666663,19.0
Priyansh Arya,MJ Henry,6,21,1,350.0,21.0
Abdul Samad,JR Hazlewood,6,9,1,150.0,9.0
V Sehwag,JP Faulkner,6,12,2,200.0,6.0
Abdul Samad,MA Starc,6,2,0,33.33333333333333,2.0
Abdul Samad,KK Ahmed,6,15,0,250.0,15.0
Q de Kock,AS Roy,6,11,0,183.33333333333331,11.0
Q de Kock,AJ Tye,6,5,0,83.33333333333334,5.0
SN Khan,JD Unadkat,6,10,0,166.66666666666669,10.0
SN Khan,CH Morris,6,10,0,166.66666666666669,10.0
AK Markram,R Sai Kishore,6,7,1,116.66666666666667,7.0
AK Markram,R Parag,6,17,0,283.33333333333337,17.0
AK Markram,PVD Chameera,6,5,1,83.33333333333334,5.0
Q de Kock,C Green,6,12,0,200.0,12.0
GH Vihari,MC Henriques,6,4,0,66.66666666666666,4.0
GH Vihari,M Morkel,6,3,1,50.0,3.0
GD Phillips,LH Ferguson,6,0,0,0.0,0.0
GH Vihari,UT Yadav,6,8,0,133.33333333333331,8.0
GH Vihari,SK Trivedi,6,5,1,83.33333333333334,5.0
GJ Bailey,KK Cooper,6,5,0,83.33333333333334,5.0
GJ Bailey,K Santokie,6,13,0,216.66666666666666,13.0
GJ Bailey,BB Sran,6,7,0,116.66666666666667,7.0
SN Khan,A Nehra,6,3,1,50.0,3.0
SM Pollock,M Muralitharan,6,2,0,33.33333333333333,2.0
Q de Kock,M Pathirana,6,4,0,66.66666666666666,4.0
Q de Kock,M Markande,6,16,1,266.66666666666663,16.0
Q de Kock,R Tewatia,6,8,0,133.33333333333331,8.0
Q de Kock,R Bhatia,6,8,0,133.33333333333331,8.0
G Gambhir,SA Abbott,6,13,0,216.66666666666666,13.0
V Sehwag,SB Wagh,6,14,0,233.33333333333334,14.0
G Gambhir,VRV Singh,6,9,1,150.0,9.0
GC Smith,MM Patel,6,5,1,83.33333333333334,5.0
GC Smith,V Kohli,6,6,0,100.0,6.0
GC Smith,SM Pollock,6,2,1,33.33333333333333,2.0
GC Smith,SB Styris,6,5,0,83.33333333333334,5.0
GC Smith,S Tyagi,6,4,0,66.66666666666666,4.0
GC Smith,R McLaren,6,9,0,150.0,9.0
Q de Kock,Akash Deep,6,8,1,133.33333333333331,8.0
G Gambhir,CH Gayle,6,3,0,50.0,3.0
Abhishek Sharma,DR Sams,6,2,1,33.33333333333333,2.0
Abhishek Sharma,CH Morris,6,7,1,116.66666666666667,7.0
Abhishek Sharma,Akash Singh,6,9,0,150.0,9.0
Abhishek Sharma,AS Joseph,6,10,1,166.66666666666669,10.0
G Gambhir,Joginder Sharma,6,11,0,183.33333333333331,11.0
G Gambhir,Harmeet Singh,6,17,0,283.33333333333337,17.0
Abdul Samad,RD Chahar,6,8,0,133.33333333333331,8.0
G Gambhir,P Negi,6,7,0,116.66666666666667,7.0
Abdul Samad,VG Arora,6,11,0,183.33333333333331,11.0
Abdul Samad,Shakib Al Hasan,6,3,0,50.0,3.0
G Gambhir,SM Pollock,6,2,0,33.33333333333333,2.0
Q de Kock,KS Williamson,6,12,0,200.0,12.0
Q de Kock,JP Faulkner,6,3,0,50.0,3.0
SN Khan,Abhinandan Singh,6,13,0,216.66666666666666,13.0
SN Khan,AS Joseph,6,4,0,66.66666666666666,4.0
AK Markram,Kartik Tyagi,6,7,0,116.66666666666667,7.0
SM Katich,RP Singh,6,11,0,183.33333333333331,11.0
SM Katich,PJ Sangwan,6,18,0,300.0,18.0
SM Katich,I Sharma,6,7,0,116.66666666666667,7.0
SM Katich,AB Dinda,6,10,0,166.66666666666669,10.0
SM Katich,AB Agarkar,6,9,0,150.0,9.0
SM Katich,A Symonds,6,1,2,16.666666666666664,0.5
Q de Kock,S Kaushik,6,3,1,50.0,3.0
R Ashwin,Arshdeep Singh,6,1,2,16.666666666666664,0.5
FH Allen,JA Duffy,6,14,0,233.33333333333334,14.0
FH Allen,DL Chahar,6,8,1,133.33333333333331,8.0
FH Allen,Arshad Khan,6,22,0,366.66666666666663,22.0
V Shankar,Kartik Tyagi,6,7,0,116.66666666666667,7.0
G Gambhir,AA Chavan,6,5,0,83.33333333333334,5.0
FY Fazal,SJ Srivastava,6,6,0,100.0,6.0
FY Fazal,IK Pathan,6,11,1,183.33333333333331,11.0
R Ashwin,A Nortje,6,14,0,233.33333333333334,14.0
SM Curran,Simarjeet Singh,6,4,0,66.66666666666666,4.0
R Ashwin,MJ McClenaghan,6,8,1,133.33333333333331,8.0
R Ashwin,MG Johnson,6,3,0,50.0,3.0
R Ashwin,LE Plunkett,6,5,0,83.33333333333334,5.0
R Ashwin,KH Pandya,6,15,0,250.0,15.0
R Bhatia,JJ Bumrah,6,9,0,150.0,9.0
R Bhatia,Harbhajan Singh,6,4,2,66.66666666666666,2.0
R Bhatia,DW Steyn,6,5,1,83.33333333333334,5.0
F du Plessis,MP Stoinis,6,14,0,233.33333333333334,14.0
V Shankar,P Kumar,6,2,0,33.33333333333333,2.0
F du Plessis,R Shepherd,6,12,0,200.0,12.0
Abhishek Sharma,KT Maphaka,6,20,0,333.33333333333337,20.0
Abhishek Sharma,KK Ahmed,6,8,2,133.33333333333331,4.0
Abhishek Sharma,JA Duffy,6,6,1,100.0,6.0
AK Markram,MM Sharma,6,7,0,116.66666666666667,7.0
SM Curran,MM Ali,6,3,1,50.0,3.0
SM Curran,M Pathirana,6,6,1,100.0,6.0
R Dhawan,P Negi,6,6,0,100.0,6.0
R Bhatia,Yuvraj Singh,6,3,1,50.0,3.0
R Dravid,Ankit Sharma,6,6,0,100.0,6.0
F du Plessis,AD Mathews,6,10,0,166.66666666666669,10.0
F du Plessis,AA Jhunjhunwala,6,2,0,33.33333333333333,2.0
F du Plessis,A Ashish Reddy,6,6,0,100.0,6.0
ER Dwivedi,B Kumar,6,5,1,83.33333333333334,5.0
V Shankar,SL Malinga,6,4,1,66.66666666666666,4.0
F du Plessis,DJ Bravo,6,9,0,150.0,9.0
F du Plessis,GJ Maxwell,6,6,1,100.0,6.0
F du Plessis,JL Pattinson,6,7,0,116.66666666666667,7.0
F du Plessis,JH Kallis,6,5,0,83.33333333333334,5.0
F du Plessis,M Morkel,6,1,1,16.666666666666664,1.0
F du Plessis,KV Sharma,6,7,0,116.66666666666667,7.0
EJG Morgan,AS Rajpoot,6,3,0,50.0,3.0
EJG Morgan,JR Hazlewood,6,1,2,16.666666666666664,0.5
EJG Morgan,IK Pathan,6,5,0,83.33333333333334,5.0
EJG Morgan,Harmeet Singh,6,8,0,133.33333333333331,8.0
V Suryavanshi,Karim Janat,6,30,0,500.0,30.0
V Suryavanshi,KK Ahmed,6,10,0,166.66666666666669,10.0
EJG Morgan,P Awana,6,9,0,150.0,9.0
EJG Morgan,RR Powar,6,3,0,50.0,3.0
EJG Morgan,R Tewatia,6,7,0,116.66666666666667,7.0
EJG Morgan,R Dhawan,6,10,0,166.66666666666669,10.0
EJG Morgan,TA Boult,6,8,0,133.33333333333331,8.0
EJG Morgan,SW Tait,6,18,0,300.0,18.0
F du Plessis,AL Menaria,6,8,0,133.33333333333331,8.0
R Ashwin,Washington Sundar,6,4,0,66.66666666666666,4.0
SM Curran,Noor Ahmad,6,5,0,83.33333333333334,5.0
SM Curran,Navdeep Saini,6,7,0,116.66666666666667,7.0
SM Curran,HV Patel,6,2,1,33.33333333333333,2.0
SM Curran,HR Shokeen,6,11,0,183.33333333333331,11.0
SM Curran,AS Joseph,6,4,0,66.66666666666666,4.0
R Dravid,DJ Bravo,6,7,1,116.66666666666667,7.0
R Dravid,C Nanda,6,7,0,116.66666666666667,7.0
R Dravid,Bipul Sharma,6,9,1,150.0,9.0
R Dravid,Iqbal Abdulla,6,4,0,66.66666666666666,4.0
AK Markram,GJ Maxwell,6,11,0,183.33333333333331,11.0
AK Markram,G Coetzee,6,8,0,133.33333333333331,8.0
E Lewis,JD Unadkat,6,4,0,66.66666666666666,4.0
V Suryavanshi,Shivang Kumar,6,21,0,350.0,21.0
V Suryavanshi,MJ Henry,6,19,0,316.66666666666663,19.0
E Lewis,UT Yadav,6,6,0,100.0,6.0
E Lewis,SP Narine,6,13,0,216.66666666666666,13.0
E Lewis,SM Curran,6,14,0,233.33333333333334,14.0
EJG Morgan,DS Kulkarni,6,1,0,16.666666666666664,1.0
R Dravid,MR Marsh,6,9,0,150.0,9.0
R Dravid,JP Faulkner,6,9,0,150.0,9.0
SL Malinga,Imran Tahir,6,1,0,16.666666666666664,1.0
SK Warne,Yuvraj Singh,6,3,0,50.0,3.0
SK Warne,Y Venugopal Rao,6,15,0,250.0,15.0
SK Warne,RP Singh,6,3,1,50.0,3.0
R Dravid,S Tyagi,6,5,1,83.33333333333334,5.0
R Dravid,V Sehwag,6,9,0,150.0,9.0
R Dravid,SK Raina,6,3,0,50.0,3.0
R Parag,AD Russell,6,12,1,200.0,12.0
VR Aaron,AR Patel,6,5,0,83.33333333333334,5.0
VG Arora,Arshdeep Singh,6,0,1,0.0,0.0
Dhruv Jurel,Mohammed Shami,6,9,2,150.0,4.5
E Lewis,AS Rajpoot,6,4,0,66.66666666666666,4.0
R Dravid,A Flintoff,6,7,0,116.66666666666667,7.0
R Dhawan,UT Yadav,6,5,0,83.33333333333334,5.0
SK Trivedi,A Nehra,6,4,0,66.66666666666666,4.0
SK Rasheed,MJ Santner,6,4,1,66.66666666666666,4.0
SK Raina,Yuvraj Singh,6,8,1,133.33333333333331,8.0
R Parag,DL Chahar,6,7,0,116.66666666666667,7.0
DT Christian,R Ashwin,6,4,0,66.66666666666666,4.0
DT Christian,P Awana,6,17,0,283.33333333333337,17.0
DT Christian,MM Sharma,6,5,1,83.33333333333334,5.0
DT Christian,JR Hopes,6,5,1,83.33333333333334,5.0
DT Christian,GB Hogg,6,11,0,183.33333333333331,11.0
VR Iyer,E Malinga,6,4,1,66.66666666666666,4.0
DW Steyn,MG Johnson,6,5,0,83.33333333333334,5.0
DW Steyn,L Balaji,6,5,1,83.33333333333334,5.0
DW Steyn,KA Pollard,6,8,2,133.33333333333331,4.0
DW Steyn,DJ Bravo,6,6,0,100.0,6.0
DT Christian,S Kaul,6,6,2,100.0,3.0
Dhruv Jurel,Akash Singh,6,3,1,50.0,3.0
A Manohar,M Theekshana,6,3,1,50.0,3.0
DR Smith,KA Pollard,6,17,0,283.33333333333337,17.0
DR Smith,RD Chahar,6,10,0,166.66666666666669,10.0
DR Smith,R McLaren,6,9,0,150.0,9.0
Abhishek Sharma,Sandeep Sharma,6,15,0,250.0,15.0
DT Christian,B Kumar,6,8,0,133.33333333333331,8.0
DT Christian,AB Agarkar,6,7,0,116.66666666666667,7.0
DT Christian,A Singh,6,12,0,200.0,12.0
DS Kulkarni,VRV Singh,6,1,0,16.666666666666664,1.0
DS Kulkarni,S Sreesanth,6,1,0,16.666666666666664,1.0
DS Kulkarni,B Kumar,6,5,0,83.33333333333334,5.0
DT Christian,R Bhatia,6,3,1,50.0,3.0
R Minz,Noor Ahmad,6,2,1,33.33333333333333,2.0
SK Warne,DL Vettori,6,4,0,66.66666666666666,4.0
SK Warne,B Geeves,6,10,0,166.66666666666669,10.0
SK Warne,A Kumble,6,0,2,0.0,0.0
R Parag,Yash Thakur,6,10,0,166.66666666666669,10.0
R Parag,M Ashwin,6,13,1,216.66666666666666,13.0
SK Raina,YA Abdulla,6,11,0,183.33333333333331,11.0
SK Raina,Washington Sundar,6,7,0,116.66666666666667,7.0
AB de Villiers,NLTC Perera,6,6,1,100.0,6.0
AB de Villiers,N Rana,6,12,1,200.0,12.0
AJ Hosein,MR Marsh,6,11,0,183.33333333333331,11.0
R Parag,NM Coulter-Nile,6,7,0,116.66666666666667,7.0
AK Markram,C Green,6,8,2,133.33333333333331,4.0
AK Markram,Ashwani Kumar,6,8,0,133.33333333333331,8.0
AJ Tye,UT Yadav,6,4,1,66.66666666666666,4.0
DR Smith,CJ Jordan,6,9,0,150.0,9.0
DR Smith,Bipul Sharma,6,4,0,66.66666666666666,4.0
DR Smith,Azhar Mahmood,6,3,0,50.0,3.0
A Mhatre,AS Roy,6,6,0,100.0,6.0
A Manohar,Mukesh Choudhary,6,9,0,150.0,9.0
DPMD Jayawardene,MM Sharma,6,2,0,33.33333333333333,2.0
DPMD Jayawardene,LR Shukla,6,6,0,100.0,6.0
DPMD Jayawardene,KW Richardson,6,6,0,100.0,6.0
DPMD Jayawardene,SK Raina,6,5,0,83.33333333333334,5.0
VR Iyer,Rasikh Salam,6,12,0,200.0,12.0
VR Iyer,Noor Ahmad,6,2,0,33.33333333333333,2.0
DR Sams,Washington Sundar,6,13,0,216.66666666666666,13.0
DPMD Jayawardene,UT Yadav,6,8,0,133.33333333333331,8.0
DPMD Jayawardene,Sandeep Sharma,6,3,1,50.0,3.0
Abhishek Sharma,Washington Sundar,6,4,0,66.66666666666666,4.0
AJ Tye,MP Stoinis,6,6,0,100.0,6.0
AJ Tye,M Prasidh Krishna,6,5,1,83.33333333333334,5.0
SK Raina,WD Parnell,6,17,0,283.33333333333337,17.0
R Parag,Sakib Hussain,6,15,0,250.0,15.0
R Powell,CV Varun,6,9,0,150.0,9.0
R Powell,A Kamboj,6,9,0,150.0,9.0
DPMD Jayawardene,DR Smith,6,10,0,166.66666666666669,10.0
R Powell,SM Curran,6,12,1,200.0,12.0
R Powell,Rashid Khan,6,8,0,133.33333333333331,8.0
R Powell,RD Chahar,6,1,1,16.666666666666664,1.0
R Powell,OC McCoy,6,20,1,333.33333333333337,20.0
SK Raina,SM Harwood,6,1,0,16.666666666666664,1.0
SK Raina,SB Bangar,6,6,1,100.0,6.0
R Ravindra,M Jansen,6,9,0,150.0,9.0
DPMD Jayawardene,CH Morris,6,4,1,66.66666666666666,4.0
VVS Laxman,DL Vettori,6,9,0,150.0,9.0
VVS Laxman,AB Dinda,6,4,2,66.66666666666666,2.0
DPMD Jayawardene,HV Patel,6,4,0,66.66666666666666,4.0
Abishek Porel,MD Shanaka,6,9,0,150.0,9.0
Abishek Porel,M Theekshana,6,4,0,66.66666666666666,4.0
DPMD Jayawardene,MS Gony,6,7,1,116.66666666666667,7.0
DPMD Jayawardene,MR Marsh,6,11,0,183.33333333333331,11.0
DP Conway,MP Stoinis,6,8,0,133.33333333333331,8.0
R Rampaul,PV Tambe,6,10,1,166.66666666666669,10.0
R Rampaul,KA Pollard,6,9,0,150.0,9.0
R Rampaul,DJ Bravo,6,0,1,0.0,0.0
SK Raina,R Sathish,6,16,0,266.66666666666663,16.0
R Sathish,J Syed Mohammad,6,5,0,83.33333333333334,5.0
R Sathish,DW Steyn,6,2,1,33.33333333333333,2.0
R Sathish,DJ Bravo,6,7,2,116.66666666666667,3.5
R Ravindra,Suyash Sharma,6,3,0,50.0,3.0
DP Conway,MA Wood,6,13,1,216.66666666666666,13.0
Vishnu Vinod,MM Sharma,6,6,2,100.0,3.0
VVS Laxman,SK Trivedi,6,8,0,133.33333333333331,8.0
DP Conway,WD Parnell,6,13,0,216.66666666666666,13.0
DP Conway,TA Boult,6,12,0,200.0,12.0
DP Nannes,ST Jayasuriya,6,2,0,33.33333333333333,2.0
Abishek Porel,Avesh Khan,6,17,0,283.33333333333337,17.0
R Sathish,RR Powar,6,6,0,100.0,6.0
AB de Villiers,R Dhawan,6,8,1,133.33333333333331,8.0
R Smaran,K Rabada,6,3,1,50.0,3.0
R Shepherd,YS Chahal,6,4,1,66.66666666666666,4.0
R Shepherd,NT Ellis,6,19,1,316.66666666666663,19.0
R Tewatia,I Udana,6,15,0,250.0,15.0
R Tewatia,Harpreet Brar,6,13,0,216.66666666666666,13.0
R Tewatia,PVD Chameera,6,6,0,100.0,6.0
DP Conway,KR Mayers,6,4,0,66.66666666666666,4.0
DP Conway,KH Pandya,6,14,0,233.33333333333334,14.0
W Jaffer,M Morkel,6,7,0,116.66666666666667,7.0
W Jaffer,I Sharma,6,3,0,50.0,3.0
W Jaffer,GD McGrath,6,3,1,50.0,3.0
Vivrant Sharma,K Kartikeya,6,9,0,150.0,9.0
DP Conway,Mukesh Kumar,6,4,0,66.66666666666666,4.0
DP Conway,MR Marsh,6,12,0,200.0,12.0
WG Jacks,M Jansen,6,15,0,250.0,15.0
WG Jacks,Kuldeep Yadav,6,14,1,233.33333333333334,14.0
WG Jacks,KH Pandya,6,5,1,83.33333333333334,5.0
DL Chahar,KK Ahmed,6,14,0,233.33333333333334,14.0
DJM Short,Washington Sundar,6,2,0,33.33333333333333,2.0
DJM Short,N Rana,6,6,1,100.0,6.0
DJM Short,JJ Bumrah,6,4,1,66.66666666666666,4.0
DJM Short,A Mishra,6,3,0,50.0,3.0
WD Parnell,JR Hopes,6,8,0,133.33333333333331,8.0
WD Parnell,Harbhajan Singh,6,9,0,150.0,9.0
WA Mota,TL Suman,6,4,1,66.66666666666666,4.0
WA Mota,SK Raina,6,3,0,50.0,3.0
R Sharma,JH Kallis,6,0,1,0.0,0.0
R Sathish,SK Trivedi,6,6,0,100.0,6.0
R Sathish,SE Bond,6,12,0,200.0,12.0
R Sathish,SB Jakati,6,3,1,50.0,3.0
R Tewatia,TA Boult,6,6,0,100.0,6.0
R Tewatia,SS Cottrell,6,30,0,500.0,30.0
R Tewatia,SM Curran,6,10,1,166.66666666666669,10.0
R Vinay Kumar,MS Gony,6,7,0,116.66666666666667,7.0
R Tewatia,YS Chahal,6,6,0,100.0,6.0
RA Jadeja,AM Nayar,6,5,0,83.33333333333334,5.0
RA Jadeja,AK Markram,6,4,0,66.66666666666666,4.0
RA Bawa,SP Narine,6,8,1,133.33333333333331,8.0
R Vinay Kumar,SP Narine,6,7,0,116.66666666666667,7.0
DJG Sammy,S Nadeem,6,3,0,50.0,3.0
DJG Sammy,KV Sharma,6,4,0,66.66666666666666,4.0
DJG Sammy,J Botha,6,3,0,50.0,3.0
DJG Sammy,CJ Anderson,6,10,1,166.66666666666669,10.0
DJG Sammy,AR Patel,6,11,0,183.33333333333331,11.0
WG Jacks,Mustafizur Rahman,6,12,0,200.0,12.0
WG Jacks,MA Starc,6,22,0,366.66666666666663,22.0
SK Raina,J Theron,6,10,2,166.66666666666669,5.0
RA Jadeja,Imran Tahir,6,6,0,100.0,6.0
RA Jadeja,Harshit Rana,6,13,0,216.66666666666666,13.0
RA Jadeja,Harsh Dubey,6,4,0,66.66666666666666,4.0
RA Jadeja,DR Smith,6,5,0,83.33333333333334,5.0
RA Jadeja,KP Pietersen,6,6,0,100.0,6.0
RA Jadeja,KA Jamieson,6,12,0,200.0,12.0
RA Jadeja,K Khejroliya,6,15,1,250.0,15.0
DJ Mitchell,Kartik Tyagi,6,13,0,216.66666666666666,13.0
DJ Mitchell,KK Ahmed,6,5,0,83.33333333333334,5.0
DJ Mitchell,B Kumar,6,9,0,150.0,9.0
DJ Mitchell,Arshdeep Singh,6,12,0,200.0,12.0
WG Jacks,Yash Raj Punja,6,15,1,250.0,15.0
DJ Mitchell,UT Yadav,6,8,0,133.33333333333331,8.0
DJ Mitchell,SM Curran,6,7,0,116.66666666666667,7.0
DJ Mitchell,R Ashwin,6,11,0,183.33333333333331,11.0
RA Jadeja,S Gopal,6,4,0,66.66666666666666,4.0
RA Jadeja,Ramandeep Singh,6,8,0,133.33333333333331,8.0
RA Jadeja,VG Arora,6,3,1,50.0,3.0
RA Jadeja,TM Head,6,7,1,116.66666666666667,7.0
WP Saha,DJ Hussey,6,4,1,66.66666666666666,4.0
WP Saha,CR Brathwaite,6,5,1,83.33333333333334,5.0
WP Saha,CH Gayle,6,8,0,133.33333333333331,8.0
WP Saha,BCJ Cutting,6,11,0,183.33333333333331,11.0
WP Saha,Arjun Tendulkar,6,3,1,50.0,3.0
DJ Jacobs,P Kumar,6,8,0,133.33333333333331,8.0
DJ Jacobs,I Sharma,6,10,1,166.66666666666669,10.0
DJ Hussey,WPUJC Vaas,6,13,0,216.66666666666666,13.0
DJ Hussey,TP Sudhindra,6,16,0,266.66666666666663,16.0
RA Jadeja,CJ Jordan,6,4,1,66.66666666666666,4.0
SK Raina,KC Cariappa,6,9,0,150.0,9.0
SK Raina,JP Faulkner,6,7,1,116.66666666666667,7.0
DJ Hooda,R Shepherd,6,8,1,133.33333333333331,8.0
DJ Hooda,R Sai Kishore,6,4,0,66.66666666666666,4.0
DJ Hooda,PJ Cummins,6,3,0,50.0,3.0
DJ Hooda,OC McCoy,6,9,0,150.0,9.0
DJ Hooda,Mohammed Siraj,6,2,1,33.33333333333333,2.0
WP Saha,GJ Maxwell,6,6,0,100.0,6.0
WP Saha,GB Hogg,6,8,0,133.33333333333331,8.0
DJ Hussey,A Singh,6,8,0,133.33333333333331,8.0
DJ Hooda,VR Aaron,6,17,0,283.33333333333337,17.0
DJ Hussey,I Sharma,6,8,1,133.33333333333331,8.0
DJ Hussey,GD McGrath,6,9,0,150.0,9.0
DJ Hussey,B Kumar,6,4,1,66.66666666666666,4.0
DJ Hussey,SM Pollock,6,9,1,150.0,9.0
RA Jadeja,M Markande,6,3,0,50.0,3.0
RA Jadeja,PHKD Mendis,6,2,1,33.33333333333333,2.0
RA Jadeja,SC Ganguly,6,7,0,116.66666666666667,7.0
RA Tripathi,FA Allen,6,9,0,150.0,9.0
RA Tripathi,C Sakariya,6,5,1,83.33333333333334,5.0
RA Tripathi,M Markande,6,5,0,83.33333333333334,5.0
RA Tripathi,KK Ahmed,6,8,0,133.33333333333331,8.0
AJ Finch,SB Wagh,6,15,0,250.0,15.0
AJ Finch,PVD Chameera,6,4,0,66.66666666666666,4.0
RA Tripathi,PWH de Silva,6,5,1,83.33333333333334,5.0
WP Saha,KP Appanna,6,12,0,200.0,12.0
DJ Harris,AD Russell,6,8,0,133.33333333333331,8.0
DJ Bravo,VR Aaron,6,23,0,383.33333333333337,23.0
DJ Bravo,TP Sudhindra,6,16,0,266.66666666666663,16.0
DJ Hooda,Abdul Samad,6,9,0,150.0,9.0
DJ Harris,P Kumar,6,2,0,33.33333333333333,2.0
DJ Hooda,DR Sams,6,4,0,66.66666666666666,4.0
DJ Hooda,D Wiese,6,4,1,66.66666666666666,4.0
DJ Hooda,R Tewatia,6,6,0,100.0,6.0
RD Chahar,D Pretorius,6,10,1,166.66666666666669,10.0
RD Gaikwad,Auqib Nabi,6,3,0,50.0,3.0
Abishek Porel,Mustafizur Rahman,6,8,0,133.33333333333331,8.0
DJ Bravo,MA Starc,6,7,2,116.66666666666667,3.5
DJ Bravo,LR Shukla,6,7,1,116.66666666666667,7.0
DJ Bravo,KV Sharma,6,0,0,0.0,0.0
DJ Bravo,K Kartikeya,6,9,1,150.0,9.0
A Badoni,XC Bartlett,6,12,0,200.0,12.0
WP Saha,Mukesh Kumar,6,2,1,33.33333333333333,2.0
DJ Bravo,P Amarnath,6,13,0,216.66666666666666,13.0
Abishek Porel,SH Johnson,6,9,0,150.0,9.0
Abishek Porel,Rashid Khan,6,2,1,33.33333333333333,2.0
DJ Bravo,SC Ganguly,6,9,0,150.0,9.0
DJ Bravo,SB Bangar,6,15,0,250.0,15.0
RA Jadeja,Shivang Kumar,6,4,0,66.66666666666666,4.0
RA Jadeja,Zeeshan Ansari,6,11,0,183.33333333333331,11.0
DB Ravi Teja,RJ Harris,6,10,0,166.66666666666669,10.0
DJ Bravo,DP Nannes,6,11,1,183.33333333333331,11.0
DJ Bravo,D du Preez,6,5,0,83.33333333333334,5.0
WP Saha,P Amarnath,6,12,0,200.0,12.0
A Kumble,IK Pathan,6,6,0,100.0,6.0
A Kamboj,JA Duffy,6,12,0,200.0,12.0
A Flintoff,DL Vettori,6,4,0,66.66666666666666,4.0
A Chopra,RP Singh,6,9,0,150.0,9.0
A Chopra,PP Ojha,6,3,1,50.0,3.0
DJ Bravo,DT Christian,6,14,0,233.33333333333334,14.0
RA Tripathi,Mukesh Choudhary,6,12,1,200.0,12.0
SK Raina,B Laughlin,6,8,0,133.33333333333331,8.0
RA Tripathi,S Gopal,6,9,1,150.0,9.0
RD Gaikwad,A Mishra,6,3,0,50.0,3.0
RD Chahar,Umran Malik,6,0,1,0.0,0.0
RD Chahar,RJ Gleeson,6,14,0,233.33333333333334,14.0
AB de Villiers,SR Tendulkar,6,19,0,316.66666666666663,19.0
SK Raina,AA Jhunjhunwala,6,5,0,83.33333333333334,5.0
RD Gaikwad,K Gowtham,6,20,0,333.33333333333337,20.0
RD Gaikwad,MM Ali,6,9,0,150.0,9.0
RD Gaikwad,MJ Santner,6,14,0,233.33333333333334,14.0
RD Gaikwad,Shivang Kumar,6,5,0,83.33333333333334,5.0
DB Das,DS Kulkarni,6,5,0,83.33333333333334,5.0
WP Saha,S Badree,6,4,0,66.66666666666666,4.0
WP Saha,RS Hangargekar,6,5,1,83.33333333333334,5.0
WP Saha,R Tewatia,6,4,1,66.66666666666666,4.0
WP Saha,PV Tambe,6,11,0,183.33333333333331,11.0
DB Ravi Teja,DP Nannes,6,1,1,16.666666666666664,1.0
DH Yagnik,BA Bhatt,6,7,0,116.66666666666667,7.0
DB Ravi Teja,TM Dilshan,6,4,0,66.66666666666666,4.0
DB Ravi Teja,ST Jayasuriya,6,3,0,50.0,3.0
DB Ravi Teja,SB Wagh,6,8,0,133.33333333333331,8.0
RD Rickelton,Avesh Khan,6,10,0,166.66666666666669,10.0
RD Rickelton,PVD Chameera,6,15,0,250.0,15.0
RD Rickelton,PR Veer,6,18,0,300.0,18.0
RE van der Merwe,P Awana,6,2,1,33.33333333333333,2.0
RE Levi,JA Morkel,6,2,0,33.33333333333333,2.0
RD Rickelton,Zeeshan Ansari,6,1,0,16.666666666666664,1.0
DA Warner,SB Wagh,6,4,0,66.66666666666666,4.0
DA Warner,S Narwal,6,3,1,50.0,3.0
WP Saha,T Natarajan,6,13,0,216.66666666666666,13.0
DB Das,Sohail Tanvir,6,2,2,33.33333333333333,1.0
DB Das,RA Jadeja,6,12,0,200.0,12.0
DB Das,MS Gony,6,2,0,33.33333333333333,2.0
DB Das,Harmeet Singh,6,12,0,200.0,12.0
AJ Finch,P Awana,6,8,0,133.33333333333331,8.0
AJ Finch,MA Starc,6,3,1,50.0,3.0
AB de Villiers,Shoaib Ahmed,6,4,1,66.66666666666666,4.0
SE Rutherford,R Ashwin,6,2,0,33.33333333333333,2.0
SE Rutherford,Navdeep Saini,6,12,0,200.0,12.0
SE Rutherford,KH Pandya,6,10,0,166.66666666666669,10.0
SE Rutherford,JJ Bumrah,6,4,0,66.66666666666666,4.0
AJ Finch,JP Duminy,6,10,0,166.66666666666669,10.0
RG Sharma,AJ Finch,6,6,0,100.0,6.0
RG Sharma,AC Voges,6,5,0,83.33333333333334,5.0
RG Sharma,A Choudhary,6,11,0,183.33333333333331,11.0
RG Sharma,B Stanlake,6,10,1,166.66666666666669,10.0
Aniket Verma,JJ Bumrah,6,10,0,166.66666666666669,10.0
Washington Sundar,AJ Tye,6,9,0,150.0,9.0
DA Warner,KR Mayers,6,5,0,83.33333333333334,5.0
DA Warner,Navdeep Saini,6,2,0,33.33333333333333,2.0
Abishek Porel,Suyash Sharma,6,3,0,50.0,3.0
RD Gaikwad,Sakib Hussain,6,3,0,50.0,3.0
SE Rutherford,W O'Rourke,6,6,1,100.0,6.0
Anmolpreet Singh,DL Chahar,6,1,1,16.666666666666664,1.0
Ankit Sharma,MM Sharma,6,8,0,133.33333333333331,8.0
DA Warner,Akash Madhwal,6,4,0,66.66666666666666,4.0
DA Warner,AD Mathews,6,4,0,66.66666666666666,4.0
Washington Sundar,NM Coulter-Nile,6,24,0,400.0,24.0
DA Warner,DE Bollinger,6,8,0,133.33333333333331,8.0
DA Warner,D Wiese,6,11,0,183.33333333333331,11.0
DA Warner,DJG Sammy,6,3,0,50.0,3.0
Anirudh Singh,A Kumble,6,3,0,50.0,3.0
RG Sharma,B Akhil,6,4,0,66.66666666666666,4.0
RG Sharma,Anand Rajan,6,6,0,100.0,6.0
SE Marsh,VS Malik,6,8,1,133.33333333333331,8.0
RG Sharma,CH Gayle,6,7,0,116.66666666666667,7.0
RG Sharma,Basil Thampi,6,5,0,83.33333333333334,5.0
AJ Finch,DR Smith,6,8,0,133.33333333333331,8.0
SE Rutherford,Rasikh Salam,6,9,0,150.0,9.0
AJ Finch,AG Murtaza,6,5,1,83.33333333333334,5.0
RG Sharma,MP Yadav,6,12,1,200.0,12.0
RG Sharma,MJ Henry,6,13,0,216.66666666666666,13.0
AJ Finch,C de Grandhomme,6,3,0,50.0,3.0
AJ Finch,BW Hilfenhaus,6,1,0,16.666666666666664,1.0
AJ Finch,Avesh Khan,6,9,1,150.0,9.0
RG Sharma,RD Chahar,6,13,0,216.66666666666666,13.0
RG Sharma,R Parag,6,5,1,83.33333333333334,5.0
DA Miller,S Nadeem,6,11,0,183.33333333333331,11.0
DA Miller,S Lamichhane,6,9,0,150.0,9.0
Washington Sundar,Simarjeet Singh,6,20,0,333.33333333333337,20.0
Washington Sundar,SP Narine,6,4,0,66.66666666666666,4.0
Washington Sundar,R Shepherd,6,7,1,116.66666666666667,7.0
DA Miller,Shivam Mavi,6,1,1,16.666666666666664,1.0
DA Miller,Z Khan,6,2,0,33.33333333333333,2.0
Anmolpreet Singh,Kuldeep Yadav,6,4,1,66.66666666666666,4.0
SE Marsh,R Bhatia,6,7,0,116.66666666666667,7.0
RG Sharma,SMSM Senanayake,6,14,0,233.33333333333334,14.0
AJ Finch,A Nortje,6,7,0,116.66666666666667,7.0
AJ Finch,A Mishra,6,15,0,250.0,15.0
AG Paunikar,I Sharma,6,1,0,16.666666666666664,1.0
AF Milne,Imran Tahir,6,3,1,50.0,3.0
Y Nagar,KK Cooper,6,2,0,33.33333333333333,2.0
Y Nagar,AC Thomas,6,10,1,166.66666666666669,10.0
Y Gnaneswara Rao,SB Jakati,6,11,0,183.33333333333331,11.0
Y Gnaneswara Rao,R Ashwin,6,3,0,50.0,3.0
X Thalaivan Sargunam,DJ Bravo,6,3,1,50.0,3.0
DA Miller,R Shepherd,6,17,0,283.33333333333337,17.0
DA Miller,R Dhawan,6,5,0,83.33333333333334,5.0
DA Miller,SMSM Senanayake,6,6,1,100.0,6.0
RG Sharma,Harshit Rana,6,11,0,183.33333333333331,11.0
RG Sharma,KL Nagarkoti,6,11,0,183.33333333333331,11.0
RG Sharma,WD Parnell,6,5,0,83.33333333333334,5.0
RK Singh,KK Ahmed,6,4,0,66.66666666666666,4.0
RK Singh,JO Holder,6,9,0,150.0,9.0
Anuj Rawat,Arshdeep Singh,6,2,0,33.33333333333333,2.0
Y Venugopal Rao,Azhar Mahmood,6,2,0,33.33333333333333,2.0
Y Venugopal Rao,A Mishra,6,6,1,100.0,6.0
Y Nagar,RV Gomez,6,6,0,100.0,6.0
DA Miller,BA Stokes,6,6,0,100.0,6.0
DA Miller,A Ashish Reddy,6,12,0,200.0,12.0
D Wiese,DS Kulkarni,6,8,1,133.33333333333331,8.0
DA Miller,Gurjapneet Singh,6,2,0,33.33333333333333,2.0
DA Miller,GB Hogg,6,4,0,66.66666666666666,4.0
DA Miller,G Coetzee,6,9,0,150.0,9.0
DA Miller,CJ Anderson,6,8,1,133.33333333333331,8.0
RG Sharma,RJ Harris,6,10,1,166.66666666666669,10.0
SE Marsh,S Gopal,6,17,0,283.33333333333337,17.0
D Ferreira,Kuldeep Yadav,6,19,1,316.66666666666663,19.0
D Brevis,Zeeshan Ansari,6,9,0,150.0,9.0
D Brevis,Yudhvir Singh,6,14,0,233.33333333333334,14.0
D Brevis,YS Chahal,6,11,0,183.33333333333331,11.0
D Brevis,Suryansh Shedge,6,5,0,83.33333333333334,5.0
D Brevis,Shivang Kumar,6,2,1,33.33333333333333,2.0
D Ferreira,SP Narine,6,6,1,100.0,6.0
D Ferreira,Prince Yadav,6,2,1,33.33333333333333,2.0
Y Venugopal Rao,JH Kallis,6,2,1,33.33333333333333,2.0
D Padikkal,KA Jamieson,6,21,0,350.0,21.0
Anmolpreet Singh,Yash Thakur,6,6,0,100.0,6.0
D Padikkal,V Shankar,6,3,1,50.0,3.0
Anuj Rawat,K Gowtham,6,4,1,66.66666666666666,4.0
SE Marsh,NB Singh,6,6,0,100.0,6.0
SE Marsh,MG Johnson,6,2,0,33.33333333333333,2.0
RJ Harris,R McLaren,6,7,1,116.66666666666667,7.0
D Brevis,OF Smith,6,11,1,183.33333333333331,11.0
RK Singh,D Jansen,6,7,1,116.66666666666667,7.0
SE Marsh,JD Unadkat,6,5,0,83.33333333333334,5.0
RK Singh,MJ Santner,6,5,0,83.33333333333334,5.0
RK Singh,M Jansen,6,15,0,250.0,15.0
RK Singh,Lalit Yadav,6,4,0,66.66666666666666,4.0
RK Singh,V Nigam,6,5,1,83.33333333333334,5.0
RK Singh,Simarjeet Singh,6,10,0,166.66666666666669,10.0
RK Singh,R Ashwin,6,5,0,83.33333333333334,5.0
RM Patidar,Fazalhaq Farooqi,6,6,0,100.0,6.0
RM Patidar,CV Varun,6,7,1,116.66666666666667,7.0
D Brevis,Naveen-ul-Haq,6,11,1,183.33333333333331,11.0
D Brevis,Mohammed Siraj,6,17,0,283.33333333333337,17.0
Y Venugopal Rao,PC Valthaty,6,14,0,233.33333333333334,14.0
Y Venugopal Rao,M Morkel,6,13,0,216.66666666666666,13.0
D Ferreira,M Jansen,6,13,0,216.66666666666666,13.0
RM Patidar,K Khejroliya,6,17,0,283.33333333333337,17.0
RM Patidar,Prince Yadav,6,10,1,166.66666666666669,10.0
RM Patidar,SM Curran,6,10,1,166.66666666666669,10.0
RM Patidar,S Gopal,6,9,0,150.0,9.0
RM Patidar,Rasikh Salam,6,3,1,50.0,3.0
RM Patidar,RP Meredith,6,7,0,116.66666666666667,7.0
Y Venugopal Rao,Sohail Tanvir,6,16,0,266.66666666666663,16.0
Y Venugopal Rao,SP Narine,6,4,0,66.66666666666666,4.0
Y Venugopal Rao,SK Raina,6,7,0,116.66666666666667,7.0
Y Venugopal Rao,SC Ganguly,6,2,0,33.33333333333333,2.0
Y Venugopal Rao,RV Gomez,6,10,0,166.66666666666669,10.0
D Brevis,KT Maphaka,6,8,0,133.33333333333331,8.0
D Brevis,K Rabada,6,3,0,50.0,3.0
D Brevis,Avesh Khan,6,12,1,200.0,12.0
CV Varun,Navdeep Saini,6,3,0,50.0,3.0
CR Woakes,JJ Bumrah,6,6,1,100.0,6.0
SD Lad,AS Rajpoot,6,14,0,233.33333333333334,14.0
RP Singh,L Balaji,6,6,1,100.0,6.0
RP Singh,A Nehra,6,4,1,66.66666666666666,4.0
RN ten Doeschate,MR Marsh,6,4,0,66.66666666666666,4.0
RN ten Doeschate,KV Sharma,6,5,1,83.33333333333334,5.0
RN ten Doeschate,JEC Franklin,6,14,0,233.33333333333334,14.0
CL White,MS Gony,6,5,1,83.33333333333334,5.0
YBK Jaiswal,AK Markram,6,15,0,250.0,15.0
CL White,VS Malik,6,7,0,116.66666666666667,7.0
CL White,VRV Singh,6,5,0,83.33333333333334,5.0
CL White,VR Aaron,6,6,1,100.0,6.0
CR Brathwaite,UT Yadav,6,19,0,316.66666666666663,19.0
CM Gautam,R Dhawan,6,3,1,50.0,3.0
CM Gautam,JD Unadkat,6,9,0,150.0,9.0
SE Marsh,DP Vijaykumar,6,13,0,216.66666666666666,13.0
RM Patidar,LH Ferguson,6,12,0,200.0,12.0
SD Hope,Yudhvir Singh,6,16,0,266.66666666666663,16.0
SD Hope,Mohammad Nabi,6,16,0,266.66666666666663,16.0
SD Chitnis,MS Gony,6,5,0,83.33333333333334,5.0
RR Pant,HR Shokeen,6,3,0,50.0,3.0
RR Pant,M Theekshana,6,13,0,216.66666666666666,13.0
RR Pant,KV Sharma,6,9,0,150.0,9.0
CL White,AB Agarkar,6,3,1,50.0,3.0
CL White,A Mishra,6,1,1,16.666666666666664,1.0
CJ Jordan,CV Varun,6,4,0,66.66666666666666,4.0
CL White,L Balaji,6,6,0,100.0,6.0
CL White,JR Hopes,6,12,0,200.0,12.0
CL White,JH Kallis,6,1,1,16.666666666666664,1.0
CL White,Iqbal Abdulla,6,6,0,100.0,6.0
CL White,DE Bollinger,6,4,0,66.66666666666666,4.0
CL White,P Kumar,6,11,0,183.33333333333331,11.0
AD Russell,Shahbaz Ahmed,6,15,0,250.0,15.0
AD Russell,Naveen-ul-Haq,6,5,1,83.33333333333334,5.0
AD Russell,MJ Santner,6,1,0,16.666666666666664,1.0
YBK Jaiswal,KT Maphaka,6,10,1,166.66666666666669,10.0
CH Morris,S Kaul,6,13,0,216.66666666666666,13.0
CH Morris,MG Johnson,6,8,0,133.33333333333331,8.0
CJ Ferguson,A Mishra,6,4,0,66.66666666666666,4.0
CJ Anderson,Yuvraj Singh,6,4,0,66.66666666666666,4.0
CJ Anderson,S Kaul,6,12,0,200.0,12.0
CJ Anderson,R Tewatia,6,5,0,83.33333333333334,5.0
AD Russell,OF Smith,6,23,0,383.33333333333337,23.0
AD Russell,O Thomas,6,4,1,66.66666666666666,4.0
SC Ganguly,VY Mahesh,6,7,1,116.66666666666667,7.0
AB de Villiers,Yuvraj Singh,6,6,0,100.0,6.0
RR Pant,Navdeep Saini,6,13,0,216.66666666666666,13.0
RR Pant,WG Jacks,6,9,2,150.0,4.5
RR Rossouw,R Ashwin,6,4,1,66.66666666666666,4.0
RT Ponting,DJ Bravo,6,2,0,33.33333333333333,2.0
RT Ponting,B Kumar,6,8,0,133.33333333333331,8.0
RT Ponting,A Chandila,6,3,1,50.0,3.0
Anuj Rawat,MP Yadav,6,3,0,50.0,3.0
CH Gayle,S Sandeep Warrier,6,10,1,166.66666666666669,10.0
YBK Jaiswal,Noor Ahmad,6,3,0,50.0,3.0
YBK Jaiswal,NM Coulter-Nile,6,12,1,200.0,12.0
YBK Jaiswal,N Rana,6,26,0,433.3333333333333,26.0
Arjun Tendulkar,MM Sharma,6,10,1,166.66666666666669,10.0
Anureet Singh,B Kumar,6,7,0,116.66666666666667,7.0
Anuj Rawat,PVD Chameera,6,4,1,66.66666666666666,4.0
RR Rossouw,DL Chahar,6,11,1,183.33333333333331,11.0
RR Rossouw,AD Russell,6,14,0,233.33333333333334,14.0
RR Powar,Z Khan,6,5,0,83.33333333333334,5.0
SC Ganguly,SR Tendulkar,6,6,0,100.0,6.0
RS Bopara,A Symonds,6,8,0,133.33333333333331,8.0
CH Gayle,A Kumble,6,6,0,100.0,6.0
CA Pujara,YK Pathan,6,8,0,133.33333333333331,8.0
CA Pujara,UT Yadav,6,7,0,116.66666666666667,7.0
CA Pujara,SR Watson,6,4,0,66.66666666666666,4.0
CH Gayle,DJ Muthuswami,6,14,0,233.33333333333334,14.0
CH Gayle,CJ Anderson,6,6,0,100.0,6.0
A Badoni,TG Southee,6,3,1,50.0,3.0
CH Gayle,HV Patel,6,7,0,116.66666666666667,7.0
CH Gayle,KA Jamieson,6,20,0,333.33333333333337,20.0
CH Gayle,M Markande,6,13,0,216.66666666666666,13.0
Ashutosh Sharma,DS Rathi,6,6,0,100.0,6.0
Arshdeep Singh,KK Ahmed,6,5,0,83.33333333333334,5.0
RS Bopara,KP Pietersen,6,4,0,66.66666666666666,4.0
RS Bopara,JP Duminy,6,10,1,166.66666666666669,10.0
RT Ponting,M Kartik,6,3,1,50.0,3.0
RT Ponting,IK Pathan,6,0,1,0.0,0.0
CA Pujara,A Symonds,6,9,1,150.0,9.0
RS Bopara,WPUJC Vaas,6,9,1,150.0,9.0
RS Bopara,V Kohli,6,10,0,166.66666666666669,10.0
SC Ganguly,JP Faulkner,6,5,0,83.33333333333334,5.0
RV Uthappa,A Zampa,6,8,0,133.33333333333331,8.0
RV Patel,T Natarajan,6,6,0,100.0,6.0
RV Patel,HV Patel,6,1,0,16.666666666666664,1.0
RV Gomez,WD Parnell,6,13,1,216.66666666666666,13.0
RT Ponting,Z Khan,6,2,0,33.33333333333333,2.0
RV Uthappa,BA Bhatt,6,6,0,100.0,6.0
RV Uthappa,Anureet Singh,6,12,1,200.0,12.0
RV Uthappa,GD McGrath,6,15,0,250.0,15.0
CA Pujara,Jaskaran Singh,6,4,0,66.66666666666666,4.0
YBK Jaiswal,Umran Malik,6,7,0,116.66666666666667,7.0
Ashutosh Sharma,Zeeshan Ansari,6,15,0,250.0,15.0
Ashutosh Sharma,YS Chahal,6,9,1,150.0,9.0
CA Lynn,L Ngidi,6,12,1,200.0,12.0
RV Uthappa,DR Sams,6,2,0,33.33333333333333,2.0
SC Ganguly,CRD Fernando,6,12,0,200.0,12.0
SC Ganguly,Ankit Sharma,6,6,0,100.0,6.0
SC Ganguly,AD Mascarenhas,6,6,2,100.0,3.0
SB Styris,SC Ganguly,6,2,1,33.33333333333333,2.0
AD Russell,M Ashwin,6,16,0,266.66666666666663,16.0
AD Russell,KM Asif,6,9,1,150.0,9.0
RV Uthappa,J Theron,6,3,0,50.0,3.0
AD Russell,CR Woakes,6,1,1,16.666666666666664,1.0
YK Pathan,A Mithun,6,11,0,183.33333333333331,11.0
YBK Jaiswal,XC Bartlett,6,12,0,200.0,12.0
CA Pujara,JA Morkel,6,6,0,100.0,6.0
CA Pujara,DS Kulkarni,6,5,0,83.33333333333334,5.0
CA Pujara,B Lee,6,6,0,100.0,6.0
CA Pujara,B Kumar,6,1,0,16.666666666666664,1.0
SB Joshi,SK Warne,6,1,1,16.666666666666664,1.0
SB Dubey,MA Starc,6,6,0,100.0,6.0
SB Dubey,Harshit Rana,6,3,0,50.0,3.0
RV Uthappa,Mustafizur Rahman,6,4,0,66.66666666666666,4.0
RV Uthappa,Mujeeb Ur Rahman,6,13,0,216.66666666666666,13.0
CA Lynn,A Choudhary,6,14,0,233.33333333333334,14.0
CA Ingram,Yuvraj Singh,6,7,0,116.66666666666667,7.0
CA Ingram,Mohammed Shami,6,3,1,50.0,3.0
CA Ingram,JJ Bumrah,6,3,0,50.0,3.0
YK Pathan,DL Chahar,6,0,0,0.0,0.0
YK Pathan,D Kalyankrishna,6,9,1,150.0,9.0
YK Pathan,BW Hilfenhaus,6,19,0,316.66666666666663,19.0
CA Lynn,HV Patel,6,9,0,150.0,9.0
CA Lynn,DR Smith,6,23,0,383.33333333333337,23.0
CA Lynn,P Kumar,6,8,0,133.33333333333331,8.0
CA Lynn,MS Gony,6,10,0,166.66666666666669,10.0
C Connolly,Rasikh Salam,6,11,0,183.33333333333331,11.0
C Green,JO Holder,6,6,0,100.0,6.0
C Green,Mustafizur Rahman,6,13,1,216.66666666666666,13.0
C Munro,DL Chahar,6,6,0,100.0,6.0
C Madan,PJ Sangwan,6,6,0,100.0,6.0
YK Pathan,JD Ryder,6,3,0,50.0,3.0
YK Pathan,IC Pandey,6,12,0,200.0,12.0
C de Grandhomme,Shakib Al Hasan,6,11,0,183.33333333333331,11.0
C de Grandhomme,KH Pandya,6,8,0,133.33333333333331,8.0
C de Grandhomme,HH Pandya,6,9,1,150.0,9.0
C Sakariya,JJ Bumrah,6,1,0,16.666666666666664,1.0
C Munro,Sandeep Sharma,6,8,0,133.33333333333331,8.0
C Munro,Rashid Khan,6,1,1,16.666666666666664,1.0
AD Russell,Ashwani Kumar,6,4,1,66.66666666666666,4.0
RV Uthappa,LR Shukla,6,7,0,116.66666666666667,7.0
SB Styris,A Mishra,6,5,0,83.33333333333334,5.0
RV Uthappa,SB Joshi,6,2,0,33.33333333333333,2.0
RV Uthappa,SA Abbott,6,9,0,150.0,9.0
SB Bangar,Kamran Khan,6,1,1,16.666666666666664,1.0
AD Russell,Ankit Sharma,6,13,0,216.66666666666666,13.0
AD Nath,Mustafizur Rahman,6,3,0,50.0,3.0
AD Nath,IS Sodhi,6,1,1,16.666666666666664,1.0
RV Uthappa,T Thushara,6,2,0,33.33333333333333,2.0
RV Uthappa,SW Tait,6,2,1,33.33333333333333,2.0
RV Uthappa,SMSM Senanayake,6,5,1,83.33333333333334,5.0
RV Uthappa,Yash Dayal,6,2,0,33.33333333333333,2.0
C Connolly,M Tiwari,6,7,1,116.66666666666667,7.0
C Connolly,L Ngidi,6,13,0,216.66666666666666,13.0
C Connolly,Kuldeep Yadav,6,8,1,133.33333333333331,8.0
C Connolly,JR Hazlewood,6,11,0,183.33333333333331,11.0
YK Pathan,LMP Simmons,6,9,0,150.0,9.0
YK Pathan,KJ Abbott,6,11,0,183.33333333333331,11.0
SA Yadav,SS Cottrell,6,9,0,150.0,9.0
Ramandeep Singh,CV Varun,6,6,0,100.0,6.0
Rahmanullah Gurbaz,MG Bracewell,6,15,0,250.0,15.0
Rahmanullah Gurbaz,M Theekshana,6,11,1,183.33333333333331,11.0
Rahmanullah Gurbaz,KK Ahmed,6,5,0,83.33333333333334,5.0
Ramandeep Singh,Shahbaz Ahmed,6,10,0,166.66666666666669,10.0
YK Pathan,P Parameswaran,6,9,0,150.0,9.0
C Connolly,Ashok Sharma,6,8,0,133.33333333333331,8.0
C Bosch,Avesh Khan,6,8,1,133.33333333333331,8.0
Bipul Sharma,SK Trivedi,6,9,0,150.0,9.0
Basil Thampi,T Natarajan,6,2,0,33.33333333333333,2.0
C Connolly,Raghu Sharma,6,8,0,133.33333333333331,8.0
C Connolly,Nithish Kumar Reddy,6,5,0,83.33333333333334,5.0
C Connolly,Mukesh Kumar,6,5,0,83.33333333333334,5.0
RV Uthappa,SJ Srivastava,6,8,0,133.33333333333331,8.0
RV Uthappa,SC Ganguly,6,5,0,83.33333333333334,5.0
Rashid Khan,JP Behrendorff,6,13,0,216.66666666666666,13.0
Rashid Khan,JA Duffy,6,6,1,100.0,6.0
S Anirudha,SL Malinga,6,7,0,116.66666666666667,7.0
S Anirudha,KA Pollard,6,7,0,116.66666666666667,7.0
BJ Hodge,Pankaj Singh,6,14,0,233.33333333333334,14.0
BJ Hodge,PJ Sangwan,6,3,1,50.0,3.0
A Badoni,Noor Ahmad,6,7,0,116.66666666666667,7.0
A Badoni,Navdeep Saini,6,15,0,250.0,15.0
A Badoni,MA Starc,6,7,0,116.66666666666667,7.0
BJ Hodge,WD Parnell,6,6,1,100.0,6.0
BJ Hodge,VY Mahesh,6,3,0,50.0,3.0
BJ Hodge,ST Jayasuriya,6,9,0,150.0,9.0
BJ Rohrer,SR Watson,6,12,0,200.0,12.0
BJ Rohrer,R Rampaul,6,3,1,50.0,3.0
RV Uthappa,YK Pathan,6,2,1,33.33333333333333,2.0
RV Uthappa,VG Arora,6,8,1,133.33333333333331,8.0
S Badrinath,Iqbal Abdulla,6,7,0,116.66666666666667,7.0
S Badrinath,I Sharma,6,14,0,233.33333333333334,14.0
S Badrinath,DR Smith,6,6,0,100.0,6.0
BJ Hodge,DJG Sammy,6,18,0,300.0,18.0
BJ Hodge,CH Gayle,6,2,1,33.33333333333333,2.0
BJ Hodge,BE Hendricks,6,22,0,366.66666666666663,22.0
BJ Hodge,AD Mathews,6,4,0,66.66666666666666,4.0
BJ Hodge,AA Chavan,6,10,0,166.66666666666669,10.0
YK Pathan,Sandeep Sharma,6,5,0,83.33333333333334,5.0
YK Pathan,Rashid Khan,6,5,1,83.33333333333334,5.0
BJ Hodge,Jaskaran Singh,6,6,1,100.0,6.0
BJ Hodge,J Botha,6,3,1,50.0,3.0
Ramandeep Singh,Ravi Bishnoi,6,7,1,116.66666666666667,7.0
Ramandeep Singh,Mohammed Siraj,6,17,0,283.33333333333337,17.0
SA Yadav,S Aravind,6,11,1,183.33333333333331,11.0
Rashid Khan,KA Pollard,6,2,0,33.33333333333333,2.0
S Badrinath,SM Harwood,6,20,0,333.33333333333337,20.0
S Badrinath,R Sathish,6,6,0,100.0,6.0
S Badrinath,V Sehwag,6,6,0,100.0,6.0
S Dhawan,AF Milne,6,3,0,50.0,3.0
AD Mathews,SK Raina,6,4,0,66.66666666666666,4.0
Atharva Taide,JC Archer,6,10,0,166.66666666666669,10.0
Atharva Taide,Avesh Khan,6,15,1,250.0,15.0
YK Pathan,VRV Singh,6,3,0,50.0,3.0
YK Pathan,TA Boult,6,12,0,200.0,12.0
BB McCullum,SW Tait,6,11,0,183.33333333333331,11.0
BB McCullum,SC Ganguly,6,8,0,133.33333333333331,8.0
Rashid Khan,Sandeep Sharma,6,15,1,250.0,15.0
SA Yadav,Naveen-ul-Haq,6,6,1,100.0,6.0
S Badrinath,AL Menaria,6,2,0,33.33333333333333,2.0
S Badrinath,AC Thomas,6,8,0,133.33333333333331,8.0
S Arora,JO Holder,6,9,0,150.0,9.0
AD Mascarenhas,SC Ganguly,6,7,0,116.66666666666667,7.0
SA Yadav,Karanveer Singh,6,8,1,133.33333333333331,8.0
S Dhawan,BB Sran,6,6,1,100.0,6.0
S Dhawan,Akash Deep,6,13,0,216.66666666666666,13.0
S Dhawan,DJG Sammy,6,8,0,133.33333333333331,8.0
S Dhawan,CR Woakes,6,12,1,200.0,12.0
AD Mathews,AD Mascarenhas,6,10,0,166.66666666666669,10.0
BB McCullum,NM Coulter-Nile,6,19,1,316.66666666666663,19.0
BB McCullum,Mustafizur Rahman,6,2,0,33.33333333333333,2.0
Yashpal Singh,DP Nannes,6,0,0,0.0,0.0
BB McCullum,RR Powar,6,3,0,50.0,3.0
BB McCullum,PP Ojha,6,9,1,150.0,9.0
BB McCullum,P Suyal,6,9,0,150.0,9.0
Azhar Mahmood,A Ashish Reddy,6,12,0,200.0,12.0
SA Yadav,MJ Santner,6,5,2,83.33333333333334,2.5
S Badrinath,JP Duminy,6,3,0,50.0,3.0
AD Hales,IS Sodhi,6,6,0,100.0,6.0
AD Hales,DS Kulkarni,6,10,0,166.66666666666669,10.0
SA Yadav,DR Smith,6,2,1,33.33333333333333,2.0
BA Stokes,MC Henriques,6,2,0,33.33333333333333,2.0
BA Stokes,M Markande,6,10,0,166.66666666666669,10.0
BA Stokes,M Ashwin,6,16,0,266.66666666666663,16.0
Yuvraj Singh,BAW Mendis,6,6,0,100.0,6.0
Yashpal Singh,SK Warne,6,6,1,100.0,6.0
BA Stokes,TG Southee,6,9,0,150.0,9.0
BB McCullum,CH Gayle,6,11,0,183.33333333333331,11.0
AC Gilchrist,JD Ryder,6,14,0,233.33333333333334,14.0
AC Gilchrist,GH Vihari,6,2,0,33.33333333333333,2.0
S Dhawan,JDS Neesham,6,9,0,150.0,9.0
AD Mathews,KK Cooper,6,9,0,150.0,9.0
S Dhawan,JJ van der Wath,6,9,0,150.0,9.0
AD Mascarenhas,V Sehwag,6,7,1,116.66666666666667,7.0
AC Gilchrist,V Sehwag,6,23,0,383.33333333333337,23.0
S Dhawan,R Sharma,6,10,0,166.66666666666669,10.0
AC Gilchrist,R Bhatia,6,11,1,183.33333333333331,11.0
AC Gilchrist,PP Ojha,6,15,0,250.0,15.0
AC Gilchrist,MN Samuels,6,4,0,66.66666666666666,4.0
SA Asnodkar,VY Mahesh,6,15,0,250.0,15.0
S Dhawan,SA Abbott,6,10,0,166.66666666666669,10.0
S Dube,A Mishra,6,5,1,83.33333333333334,5.0
S Dube,Ashwani Kumar,6,15,0,250.0,15.0
Azhar Mahmood,J Botha,6,1,0,16.666666666666664,1.0
B Sai Sudharsan,Swapnil Singh,6,11,0,183.33333333333331,11.0
B Sai Sudharsan,Shahbaz Ahmed,6,6,0,100.0,6.0
BA Stokes,Avesh Khan,6,7,1,116.66666666666667,7.0
BA Stokes,AJ Tye,6,5,3,83.33333333333334,1.6666666666666667
BA Stokes,A Nortje,6,3,0,50.0,3.0
AD Hales,YS Chahal,6,6,0,100.0,6.0
SA Asnodkar,I Sharma,6,11,1,183.33333333333331,11.0
S Dube,LS Livingstone,6,9,1,150.0,9.0
S Dube,KA Pollard,6,4,0,66.66666666666666,4.0
S Dube,OF Smith,6,12,0,200.0,12.0
S Dube,Nithish Kumar Reddy,6,8,0,133.33333333333331,8.0
S Dube,Mukesh Kumar,6,13,1,216.66666666666666,13.0
B Sai Sudharsan,MP Stoinis,6,14,0,233.33333333333334,14.0
Yuvraj Singh,JDS Neesham,6,12,0,200.0,12.0
B Sai Sudharsan,R Parag,6,12,0,200.0,12.0
B Sai Sudharsan,R Ashwin,6,6,0,100.0,6.0
B Sai Sudharsan,PVSN Raju,6,15,0,250.0,15.0
B Sai Sudharsan,SZ Mulani,6,4,0,66.66666666666666,4.0
Azhar Mahmood,MS Gony,6,9,0,150.0,9.0
Azhar Mahmood,MC Henriques,6,13,0,216.66666666666666,13.0
Azhar Mahmood,KA Pollard,6,5,0,83.33333333333334,5.0
AC Voges,KA Pollard,6,10,0,166.66666666666669,10.0
Z Khan,SK Warne,6,2,1,33.33333333333333,2.0
A Badoni,C Bosch,6,6,0,100.0,6.0
B Chipli,MS Gony,6,5,1,83.33333333333334,5.0
B Chipli,MR Marsh,6,10,0,166.66666666666669,10.0
B Chipli,MM Patel,6,2,1,33.33333333333333,2.0
B Chipli,JDP Oram,6,3,0,50.0,3.0
B Chipli,Iqbal Abdulla,6,6,0,100.0,6.0
B Chipli,AB Agarkar,6,14,1,233.33333333333334,14.0
Azmatullah Omarzai,SN Thakur,6,11,0,183.33333333333331,11.0
B Kumar,Azhar Mahmood,6,6,1,100.0,6.0
B Indrajith,Mohsin Khan,6,0,1,0.0,0.0
B Chipli,Yuvraj Singh,6,4,0,66.66666666666666,4.0
B Chipli,TM Dilshan,6,10,0,166.66666666666669,10.0
B Chipli,S Randiv,6,10,0,166.66666666666669,10.0
B Kumar,RJ Harris,6,2,0,33.33333333333333,2.0
B Kumar,NM Coulter-Nile,6,8,1,133.33333333333331,8.0
Azhar Mahmood,SP Narine,6,1,2,16.666666666666664,0.5
Yuvraj Singh,WPUJC Vaas,6,4,1,66.66666666666666,4.0
Yuvraj Singh,TS Mills,6,15,1,250.0,15.0
Yuvraj Singh,TL Suman,6,2,0,33.33333333333333,2.0
B Chipli,S Nadeem,6,3,0,50.0,3.0
B Chipli,RA Jadeja,6,7,1,116.66666666666667,7.0
S Sriram,AD Mathews,6,8,0,133.33333333333331,8.0
S Sriram,AB Dinda,6,2,1,33.33333333333333,2.0
S Sreesanth,SL Malinga,6,1,0,16.666666666666664,1.0
S Sreesanth,SK Trivedi,6,4,0,66.66666666666666,4.0
S Sohal,Yuvraj Singh,6,3,0,50.0,3.0
S Sohal,S Randiv,6,11,0,183.33333333333331,11.0
S Sohal,S Nadeem,6,5,1,83.33333333333334,5.0
S Sohal,R Sharma,6,10,1,166.66666666666669,10.0
S Rana,Sandeep Sharma,6,9,0,150.0,9.0
S Rana,R Vinay Kumar,6,9,0,150.0,9.0
