format,player,phase,runs,balls,boundaries,outs
BBL,A Lyth,Powerplay,61,67,7,5
BBL,A Zampa,Death,157,169,15,17
BBL,AB McDonald,Middle,121,120,8,4
BBL,AB McDonald,Powerplay,63,60,7,2
BBL,AB de Villiers,Middle,70,65,4,2
BBL,AC Agar,Death,525,408,53,32
BBL,AC Agar,Middle,257,271,21,14
BBL,AC Blizzard,Death,158,99,21,5
BBL,AC Blizzard,Middle,224,176,20,9
BBL,AC Blizzard,Powerplay,190,183,25,5
BBL,AC Voges,Death,268,176,29,13
BBL,AC Voges,Middle,613,527,51,16
BBL,AC Voges,Powerplay,78,83,9,1
BBL,AD Hales,Death,171,82,29,7
BBL,AD Hales,Middle,650,501,70,27
BBL,AD Hales,Powerplay,1419,972,232,37
BBL,AD Russell,Death,200,127,26,11
BBL,AD Russell,Middle,220,161,28,7
BBL,ADS Fletcher,Powerplay,137,125,22,10
BBL,AI Ross,Death,747,463,95,37
BBL,AI Ross,Middle,1348,1144,130,35
BBL,AI Ross,Powerplay,114,147,13,5
BBL,AJ Doolan,Middle,143,130,15,6
BBL,AJ Doolan,Powerplay,222,213,28,13
BBL,AJ Finch,Death,414,222,59,15
BBL,AJ Finch,Middle,1435,1152,145,40
BBL,AJ Finch,Powerplay,1461,1242,206,36
BBL,AJ Hose,Death,113,64,17,4
BBL,AJ Hose,Middle,270,230,27,11
BBL,AJ Nair,Death,99,89,11,7
BBL,AJ Nair,Middle,139,115,10,3
BBL,AJ Turner,Death,906,513,112,31
BBL,AJ Turner,Middle,1456,1087,157,44
BBL,AJ Turner,Powerplay,123,125,12,10
BBL,AJ Tye,Death,174,163,19,20
BBL,AJ Tye,Middle,96,79,13,5
BBL,AM Hardie,Death,404,234,50,18
BBL,AM Hardie,Middle,764,630,79,23
BBL,AM Hardie,Powerplay,331,293,45,7
BBL,AT Carey,Death,228,138,34,13
BBL,AT Carey,Middle,970,764,106,28
BBL,AT Carey,Powerplay,788,646,112,17
BBL,B Doggett,Death,76,82,7,6
BBL,B Laughlin,Death,89,125,8,17
BBL,B Lee,Death,74,61,9,7
BBL,BAD Manenti,Death,65,61,5,7
BBL,BAD Manenti,Middle,55,68,2,5
BBL,BB McCullum,Middle,352,287,38,19
BBL,BB McCullum,Powerplay,557,396,86,12
BBL,BCJ Cutting,Death,964,590,137,44
BBL,BCJ Cutting,Middle,585,546,57,23
BBL,BCJ Cutting,Powerplay,159,115,26,3
BBL,BJ Dwarshuis,Death,495,331,57,28
BBL,BJ Dwarshuis,Middle,147,139,16,10
BBL,BJ Haddin,Death,98,69,12,5
BBL,BJ Haddin,Middle,285,205,35,8
BBL,BJ Haddin,Powerplay,167,147,23,8
BBL,BJ Hodge,Death,361,218,46,8
BBL,BJ Hodge,Middle,721,587,77,18
BBL,BJ Hodge,Powerplay,248,208,38,3
BBL,BJ Rohrer,Death,317,212,31,13
BBL,BJ Rohrer,Middle,512,420,52,17
BBL,BJ Rohrer,Powerplay,83,71,13,3
BBL,BJ Webster,Death,547,343,61,26
BBL,BJ Webster,Middle,910,856,82,24
BBL,BJ Webster,Powerplay,269,257,30,7
BBL,BM Duckett,Middle,267,202,29,7
BBL,BM Duckett,Powerplay,227,172,34,7
BBL,BR Dunk,Death,121,97,8,11
BBL,BR Dunk,Middle,613,472,58,28
BBL,BR Dunk,Powerplay,958,792,129,34
BBL,BR McDermott,Death,659,374,84,22
BBL,BR McDermott,Middle,1709,1244,185,39
BBL,BR McDermott,Powerplay,736,695,91,26
BBL,BW Hilfenhaus,Death,117,110,11,10
BBL,Babar Azam,Middle,79,67,8,2
BBL,Babar Azam,Powerplay,97,117,11,6
BBL,C Connolly,Death,219,118,28,5
BBL,C Connolly,Middle,363,277,37,10
BBL,C Connolly,Powerplay,204,197,27,10
BBL,C Kellaway,Middle,165,126,19,9
BBL,C Kellaway,Powerplay,54,66,6,2
BBL,C Kieswetter,Powerplay,122,111,18,5
BBL,C Munro,Death,251,142,35,8
BBL,C Munro,Middle,727,575,72,19
BBL,C Munro,Powerplay,524,481,66,24
BBL,C de Grandhomme,Death,105,67,14,8
BBL,C de Grandhomme,Middle,108,91,12,3
BBL,CA Ingram,Death,203,133,27,13
BBL,CA Ingram,Middle,548,424,63,15
BBL,CA Ingram,Powerplay,117,112,17,2
BBL,CA Lynn,Death,507,274,66,12
BBL,CA Lynn,Middle,1937,1332,241,57
BBL,CA Lynn,Powerplay,1644,1206,261,46
BBL,CA Rose,Death,149,105,19,10
BBL,CD Hinchliffe,Death,67,76,5,9
BBL,CH Gayle,Middle,210,152,23,7
BBL,CH Gayle,Powerplay,373,298,56,10
BBL,CJ Borgas,Middle,91,101,7,5
BBL,CJ Boyce,Death,323,248,41,28
BBL,CJ Boyce,Middle,47,70,3,3
BBL,CJ Ferguson,Death,363,247,39,21
BBL,CJ Ferguson,Middle,1099,921,102,35
BBL,CJ Ferguson,Powerplay,420,387,57,12
BBL,CJ Green,Death,616,438,66,43
BBL,CJ Green,Middle,215,195,16,9
BBL,CJ Jordan,Death,256,198,29,17
BBL,CJ Jordan,Middle,84,100,7,8
BBL,CJ McKay,Death,77,65,7,5
BBL,CJ Simmons,Middle,170,102,23,4
BBL,CJ Simmons,Powerplay,275,239,41,14
BBL,CL White,Death,243,178,28,15
BBL,CL White,Middle,858,708,77,25
BBL,CL White,Powerplay,467,502,61,18
BBL,CP Jewell,Middle,417,350,41,30
BBL,CP Jewell,Powerplay,720,588,106,25
BBL,CP Tremain,Death,70,60,8,4
BBL,CT Bancroft,Death,363,237,36,8
BBL,CT Bancroft,Middle,902,754,75,29
BBL,CT Bancroft,Powerplay,765,728,88,24
BBL,DA Miller,Middle,109,93,8,5
BBL,DA Warner,Death,195,105,25,2
BBL,DA Warner,Middle,436,322,51,9
BBL,DA Warner,Powerplay,508,395,68,11
BBL,DJ Bravo,Death,280,195,31,17
BBL,DJ Bravo,Middle,356,286,36,7
BBL,DJ Harris,Powerplay,198,194,25,9
BBL,DJ Hussey,Death,173,126,18,9
BBL,DJ Hussey,Middle,523,409,55,14
BBL,DJ Malan,Middle,163,137,19,6
BBL,DJ Malan,Powerplay,70,81,7,2
BBL,DJ Willey,Middle,104,95,11,7
BBL,DJ Willey,Powerplay,80,90,8,4
BBL,DJ Worrall,Death,92,83,8,8
BBL,DJG Sammy,Death,118,71,14,2
BBL,DJM Short,Death,389,220,52,14
BBL,DJM Short,Middle,1343,1051,151,39
BBL,DJM Short,Powerplay,1406,1197,209,39
BBL,DP Hughes,Death,298,209,32,12
BBL,DP Hughes,Middle,1115,897,111,42
BBL,DP Hughes,Powerplay,1080,980,146,36
BBL,DPMD Jayawardene,Middle,77,71,7,3
BBL,DPMD Jayawardene,Powerplay,113,88,17,3
BBL,DR Sams,Death,579,376,76,45
BBL,DR Sams,Middle,364,299,40,20
BBL,DT Christian,Death,1037,640,135,42
BBL,DT Christian,Middle,936,807,91,38
BBL,DT Christian,Powerplay,92,140,12,9
BBL,DW Lawrence,Middle,81,89,7,7
BBL,DW Lawrence,Powerplay,129,90,20,4
BBL,EJG Morgan,Middle,215,185,23,6
BBL,EP Gulbis,Death,187,140,22,14
BBL,EP Gulbis,Middle,126,111,15,5
BBL,F du Plessis,Powerplay,118,89,20,5
BBL,FH Allen,Middle,282,135,41,6
BBL,FH Allen,Powerplay,364,232,54,13
BBL,GJ Bailey,Death,502,286,70,22
BBL,GJ Bailey,Middle,845,672,76,19
BBL,GJ Bailey,Powerplay,227,228,29,7
BBL,GJ Maxwell,Death,717,379,107,26
BBL,GJ Maxwell,Middle,2017,1439,240,51
BBL,GJ Maxwell,Powerplay,462,336,65,15
BBL,GS Sandhu,Death,151,145,13,9
BBL,H Kerr,Death,174,144,12,15
BBL,H Kerr,Middle,199,166,20,5
BBL,HD Weibgen,Middle,112,118,8,6
BBL,HH Gibbs,Middle,180,134,22,6
BBL,HH Gibbs,Powerplay,296,213,49,7
BBL,HJ Hunt,Powerplay,98,99,12,5
BBL,HJ Nielsen,Death,218,161,24,12
BBL,HJ Nielsen,Middle,206,205,20,11
BBL,HWR Cartwright,Death,708,465,90,29
BBL,HWR Cartwright,Middle,1016,897,105,33
BBL,HWR Cartwright,Powerplay,313,310,42,11
BBL,Hassan Khan,Death,105,64,12,5
BBL,Hassan Khan,Middle,71,67,7,5
BBL,IA Cockbain,Middle,173,112,22,2
BBL,IR Bell,Middle,157,127,14,4
BBL,J Avendano,Middle,69,68,5,6
BBL,J Avendano,Powerplay,119,125,18,8
BBL,J Botha,Death,359,224,42,16
BBL,J Botha,Middle,202,228,14,12
BBL,J Brown,Middle,300,170,45,11
BBL,J Brown,Powerplay,750,574,119,28
BBL,J Edwards,Death,142,99,19,13
BBL,J Edwards,Middle,236,201,26,13
BBL,J Edwards,Powerplay,318,290,40,18
BBL,J Fraser-McGurk,Death,84,70,7,5
BBL,J Fraser-McGurk,Middle,443,329,52,26
BBL,J Fraser-McGurk,Powerplay,360,304,47,16
BBL,J Overton,Death,273,168,32,8
BBL,J Overton,Middle,93,101,8,4
BBL,J Weatherald,Death,162,89,25,6
BBL,J Weatherald,Middle,902,653,111,27
BBL,J Weatherald,Powerplay,1112,968,165,47
BBL,JA Burns,Death,198,139,24,9
BBL,JA Burns,Middle,829,672,78,32
BBL,JA Burns,Powerplay,259,285,34,11
BBL,JA Davies,Death,103,61,16,6
BBL,JA Davies,Middle,86,67,11,5
BBL,JA Prestwidge,Middle,87,76,10,3
BBL,JA Richardson,Death,253,192,28,14
BBL,JA Richardson,Middle,63,74,5,6
BBL,JC Buttler,Middle,275,196,29,7
BBL,JC Buttler,Powerplay,256,206,39,7
BBL,JC Silk,Death,1117,729,123,39
BBL,JC Silk,Middle,1198,1141,86,32
BBL,JC Silk,Powerplay,114,127,14,5
BBL,JD Wildermuth,Death,226,156,25,19
BBL,JD Wildermuth,Middle,144,131,13,6
BBL,JD Wildermuth,Powerplay,142,113,19,11
BBL,JE Root,Middle,79,73,8,6
BBL,JG Bethell,Middle,97,81,11,4
BBL,JH Kallis,Middle,126,99,14,3
BBL,JH Kallis,Powerplay,163,154,22,6
BBL,JJ Bazley,Death,279,229,31,23
BBL,JJ Bazley,Middle,162,122,20,6
BBL,JJ Peirson,Death,633,410,82,27
BBL,JJ Peirson,Middle,808,785,59,34
BBL,JJ Peirson,Powerplay,473,412,69,26
BBL,JJ Roy,Middle,107,96,13,7
BBL,JJ Roy,Powerplay,408,307,63,15
BBL,JJS Sangha,Death,126,78,19,6
BBL,JJS Sangha,Middle,500,460,40,18
BBL,JJS Sangha,Powerplay,256,225,32,8
BBL,JK Lalor,Death,79,92,7,13
BBL,JL Denly,Middle,243,217,23,9
BBL,JL Denly,Powerplay,247,236,34,10
BBL,JL Pattinson,Death,73,60,7,10
BBL,JM Bird,Death,83,98,5,10
BBL,JM Clarke,Middle,400,278,43,17
BBL,JM Clarke,Powerplay,643,525,86,20
BBL,JM Vince,Death,163,100,17,8
BBL,JM Vince,Middle,997,734,116,32
BBL,JM Vince,Powerplay,1002,857,134,26
BBL,JP Behrendorff,Death,92,93,6,7
BBL,JP Faulkner,Death,331,304,24,18
BBL,JP Faulkner,Middle,173,181,8,5
BBL,JP Inglis,Death,289,163,46,13
BBL,JP Inglis,Middle,962,720,105,24
BBL,JP Inglis,Powerplay,636,512,87,27
BBL,JR Dean,Middle,124,103,14,4
BBL,JR Dean,Powerplay,126,102,19,8
BBL,JR Hopes,Death,124,94,13,8
BBL,JR Philippe,Death,229,129,30,7
BBL,JR Philippe,Middle,1087,743,123,40
BBL,JR Philippe,Powerplay,1429,1183,192,50
BBL,JS Floros,Death,105,90,14,6
BBL,JS Floros,Middle,75,92,4,5
BBL,JS Lehmann,Death,154,126,19,14
BBL,JS Lehmann,Middle,127,144,9,7
BBL,JS Paris,Death,59,62,5,8
BBL,JW Hastings,Death,148,114,16,11
BBL,JW Wells,Death,1121,761,128,35
BBL,JW Wells,Middle,1546,1432,128,43
BBL,JW Wells,Powerplay,268,277,32,6
BBL,KA Pollard,Death,233,130,30,10
BBL,KA Pollard,Middle,134,124,15,6
BBL,KC Sangakkara,Middle,96,72,9,5
BBL,KC Sangakkara,Powerplay,58,67,6,7
BBL,KP Pietersen,Death,117,76,13,9
BBL,KP Pietersen,Middle,616,473,67,8
BBL,KP Pietersen,Powerplay,293,232,44,9
BBL,KR Patterson,Middle,447,394,38,26
BBL,KR Patterson,Powerplay,776,649,97,24
BBL,KW Richardson,Death,218,201,20,18
BBL,KW Richardson,Middle,114,96,14,5
BBL,L Gregory,Middle,84,74,10,7
BBL,L Scott,Death,110,65,13,4
BBL,L Scott,Middle,234,191,26,7
BBL,L Shaw,Middle,88,73,10,4
BBL,LA Pomersbach,Middle,155,128,19,7
BBL,LA Pomersbach,Powerplay,266,225,42,6
BBL,LJ Evans,Death,324,186,43,11
BBL,LJ Evans,Middle,490,339,62,14
BBL,LJ Wright,Death,107,85,13,3
BBL,LJ Wright,Middle,460,357,53,20
BBL,LJ Wright,Powerplay,822,654,127,23
BBL,LMP Simmons,Powerplay,101,90,18,3
BBL,LS Livingstone,Middle,347,244,37,14
BBL,LS Livingstone,Powerplay,504,391,70,12
BBL,M Bryant,Death,418,232,61,15
BBL,M Bryant,Middle,558,435,61,28
BBL,M Bryant,Powerplay,763,609,123,30
BBL,M Gilkes,Death,129,99,14,6
BBL,M Gilkes,Middle,383,312,38,18
BBL,M Gilkes,Powerplay,619,535,93,31
BBL,M Klinger,Death,196,115,24,9
BBL,M Klinger,Middle,645,559,55,17
BBL,M Klinger,Powerplay,896,840,122,35
BBL,M Labuschagne,Death,139,97,15,11
BBL,M Labuschagne,Middle,334,267,27,10
BBL,M Labuschagne,Powerplay,170,184,23,7
BBL,M Wright,Death,99,82,11,8
BBL,M Wright,Middle,283,227,30,6
BBL,M Wright,Powerplay,118,112,15,4
BBL,MA Carberry,Middle,254,176,34,6
BBL,MA Carberry,Powerplay,45,68,6,1
BBL,MC Henriques,Death,563,366,66,24
BBL,MC Henriques,Middle,2302,1791,233,75
BBL,MC Henriques,Powerplay,457,484,44,15
BBL,MEK Hussey,Death,173,104,22,10
BBL,MEK Hussey,Middle,370,283,35,5
BBL,MEK Hussey,Powerplay,128,138,15,4
BBL,MG Neser,Death,488,348,60,39
BBL,MG Neser,Middle,195,193,19,5
BBL,MH Wessels,Middle,125,107,12,6
BBL,MH Wessels,Powerplay,80,78,13,2
BBL,MJ Guptill,Powerplay,143,152,16,7
BBL,MJ Lumb,Middle,285,229,27,12
BBL,MJ Lumb,Powerplay,621,530,91,25
BBL,MJ North,Middle,217,212,17,8
BBL,MJ North,Powerplay,130,133,17,3
BBL,MJ Owen,Middle,136,88,17,4
BBL,MJ Owen,Powerplay,495,250,82,17
BBL,MJ Swepson,Death,103,96,13,19
BBL,MJJ Critchley,Middle,86,83,8,3
BBL,ML Hayden,Powerplay,87,65,15,2
BBL,MP Kuhnemann,Death,74,77,9,5
BBL,MP Stoinis,Death,671,375,85,15
BBL,MP Stoinis,Middle,1473,1139,165,47
BBL,MP Stoinis,Powerplay,1074,962,153,31
BBL,MR Marsh,Death,720,386,96,20
BBL,MR Marsh,Middle,1072,910,100,26
BBL,MR Marsh,Powerplay,395,370,57,13
BBL,MS Harris,Middle,286,235,27,19
BBL,MS Harris,Powerplay,719,631,107,30
BBL,MS Wade,Death,405,256,45,18
BBL,MS Wade,Middle,1297,932,140,43
BBL,MS Wade,Powerplay,1244,959,168,36
BBL,MT Renshaw,Death,323,210,35,16
BBL,MT Renshaw,Middle,1256,928,135,45
BBL,MT Renshaw,Powerplay,545,481,66,14
BBL,MT Steketee,Death,136,122,14,21
BBL,MT Steketee,Middle,63,83,6,5
BBL,MW Harvey,Death,151,92,20,8
BBL,MW Harvey,Middle,321,322,30,19
BBL,MW Harvey,Powerplay,293,261,38,14
BBL,MW Hill,Middle,125,100,12,5
BBL,MW Hill,Powerplay,115,101,16,2
BBL,MW Short,Death,258,181,29,16
BBL,MW Short,Middle,942,697,98,30
BBL,MW Short,Powerplay,1266,925,174,36
BBL,Mohammad Nabi,Death,221,145,25,12
BBL,Mohammad Nabi,Middle,422,378,44,17
BBL,Mohammad Rizwan,Middle,96,97,10,7
BBL,Mohammad Rizwan,Powerplay,81,75,10,1
BBL,N McAndrew,Death,275,179,39,16
BBL,NA McSweeney,Death,130,65,22,3
BBL,NA McSweeney,Middle,429,383,40,19
BBL,NA McSweeney,Powerplay,271,269,30,5
BBL,NCR Larkin,Death,281,200,33,8
BBL,NCR Larkin,Middle,607,485,71,17
BBL,NCR Larkin,Powerplay,181,228,20,9
BBL,NJ Maddinson,Death,283,189,39,16
BBL,NJ Maddinson,Middle,986,826,102,46
BBL,NJ Maddinson,Powerplay,889,759,141,38
BBL,NJ Reardon,Death,336,211,40,14
BBL,NJ Reardon,Middle,366,348,36,14
BBL,NJ Rimmington,Death,76,72,5,8
BBL,NM Coulter-Nile,Death,225,174,29,17
BBL,NM Coulter-Nile,Middle,79,72,8,10
BBL,NR Hobson,Death,245,155,30,10
BBL,NR Hobson,Middle,245,206,30,9
BBL,NR Hobson,Powerplay,64,72,6,5
BBL,NT Ellis,Death,280,226,33,20
BBL,NT Ellis,Middle,95,75,12,6
BBL,Nikhil Chaudhary,Death,122,79,17,9
BBL,Nikhil Chaudhary,Middle,447,328,55,15
BBL,Nikhil Chaudhary,Powerplay,124,96,13,2
BBL,O Davies,Death,133,84,17,7
BBL,O Davies,Middle,581,466,60,27
BBL,O Davies,Powerplay,122,119,14,6
BBL,OA Shah,Death,145,101,20,5
BBL,OA Shah,Middle,181,166,16,3
BBL,OJ Peake,Middle,100,86,12,3
BBL,OJ Pope,Middle,144,113,14,3
BBL,PA Jaques,Middle,86,76,8,2
BBL,PA Jaques,Powerplay,71,73,5,2
BBL,PD Salt,Middle,249,158,31,8
BBL,PD Salt,Powerplay,402,296,62,18
BBL,PG Dooley,Death,54,64,7,3
BBL,PI Walter,Death,88,61,13,8
BBL,PI Walter,Middle,78,76,9,4
BBL,PJ Cummins,Death,113,87,12,6
BBL,PJ Forrest,Middle,252,243,21,8
BBL,PJ Forrest,Powerplay,160,168,19,4
BBL,PJ Hughes,Middle,97,77,11,5
BBL,PJ Hughes,Powerplay,70,71,10,1
BBL,PM Nevill,Death,130,113,11,11
BBL,PM Nevill,Middle,136,156,10,5
BBL,PM Siddle,Death,80,89,9,10
BBL,PSP Handscomb,Death,330,220,33,12
BBL,PSP Handscomb,Middle,623,553,53,28
BBL,PSP Handscomb,Powerplay,306,309,43,13
BBL,Q de Kock,Powerplay,98,80,16,4
BBL,Qais Ahmad,Death,67,66,7,8
BBL,RGL Carters,Death,155,126,14,10
BBL,RGL Carters,Middle,113,143,6,6
BBL,RJ Gibson,Death,99,81,11,8
BBL,RJ Gibson,Middle,106,110,7,7
BBL,RJ Gibson,Powerplay,80,90,10,3
BBL,RJ Quiney,Death,104,72,11,7
BBL,RJ Quiney,Middle,301,220,32,8
BBL,RJ Quiney,Powerplay,343,287,56,12
BBL,RR Rossouw,Middle,142,118,17,7
BBL,RR Rossouw,Powerplay,84,66,12,5
BBL,Rashid Khan,Death,343,227,47,32
BBL,S Fanning,Powerplay,106,73,16,1
BBL,S Konstas,Middle,81,92,8,6
BBL,S Konstas,Powerplay,187,141,28,7
BBL,S Milenko,Death,189,134,25,9
BBL,S Milenko,Middle,113,106,10,8
BBL,SA Abbott,Death,425,312,42,35
BBL,SA Abbott,Middle,182,232,17,18
BBL,SB Harper,Death,121,89,16,10
BBL,SB Harper,Middle,824,635,82,31
BBL,SB Harper,Powerplay,1059,808,149,46
BBL,SD Heazlett,Middle,361,315,28,22
BBL,SD Heazlett,Powerplay,388,331,59,21
BBL,SE Gotch,Death,89,78,9,12
BBL,SE Gotch,Middle,215,230,14,7
BBL,SE Gotch,Powerplay,73,75,10,3
BBL,SE Marsh,Death,294,165,38,11
BBL,SE Marsh,Middle,1414,1016,154,35
BBL,SE Marsh,Powerplay,1094,1027,152,20
BBL,SM Boland,Death,67,82,6,6
BBL,SM Katich,Middle,151,124,13,3
BBL,SM Katich,Powerplay,157,127,24,6
BBL,SM Whiteman,Middle,212,202,15,16
BBL,SM Whiteman,Powerplay,362,317,53,17
BBL,SNJ O'Keefe,Death,149,137,15,16
BBL,SNJ O'Keefe,Middle,125,124,11,3
BBL,SPD Smith,Death,246,134,32,9
BBL,SPD Smith,Middle,812,588,85,16
BBL,SPD Smith,Powerplay,427,293,59,4
BBL,SR Hain,Death,119,68,18,3
BBL,SR Hain,Middle,135,144,7,4
BBL,SR Watson,Middle,539,395,67,17
BBL,SR Watson,Powerplay,404,332,62,14
BBL,SS Eskinazi,Powerplay,191,170,27,9
BBL,SW Billings,Death,365,213,53,19
BBL,SW Billings,Middle,1096,833,123,35
BBL,SW Billings,Powerplay,173,176,21,4
BBL,Shadab Khan,Middle,113,112,8,7
BBL,Shoaib Malik,Middle,87,71,8,3
BBL,T Banton,Powerplay,229,136,37,8
BBL,T Kelly,Death,166,128,16,11
BBL,T Kelly,Middle,217,193,18,7
BBL,TD Paine,Middle,361,305,34,10
BBL,TD Paine,Powerplay,514,450,71,22
BBL,TF Rogers,Middle,168,157,15,12
BBL,TF Rogers,Powerplay,599,487,87,26
BBL,TH David,Death,705,431,87,26
BBL,TH David,Middle,692,500,87,18
BBL,TIF Triffitt,Death,110,77,13,8
BBL,TIF Triffitt,Middle,63,64,7,4
BBL,TK Curran,Death,367,227,53,16
BBL,TK Curran,Middle,124,120,14,7
BBL,TL Seifert,Middle,216,163,25,7
BBL,TL Seifert,Powerplay,239,179,36,8
BBL,TLW Cooper,Death,351,237,43,18
BBL,TLW Cooper,Middle,752,701,78,36
BBL,TLW Cooper,Powerplay,289,203,44,11
BBL,TM Beaton,Death,124,77,13,3
BBL,TM Head,Death,245,142,26,7
BBL,TM Head,Middle,851,636,97,30
BBL,TM Head,Powerplay,298,309,37,12
BBL,TP Ludeman,Middle,323,269,35,11
BBL,TP Ludeman,Powerplay,536,449,73,19
BBL,TP Ward,Powerplay,144,116,21,6
BBL,TR Birt,Death,92,60,14,6
BBL,TR Birt,Middle,346,248,41,11
BBL,TR Birt,Powerplay,134,100,20,3
BBL,TS Rogers,Death,191,159,22,9
BBL,TS Rogers,Middle,69,75,5,4
BBL,UT Khawaja,Death,126,79,19,8
BBL,UT Khawaja,Middle,758,627,76,27
BBL,UT Khawaja,Powerplay,1239,960,195,30
BBL,W Sutherland,Death,448,329,47,30
BBL,W Sutherland,Middle,300,256,29,11
BBL,WA Agar,Death,73,73,7,11
BBL,XC Bartlett,Death,194,148,23,9
BBL,XC Bartlett,Middle,94,98,11,8
BBL,Z Crawley,Middle,146,142,14,3
BBL,Z Crawley,Powerplay,137,145,19,7
CPL,A Athanaze,Middle,295,280,31,9
CPL,A Athanaze,Powerplay,115,124,16,5
CPL,AA Jangoo,Middle,228,251,18,11
CPL,AA Jangoo,Powerplay,219,241,29,7
CPL,AB Barath,Powerplay,86,99,12,1
CPL,AB Fudadin,Middle,115,108,9,4
CPL,AB Fudadin,Powerplay,49,60,6,1
CPL,AB de Villiers,Middle,103,83,12,0
CPL,AC Voges,Middle,79,106,5,4
CPL,AD Hales,Middle,302,235,35,13
CPL,AD Hales,Powerplay,534,437,82,20
CPL,AD Russell,Death,1311,717,204,45
CPL,AD Russell,Middle,775,600,110,30
CPL,ADS Fletcher,Death,312,178,39,13
CPL,ADS Fletcher,Middle,1159,1111,97,44
CPL,ADS Fletcher,Powerplay,2102,1698,326,59
CPL,AGS Gous,Middle,131,100,13,2
CPL,AGS Gous,Powerplay,134,111,22,4
CPL,AJ Hose,Middle,51,60,4,3
CPL,AJ Hosein,Death,249,204,28,12
CPL,AJ Hosein,Middle,125,138,13,9
CPL,AM McCarthy,Middle,214,201,24,10
CPL,AP Devcich,Middle,128,97,18,5
CPL,AR Nurse,Death,301,271,32,17
CPL,AR Nurse,Middle,126,113,16,6
CPL,AS Joseph,Death,203,187,23,15
CPL,AS Joseph,Middle,70,83,8,4
CPL,AWJ Auguste,Middle,248,198,28,12
CPL,AWJ Auguste,Powerplay,207,155,32,10
CPL,Ahmed Shehzad,Powerplay,115,122,16,9
CPL,Asif Ali,Middle,80,83,7,9
CPL,Azam Khan,Death,247,133,40,10
CPL,Azam Khan,Middle,393,365,49,17
CPL,Azam Khan,Powerplay,114,92,18,6
CPL,BA King,Death,298,167,40,9
CPL,BA King,Middle,886,638,117,25
CPL,BA King,Powerplay,1129,1038,185,45
CPL,BB McCullum,Death,116,60,18,5
CPL,BB McCullum,Middle,372,268,44,6
CPL,BB McCullum,Powerplay,348,263,55,17
CPL,BCJ Cutting,Death,88,66,9,4
CPL,BJ Hodge,Middle,210,181,22,9
CPL,BR Dunk,Middle,137,135,10,12
CPL,BR Dunk,Powerplay,133,128,18,3
CPL,BR McDermott,Powerplay,215,164,35,9
CPL,C Bosch,Death,102,64,15,7
CPL,C Bosch,Middle,150,170,10,4
CPL,C Hemraj,Middle,287,234,35,17
CPL,C Hemraj,Powerplay,613,570,92,26
CPL,C Munro,Death,275,184,39,9
CPL,C Munro,Middle,1312,1067,144,39
CPL,C Munro,Powerplay,1502,1162,243,41
CPL,C de Grandhomme,Middle,153,114,18,7
CPL,CA Ingram,Middle,105,106,9,6
CPL,CA Ingram,Powerplay,93,81,15,3
CPL,CA Lynn,Middle,294,257,28,10
CPL,CA Lynn,Powerplay,391,306,64,19
CPL,CAK Walton,Death,119,85,14,12
CPL,CAK Walton,Middle,817,620,95,22
CPL,CAK Walton,Powerplay,1054,1047,157,45
CPL,CD Barnwell,Death,330,222,40,18
CPL,CD Barnwell,Middle,175,206,13,10
CPL,CH Gayle,Death,241,132,31,6
CPL,CH Gayle,Middle,894,676,104,21
CPL,CH Gayle,Powerplay,1273,1130,211,40
CPL,CJ Green,Death,437,280,55,28
CPL,CJ Green,Middle,149,167,10,8
CPL,CR Brathwaite,Death,510,346,68,33
CPL,CR Brathwaite,Middle,313,299,34,16
CPL,CS Delport,Middle,146,117,16,7
CPL,CS Delport,Powerplay,179,163,32,9
CPL,D Pretorius,Death,320,199,41,17
CPL,D Pretorius,Middle,117,145,9,7
CPL,D Ramdin,Death,426,304,50,21
CPL,D Ramdin,Middle,860,833,75,27
CPL,D Ramdin,Powerplay,279,266,41,6
CPL,D Wiese,Death,294,197,39,13
CPL,D Wiese,Middle,135,133,13,9
CPL,DA Miller,Death,345,198,49,10
CPL,DA Miller,Middle,333,266,39,6
CPL,DA Warner,Middle,112,100,11,4
CPL,DA Warner,Powerplay,84,88,9,3
CPL,DC Drakes,Death,237,183,33,11
CPL,DC Drakes,Middle,57,65,5,2
CPL,DC Thomas,Death,282,159,38,15
CPL,DC Thomas,Middle,543,516,61,29
CPL,DC Thomas,Powerplay,271,298,42,13
CPL,DJ Bravo,Death,663,423,90,35
CPL,DJ Bravo,Middle,467,493,45,16
CPL,DJ Hussey,Middle,77,63,8,2
CPL,DJG Sammy,Death,545,393,68,30
CPL,DJG Sammy,Middle,313,325,34,14
CPL,DM Bravo,Death,551,342,74,20
CPL,DM Bravo,Middle,1270,1225,133,43
CPL,DM Bravo,Powerplay,212,284,29,8
CPL,DP Hyatt,Middle,141,183,13,6
CPL,DP Hyatt,Powerplay,33,64,3,4
CPL,DR Smith,Death,173,96,25,4
CPL,DR Smith,Middle,541,452,64,23
CPL,DR Smith,Powerplay,852,786,133,27
CPL,DS Smith,Middle,73,63,11,3
CPL,E Lewis,Middle,1128,725,151,37
CPL,E Lewis,Powerplay,1687,1375,270,63
CPL,EMDY Munaweera,Powerplay,143,141,22,4
CPL,F du Plessis,Middle,484,374,48,17
CPL,F du Plessis,Powerplay,717,509,109,16
CPL,FA Allen,Death,732,472,101,34
CPL,FA Allen,Middle,276,265,31,11
CPL,Fakhar Zaman,Powerplay,121,81,19,2
CPL,G Motie,Death,102,83,12,5
CPL,G Motie,Middle,45,70,3,7
CPL,G Singh,Middle,76,91,6,3
CPL,GC Viljoen,Middle,84,77,9,2
CPL,GD Phillips,Death,208,108,28,6
CPL,GD Phillips,Middle,699,564,79,26
CPL,GD Phillips,Powerplay,817,684,122,20
CPL,GH Worker,Middle,69,67,6,5
CPL,H Davids,Middle,125,122,12,6
CPL,HE van der Dussen,Middle,104,104,8,5
CPL,HM Amla,Middle,215,185,17,5
CPL,HM Amla,Powerplay,192,192,22,7
CPL,HR Walsh,Death,105,101,11,7
CPL,Hassan Khan,Middle,76,72,8,9
CPL,Hassan Nawaz,Middle,123,110,16,4
CPL,Imad Wasim,Death,537,374,73,26
CPL,Imad Wasim,Middle,381,401,33,6
CPL,Imran Tahir,Death,73,74,7,9
CPL,J Andrew,Middle,168,167,15,9
CPL,J Andrew,Powerplay,147,124,22,3
CPL,J Blackwood,Middle,241,276,20,17
CPL,J Blackwood,Powerplay,98,121,13,3
CPL,J Charles,Middle,1282,994,157,54
CPL,J Charles,Powerplay,2339,1853,360,69
CPL,J Da Silva,Death,100,74,11,3
CPL,J Da Silva,Middle,245,236,26,8
CPL,J Da Silva,Powerplay,134,141,15,4
CPL,JD Campbell,Middle,90,81,12,5
CPL,JDS Neesham,Middle,92,103,6,6
CPL,JE Taylor,Death,83,77,10,5
CPL,JEC Franklin,Death,118,72,15,3
CPL,JEC Franklin,Middle,85,87,7,1
CPL,JH Kallis,Middle,79,83,6,5
CPL,JH Kallis,Powerplay,204,174,34,5
CPL,JJ Roy,Powerplay,106,92,16,5
CPL,JL Carter,Death,203,135,26,10
CPL,JL Carter,Middle,395,417,37,23
CPL,JL Carter,Powerplay,127,152,17,5
CPL,JN Hamilton,Middle,43,68,3,5
CPL,JN Mohammed,Death,253,192,27,11
CPL,JN Mohammed,Middle,480,513,44,19
CPL,JN Mohammed,Powerplay,78,99,11,1
CPL,JO Holder,Death,647,419,79,33
CPL,JO Holder,Middle,725,637,84,39
CPL,JO Holder,Powerplay,184,164,28,3
CPL,JP Duminy,Death,129,64,18,6
CPL,JP Duminy,Middle,131,131,9,4
CPL,JP Greaves,Death,51,61,5,3
CPL,JP Greaves,Middle,144,150,11,7
CPL,JP Greaves,Powerplay,227,177,37,7
CPL,JPR Scantlebury-Searles,Death,142,107,22,11
CPL,JU Goolie,Death,81,69,10,5
CPL,JU Goolie,Middle,56,81,4,5
CPL,K Alleyne,Middle,128,102,14,11
CPL,K Alleyne,Powerplay,205,146,30,6
CPL,K Gore,Middle,85,79,7,4
CPL,K Gore,Powerplay,170,136,25,8
CPL,K Lesporis,Middle,63,60,7,3
CPL,K Lewis,Middle,169,150,18,6
CPL,K Lewis,Powerplay,380,316,61,22
CPL,K Pooran,Powerplay,185,111,34,4
CPL,K Santokie,Death,88,88,10,9
CPL,KA Anderson,Middle,88,80,5,3
CPL,KA Pollard,Death,1742,947,252,56
CPL,KA Pollard,Middle,1477,1299,165,31
CPL,KA Pollard,Powerplay,76,78,13,5
CPL,KC Sangakkara,Death,97,65,12,4
CPL,KC Sangakkara,Middle,398,334,40,11
CPL,KC Sangakkara,Powerplay,235,177,41,4
CPL,KHM James,Middle,69,63,7,7
CPL,KHM James,Powerplay,97,80,17,3
CPL,KIC Asalanka,Middle,71,68,6,2
CPL,KJ Cottoy,Death,83,66,10,2
CPL,KJ O'Brien,Middle,159,112,18,2
CPL,KJ O'Brien,Powerplay,173,160,23,9
CPL,KK Cooper,Death,238,173,29,15
CPL,KMA Paul,Death,567,367,72,27
CPL,KMA Paul,Middle,268,301,25,12
CPL,KO Wickham,Middle,111,104,8,5
CPL,KO Wickham,Powerplay,62,67,9,3
CPL,KOA Powell,Middle,42,67,2,4
CPL,KOA Powell,Powerplay,155,131,22,5
CPL,KP Pietersen,Middle,196,152,20,6
CPL,KP Pietersen,Powerplay,87,80,13,2
CPL,KR Mayers,Death,255,190,30,19
CPL,KR Mayers,Middle,603,550,68,34
CPL,KR Mayers,Powerplay,803,629,139,30
CPL,KS Williamson,Middle,89,91,6,4
CPL,KS Williamson,Powerplay,75,99,9,5
CPL,KSA McKenzie,Middle,61,76,4,6
CPL,KSA McKenzie,Powerplay,242,241,38,14
CPL,KU Carty,Death,183,122,26,9
CPL,KU Carty,Middle,425,378,43,13
CPL,KU Carty,Powerplay,118,153,7,6
CPL,Kamran Akmal,Middle,134,122,15,5
CPL,Kamran Akmal,Powerplay,74,75,11,6
CPL,L Ronchi,Middle,141,106,13,3
CPL,L Ronchi,Powerplay,267,181,42,9
CPL,L Tucker,Middle,112,102,11,2
CPL,LJ Evans,Middle,226,170,30,9
CPL,LJ Evans,Powerplay,168,155,29,4
CPL,LMP Simmons,Death,206,124,27,7
CPL,LMP Simmons,Middle,1042,875,112,34
CPL,LMP Simmons,Powerplay,1297,1213,200,37
CPL,LRPL Taylor,Death,199,145,26,5
CPL,LRPL Taylor,Middle,460,486,33,14
CPL,LRPL Taylor,Powerplay,228,246,27,9
CPL,M Deyal,Middle,255,228,32,16
CPL,M Deyal,Powerplay,412,294,66,17
CPL,M Dindyal,Powerplay,109,94,17,6
CPL,M Louis,Middle,92,93,10,6
CPL,MD Shanaka,Death,181,84,29,3
CPL,MD Shanaka,Middle,100,71,13,2
CPL,MEK Hussey,Middle,68,76,5,3
CPL,MJ Guptill,Death,151,91,15,7
CPL,MJ Guptill,Middle,527,484,49,12
CPL,MJ Guptill,Powerplay,756,720,100,27
CPL,MJ Santner,Death,72,61,7,3
CPL,MJ Santner,Middle,73,68,7,0
CPL,MM Ali,Death,159,104,22,6
CPL,MM Ali,Middle,192,186,19,9
CPL,MM Ali,Powerplay,60,83,7,6
CPL,MN Samuels,Death,168,106,25,7
CPL,MN Samuels,Middle,519,464,52,15
CPL,MN Samuels,Powerplay,170,151,29,4
CPL,MW Forde,Death,95,67,14,9
CPL,Maaz Sadaqat,Middle,88,60,9,3
CPL,Maaz Sadaqat,Powerplay,120,76,18,2
CPL,Mahmudullah,Middle,77,61,8,3
CPL,Misbah-ul-Haq,Middle,95,106,6,7
CPL,Mohammad Hafeez,Death,111,67,13,5
CPL,Mohammad Hafeez,Middle,395,392,36,20
CPL,Mohammad Hafeez,Powerplay,245,296,33,8
CPL,Mohammad Nabi,Death,203,115,30,7
CPL,Mohammad Nabi,Middle,140,147,12,8
CPL,Mohammad Rizwan,Middle,112,94,12,2
CPL,N Bidaisee,Death,95,69,13,5
CPL,N Bidaisee,Middle,48,76,2,3
CPL,N Pooran,Death,836,468,120,33
CPL,N Pooran,Middle,1618,1217,193,48
CPL,N Pooran,Powerplay,663,487,111,21
CPL,NE Bonner,Middle,183,224,15,9
CPL,NE Bonner,Powerplay,120,146,14,3
CPL,NRJ Young,Death,81,66,9,7
CPL,NRJ Young,Middle,55,79,4,4
CPL,Najibullah Zadran,Middle,229,214,27,8
CPL,Naveen-ul-Haq,Death,59,62,5,4
CPL,O Peters,Middle,112,95,12,3
CPL,OA Shah,Middle,68,71,7,3
CPL,OC McCoy,Death,66,67,10,6
CPL,OF Smith,Death,242,194,32,7
CPL,OF Smith,Middle,161,136,23,12
CPL,OF Smith,Powerplay,59,65,9,3
CPL,PBB Rajapaksa,Middle,153,114,18,5
CPL,PBB Rajapaksa,Powerplay,92,63,17,2
CPL,Q Sampson,Death,155,91,23,2
CPL,Q Sampson,Middle,133,79,18,6
CPL,Q Sampson,Powerplay,65,60,11,1
CPL,Q de Kock,Death,187,111,27,4
CPL,Q de Kock,Middle,556,425,62,12
CPL,Q de Kock,Powerplay,531,401,75,16
CPL,Qais Ahmad,Middle,58,62,7,4
CPL,R Powell,Death,776,443,112,25
CPL,R Powell,Middle,1157,1015,133,42
CPL,R Powell,Powerplay,179,209,23,11
CPL,R Shepherd,Death,632,364,89,23
CPL,R Shepherd,Middle,204,178,28,13
CPL,RA Clarke,Middle,112,130,12,4
CPL,RA Lewis,Death,85,64,9,3
CPL,RA Reifer,Death,404,302,47,25
CPL,RA Reifer,Middle,405,417,40,14
CPL,RA Reifer,Powerplay,56,86,8,3
CPL,RL Chase,Death,379,273,45,18
CPL,RL Chase,Middle,949,774,111,25
CPL,RL Chase,Powerplay,224,211,31,10
CPL,RR Emrit,Death,235,181,25,14
CPL,RR Hendricks,Powerplay,97,70,13,1
CPL,RR Rossouw,Middle,138,130,16,8
CPL,RR Sarwan,Middle,55,73,2,2
CPL,RRS Cornwall,Death,119,88,12,8
CPL,RRS Cornwall,Middle,314,191,45,12
CPL,RRS Cornwall,Powerplay,1088,769,192,58
CPL,RS Primus,Death,337,257,41,17
CPL,RS Primus,Middle,83,103,7,2
CPL,Rahmanullah Gurbaz,Middle,142,102,15,8
CPL,Rahmanullah Gurbaz,Powerplay,395,246,62,10
CPL,Rashid Khan,Death,72,61,10,7
CPL,S Badree,Death,68,69,4,3
CPL,S Descarte,Middle,150,127,20,5
CPL,SD Hope,Death,366,223,49,20
CPL,SD Hope,Middle,1353,1179,126,38
CPL,SD Hope,Powerplay,810,677,112,18
CPL,SD Parris,Middle,104,107,9,8
CPL,SD Parris,Powerplay,97,99,13,3
CPL,SE Rutherford,Death,504,284,71,23
CPL,SE Rutherford,Middle,790,721,89,32
CPL,SE Rutherford,Powerplay,76,71,13,1
CPL,SK Springer,Death,161,117,20,8
CPL,SK Springer,Middle,125,162,9,9
CPL,SO Dowrich,Powerplay,91,83,14,5
CPL,SO Hetmyer,Death,429,232,66,19
CPL,SO Hetmyer,Middle,1633,1183,186,49
CPL,SO Hetmyer,Powerplay,470,409,68,18
CPL,SP Narine,Death,229,183,31,15
CPL,SP Narine,Middle,307,243,36,19
CPL,SP Narine,Powerplay,620,473,104,43
CPL,SPD Smith,Middle,98,81,11,1
CPL,SR Taylor,Powerplay,115,122,16,7
CPL,SR Watson,Middle,242,159,28,5
CPL,SR Watson,Powerplay,103,97,15,5
CPL,SS Cottrell,Death,148,107,20,18
CPL,SSJ Brooks,Death,186,105,24,10
CPL,SSJ Brooks,Middle,641,530,69,22
CPL,SSJ Brooks,Powerplay,146,179,20,8
CPL,SW Billings,Middle,88,84,8,3
CPL,Saim Ayub,Middle,303,190,35,6
CPL,Saim Ayub,Powerplay,265,230,42,5
CPL,Shadab Khan,Middle,73,74,6,5
CPL,Shakib Al Hasan,Death,112,82,16,8
CPL,Shakib Al Hasan,Middle,393,363,42,20
CPL,Shakib Al Hasan,Powerplay,86,79,12,5
CPL,Shoaib Malik,Death,355,234,41,14
CPL,Shoaib Malik,Middle,1031,923,88,25
CPL,Shoaib Malik,Powerplay,282,315,30,7
CPL,Sikandar Raza,Middle,65,64,5,2
CPL,Sohail Tanvir,Death,297,220,38,14
CPL,Sohail Tanvir,Middle,141,149,12,4
CPL,Sohail Tanvir,Powerplay,79,68,14,5
CPL,T Webster,Middle,174,152,21,5
CPL,T Webster,Powerplay,223,239,36,14
CPL,TB Robinson,Powerplay,107,82,14,4
CPL,TH David,Death,225,159,29,13
CPL,TH David,Middle,392,306,49,11
CPL,TL Seifert,Death,294,183,41,13
CPL,TL Seifert,Middle,588,522,59,22
CPL,TL Seifert,Powerplay,480,357,77,10
CPL,Tamim Iqbal,Powerplay,93,107,14,4
CPL,Umar Akmal,Death,82,63,8,5
CPL,Umar Akmal,Middle,155,144,17,8
CPL,V Permaul,Death,94,103,9,12
CPL,WD Parnell,Death,84,70,9,2
CPL,WKD Perkins,Middle,86,72,10,4
CPL,WKD Perkins,Powerplay,164,164,25,10
CPL,ZN Carter,Powerplay,136,118,21,7
CSA T20 Challenge,A Gqamane,Death,174,141,19,15
CSA T20 Challenge,A Mgijima,Death,118,94,11,8
CSA T20 Challenge,A Mgijima,Middle,201,162,19,8
CSA T20 Challenge,AB de Villiers,Middle,167,116,17,4
CSA T20 Challenge,ACR Birch,Death,119,91,15,10
CSA T20 Challenge,ACR Birch,Middle,67,68,5,5
CSA T20 Challenge,AD Russell,Death,190,82,28,7
CSA T20 Challenge,AD Russell,Middle,161,100,25,1
CSA T20 Challenge,AG Prince,Middle,221,203,15,9
CSA T20 Challenge,AG Prince,Powerplay,275,268,35,12
CSA T20 Challenge,AG Puttick,Middle,221,210,16,7
CSA T20 Challenge,AG Puttick,Powerplay,212,232,27,8
CSA T20 Challenge,AGS Gous,Powerplay,81,68,13,5
CSA T20 Challenge,AJ Pienaar,Death,134,87,17,7
CSA T20 Challenge,AJ Pienaar,Middle,112,116,10,9
CSA T20 Challenge,AJ Pienaar,Powerplay,80,79,10,2
CSA T20 Challenge,AK Markram,Middle,234,170,26,5
CSA T20 Challenge,AK Markram,Powerplay,196,182,30,5
CSA T20 Challenge,AL Phehlukwayo,Death,208,128,27,7
CSA T20 Challenge,AL Phehlukwayo,Middle,117,146,11,11
CSA T20 Challenge,AM Phangiso,Death,119,111,15,8
CSA T20 Challenge,AN Petersen,Middle,257,228,24,10
CSA T20 Challenge,AN Petersen,Powerplay,137,150,20,10
CSA T20 Challenge,AR Swanepoel,Death,106,94,13,11
CSA T20 Challenge,AR Swanepoel,Middle,125,121,13,10
CSA T20 Challenge,Azhar Mahmood,Middle,69,63,8,4
CSA T20 Challenge,B Parsons,Middle,96,83,9,5
CSA T20 Challenge,B Parsons,Powerplay,96,101,14,9
CSA T20 Challenge,BC Fortuin,Death,78,67,6,7
CSA T20 Challenge,BS Makhanya,Death,130,120,13,7
CSA T20 Challenge,BS Makhanya,Middle,375,335,35,16
CSA T20 Challenge,C Bosch,Death,119,93,15,6
CSA T20 Challenge,C Chetty,Death,90,79,8,3
CSA T20 Challenge,C Chetty,Middle,521,447,45,25
CSA T20 Challenge,C Chetty,Powerplay,316,269,47,8
CSA T20 Challenge,C Esterhuizen,Middle,89,87,8,2
CSA T20 Challenge,C Fortuin,Death,71,64,7,7
CSA T20 Challenge,C Fortuin,Middle,252,231,25,13
CSA T20 Challenge,C Fortuin,Powerplay,241,172,39,9
CSA T20 Challenge,C Jonker,Death,508,317,65,20
CSA T20 Challenge,C Jonker,Middle,758,659,84,19
CSA T20 Challenge,C Jonker,Powerplay,174,213,27,7
CSA T20 Challenge,C Kieswetter,Powerplay,118,126,19,6
CSA T20 Challenge,CA Ingram,Death,99,66,12,5
CSA T20 Challenge,CA Ingram,Middle,591,499,61,23
CSA T20 Challenge,CA Ingram,Powerplay,523,434,87,20
CSA T20 Challenge,CH Gayle,Powerplay,120,101,21,5
CSA T20 Challenge,CH Morris,Death,301,178,40,13
CSA T20 Challenge,CH Morris,Middle,103,73,12,4
CSA T20 Challenge,CJ Dala,Death,81,73,8,4
CSA T20 Challenge,CN Ackermann,Death,137,88,15,7
CSA T20 Challenge,CN Ackermann,Middle,411,364,38,15
CSA T20 Challenge,CN Ackermann,Powerplay,170,174,27,2
CSA T20 Challenge,CS Delport,Middle,256,208,29,15
CSA T20 Challenge,CS Delport,Powerplay,716,529,119,30
CSA T20 Challenge,D Brevis,Middle,278,159,37,6
CSA T20 Challenge,D Brevis,Powerplay,206,191,31,9
CSA T20 Challenge,D Elgar,Death,172,127,14,2
CSA T20 Challenge,D Elgar,Middle,456,416,37,11
CSA T20 Challenge,D Elgar,Powerplay,274,292,29,8
CSA T20 Challenge,D Ferreira,Death,296,166,40,8
CSA T20 Challenge,D Ferreira,Middle,289,204,34,5
CSA T20 Challenge,D Jansen,Death,149,80,19,7
CSA T20 Challenge,D Potgieter,Death,102,96,9,6
CSA T20 Challenge,D Potgieter,Middle,155,162,14,6
CSA T20 Challenge,D Pretorius,Death,342,223,45,18
CSA T20 Challenge,D Pretorius,Middle,301,258,31,17
CSA T20 Challenge,D Smit,Death,120,88,17,7
CSA T20 Challenge,D Smit,Middle,113,95,13,2
CSA T20 Challenge,D Smith,Middle,144,122,17,6
CSA T20 Challenge,D Smith,Powerplay,173,150,30,3
CSA T20 Challenge,D Wiese,Death,354,238,42,19
CSA T20 Challenge,D Wiese,Middle,100,95,12,2
CSA T20 Challenge,D du Preez,Death,121,78,13,6
CSA T20 Challenge,DA Hendricks,Middle,92,100,3,7
CSA T20 Challenge,DA Hendricks,Powerplay,72,95,8,6
CSA T20 Challenge,DA Miller,Death,679,381,93,9
CSA T20 Challenge,DA Miller,Middle,747,633,73,19
CSA T20 Challenge,DA Miller,Powerplay,154,139,21,3
CSA T20 Challenge,DG Bedingham,Middle,122,85,13,4
CSA T20 Challenge,DG Bedingham,Powerplay,126,102,18,6
CSA T20 Challenge,DJ Bravo,Death,97,67,12,8
CSA T20 Challenge,DJ Bravo,Middle,177,148,18,4
CSA T20 Challenge,DJ Jacobs,Death,99,67,9,5
CSA T20 Challenge,DJ Jacobs,Middle,135,135,10,4
CSA T20 Challenge,DJ Jacobs,Powerplay,88,63,12,4
CSA T20 Challenge,DJ Vilas,Death,303,180,43,10
CSA T20 Challenge,DJ Vilas,Middle,740,619,68,19
CSA T20 Challenge,DJ Vilas,Powerplay,203,210,26,5
CSA T20 Challenge,DP Conway,Powerplay,84,87,13,2
CSA T20 Challenge,DS Rosier,Death,144,97,17,4
CSA T20 Challenge,DS Rosier,Middle,260,232,30,14
CSA T20 Challenge,DS Rosier,Powerplay,57,61,6,1
CSA T20 Challenge,Dayyaan Galiem,Death,125,94,14,2
CSA T20 Challenge,Dayyaan Galiem,Middle,212,167,23,5
CSA T20 Challenge,E Jones,Death,110,71,12,6
CSA T20 Challenge,E Jones,Middle,98,71,13,0
CSA T20 Challenge,EM Moore,Middle,133,126,18,5
CSA T20 Challenge,EM Moore,Powerplay,106,108,14,3
CSA T20 Challenge,F Behardien,Death,841,500,97,17
CSA T20 Challenge,F Behardien,Middle,806,700,67,16
CSA T20 Challenge,F Behardien,Powerplay,109,75,15,0
CSA T20 Challenge,F du Plessis,Middle,86,73,5,4
CSA T20 Challenge,FD Adams,Death,145,111,19,13
CSA T20 Challenge,FD Adams,Middle,105,128,6,7
CSA T20 Challenge,G Coetzee,Death,91,79,11,13
CSA T20 Challenge,G Kaplan,Middle,107,92,7,5
CSA T20 Challenge,G Kaplan,Powerplay,106,106,14,6
CSA T20 Challenge,G Roelofsen,Middle,272,206,30,13
CSA T20 Challenge,G Roelofsen,Powerplay,360,375,48,10
CSA T20 Challenge,GC Viljoen,Death,261,179,34,10
CSA T20 Challenge,GF Linde,Death,357,221,43,15
CSA T20 Challenge,GF Linde,Middle,349,329,30,16
CSA T20 Challenge,GH Bodi,Middle,161,132,16,5
CSA T20 Challenge,GH Bodi,Powerplay,217,238,34,7
CSA T20 Challenge,GJ Abrahams,Powerplay,133,128,20,4
CSA T20 Challenge,GJ Snyman,Middle,150,114,16,9
CSA T20 Challenge,GJ Snyman,Powerplay,467,316,77,12
CSA T20 Challenge,GL Cloete,Middle,169,152,23,10
CSA T20 Challenge,GL Cloete,Powerplay,430,414,67,22
CSA T20 Challenge,GL van Buuren,Middle,112,80,17,4
CSA T20 Challenge,H Davids,Middle,455,401,41,20
CSA T20 Challenge,H Davids,Powerplay,848,719,124,34
CSA T20 Challenge,H Klaasen,Death,149,97,19,6
CSA T20 Challenge,H Klaasen,Middle,521,377,51,17
CSA T20 Challenge,H Klaasen,Powerplay,179,171,22,3
CSA T20 Challenge,HE van der Dussen,Death,248,132,31,6
CSA T20 Challenge,HE van der Dussen,Middle,706,581,62,20
CSA T20 Challenge,HE van der Dussen,Powerplay,567,481,75,13
CSA T20 Challenge,HG Kuhn,Death,119,75,12,6
CSA T20 Challenge,HG Kuhn,Middle,516,414,48,14
CSA T20 Challenge,HG Kuhn,Powerplay,443,399,64,14
CSA T20 Challenge,HM Amla,Middle,305,238,27,12
CSA T20 Challenge,HM Amla,Powerplay,365,330,46,8
CSA T20 Challenge,J Botha,Middle,67,70,4,2
CSA T20 Challenge,J Hermann,Death,93,61,13,5
CSA T20 Challenge,J Hermann,Middle,190,168,17,1
CSA T20 Challenge,J Hermann,Powerplay,82,79,11,2
CSA T20 Challenge,J Pillay,Middle,102,93,10,7
CSA T20 Challenge,J Pillay,Powerplay,182,175,27,5
CSA T20 Challenge,J Richards,Powerplay,61,74,7,4
CSA T20 Challenge,J Symes,Death,209,146,26,5
CSA T20 Challenge,J Symes,Middle,174,180,14,6
CSA T20 Challenge,J du Plessis,Middle,89,75,8,1
CSA T20 Challenge,JA Bird,Middle,145,114,13,6
CSA T20 Challenge,JA Bird,Powerplay,190,193,26,7
CSA T20 Challenge,JA Morkel,Death,333,236,47,18
CSA T20 Challenge,JA Morkel,Middle,357,285,39,5
CSA T20 Challenge,JA Rudolph,Middle,101,105,7,2
CSA T20 Challenge,JA Rudolph,Powerplay,187,165,29,6
CSA T20 Challenge,JD Vandiar,Middle,215,166,26,10
CSA T20 Challenge,JD Vandiar,Powerplay,282,314,34,16
CSA T20 Challenge,JF Smith,Death,162,124,16,9
CSA T20 Challenge,JF Smith,Middle,333,316,23,12
CSA T20 Challenge,JF Smith,Powerplay,57,76,7,1
CSA T20 Challenge,JJ van der Wath,Death,114,91,11,6
CSA T20 Challenge,JL Ontong,Death,183,136,16,9
CSA T20 Challenge,JL Ontong,Middle,314,306,17,13
CSA T20 Challenge,JL Ontong,Powerplay,43,76,4,4
CSA T20 Challenge,JL du Plooy,Middle,58,68,3,3
CSA T20 Challenge,JL du Plooy,Powerplay,127,100,22,6
CSA T20 Challenge,JM Kemp,Death,162,105,19,2
CSA T20 Challenge,JM Kemp,Middle,58,65,6,3
CSA T20 Challenge,JN Malan,Middle,296,236,29,10
CSA T20 Challenge,JN Malan,Powerplay,483,427,74,17
CSA T20 Challenge,JP Duminy,Death,193,114,24,6
CSA T20 Challenge,JP Duminy,Middle,338,291,28,5
CSA T20 Challenge,JP Duminy,Powerplay,89,80,15,3
CSA T20 Challenge,JT Smuts,Death,251,134,35,6
CSA T20 Challenge,JT Smuts,Middle,766,655,83,30
CSA T20 Challenge,JT Smuts,Powerplay,1002,878,155,39
CSA T20 Challenge,K Nipper,Middle,35,60,2,4
CSA T20 Challenge,K Verreynne,Middle,221,200,20,12
CSA T20 Challenge,K Verreynne,Powerplay,160,131,22,4
CSA T20 Challenge,K Zondo,Death,421,304,51,25
CSA T20 Challenge,K Zondo,Middle,753,732,52,20
CSA T20 Challenge,K Zondo,Powerplay,211,268,27,11
CSA T20 Challenge,KA Maharaj,Death,138,120,16,11
CSA T20 Challenge,KA Pollard,Death,198,112,28,3
CSA T20 Challenge,KA Pollard,Middle,128,97,15,3
CSA T20 Challenge,KD Petersen,Middle,311,248,32,9
CSA T20 Challenge,KD Petersen,Powerplay,258,263,38,9
CSA T20 Challenge,KP Pietersen,Middle,258,176,30,7
CSA T20 Challenge,KP Pietersen,Powerplay,130,89,19,0
CSA T20 Challenge,L Senokwane,Middle,132,145,10,9
CSA T20 Challenge,L Senokwane,Powerplay,176,170,26,6
CSA T20 Challenge,LC Ngoepe,Death,219,161,23,11
CSA T20 Challenge,LC Ngoepe,Middle,360,320,36,19
CSA T20 Challenge,LC Ngoepe,Powerplay,141,130,21,6
CSA T20 Challenge,LE Bosman,Powerplay,69,123,3,9
CSA T20 Challenge,LG Pretorius,Powerplay,160,107,26,5
CSA T20 Challenge,LJ Wright,Powerplay,171,109,31,2
CSA T20 Challenge,M Copeland,Middle,131,130,15,7
CSA T20 Challenge,M Mosehle,Death,221,174,23,20
CSA T20 Challenge,M Mosehle,Middle,473,363,52,15
CSA T20 Challenge,M Mosehle,Powerplay,38,61,3,5
CSA T20 Challenge,M Mpongwana,Middle,130,125,13,6
CSA T20 Challenge,M Pretorius,Death,158,99,20,8
CSA T20 Challenge,M Pretorius,Middle,63,63,5,3
CSA T20 Challenge,M Prince,Powerplay,98,73,15,4
CSA T20 Challenge,M Van Buuren,Death,80,61,9,5
CSA T20 Challenge,M Van Buuren,Middle,265,227,24,8
CSA T20 Challenge,M Van Buuren,Powerplay,74,71,8,2
CSA T20 Challenge,M van Jaarsveld,Middle,172,121,21,7
CSA T20 Challenge,M van Jaarsveld,Powerplay,84,83,13,3
CSA T20 Challenge,MJ Ackerman,Middle,192,175,19,9
CSA T20 Challenge,MJ Ackerman,Powerplay,109,88,18,3
CSA T20 Challenge,MN van Wyk,Death,75,71,8,9
CSA T20 Challenge,MN van Wyk,Middle,671,575,73,18
CSA T20 Challenge,MN van Wyk,Powerplay,1007,784,163,27
CSA T20 Challenge,MP Breetzke,Middle,210,152,24,7
CSA T20 Challenge,MP Breetzke,Powerplay,270,237,39,9
CSA T20 Challenge,MP Siboto,Death,52,77,2,6
CSA T20 Challenge,MQ Adams,Death,120,92,14,10
CSA T20 Challenge,MQ Adams,Middle,206,200,20,9
CSA T20 Challenge,MQ Adams,Powerplay,61,72,7,3
CSA T20 Challenge,MY Vallie,Middle,82,87,2,4
CSA T20 Challenge,MY Vallie,Powerplay,55,66,9,7
CSA T20 Challenge,ND McKenzie,Death,179,124,22,6
CSA T20 Challenge,ND McKenzie,Middle,446,437,40,13
CSA T20 Challenge,ND McKenzie,Powerplay,77,91,11,3
CSA T20 Challenge,NJ van den Bergh,Death,97,73,9,8
CSA T20 Challenge,NJ van den Bergh,Middle,174,162,15,6
CSA T20 Challenge,OA Ramela,Middle,199,205,12,6
CSA T20 Challenge,OA Ramela,Powerplay,75,75,13,3
CSA T20 Challenge,OA Shah,Death,173,92,24,4
CSA T20 Challenge,OA Shah,Middle,245,264,21,9
CSA T20 Challenge,P Botha,Middle,64,78,5,5
CSA T20 Challenge,P Subrayen,Death,196,149,21,11
CSA T20 Challenge,PD Collingwood,Middle,136,114,11,1
CSA T20 Challenge,PE Kruger,Death,134,94,17,7
CSA T20 Challenge,PE Kruger,Middle,313,236,41,14
CSA T20 Challenge,PE Kruger,Powerplay,294,279,44,12
CSA T20 Challenge,PJ Malan,Middle,219,189,23,7
CSA T20 Challenge,PJ Malan,Powerplay,231,210,36,6
CSA T20 Challenge,PJ van Biljon,Death,167,122,21,13
CSA T20 Challenge,PJ van Biljon,Middle,477,434,42,16
CSA T20 Challenge,PJ van Biljon,Powerplay,95,119,15,6
CSA T20 Challenge,PWA Mulder,Death,219,135,25,7
CSA T20 Challenge,PWA Mulder,Middle,180,159,20,5
CSA T20 Challenge,Q de Kock,Middle,600,445,65,25
CSA T20 Challenge,Q de Kock,Powerplay,963,720,157,20
CSA T20 Challenge,R Frylinck,Death,430,296,53,22
CSA T20 Challenge,R Frylinck,Middle,90,77,7,3
CSA T20 Challenge,R McLaren,Death,197,177,19,11
CSA T20 Challenge,R McLaren,Middle,215,189,24,7
CSA T20 Challenge,R Moonsamy,Middle,142,99,16,6
CSA T20 Challenge,R Moonsamy,Powerplay,159,137,26,4
CSA T20 Challenge,R van Tonder,Middle,365,315,37,8
CSA T20 Challenge,R van Tonder,Powerplay,150,154,20,5
CSA T20 Challenge,RCC Canning,Death,87,64,9,4
CSA T20 Challenge,RD Rickelton,Middle,192,125,22,6
CSA T20 Challenge,RD Rickelton,Powerplay,336,291,48,16
CSA T20 Challenge,RE Levi,Middle,442,292,54,16
CSA T20 Challenge,RE Levi,Powerplay,1093,802,190,35
CSA T20 Challenge,RE van der Merwe,Death,77,74,7,7
CSA T20 Challenge,RE van der Merwe,Middle,196,191,22,11
CSA T20 Challenge,RE van der Merwe,Powerplay,91,89,15,3
CSA T20 Challenge,RK Kleinveldt,Death,179,131,22,11
CSA T20 Challenge,RN ten Doeschate,Middle,65,64,8,4
CSA T20 Challenge,RR Hendricks,Death,261,170,32,9
CSA T20 Challenge,RR Hendricks,Middle,998,820,87,26
CSA T20 Challenge,RR Hendricks,Powerplay,986,885,133,23
CSA T20 Challenge,RR Rossouw,Middle,478,370,53,13
CSA T20 Challenge,RR Rossouw,Powerplay,568,412,98,19
CSA T20 Challenge,RS Bopara,Middle,124,130,10,4
CSA T20 Challenge,RS Second,Middle,222,222,17,8
CSA T20 Challenge,RS Second,Powerplay,206,193,31,8
CSA T20 Challenge,RT Bailey,Death,97,64,14,6
CSA T20 Challenge,RT Bailey,Middle,238,236,19,12
CSA T20 Challenge,RT Bailey,Powerplay,38,60,6,3
CSA T20 Challenge,S Muthusamy,Death,147,110,18,6
CSA T20 Challenge,S Muthusamy,Middle,159,155,12,6
CSA T20 Challenge,S Qeshile,Death,119,94,13,11
CSA T20 Challenge,S Qeshile,Middle,150,147,12,6
CSA T20 Challenge,S Seyibokwe,Middle,102,89,13,5
CSA T20 Challenge,S Seyibokwe,Powerplay,74,91,8,5
CSA T20 Challenge,S van Zyl,Middle,241,188,22,8
CSA T20 Challenge,S van Zyl,Powerplay,287,280,43,12
CSA T20 Challenge,SA Engelbrecht,Death,113,96,12,6
CSA T20 Challenge,SB Styris,Middle,59,60,5,2
CSA T20 Challenge,SC van Schalkwyk,Death,72,77,4,7
CSA T20 Challenge,SJ Erwee,Powerplay,162,156,24,12
CSA T20 Challenge,SR Harmer,Death,200,151,19,10
CSA T20 Challenge,SR Harmer,Middle,155,162,14,6
CSA T20 Challenge,SSB Magala,Death,226,164,28,12
CSA T20 Challenge,SSB Magala,Middle,88,89,10,4
CSA T20 Challenge,SV Kitime,Powerplay,64,74,9,6
CSA T20 Challenge,T Bavuma,Death,200,120,26,5
CSA T20 Challenge,T Bavuma,Middle,498,427,39,19
CSA T20 Challenge,T Bavuma,Powerplay,281,253,36,8
CSA T20 Challenge,T Stubbs,Death,211,98,30,5
CSA T20 Challenge,T Stubbs,Middle,205,178,16,6
CSA T20 Challenge,T de Zorzi,Middle,198,140,20,8
CSA T20 Challenge,T de Zorzi,Powerplay,231,245,28,13
CSA T20 Challenge,TA Dithole,Middle,65,69,6,5
CSA T20 Challenge,TB de Bruyn,Death,229,135,29,7
CSA T20 Challenge,TB de Bruyn,Middle,823,612,84,24
CSA T20 Challenge,TB de Bruyn,Powerplay,502,442,76,13
CSA T20 Challenge,TG Mokoena,Middle,113,137,9,8
CSA T20 Challenge,TG Mokoena,Powerplay,124,137,15,7
CSA T20 Challenge,TL Tsolekile,Death,112,77,16,8
CSA T20 Challenge,TL Tsolekile,Middle,97,90,9,4
CSA T20 Challenge,TM Bodibe,Death,108,101,7,4
CSA T20 Challenge,TM Bodibe,Middle,85,98,7,6
CSA T20 Challenge,VB van Jaarsveld,Death,244,159,26,8
CSA T20 Challenge,VB van Jaarsveld,Middle,468,412,41,12
CSA T20 Challenge,VB van Jaarsveld,Powerplay,251,266,36,8
CSA T20 Challenge,VD Philander,Death,292,160,39,10
CSA T20 Challenge,WB Marshall,Powerplay,270,186,45,10
CSA T20 Challenge,WD Parnell,Death,208,142,27,10
CSA T20 Challenge,WD Parnell,Middle,154,141,16,10
CSA T20 Challenge,WD Parnell,Powerplay,210,172,30,7
CSA T20 Challenge,WJ Lubbe,Middle,346,307,28,16
CSA T20 Challenge,WJ Lubbe,Powerplay,368,292,57,6
CSA T20 Challenge,WL Coetsee,Death,102,69,10,6
CSA T20 Challenge,WL Coetsee,Middle,65,90,4,5
CSA T20 Challenge,Z Pongolo,Death,73,60,8,2
CSA T20 Challenge,Zubayr Hamza,Middle,116,98,10,5
CSA T20 Challenge,Zubayr Hamza,Powerplay,106,135,16,5
IPL,A Ashish Reddy,Death,214,148,23,14
IPL,A Badoni,Death,538,351,66,23
IPL,A Badoni,Middle,516,429,57,17
IPL,A Badoni,Powerplay,124,105,20,5
IPL,A Manohar,Death,148,99,19,12
IPL,A Manohar,Middle,132,126,16,6
IPL,A Mhatre,Middle,157,87,21,2
IPL,A Mhatre,Powerplay,275,153,53,9
IPL,A Mishra,Death,260,264,28,23
IPL,A Mishra,Middle,120,171,8,5
IPL,A Nehra,Death,41,63,4,6
IPL,A Raghuvanshi,Death,137,86,19,6
IPL,A Raghuvanshi,Middle,465,339,57,12
IPL,A Raghuvanshi,Powerplay,283,203,45,6
IPL,A Symonds,Death,293,197,34,10
IPL,A Symonds,Middle,609,498,69,13
IPL,A Symonds,Powerplay,72,86,12,1
IPL,AA Jhunjhunwala,Middle,124,129,11,5
IPL,AB Agarkar,Death,125,98,12,5
IPL,AB McDonald,Death,80,68,7,3
IPL,AB de Villiers,Death,1868,867,275,40
IPL,AB de Villiers,Middle,2572,1990,272,60
IPL,AB de Villiers,Powerplay,722,622,117,22
IPL,AC Blizzard,Powerplay,99,77,20,5
IPL,AC Gilchrist,Middle,621,443,81,27
IPL,AC Gilchrist,Powerplay,1385,1080,240,47
IPL,AC Voges,Middle,89,78,8,3
IPL,AD Hales,Powerplay,114,82,17,3
IPL,AD Mathews,Death,425,289,49,19
IPL,AD Mathews,Middle,289,293,23,9
IPL,AD Nath,Middle,57,62,5,6
IPL,AD Russell,Death,1432,795,227,55
IPL,AD Russell,Middle,1182,814,175,34
IPL,AG Paunikar,Powerplay,49,61,9,5
IPL,AJ Finch,Death,282,184,36,14
IPL,AJ Finch,Middle,899,686,111,30
IPL,AJ Finch,Powerplay,910,822,145,38
IPL,AJ Tye,Death,70,62,8,6
IPL,AK Markram,Death,296,177,40,11
IPL,AK Markram,Middle,889,707,84,29
IPL,AK Markram,Powerplay,486,379,75,14
IPL,AL Menaria,Death,97,83,12,10
IPL,AL Menaria,Middle,296,276,29,11
IPL,AM Nayar,Death,310,200,42,18
IPL,AM Nayar,Middle,297,312,24,15
IPL,AM Nayar,Powerplay,65,76,9,3
IPL,AM Rahane,Death,509,330,64,20
IPL,AM Rahane,Middle,2099,1759,192,75
IPL,AM Rahane,Powerplay,2759,2302,425,77
IPL,AP Tare,Powerplay,226,214,34,13
IPL,AR Patel,Death,1012,693,115,53
IPL,AR Patel,Middle,998,864,120,36
IPL,AR Patel,Powerplay,79,78,11,5
IPL,AS Raut,Death,120,108,12,6
IPL,AT Rayudu,Death,1179,725,155,56
IPL,AT Rayudu,Middle,2392,2015,260,69
IPL,AT Rayudu,Powerplay,777,750,117,23
IPL,Abdul Samad,Death,552,338,74,30
IPL,Abdul Samad,Middle,305,258,36,13
IPL,Abhishek Sharma,Death,196,139,25,11
IPL,Abhishek Sharma,Middle,796,477,107,34
IPL,Abhishek Sharma,Powerplay,1387,855,236,35
IPL,Abishek Porel,Middle,325,237,35,14
IPL,Abishek Porel,Powerplay,382,274,63,12
IPL,Aman Hakim Khan,Middle,52,60,5,1
IPL,Aniket Verma,Death,143,79,20,7
IPL,Aniket Verma,Middle,155,109,21,7
IPL,Anmolpreet Singh,Powerplay,116,93,20,6
IPL,Anuj Rawat,Death,142,85,20,2
IPL,Anuj Rawat,Middle,93,100,8,5
IPL,Anuj Rawat,Powerplay,83,91,12,7
IPL,Arshad Khan,Death,88,65,10,4
IPL,Ashutosh Sharma,Death,417,239,62,14
IPL,Ashutosh Sharma,Middle,147,117,17,5
IPL,Atharva Taide,Middle,103,76,12,4
IPL,Atharva Taide,Powerplay,157,112,26,5
IPL,Azhar Mahmood,Death,123,94,18,11
IPL,Azhar Mahmood,Middle,243,193,30,7
IPL,Azmatullah Omarzai,Middle,82,64,10,4
IPL,B Chipli,Middle,125,121,13,9
IPL,B Chipli,Powerplay,55,79,8,5
IPL,B Kumar,Death,316,340,34,34
IPL,B Lee,Death,112,92,15,8
IPL,B Sai Sudharsan,Death,308,153,45,14
IPL,B Sai Sudharsan,Middle,1186,830,136,23
IPL,B Sai Sudharsan,Powerplay,1021,777,160,14
IPL,BA Stokes,Death,207,132,26,13
IPL,BA Stokes,Middle,488,400,49,17
IPL,BA Stokes,Powerplay,240,186,38,8
IPL,BB McCullum,Death,181,100,24,6
IPL,BB McCullum,Middle,1144,894,145,39
IPL,BB McCullum,Powerplay,1555,1273,254,57
IPL,BB Samantray,Middle,68,63,7,2
IPL,BCJ Cutting,Death,216,126,31,8
IPL,BJ Hodge,Death,606,385,76,20
IPL,BJ Hodge,Middle,646,599,67,14
IPL,BJ Hodge,Powerplay,148,169,22,7
IPL,BJ Rohrer,Middle,114,109,14,5
IPL,Bipul Sharma,Death,172,110,19,5
IPL,C Connolly,Middle,260,169,35,7
IPL,C Connolly,Powerplay,137,108,25,3
IPL,C Green,Death,265,149,36,3
IPL,C Green,Middle,507,375,56,17
IPL,C Green,Powerplay,257,178,41,6
IPL,C Munro,Powerplay,131,92,22,4
IPL,C de Grandhomme,Death,160,117,17,6
IPL,C de Grandhomme,Middle,142,110,19,7
IPL,CA Ingram,Middle,128,122,16,6
IPL,CA Lynn,Middle,514,385,59,17
IPL,CA Lynn,Powerplay,779,553,136,16
IPL,CA Pujara,Middle,128,124,13,3
IPL,CA Pujara,Powerplay,215,236,36,10
IPL,CH Gayle,Death,581,304,89,15
IPL,CH Gayle,Middle,2011,1361,266,45
IPL,CH Gayle,Powerplay,2373,1837,407,64
IPL,CH Morris,Death,499,311,60,19
IPL,CH Morris,Middle,102,95,13,9
IPL,CJ Anderson,Death,175,110,23,10
IPL,CJ Anderson,Middle,311,262,39,8
IPL,CJ Anderson,Powerplay,52,64,9,4
IPL,CJ Ferguson,Middle,58,71,4,4
IPL,CJ Jordan,Death,80,75,6,9
IPL,CL White,Death,363,199,45,10
IPL,CL White,Middle,501,455,55,17
IPL,CL White,Powerplay,90,115,12,7
IPL,CM Gautam,Powerplay,68,64,10,5
IPL,CR Brathwaite,Death,157,85,23,9
IPL,D Brevis,Middle,431,310,53,15
IPL,D Brevis,Powerplay,87,79,14,3
IPL,D Ferreira,Death,192,96,29,9
IPL,D Ferreira,Middle,120,87,18,3
IPL,D Padikkal,Death,138,102,22,13
IPL,D Padikkal,Middle,1058,841,125,40
IPL,D Padikkal,Powerplay,1074,836,174,31
IPL,D Wiese,Death,125,80,18,5
IPL,DA Miller,Death,1509,905,196,48
IPL,DA Miller,Middle,1677,1413,178,35
IPL,DA Miller,Powerplay,102,122,13,6
IPL,DA Warner,Death,628,363,86,26
IPL,DA Warner,Middle,2621,1985,276,59
IPL,DA Warner,Powerplay,3316,2496,537,71
IPL,DB Das,Death,117,100,14,6
IPL,DB Das,Middle,129,112,16,2
IPL,DB Ravi Teja,Death,169,126,21,14
IPL,DB Ravi Teja,Middle,153,139,16,3
IPL,DB Ravi Teja,Powerplay,53,60,7,2
IPL,DH Yagnik,Death,96,78,13,4
IPL,DH Yagnik,Middle,74,64,12,5
IPL,DJ Bravo,Death,909,542,113,39
IPL,DJ Bravo,Middle,528,589,53,24
IPL,DJ Bravo,Powerplay,123,116,20,5
IPL,DJ Harris,Powerplay,57,66,9,2
IPL,DJ Hooda,Death,466,340,52,36
IPL,DJ Hooda,Middle,867,706,85,35
IPL,DJ Hooda,Powerplay,163,166,23,8
IPL,DJ Hussey,Death,410,234,52,17
IPL,DJ Hussey,Middle,778,748,76,26
IPL,DJ Hussey,Powerplay,134,119,22,3
IPL,DJ Jacobs,Powerplay,83,93,13,6
IPL,DJ Mitchell,Middle,208,154,22,9
IPL,DJ Mitchell,Powerplay,97,80,13,2
IPL,DJG Sammy,Death,136,101,17,11
IPL,DJG Sammy,Middle,151,144,14,4
IPL,DJM Short,Powerplay,50,63,6,4
IPL,DL Chahar,Death,81,65,10,6
IPL,DL Vettori,Death,74,62,8,2
IPL,DP Conway,Death,96,66,13,5
IPL,DP Conway,Middle,521,352,66,8
IPL,DP Conway,Powerplay,463,376,72,11
IPL,DPMD Jayawardene,Death,374,246,50,10
IPL,DPMD Jayawardene,Middle,823,755,84,27
IPL,DPMD Jayawardene,Powerplay,605,519,105,21
IPL,DR Smith,Death,168,114,21,16
IPL,DR Smith,Middle,1004,686,139,38
IPL,DR Smith,Powerplay,1213,1003,202,26
IPL,DS Kulkarni,Death,99,103,9,6
IPL,DT Christian,Death,309,229,32,19
IPL,DT Christian,Middle,148,171,10,7
IPL,DW Steyn,Death,163,154,17,19
IPL,Dhruv Jurel,Death,485,291,61,15
IPL,Dhruv Jurel,Middle,559,415,73,17
IPL,Dhruv Jurel,Powerplay,151,95,26,4
IPL,E Lewis,Middle,202,177,23,10
IPL,E Lewis,Powerplay,420,298,70,13
IPL,EJG Morgan,Death,516,328,66,25
IPL,EJG Morgan,Middle,714,654,83,26
IPL,EJG Morgan,Powerplay,175,197,27,8
IPL,F du Plessis,Death,568,333,77,28
IPL,F du Plessis,Middle,1924,1559,174,48
IPL,F du Plessis,Powerplay,2281,1713,363,52
IPL,FH Allen,Powerplay,207,118,39,9
IPL,FY Fazal,Middle,69,64,7,3
IPL,FY Fazal,Powerplay,76,82,11,3
IPL,G Gambhir,Death,270,193,34,16
IPL,G Gambhir,Middle,1670,1386,173,49
IPL,G Gambhir,Powerplay,2277,1945,344,63
IPL,GC Smith,Middle,299,249,34,10
IPL,GC Smith,Powerplay,374,401,59,13
IPL,GH Vihari,Death,80,70,8,9
IPL,GH Vihari,Middle,145,169,11,6
IPL,GH Vihari,Powerplay,59,92,5,4
IPL,GJ Bailey,Death,327,190,40,10
IPL,GJ Bailey,Middle,205,231,14,13
IPL,GJ Bailey,Powerplay,131,131,24,3
IPL,GJ Maxwell,Death,607,352,88,31
IPL,GJ Maxwell,Middle,1780,1226,236,65
IPL,GJ Maxwell,Powerplay,432,317,75,18
IPL,Gurkeerat Singh,Death,251,168,36,13
IPL,Gurkeerat Singh,Middle,225,229,24,10
IPL,H Klaasen,Death,738,401,98,27
IPL,H Klaasen,Middle,1256,834,152,19
IPL,H Klaasen,Powerplay,110,85,16,3
IPL,HC Brook,Powerplay,96,87,16,4
IPL,HH Gibbs,Middle,367,354,36,15
IPL,HH Gibbs,Powerplay,447,437,70,15
IPL,HH Pandya,Death,1510,946,204,63
IPL,HH Pandya,Middle,1271,979,152,33
IPL,HH Pandya,Powerplay,174,185,28,8
IPL,HM Amla,Middle,194,158,19,5
IPL,HM Amla,Powerplay,261,206,41,6
IPL,HV Patel,Death,213,171,26,22
IPL,HV Patel,Middle,67,79,7,6
IPL,Harbhajan Singh,Death,624,434,92,39
IPL,Harbhajan Singh,Middle,147,148,20,9
IPL,Harpreet Brar,Death,209,163,25,8
IPL,IK Pathan,Death,663,465,86,27
IPL,IK Pathan,Middle,395,451,26,19
IPL,IK Pathan,Powerplay,81,65,12,3
IPL,Iqbal Abdulla,Death,70,61,9,1
IPL,Ishan Kishan,Death,416,229,63,22
IPL,Ishan Kishan,Middle,1660,1213,198,59
IPL,Ishan Kishan,Powerplay,1524,1137,253,34
IPL,J Botha,Death,159,123,18,12
IPL,J Botha,Middle,205,187,19,7
IPL,J Fraser-McGurk,Powerplay,298,151,57,10
IPL,J Overton,Death,104,67,16,5
IPL,JA Morkel,Death,637,425,77,28
IPL,JA Morkel,Middle,320,273,36,10
IPL,JC Archer,Death,266,175,32,18
IPL,JC Buttler,Death,804,437,113,26
IPL,JC Buttler,Middle,1988,1415,246,46
IPL,JC Buttler,Powerplay,1854,1354,311,42
IPL,JD Ryder,Middle,119,104,12,8
IPL,JD Ryder,Powerplay,440,334,71,18
IPL,JD Unadkat,Death,178,145,20,12
IPL,JEC Franklin,Death,97,70,12,4
IPL,JEC Franklin,Middle,151,143,11,4
IPL,JEC Franklin,Powerplay,79,96,11,3
IPL,JG Bethell,Powerplay,137,94,25,7
IPL,JH Kallis,Death,394,231,56,20
IPL,JH Kallis,Middle,997,1036,78,30
IPL,JH Kallis,Powerplay,1036,1024,165,33
IPL,JJ Bumrah,Death,65,82,5,7
IPL,JJ Roy,Middle,193,136,24,7
IPL,JJ Roy,Powerplay,380,301,66,12
IPL,JM Bairstow,Middle,655,477,81,21
IPL,JM Bairstow,Powerplay,944,647,159,19
IPL,JM Sharma,Death,479,279,69,22
IPL,JM Sharma,Middle,615,450,83,23
IPL,JO Holder,Death,227,180,26,20
IPL,JO Holder,Middle,85,71,8,4
IPL,JP Duminy,Death,882,530,104,25
IPL,JP Duminy,Middle,912,900,65,17
IPL,JP Duminy,Powerplay,235,250,36,6
IPL,JP Faulkner,Death,439,294,51,19
IPL,JP Faulkner,Middle,74,92,6,3
IPL,JP Inglis,Middle,206,143,27,7
IPL,JP Inglis,Powerplay,307,162,54,5
IPL,JR Hopes,Middle,187,130,27,5
IPL,JR Hopes,Powerplay,167,138,27,7
IPL,K Goel,Powerplay,160,166,20,8
IPL,K Gowtham,Death,164,97,22,10
IPL,K Rabada,Death,187,168,22,15
IPL,K Rabada,Middle,74,84,10,3
IPL,KA Pollard,Death,2032,1270,273,80
IPL,KA Pollard,Middle,1352,1123,166,37
IPL,KC Sangakkara,Death,202,132,29,13
IPL,KC Sangakkara,Middle,963,824,106,38
IPL,KC Sangakkara,Powerplay,522,468,87,14
IPL,KD Karthik,Death,1904,1151,270,78
IPL,KD Karthik,Middle,2542,2122,296,88
IPL,KD Karthik,Powerplay,396,411,61,9
IPL,KH Pandya,Death,800,532,108,35
IPL,KH Pandya,Middle,1096,925,128,43
IPL,KH Pandya,Powerplay,86,82,13,5
IPL,KK Nair,Death,275,160,38,15
IPL,KK Nair,Middle,818,673,95,32
IPL,KK Nair,Powerplay,619,499,104,23
IPL,KL Rahul,Death,907,536,122,29
IPL,KL Rahul,Middle,2484,1831,265,52
IPL,KL Rahul,Powerplay,2424,1926,360,42
IPL,KM Jadhav,Death,565,417,68,21
IPL,KM Jadhav,Middle,576,512,61,23
IPL,KM Jadhav,Powerplay,67,83,13,7
IPL,KP Pietersen,Death,123,70,17,2
IPL,KP Pietersen,Middle,486,387,55,20
IPL,KP Pietersen,Powerplay,392,301,59,5
IPL,KR Mayers,Powerplay,282,217,47,8
IPL,KS Bharat,Middle,102,86,9,4
IPL,KS Bharat,Powerplay,65,61,9,2
IPL,KS Williamson,Death,460,287,59,16
IPL,KS Williamson,Middle,1189,954,122,29
IPL,KS Williamson,Powerplay,479,490,69,13
IPL,KV Sharma,Death,248,192,28,17
IPL,KV Sharma,Middle,97,106,8,6
IPL,Kartik Sharma,Middle,187,152,22,5
IPL,Kuldeep Yadav,Death,187,216,19,14
IPL,LA Pomersbach,Middle,131,119,15,3
IPL,LA Pomersbach,Powerplay,104,81,15,4
IPL,LMP Simmons,Middle,481,360,60,12
IPL,LMP Simmons,Powerplay,542,480,86,11
IPL,LR Shukla,Death,219,171,28,14
IPL,LR Shukla,Middle,184,182,21,13
IPL,LRPL Taylor,Death,312,204,39,12
IPL,LRPL Taylor,Middle,550,518,48,23
IPL,LRPL Taylor,Powerplay,155,125,25,3
IPL,LS Livingstone,Death,345,173,52,14
IPL,LS Livingstone,Middle,542,414,65,18
IPL,LS Livingstone,Powerplay,179,138,29,9
IPL,Lalit Yadav,Death,94,85,12,5
IPL,Lalit Yadav,Middle,186,184,19,10
IPL,M Jansen,Death,156,147,15,13
IPL,M Kaif,Middle,183,174,19,8
IPL,M Kartik,Death,78,77,4,5
IPL,M Manhas,Death,244,190,25,10
IPL,M Manhas,Middle,224,241,21,10
IPL,M Morkel,Death,116,83,15,10
IPL,M Shahrukh Khan,Death,398,257,52,21
IPL,M Shahrukh Khan,Middle,354,273,46,13
IPL,M Vijay,Death,125,72,16,5
IPL,M Vijay,Middle,920,720,100,40
IPL,M Vijay,Powerplay,1574,1416,222,48
IPL,M Vohra,Middle,330,269,36,19
IPL,M Vohra,Powerplay,691,566,100,25
IPL,MA Agarwal,Death,252,124,36,12
IPL,MA Agarwal,Middle,1094,815,127,49
IPL,MA Agarwal,Powerplay,1410,1205,210,56
IPL,MA Starc,Death,74,87,7,10
IPL,MC Henriques,Death,335,204,42,12
IPL,MC Henriques,Middle,504,453,53,21
IPL,MC Henriques,Powerplay,161,144,20,3
IPL,MC Juneja,Middle,88,100,7,4
IPL,MD Choudhary,Death,115,79,15,5
IPL,MD Mishra,Middle,81,66,9,6
IPL,MD Mishra,Powerplay,129,128,20,8
IPL,MEK Hussey,Death,261,138,37,7
IPL,MEK Hussey,Middle,888,719,92,23
IPL,MEK Hussey,Powerplay,828,791,121,19
IPL,MF Maharoof,Death,135,90,16,7
IPL,MG Johnson,Death,157,147,16,11
IPL,MJ Clarke,Powerplay,76,64,11,2
IPL,MJ Guptill,Powerplay,218,156,33,9
IPL,MJ Lumb,Powerplay,225,157,42,6
IPL,MJ Santner,Death,94,73,11,5
IPL,MK Lomror,Death,230,153,31,15
IPL,MK Lomror,Middle,266,198,28,11
IPL,MK Pandey,Death,713,494,80,34
IPL,MK Pandey,Middle,2146,1864,210,69
IPL,MK Pandey,Powerplay,1153,1044,175,31
IPL,MK Tiwary,Death,597,426,73,27
IPL,MK Tiwary,Middle,874,831,93,20
IPL,MK Tiwary,Powerplay,224,232,30,10
IPL,ML Hayden,Middle,412,304,50,12
IPL,ML Hayden,Powerplay,599,481,101,13
IPL,MM Ali,Death,279,167,41,15
IPL,MM Ali,Middle,655,500,81,28
IPL,MM Ali,Powerplay,233,198,40,8
IPL,MM Sharma,Death,89,91,9,13
IPL,MN Samuels,Middle,127,131,13,9
IPL,MN van Wyk,Middle,73,65,7,1
IPL,MP Stoinis,Death,980,575,139,35
IPL,MP Stoinis,Middle,944,752,106,32
IPL,MP Stoinis,Powerplay,318,261,53,10
IPL,MR Marsh,Death,240,163,33,19
IPL,MR Marsh,Middle,776,578,98,19
IPL,MR Marsh,Powerplay,839,550,135,18
IPL,MS Bisla,Middle,272,244,26,16
IPL,MS Bisla,Powerplay,474,460,81,18
IPL,MS Dhoni,Death,3468,2083,460,98
IPL,MS Dhoni,Middle,1912,1940,169,39
IPL,MS Dhoni,Powerplay,59,78,10,2
IPL,MS Wade,Middle,70,82,4,8
IPL,MS Wade,Powerplay,113,103,21,5
IPL,MV Boucher,Death,235,152,29,8
IPL,MV Boucher,Middle,137,142,13,5
IPL,MW Short,Powerplay,138,111,24,6
IPL,Mandeep Singh,Death,410,280,46,24
IPL,Mandeep Singh,Middle,663,569,66,24
IPL,Mandeep Singh,Powerplay,633,569,102,32
IPL,Mohammad Nabi,Death,129,92,20,11
IPL,Mohammed Shami,Death,99,100,12,15
IPL,Mohammed Siraj,Death,112,134,14,11
IPL,N Jagadeesan,Middle,87,75,12,4
IPL,N Jagadeesan,Powerplay,64,64,11,5
IPL,N Pooran,Death,879,529,123,30
IPL,N Pooran,Middle,1420,939,195,40
IPL,N Pooran,Powerplay,228,158,37,7
IPL,N Rana,Death,446,260,69,24
IPL,N Rana,Middle,1827,1363,233,66
IPL,N Rana,Powerplay,805,691,137,21
IPL,N Saini,Powerplay,80,86,10,3
IPL,N Wadhera,Death,154,93,23,16
IPL,N Wadhera,Middle,577,439,77,15
IPL,NLTC Perera,Death,267,189,31,14
IPL,NLTC Perera,Middle,137,119,14,7
IPL,NV Ojha,Death,411,308,51,26
IPL,NV Ojha,Middle,649,549,70,24
IPL,NV Ojha,Powerplay,494,503,79,22
IPL,Naman Dhir,Death,296,159,45,11
IPL,Naman Dhir,Middle,249,166,32,8
IPL,Naman Dhir,Powerplay,165,119,27,7
IPL,Nithish Kumar Reddy,Death,236,129,32,10
IPL,Nithish Kumar Reddy,Middle,476,348,57,13
IPL,Nithish Kumar Reddy,Powerplay,75,89,7,4
IPL,OA Shah,Death,269,179,33,8
IPL,OA Shah,Middle,214,208,21,4
IPL,P Dogra,Death,73,64,6,8
IPL,P Dogra,Middle,54,77,3,0
IPL,P Kumar,Death,294,268,32,29
IPL,P Negi,Death,257,191,30,15
IPL,P Negi,Middle,104,104,12,6
IPL,P Nissanka,Powerplay,235,143,41,6
IPL,P Simran Singh,Middle,634,406,84,28
IPL,P Simran Singh,Powerplay,1152,769,194,30
IPL,PA Patel,Death,95,72,11,8
IPL,PA Patel,Middle,849,740,89,42
IPL,PA Patel,Powerplay,1904,1630,314,71
IPL,PA Reddy,Powerplay,103,110,11,5
IPL,PBB Rajapaksa,Middle,194,141,24,6
IPL,PC Valthaty,Middle,147,120,18,6
IPL,PC Valthaty,Powerplay,312,290,55,15
IPL,PD Collingwood,Middle,96,95,8,3
IPL,PD Salt,Middle,383,219,55,14
IPL,PD Salt,Powerplay,840,508,144,22
IPL,PJ Cummins,Death,461,292,58,24
IPL,PJ Cummins,Middle,181,144,26,8
IPL,PK Garg,Middle,157,154,11,9
IPL,PP Chawla,Death,453,387,58,44
IPL,PP Chawla,Middle,156,180,15,8
IPL,PP Shaw,Middle,515,353,64,23
IPL,PP Shaw,Powerplay,1347,946,230,50
IPL,Priyansh Arya,Middle,231,118,34,9
IPL,Priyansh Arya,Powerplay,678,373,116,22
IPL,Q de Kock,Death,240,123,37,8
IPL,Q de Kock,Middle,1238,945,142,40
IPL,Q de Kock,Powerplay,1963,1547,298,59
IPL,R Ashwin,Death,476,373,55,39
IPL,R Ashwin,Middle,279,282,24,16
IPL,R Ashwin,Powerplay,78,73,14,6
IPL,R Bhatia,Death,251,177,31,23
IPL,R Bhatia,Middle,91,113,6,6
IPL,R Dhawan,Death,168,133,19,8
IPL,R Dravid,Death,200,120,30,15
IPL,R Dravid,Middle,1069,943,112,43
IPL,R Dravid,Powerplay,905,855,155,17
IPL,R McLaren,Death,69,61,8,6
IPL,R McLaren,Middle,78,98,6,2
IPL,R Parag,Death,571,374,78,36
IPL,R Parag,Middle,1117,841,132,29
IPL,R Parag,Powerplay,187,142,33,5
IPL,R Powell,Death,306,174,47,13
IPL,R Powell,Middle,234,222,27,11
IPL,R Ravindra,Middle,114,79,11,6
IPL,R Ravindra,Powerplay,275,210,42,10
IPL,R Sathish,Death,164,122,19,9
IPL,R Sathish,Middle,106,107,9,6
IPL,R Sharma,Death,65,75,8,11
IPL,R Shepherd,Death,195,109,32,8
IPL,R Tewatia,Death,905,586,130,38
IPL,R Tewatia,Middle,391,399,41,14
IPL,R Vinay Kumar,Death,262,239,26,24
IPL,RA Jadeja,Death,1922,1346,224,80
IPL,RA Jadeja,Middle,1447,1359,134,35
IPL,RA Jadeja,Powerplay,157,111,28,4
IPL,RA Tripathi,Death,219,155,28,17
IPL,RA Tripathi,Middle,1059,803,121,32
IPL,RA Tripathi,Powerplay,1013,749,165,36
IPL,RD Chahar,Death,125,111,18,13
IPL,RD Gaikwad,Death,296,176,41,10
IPL,RD Gaikwad,Middle,1149,852,120,28
IPL,RD Gaikwad,Powerplay,1394,1126,206,34
IPL,RD Rickelton,Middle,258,149,37,10
IPL,RD Rickelton,Powerplay,554,350,93,13
IPL,RE van der Merwe,Middle,70,60,8,4
IPL,RG Sharma,Death,1527,876,220,62
IPL,RG Sharma,Middle,3238,2689,363,95
IPL,RG Sharma,Powerplay,2564,2091,402,87
IPL,RJ Harris,Death,97,87,8,11
IPL,RJ Quiney,Powerplay,65,74,10,5
IPL,RK Singh,Death,791,449,120,21
IPL,RK Singh,Middle,567,527,55,20
IPL,RM Patidar,Death,267,133,42,16
IPL,RM Patidar,Middle,1102,682,136,27
IPL,RM Patidar,Powerplay,243,220,38,4
IPL,RN ten Doeschate,Death,212,142,28,10
IPL,RN ten Doeschate,Middle,108,89,12,4
IPL,RP Singh,Death,50,72,3,13
IPL,RR Pant,Death,1095,570,171,42
IPL,RR Pant,Middle,2294,1736,285,59
IPL,RR Pant,Powerplay,476,421,75,10
IPL,RR Powar,Death,67,60,7,2
IPL,RR Rossouw,Middle,252,178,32,10
IPL,RR Rossouw,Powerplay,139,101,27,8
IPL,RS Bopara,Death,179,106,21,8
IPL,RS Bopara,Middle,222,209,20,4
IPL,RS Bopara,Powerplay,130,153,14,5
IPL,RT Ponting,Powerplay,45,75,3,5
IPL,RV Uthappa,Death,567,343,75,24
IPL,RV Uthappa,Middle,2350,1887,277,91
IPL,RV Uthappa,Powerplay,2035,1695,311,60
IPL,Rahmanullah Gurbaz,Middle,111,75,15,4
IPL,Rahmanullah Gurbaz,Powerplay,252,207,41,12
IPL,Ramandeep Singh,Death,172,94,24,6
IPL,Ramandeep Singh,Middle,125,114,12,10
IPL,Rashid Khan,Death,534,345,77,41
IPL,Rashid Khan,Middle,101,87,11,5
IPL,S Badrinath,Death,422,283,54,20
IPL,S Badrinath,Middle,837,716,100,20
IPL,S Badrinath,Powerplay,182,246,28,6
IPL,S Dhawan,Death,668,429,91,17
IPL,S Dhawan,Middle,2686,2192,299,78
IPL,S Dhawan,Powerplay,3415,2860,531,92
IPL,S Dube,Death,764,498,104,30
IPL,S Dube,Middle,1328,1009,161,37
IPL,S Gopal,Death,135,108,17,9
IPL,S Gopal,Middle,45,61,4,3
IPL,S Nadeem,Death,30,66,2,13
IPL,S Sohal,Middle,85,64,11,5
IPL,S Sohal,Powerplay,279,238,41,10
IPL,S Vidyut,Powerplay,103,81,18,5
IPL,SA Asnodkar,Middle,145,136,19,9
IPL,SA Asnodkar,Powerplay,278,216,47,9
IPL,SA Yadav,Death,834,478,130,43
IPL,SA Yadav,Middle,2730,1931,357,68
IPL,SA Yadav,Powerplay,1017,744,173,21
IPL,SB Dubey,Death,151,92,20,6
IPL,SB Styris,Middle,83,93,8,4
IPL,SC Ganguly,Death,190,109,25,9
IPL,SC Ganguly,Middle,630,677,69,24
IPL,SC Ganguly,Powerplay,529,540,85,19
IPL,SD Hope,Powerplay,78,61,13,3
IPL,SE Marsh,Death,262,173,31,14
IPL,SE Marsh,Middle,1448,987,190,28
IPL,SE Marsh,Powerplay,767,748,123,19
IPL,SE Rutherford,Death,266,182,36,15
IPL,SE Rutherford,Middle,250,195,32,5
IPL,SK Raina,Death,899,544,111,25
IPL,SK Raina,Middle,3077,2423,346,92
IPL,SK Raina,Powerplay,1552,1207,252,44
IPL,SK Rasheed,Powerplay,69,64,11,4
IPL,SK Trivedi,Death,42,60,4,7
IPL,SK Warne,Death,137,134,14,11
IPL,SK Warne,Middle,61,85,6,6
IPL,SL Malinga,Death,86,99,11,11
IPL,SM Curran,Death,456,267,67,19
IPL,SM Curran,Middle,394,360,38,15
IPL,SM Curran,Powerplay,147,134,21,6
IPL,SM Katich,Middle,76,65,9,4
IPL,SM Katich,Powerplay,145,110,24,5
IPL,SM Pollock,Middle,66,66,7,2
IPL,SN Khan,Death,307,188,45,14
IPL,SN Khan,Middle,267,252,31,14
IPL,SN Khan,Powerplay,172,116,30,5
IPL,SN Thakur,Death,233,179,31,22
IPL,SN Thakur,Middle,116,93,14,5
IPL,SO Hetmyer,Death,956,599,125,38
IPL,SO Hetmyer,Middle,536,438,59,14
IPL,SO Hetmyer,Powerplay,68,69,10,4
IPL,SP Fleming,Powerplay,120,113,19,6
IPL,SP Goswami,Middle,104,108,11,7
IPL,SP Goswami,Powerplay,163,176,22,8
IPL,SP Narine,Death,160,142,21,19
IPL,SP Narine,Middle,486,307,75,31
IPL,SP Narine,Powerplay,1174,729,215,48
IPL,SPD Smith,Death,706,442,92,25
IPL,SPD Smith,Middle,1279,1124,117,33
IPL,SPD Smith,Powerplay,500,428,76,12
IPL,SR Tendulkar,Death,224,143,34,8
IPL,SR Tendulkar,Middle,967,866,106,34
IPL,SR Tendulkar,Powerplay,1143,1035,185,25
IPL,SR Watson,Death,453,251,64,23
IPL,SR Watson,Middle,2006,1349,277,60
IPL,SR Watson,Powerplay,1415,1288,225,40
IPL,SS Iyer,Death,820,465,114,28
IPL,SS Iyer,Middle,2377,1796,265,56
IPL,SS Iyer,Powerplay,1032,948,156,33
IPL,SS Prabhudessai,Middle,94,77,11,6
IPL,SS Tiwary,Death,454,327,51,18
IPL,SS Tiwary,Middle,871,792,85,28
IPL,SS Tiwary,Powerplay,169,172,25,3
IPL,ST Jayasuriya,Middle,254,170,35,9
IPL,ST Jayasuriya,Powerplay,514,403,88,19
IPL,STR Binny,Death,397,266,45,19
IPL,STR Binny,Middle,465,409,53,24
IPL,SV Samson,Death,852,467,121,30
IPL,SV Samson,Middle,2710,1998,295,79
IPL,SV Samson,Powerplay,1619,1305,259,50
IPL,SW Billings,Death,118,71,14,9
IPL,SW Billings,Middle,260,228,26,13
IPL,SW Billings,Powerplay,125,100,20,4
IPL,Sachin Baby,Death,95,65,13,5
IPL,Salman Butt,Middle,73,60,9,2
IPL,Salman Butt,Powerplay,104,106,19,4
IPL,Sameer Rizvi,Death,131,67,18,5
IPL,Sameer Rizvi,Middle,275,205,35,6
IPL,Sandeep Sharma,Death,48,64,3,4
IPL,Shahbaz Ahmed,Death,315,228,37,19
IPL,Shahbaz Ahmed,Middle,267,261,23,6
IPL,Shakib Al Hasan,Death,329,252,39,22
IPL,Shakib Al Hasan,Middle,429,375,49,15
IPL,Shashank Singh,Death,512,276,71,13
IPL,Shashank Singh,Middle,359,284,41,10
IPL,Shubman Gill,Death,474,324,57,24
IPL,Shubman Gill,Middle,2080,1450,228,44
IPL,Shubman Gill,Powerplay,2044,1565,313,43
IPL,Sikandar Raza,Middle,127,96,15,4
IPL,Suryansh Shedge,Middle,106,63,12,4
IPL,T Stubbs,Death,546,284,76,9
IPL,T Stubbs,Middle,394,341,33,10
IPL,TA Boult,Death,85,80,8,7
IPL,TG Southee,Death,106,81,11,7
IPL,TH David,Death,843,471,119,28
IPL,TH David,Middle,308,226,40,6
IPL,TL Suman,Death,144,110,16,5
IPL,TL Suman,Middle,347,292,37,10
IPL,TL Suman,Powerplay,185,185,28,15
IPL,TM Dilshan,Death,199,124,27,5
IPL,TM Dilshan,Middle,466,467,52,17
IPL,TM Dilshan,Powerplay,488,456,85,18
IPL,TM Head,Middle,446,309,54,21
IPL,TM Head,Powerplay,1010,591,185,24
IPL,Tilak Varma,Death,543,292,81,20
IPL,Tilak Varma,Middle,1123,880,128,24
IPL,Tilak Varma,Powerplay,192,172,25,6
IPL,UBT Chand,Middle,150,146,17,8
IPL,UBT Chand,Powerplay,120,149,19,9
IPL,UT Khawaja,Powerplay,107,79,16,3
IPL,UT Yadav,Death,205,198,25,19
IPL,Urvil Patel,Powerplay,144,72,22,6
IPL,V Kohli,Death,1573,875,212,60
IPL,V Kohli,Middle,4286,3482,427,94
IPL,V Kohli,Powerplay,3477,2766,523,75
IPL,V Sehwag,Middle,1062,638,151,33
IPL,V Sehwag,Powerplay,1593,1160,276,58
IPL,V Shankar,Death,515,325,61,20
IPL,V Shankar,Middle,591,526,57,21
IPL,V Shankar,Powerplay,127,134,18,5
IPL,V Suryavanshi,Middle,334,152,53,11
IPL,V Suryavanshi,Powerplay,665,311,119,11
IPL,VR Aaron,Death,50,72,4,4
IPL,VR Iyer,Death,217,140,32,13
IPL,VR Iyer,Middle,769,567,90,18
IPL,VR Iyer,Powerplay,691,516,113,22
IPL,VVS Laxman,Middle,92,74,10,6
IPL,VVS Laxman,Powerplay,187,191,28,9
IPL,W Jaffer,Powerplay,77,95,10,5
IPL,WD Parnell,Death,49,63,3,9
IPL,WG Jacks,Middle,291,202,38,13
IPL,WG Jacks,Powerplay,238,156,39,6
IPL,WP Saha,Death,557,362,64,24
IPL,WP Saha,Middle,988,925,87,39
IPL,WP Saha,Powerplay,1389,1081,232,55
IPL,Washington Sundar,Death,480,328,62,27
IPL,Washington Sundar,Middle,348,311,39,13
IPL,Y Nagar,Death,179,135,23,11
IPL,Y Nagar,Middle,104,133,6,3
IPL,Y Venugopal Rao,Death,387,260,49,23
IPL,Y Venugopal Rao,Middle,522,503,56,16
IPL,Y Venugopal Rao,Powerplay,76,102,9,3
IPL,YBK Jaiswal,Middle,825,616,101,33
IPL,YBK Jaiswal,Powerplay,1680,1090,305,40
IPL,YK Pathan,Death,1126,732,149,41
IPL,YK Pathan,Middle,1735,1346,212,52
IPL,YK Pathan,Powerplay,343,252,60,12
IPL,YS Chahal,Death,33,66,0,4
IPL,YV Takawale,Powerplay,121,137,20,5
IPL,Yuvraj Singh,Death,906,535,130,40
IPL,Yuvraj Singh,Middle,1655,1475,206,55
IPL,Yuvraj Singh,Powerplay,189,195,30,12
IPL,Z Khan,Death,108,109,13,11
ODI,A Aitken-Drummond,Powerplay,71,110,12,6
ODI,A Athanaze,Middle,117,169,12,9
ODI,A Athanaze,Powerplay,288,368,43,8
ODI,A Bagai,Death,107,116,14,3
ODI,A Bagai,Middle,440,743,38,13
ODI,A Bagai,Powerplay,67,136,12,5
ODI,A Balbirnie,Death,176,153,20,10
ODI,A Balbirnie,Middle,1934,2447,199,42
ODI,A Balbirnie,Powerplay,518,957,69,26
ODI,A Bosch,Death,69,63,9,1
ODI,A Bosch,Middle,318,424,42,17
ODI,A Bosch,Powerplay,107,166,19,5
ODI,A Brindle,Death,196,181,22,5
ODI,A Brindle,Middle,382,598,35,9
ODI,A Brindle,Powerplay,30,114,3,1
ODI,A Busing-Volschenk,Powerplay,30,86,4,1
ODI,A Canning,Middle,68,138,6,8
ODI,A Capsey,Death,115,106,13,5
ODI,A Capsey,Middle,339,524,31,18
ODI,A Capsey,Powerplay,112,101,21,2
ODI,A Dananjaya,Death,176,200,19,12
ODI,A Dananjaya,Middle,145,246,13,9
ODI,A Dercksen,Death,181,132,23,7
ODI,A Dercksen,Middle,514,622,53,13
ODI,A Dercksen,Powerplay,56,86,8,0
ODI,A Dutt,Death,151,221,13,20
ODI,A Dutt,Middle,68,166,5,11
ODI,A Flintoff,Death,561,396,71,17
ODI,A Flintoff,Middle,1562,1943,191,40
ODI,A Flintoff,Powerplay,45,75,7,3
ODI,A Flower,Middle,278,362,23,7
ODI,A Flower,Powerplay,54,110,8,0
ODI,A Gardner,Death,508,347,75,22
ODI,A Gardner,Middle,1096,1181,131,26
ODI,A Hunter,Middle,1135,1337,117,30
ODI,A Hunter,Powerplay,305,436,43,8
ODI,A Johnson,Middle,145,142,21,6
ODI,A Johnson,Powerplay,369,406,67,15
ODI,A Khaka,Death,97,189,8,15
ODI,A Khaka,Middle,49,131,6,9
ODI,A King,Death,257,221,30,11
ODI,A King,Middle,38,85,4,3
ODI,A Kolan,Middle,126,216,12,6
ODI,A Kolan,Powerplay,29,81,4,1
ODI,A Kumble,Death,39,80,2,9
ODI,A Kumble,Middle,69,181,8,2
ODI,A Lister,Middle,207,236,28,6
ODI,A Maregwede,Middle,92,146,9,5
ODI,A Mazvishaya,Death,46,75,3,2
ODI,A Mazvishaya,Middle,28,77,4,3
ODI,A McGrath,Middle,134,286,9,6
ODI,A Minny,Middle,105,129,12,1
ODI,A Mishra,Middle,26,66,3,4
ODI,A Mohammed,Death,146,310,15,17
ODI,A Mohammed,Middle,86,258,8,7
ODI,A Ndiraya,Death,77,71,8,2
ODI,A Ndiraya,Middle,311,476,28,11
ODI,A Ndiraya,Powerplay,40,77,4,1
ODI,A Nehra,Death,59,125,5,15
ODI,A Nel,Death,95,76,13,3
ODI,A Nel,Middle,28,83,4,5
ODI,A Rawat,Middle,138,148,20,1
ODI,A Reddy,Middle,42,67,2,3
ODI,A Saud,Middle,95,128,10,2
ODI,A Saud,Powerplay,94,273,11,7
ODI,A Sharafu,Middle,246,391,22,12
ODI,A Sharafu,Powerplay,139,174,26,9
ODI,A Sharma,Death,76,75,11,4
ODI,A Sharma,Middle,310,401,31,13
ODI,A Sharma,Powerplay,400,586,62,16
ODI,A Shrubsole,Death,142,153,19,15
ODI,A Shrubsole,Middle,57,103,6,6
ODI,A Steyn,Middle,446,681,42,10
ODI,A Steyn,Powerplay,329,583,41,13
ODI,A Sutherland,Death,319,251,38,12
ODI,A Sutherland,Middle,716,865,76,14
ODI,A Symonds,Death,985,709,115,24
ODI,A Symonds,Middle,2511,3201,248,52
ODI,A Symonds,Powerplay,93,137,14,2
ODI,A Tector,Powerplay,26,60,4,2
ODI,A Vala,Death,106,83,9,5
ODI,A Vala,Middle,1348,1969,128,38
ODI,A Vala,Powerplay,329,542,36,11
ODI,A Zampa,Death,234,357,20,25
ODI,A Zampa,Middle,167,283,16,13
ODI,A Zimunu,Middle,71,103,8,5
ODI,AA Alleyne,Death,171,242,19,12
ODI,AA Alleyne,Middle,377,573,47,19
ODI,AA Jangoo,Middle,196,262,13,3
ODI,AA Mulla,Middle,77,85,12,5
ODI,AA Mulla,Powerplay,73,75,13,3
ODI,AA Obanda,Middle,286,459,32,8
ODI,AA Obanda,Powerplay,201,245,32,5
ODI,AA Paradkar,Middle,36,69,3,3
ODI,AAP Atkinson,Middle,93,64,17,2
ODI,AB Agarkar,Death,159,201,13,18
ODI,AB Agarkar,Middle,193,351,19,16
ODI,AB Barath,Middle,189,291,16,6
ODI,AB Barath,Powerplay,194,328,29,6
ODI,AB Kaur,Death,126,117,12,7
ODI,AB Kaur,Middle,116,195,11,5
ODI,AB de Villiers,Death,1487,881,206,41
ODI,AB de Villiers,Middle,7102,7424,681,103
ODI,AB de Villiers,Powerplay,846,1183,138,21
ODI,AC Agar,Death,139,119,13,7
ODI,AC Agar,Middle,183,281,19,6
ODI,AC Botha,Middle,182,299,17,7
ODI,AC Botha,Powerplay,82,110,13,4
ODI,AC Evans,Death,55,76,5,4
ODI,AC Gilchrist,Middle,1541,1406,191,40
ODI,AC Gilchrist,Powerplay,2771,2820,437,67
ODI,AC Jayangani,Death,187,135,24,4
ODI,AC Jayangani,Middle,1788,2261,231,48
ODI,AC Jayangani,Powerplay,1325,1885,223,32
ODI,AC Kerr,Death,249,222,24,9
ODI,AC Kerr,Middle,1649,2143,155,41
ODI,AC Kerr,Powerplay,504,784,63,9
ODI,AC Voges,Death,291,245,26,7
ODI,AC Voges,Middle,489,675,36,9
ODI,AD Hales,Middle,1235,1269,142,29
ODI,AD Hales,Powerplay,1039,1166,168,29
ODI,AD Mascarenhas,Death,130,82,17,6
ODI,AD Mascarenhas,Middle,115,180,8,4
ODI,AD Mathews,Death,2102,1859,204,58
ODI,AD Mathews,Middle,3482,4913,328,74
ODI,AD Mathews,Powerplay,62,162,7,5
ODI,AD Nath,Middle,142,185,14,3
ODI,AD Poynter,Middle,44,99,3,5
ODI,AD Russell,Death,435,287,63,15
ODI,AD Russell,Middle,599,518,88,21
ODI,ADS Fletcher,Middle,99,156,10,9
ODI,ADS Fletcher,Powerplay,202,341,31,13
ODI,AE Jones,Death,230,208,28,9
ODI,AE Jones,Middle,1746,2073,188,47
ODI,AE Jones,Powerplay,647,789,105,15
ODI,AE Satterthwaite,Death,294,249,33,9
ODI,AE Satterthwaite,Middle,2243,2782,235,36
ODI,AE Satterthwaite,Powerplay,358,587,50,8
ODI,AF Giles,Death,185,215,15,8
ODI,AF Giles,Middle,103,177,10,4
ODI,AF Milne,Death,159,175,13,12
ODI,AG Cremer,Death,192,262,13,18
ODI,AG Cremer,Middle,315,635,21,20
ODI,AG Prince,Death,153,140,12,3
ODI,AG Prince,Middle,605,967,42,18
ODI,AGS Gous,Middle,197,224,19,4
ODI,AGS Gous,Powerplay,207,256,34,8
ODI,AI Chudasama,Middle,80,109,4,3
ODI,AJ Bichel,Death,213,216,20,8
ODI,AJ Bichel,Middle,45,75,5,0
ODI,AJ Blackwell,Death,196,196,13,10
ODI,AJ Blackwell,Middle,751,1054,86,11
ODI,AJ Burger,Middle,91,85,12,3
ODI,AJ Burger,Powerplay,108,119,16,3
ODI,AJ Finch,Middle,2835,3140,287,60
ODI,AJ Finch,Powerplay,2295,2948,337,68
ODI,AJ Hall,Death,206,196,19,10
ODI,AJ Hall,Middle,147,203,13,8
ODI,AJ Hall,Powerplay,34,65,4,2
ODI,AJ Healy,Death,249,177,39,13
ODI,AJ Healy,Middle,1548,1450,202,35
ODI,AJ Healy,Powerplay,1541,1762,266,38
ODI,AJ Hosein,Death,103,148,7,10
ODI,AJ Hosein,Middle,206,261,23,9
ODI,AJ Kenealy,Death,31,67,4,4
ODI,AJ Redmond,Middle,90,137,9,5
ODI,AJ Redmond,Powerplay,62,129,10,1
ODI,AJ Stewart,Death,111,133,10,5
ODI,AJ Stewart,Middle,279,400,23,6
ODI,AJ Strauss,Death,150,137,16,7
ODI,AJ Strauss,Middle,2027,2416,187,59
ODI,AJ Strauss,Powerplay,1552,2179,222,38
ODI,AJ Turner,Death,101,69,12,4
ODI,AJ Turner,Middle,91,96,8,2
ODI,AK Markram,Death,237,141,33,8
ODI,AK Markram,Middle,1609,1669,173,40
ODI,AK Markram,Powerplay,693,836,114,20
ODI,AK Perera,Middle,52,83,3,4
ODI,AK Sah,Middle,121,159,11,3
ODI,AK Sah,Powerplay,178,203,31,8
ODI,AL Hodgkinson,Middle,86,116,4,2
ODI,AL Kandappah,Middle,80,137,6,1
ODI,AL Phehlukwayo,Death,434,383,56,20
ODI,AL Phehlukwayo,Middle,393,613,50,16
ODI,AM Bacher,Middle,46,65,4,2
ODI,AM Bacher,Powerplay,56,116,8,3
ODI,AM Blignaut,Death,140,99,20,7
ODI,AM Blignaut,Middle,144,165,18,10
ODI,AM Ellis,Death,105,109,9,8
ODI,AM Ellis,Middle,49,80,3,2
ODI,AM Hardie,Middle,119,177,11,8
ODI,AM Peterson,Death,107,103,10,6
ODI,AM Peterson,Middle,60,108,7,3
ODI,AM Phangiso,Death,58,83,3,9
ODI,AM Phangiso,Middle,23,81,2,1
ODI,AM Rahane,Death,122,115,10,9
ODI,AM Rahane,Middle,1794,2234,171,51
ODI,AM Rahane,Powerplay,990,1463,141,23
ODI,AM Samad,Middle,141,249,12,5
ODI,AM Samad,Powerplay,85,133,12,3
ODI,AM Tribe,Middle,181,248,16,3
ODI,AN Cook,Death,58,69,4,4
ODI,AN Cook,Middle,1561,1906,146,45
ODI,AN Cook,Powerplay,1585,2263,223,36
ODI,AN Davidson-Richards,Death,84,78,7,2
ODI,AN Davidson-Richards,Middle,76,115,3,1
ODI,AN Kelly,Death,219,249,16,16
ODI,AN Kelly,Middle,205,408,20,9
ODI,AN Kervezee,Middle,55,84,6,5
ODI,AN Kervezee,Powerplay,55,120,7,4
ODI,AN Petersen,Death,79,63,9,4
ODI,AN Petersen,Middle,261,357,25,9
ODI,AN Petersen,Powerplay,158,190,22,4
ODI,AP Devcich,Middle,55,81,5,5
ODI,AP Devcich,Powerplay,122,164,20,4
ODI,AR Adams,Death,75,71,6,5
ODI,AR Adams,Middle,62,66,10,5
ODI,AR Berenger,Powerplay,45,107,6,4
ODI,AR Bisht,Middle,67,94,7,3
ODI,AR Caddick,Death,46,60,3,3
ODI,AR Cusack,Death,41,63,3,5
ODI,AR Cusack,Middle,202,311,20,7
ODI,AR McBrine,Death,200,227,18,12
ODI,AR McBrine,Middle,422,558,46,16
ODI,AR McBrine,Powerplay,190,325,32,6
ODI,AR Nurse,Death,332,279,38,13
ODI,AR Nurse,Middle,122,185,14,11
ODI,AR Odedara,Middle,112,215,14,6
ODI,AR Odedara,Powerplay,125,256,15,3
ODI,AR Patel,Death,337,311,33,20
ODI,AR Patel,Middle,577,703,57,19
ODI,AR White,Death,87,88,7,6
ODI,AR White,Middle,205,377,16,17
ODI,ARI Umeed,Powerplay,75,86,13,3
ODI,AS Hansra,Middle,258,460,20,8
ODI,AS Joseph,Death,173,215,19,12
ODI,AS Joseph,Middle,304,437,39,19
ODI,AS van Beuge,Middle,36,86,1,4
ODI,AS van Beuge,Powerplay,32,110,2,2
ODI,ASS Fletcher,Death,220,243,24,18
ODI,ASS Fletcher,Middle,174,322,16,16
ODI,AT Carey,Death,676,590,70,23
ODI,AT Carey,Middle,1522,1894,154,39
ODI,AT Carey,Powerplay,180,260,26,7
ODI,AT Nidamanuru,Death,235,180,26,14
ODI,AT Nidamanuru,Middle,657,814,65,16
ODI,AT Rayudu,Death,238,203,24,8
ODI,AT Rayudu,Middle,1309,1700,133,21
ODI,AT Rayudu,Powerplay,90,240,10,5
ODI,AU Rashid,Death,632,588,73,31
ODI,AU Rashid,Middle,310,457,33,17
ODI,AWJ Auguste,Middle,53,77,4,5
ODI,AWJ Auguste,Powerplay,152,196,22,4
ODI,Aamer Yamin,Middle,63,73,9,1
ODI,Aamir Kaleem,Middle,60,107,7,5
ODI,Aamir Kaleem,Powerplay,95,156,16,7
ODI,Aarif Sheikh,Death,376,356,36,18
ODI,Aarif Sheikh,Middle,1111,1911,81,36
ODI,Aarif Sheikh,Powerplay,31,74,5,0
ODI,Aaron Jones,Death,227,181,23,11
ODI,Aaron Jones,Middle,1192,1754,91,30
ODI,Aaron Jones,Powerplay,201,352,32,6
ODI,Aasif Sheikh,Middle,966,1312,97,30
ODI,Aasif Sheikh,Powerplay,1088,1500,161,36
ODI,Aayan Afzal Khan,Death,290,254,38,7
ODI,Aayan Afzal Khan,Middle,346,652,33,21
ODI,Abdul Razzaq,Death,1369,1003,165,38
ODI,Abdul Razzaq,Middle,911,1639,66,27
ODI,Abdul Samad,Middle,42,67,4,3
ODI,Abdullah Shafique,Middle,392,413,40,12
ODI,Abdullah Shafique,Powerplay,287,486,39,12
ODI,Abdur Razzak,Death,401,427,40,30
ODI,Abdur Razzak,Middle,243,453,24,19
ODI,Abdur Rehman,Death,99,161,8,12
ODI,Abdur Rehman,Middle,33,73,3,3
ODI,Abid Ali,Middle,104,118,7,3
ODI,Abid Ali,Powerplay,126,135,22,2
ODI,Adeeb Usmani,Middle,188,238,16,4
ODI,Adeeb Usmani,Powerplay,137,168,20,4
ODI,Adnan Akmal,Death,60,89,3,2
ODI,Adnan Mufti,Death,153,148,15,5
ODI,Adnan Mufti,Middle,167,241,13,5
ODI,Afif Hossain,Death,190,167,20,7
ODI,Afif Hossain,Middle,403,537,43,16
ODI,Aftab Ahmed,Middle,706,1008,86,34
ODI,Aftab Ahmed,Powerplay,289,392,45,15
ODI,Agha Salman,Death,379,296,44,14
ODI,Agha Salman,Middle,1099,1252,112,18
ODI,Ahmed Raza,Death,213,272,16,22
ODI,Ahmed Raza,Middle,178,373,20,8
ODI,Ahmed Shehzad,Middle,1359,1729,115,38
ODI,Ahmed Shehzad,Powerplay,1164,1861,163,37
ODI,Aizaz Khan,Middle,41,88,4,4
ODI,Aizaz Khan,Powerplay,53,78,8,2
ODI,Akhil Kumar,Death,73,69,7,4
ODI,Akhil Kumar,Middle,50,60,7,1
ODI,Akram Khan,Middle,41,84,1,1
ODI,Akshay Homraj,Middle,131,191,11,7
ODI,Al Sahariar,Powerplay,36,77,6,5
ODI,Ali Nadeem,Middle,64,86,7,3
ODI,Ali Nadeem,Powerplay,70,129,9,3
ODI,Ali Naseer,Death,147,97,19,6
ODI,Ali Naseer,Middle,249,302,33,9
ODI,Aliya Riaz,Death,381,359,50,19
ODI,Aliya Riaz,Middle,1145,1939,117,37
ODI,Aliya Riaz,Powerplay,24,82,1,1
ODI,Alok Kapali,Death,147,144,17,10
ODI,Alok Kapali,Middle,459,714,42,20
ODI,Amir Hayat,Middle,28,65,2,2
ODI,Amjad Ali,Middle,71,129,7,5
ODI,Amjad Ali,Powerplay,178,258,26,5
ODI,Amjad Javed,Death,94,84,15,6
ODI,Amjad Javed,Middle,130,162,19,4
ODI,Anam Amin,Death,23,79,1,4
ODI,Anamul Haque,Death,97,77,14,3
ODI,Anamul Haque,Middle,665,840,63,14
ODI,Anamul Haque,Powerplay,560,868,82,25
ODI,Anshuman Rath,Middle,264,342,23,7
ODI,Anshuman Rath,Powerplay,110,179,14,2
ODI,Anwar Ali,Death,201,176,23,5
ODI,Anwar Ali,Middle,99,163,11,5
ODI,Aqib Ilyas,Death,63,67,5,3
ODI,Aqib Ilyas,Middle,836,1177,82,18
ODI,Aqib Ilyas,Powerplay,292,404,38,6
ODI,Arafat Minhas,Middle,45,76,5,2
ODI,Arafat Sunny,Death,39,61,4,2
ODI,Arjun Kumal,Middle,57,91,5,1
ODI,Arjun Kumal,Powerplay,45,88,7,2
ODI,Aryan Lakra,Middle,184,328,15,8
ODI,Aryan Lakra,Powerplay,177,323,23,7
ODI,Asad Shafiq,Middle,1137,1586,91,34
ODI,Asad Shafiq,Powerplay,151,370,15,12
ODI,Ashfaq Ahmed,Middle,94,105,10,4
ODI,Ashfaq Ahmed,Powerplay,249,290,37,11
ODI,Asif Ali,Death,215,142,27,8
ODI,Asif Ali,Middle,160,175,15,6
ODI,Asif Khan,Death,347,205,45,5
ODI,Asif Khan,Middle,823,1189,88,23
ODI,Asif Khan,Powerplay,100,212,12,4
ODI,Asmavia Iqbal,Death,128,200,11,11
ODI,Asmavia Iqbal,Middle,96,226,12,6
ODI,Ayan Khan,Death,167,170,16,8
ODI,Ayan Khan,Middle,696,951,76,21
ODI,Ayan Khan,Powerplay,85,173,10,3
ODI,Ayasha Rahman,Middle,71,111,6,2
ODI,Ayasha Rahman,Powerplay,51,98,7,0
ODI,Ayesha Zafar,Middle,358,467,39,13
ODI,Ayesha Zafar,Powerplay,304,583,42,19
ODI,Azhar Ali,Middle,1037,1324,77,23
ODI,Azhar Ali,Powerplay,734,1107,100,22
ODI,Azhar Mahmood,Death,88,72,10,1
ODI,Azhar Mahmood,Middle,38,92,3,5
ODI,B Bezuidenhout,Middle,139,192,12,5
ODI,B Bezuidenhout,Powerplay,101,156,11,4
ODI,B Bhandari,Death,78,106,8,5
ODI,B Bhandari,Middle,197,325,20,6
ODI,B Bhandari,Powerplay,56,109,7,4
ODI,B Biza,Middle,342,521,35,11
ODI,B Biza,Powerplay,68,106,11,0
ODI,B Cooper,Death,78,76,12,1
ODI,B Cooper,Middle,240,398,25,13
ODI,B Cooper,Powerplay,21,107,2,2
ODI,B Evans,Death,162,126,17,8
ODI,B Evans,Middle,96,146,10,7
ODI,B Kumar,Death,442,501,47,27
ODI,B Kumar,Middle,110,267,7,9
ODI,B Lee,Death,634,689,56,37
ODI,B Lee,Middle,231,398,19,9
ODI,B Mavuta,Middle,65,83,9,7
ODI,B Muzarabani,Death,80,114,9,11
ODI,B Muzarabani,Middle,39,112,3,9
ODI,B Sai Sudharsan,Middle,63,75,8,1
ODI,B Sai Sudharsan,Powerplay,64,69,10,1
ODI,B Sharki,Death,96,92,9,5
ODI,B Sharki,Middle,751,1095,77,24
ODI,B Sharki,Powerplay,187,397,22,6
ODI,B Tau,Middle,101,225,10,9
ODI,B Tau,Powerplay,79,181,6,5
ODI,B Ward,Middle,58,92,8,0
ODI,B Zuiderent,Middle,117,227,9,8
ODI,B Zuiderent,Powerplay,56,134,8,5
ODI,B de Leede,Middle,182,242,14,6
ODI,B de Leede,Powerplay,165,257,23,7
ODI,BA Carse,Death,119,128,11,8
ODI,BA Carse,Middle,145,213,14,7
ODI,BA King,Middle,770,910,91,22
ODI,BA King,Powerplay,655,857,112,30
ODI,BA Parchment,Powerplay,75,141,10,4
ODI,BA Stokes,Death,807,618,93,27
ODI,BA Stokes,Middle,2514,2861,276,47
ODI,BA Stokes,Powerplay,140,219,23,8
ODI,BAM Heath,Middle,59,61,4,3
ODI,BAW Mendis,Death,151,187,16,16
ODI,BAW Mendis,Middle,34,80,2,5
ODI,BB Chari,Middle,74,159,2,8
ODI,BB Chari,Powerplay,112,253,12,6
ODI,BB McCullum,Death,932,724,106,27
ODI,BB McCullum,Middle,2170,2789,221,70
ODI,BB McCullum,Powerplay,2055,1944,335,63
ODI,BC Fortuin,Middle,34,68,2,5
ODI,BC Lara,Death,206,161,26,12
ODI,BC Lara,Middle,1527,2003,168,34
ODI,BC Lara,Powerplay,145,291,19,7
ODI,BFW de Leede,Death,220,163,22,7
ODI,BFW de Leede,Middle,1027,1499,95,37
ODI,BFW de Leede,Powerplay,89,187,8,0
ODI,BG Rogers,Middle,153,234,16,4
ODI,BG Rogers,Powerplay,124,172,21,3
ODI,BJ Bennett,Middle,178,205,18,4
ODI,BJ Bennett,Powerplay,159,208,28,7
ODI,BJ Curran,Middle,256,343,21,4
ODI,BJ Curran,Powerplay,164,210,23,3
ODI,BJ Dwarshuis,Middle,45,73,4,2
ODI,BJ Haddin,Death,583,523,66,27
ODI,BJ Haddin,Middle,1638,2039,182,38
ODI,BJ Haddin,Powerplay,782,1086,105,21
ODI,BJ Hodge,Death,193,127,21,5
ODI,BJ Hodge,Middle,301,406,32,8
ODI,BJ McCarthy,Death,67,109,6,10
ODI,BJ McCarthy,Middle,102,160,10,7
ODI,BJ McMullen,Middle,1117,1155,138,26
ODI,BJ McMullen,Powerplay,375,509,55,9
ODI,BJ Patel,Middle,54,109,7,4
ODI,BJ Patel,Powerplay,40,107,7,5
ODI,BJ Watling,Death,103,102,12,4
ODI,BJ Watling,Middle,339,481,32,10
ODI,BJ Watling,Powerplay,131,277,17,5
ODI,BKG Mendis,Death,252,204,28,10
ODI,BKG Mendis,Middle,3208,3603,344,74
ODI,BKG Mendis,Powerplay,1031,1425,167,40
ODI,BL Mooney,Death,639,493,74,14
ODI,BL Mooney,Middle,2153,2554,223,41
ODI,BL Mooney,Powerplay,363,560,47,7
ODI,BM Duckett,Middle,881,868,98,18
ODI,BM Duckett,Powerplay,571,623,89,15
ODI,BM Halliday,Death,249,195,35,10
ODI,BM Halliday,Middle,1191,1661,127,30
ODI,BM Scholtz,Death,193,256,15,16
ODI,BM Scholtz,Middle,120,231,13,10
ODI,BMAJ Mendis,Death,334,328,33,17
ODI,BMAJ Mendis,Middle,259,413,24,16
ODI,BMSM Kumari,Death,110,200,14,11
ODI,BMSM Kumari,Middle,82,196,7,7
ODI,BN Cooper,Middle,114,129,16,5
ODI,BOP Fernando,Middle,74,126,7,5
ODI,BOP Fernando,Powerplay,74,112,11,2
ODI,BR McDermott,Middle,168,192,16,4
ODI,BR McDermott,Powerplay,55,88,8,1
ODI,BRM Taylor,Death,408,356,41,13
ODI,BRM Taylor,Middle,3684,4800,369,96
ODI,BRM Taylor,Powerplay,1061,1826,136,41
ODI,BT Foakes,Middle,51,73,3,0
ODI,BYA Mendis,Middle,72,138,8,3
ODI,BYA Mendis,Powerplay,75,114,13,4
ODI,Babar Azam,Death,654,487,65,20
ODI,Babar Azam,Middle,4506,5285,409,72
ODI,Babar Azam,Powerplay,1168,1669,179,23
ODI,Babar Hayat,Middle,400,584,41,9
ODI,Babar Hayat,Powerplay,91,121,16,1
ODI,Basil Hameed,Death,235,237,23,19
ODI,Basil Hameed,Middle,805,1197,80,24
ODI,Basir Ahamad,Middle,75,149,8,5
ODI,Bazid Khan,Middle,97,175,5,2
ODI,Bismah Maroof,Death,232,247,15,6
ODI,Bismah Maroof,Middle,1535,2369,134,37
ODI,Bismah Maroof,Powerplay,170,446,11,8
ODI,C Bosch,Death,205,162,24,3
ODI,C Bosch,Middle,104,115,14,3
ODI,C Brits,Middle,216,316,16,5
ODI,C Brits,Powerplay,38,73,1,0
ODI,C Campher,Death,157,119,21,8
ODI,C Campher,Middle,681,910,69,18
ODI,C Campher,Powerplay,125,183,20,2
ODI,C Carmichael,Middle,52,61,6,2
ODI,C Carter,Powerplay,86,121,14,4
ODI,C Chatonzwa,Middle,44,141,3,6
ODI,C Connolly,Death,70,61,9,2
ODI,C Connolly,Middle,184,207,18,4
ODI,C Connolly,Powerplay,78,116,13,3
ODI,C Esterhuizen,Middle,156,127,17,1
ODI,C Esterhuizen,Powerplay,41,74,5,1
ODI,C Green,Death,234,177,26,4
ODI,C Green,Middle,662,905,64,17
ODI,C Green,Powerplay,50,76,8,1
ODI,C Hemraj,Powerplay,82,101,15,6
ODI,C Karunaratne,Death,194,172,15,6
ODI,C Karunaratne,Middle,256,413,25,12
ODI,C Kieswetter,Death,146,137,16,3
ODI,C Kieswetter,Middle,361,449,36,14
ODI,C Kieswetter,Powerplay,478,544,76,16
ODI,C Madande,Death,90,102,7,7
ODI,C Madande,Middle,195,293,21,8
ODI,C McAuslan,Powerplay,30,66,4,1
ODI,C Munro,Death,165,121,21,9
ODI,C Munro,Middle,484,523,55,15
ODI,C Munro,Powerplay,600,563,94,25
ODI,C Murray,Death,113,199,12,11
ODI,C Sutthiruang,Middle,114,187,13,9
ODI,C Sutthiruang,Powerplay,76,107,13,4
ODI,C Tear,Middle,217,265,21,5
ODI,C Tear,Powerplay,272,381,37,11
ODI,C Wickramasinghe,Middle,40,85,4,1
ODI,C Zhuwao,Powerplay,148,132,26,7
ODI,C de Grandhomme,Death,303,228,38,12
ODI,C de Grandhomme,Middle,439,486,50,14
ODI,C de Lange,Middle,135,295,9,8
ODI,C de Lange,Powerplay,73,133,7,2
ODI,CA Henry,Death,179,175,22,9
ODI,CA Henry,Middle,647,819,64,32
ODI,CA Ingram,Death,116,87,14,3
ODI,CA Ingram,Middle,476,580,47,13
ODI,CA Ingram,Powerplay,169,268,23,9
ODI,CA Lynn,Middle,54,62,7,2
ODI,CA Pujara,Middle,28,65,2,3
ODI,CA Pujara,Powerplay,23,71,2,2
ODI,CA Soper,Death,345,437,22,15
ODI,CA Soper,Middle,304,733,14,16
ODI,CA Young,Death,80,100,8,7
ODI,CA Young,Middle,69,75,9,3
ODI,CAH Stevenson,Death,106,140,10,7
ODI,CAH Stevenson,Middle,34,75,3,5
ODI,CAK Rajitha,Middle,65,127,8,3
ODI,CAK Walton,Powerplay,51,81,7,5
ODI,CB Lambert,Middle,39,86,5,1
ODI,CB Mpofu,Death,23,98,0,9
ODI,CB Mpofu,Middle,17,72,0,4
ODI,CB Wishart,Middle,148,181,12,6
ODI,CB Wishart,Powerplay,166,282,27,8
ODI,CBRLS Kumara,Death,31,79,4,6
ODI,CD Cumming,Powerplay,32,73,4,3
ODI,CD McMillan,Death,244,165,29,6
ODI,CD McMillan,Middle,806,1056,87,27
ODI,CD McMillan,Powerplay,79,172,9,5
ODI,CD Wallace,Death,211,209,23,10
ODI,CD Wallace,Middle,193,284,12,9
ODI,CD Wallace,Powerplay,111,105,16,5
ODI,CD de Lange,Middle,58,81,6,1
ODI,CE Coulter Reilly,Middle,156,208,18,4
ODI,CE Coulter Reilly,Powerplay,27,77,4,2
ODI,CE Dean,Death,240,268,21,14
ODI,CE Dean,Middle,320,549,24,9
ODI,CE McConchie,Middle,53,91,4,2
ODI,CG Williams,Middle,279,384,28,9
ODI,CG Williams,Powerplay,60,113,6,4
ODI,CH Gayle,Death,215,131,24,6
ODI,CH Gayle,Middle,2695,3099,321,64
ODI,CH Gayle,Powerplay,3523,4204,579,113
ODI,CH Morris,Death,255,211,31,11
ODI,CH Morris,Middle,212,263,20,10
ODI,CH van Koolwijk,Middle,25,66,3,3
ODI,CJ Anderson,Death,273,200,32,15
ODI,CJ Anderson,Middle,816,818,106,24
ODI,CJ Bowes,Powerplay,71,92,11,5
ODI,CJ Chibhabha,Middle,1028,1604,87,38
ODI,CJ Chibhabha,Powerplay,914,1484,125,41
ODI,CJ Ferguson,Death,209,208,23,6
ODI,CJ Ferguson,Middle,429,549,37,8
ODI,CJ Jordan,Death,117,154,8,11
ODI,CJ Jordan,Middle,67,64,9,4
ODI,CJ McKay,Death,121,208,10,16
ODI,CJ McKay,Middle,69,135,7,4
ODI,CJ Nevin,Powerplay,71,131,8,5
ODI,CJA Amini,Death,96,86,11,5
ODI,CJA Amini,Middle,667,1171,48,37
ODI,CJA Amini,Powerplay,189,288,23,2
ODI,CJO Smith,Middle,154,219,23,6
ODI,CK Coventry,Death,151,90,19,5
ODI,CK Coventry,Middle,394,497,41,11
ODI,CK Coventry,Powerplay,100,150,14,6
ODI,CK Kapugedera,Death,397,352,39,23
ODI,CK Kapugedera,Middle,1050,1688,82,40
ODI,CK Kapugedera,Powerplay,58,117,7,3
ODI,CK Langeveldt,Death,61,98,6,10
ODI,CL Cairns,Death,235,173,29,7
ODI,CL Cairns,Middle,467,626,47,15
ODI,CL Cairns,Powerplay,88,95,11,1
ODI,CL Hooper,Middle,59,86,2,2
ODI,CL Tryon,Death,998,653,133,33
ODI,CL Tryon,Middle,967,1191,115,32
ODI,CL White,Death,695,543,73,22
ODI,CL White,Middle,1313,1918,109,33
ODI,CL White,Powerplay,45,122,7,2
ODI,CM Edwards,Death,76,66,9,2
ODI,CM Edwards,Middle,650,819,75,9
ODI,CM Edwards,Powerplay,328,579,53,12
ODI,CM McBride,Middle,170,240,17,11
ODI,CM McBride,Powerplay,232,329,35,6
ODI,CM Wright,Middle,35,104,1,3
ODI,CMA Shillington,Middle,112,119,18,5
ODI,CMA Shillington,Powerplay,65,78,11,2
ODI,CMG Atkins,Middle,99,147,11,0
ODI,CMG Atkins,Powerplay,18,64,2,0
ODI,CMW Read,Death,112,132,9,4
ODI,CMW Read,Middle,43,84,4,6
ODI,CN Ackermann,Middle,264,371,21,11
ODI,CN Ackermann,Powerplay,112,139,19,2
ODI,CN Greaves,Death,140,125,12,4
ODI,CN Greaves,Middle,215,289,27,10
ODI,CN Nation,Death,96,97,7,6
ODI,CN Nation,Middle,659,1288,71,30
ODI,CN Nation,Powerplay,68,137,8,2
ODI,CNIM Joyce,Middle,132,250,16,5
ODI,CNIM Joyce,Powerplay,89,213,13,1
ODI,CO Browne,Death,91,87,11,3
ODI,CO Browne,Middle,53,84,5,3
ODI,CO Obuya,Death,128,139,14,7
ODI,CO Obuya,Middle,503,746,44,19
ODI,CO Obuya,Powerplay,106,155,15,1
ODI,CP Rizwan,Death,124,146,7,6
ODI,CP Rizwan,Middle,704,1236,52,23
ODI,CP Rizwan,Powerplay,73,191,7,4
ODI,CR Brathwaite,Death,292,290,27,16
ODI,CR Brathwaite,Middle,235,323,29,12
ODI,CR Ervine,Death,335,285,40,15
ODI,CR Ervine,Middle,2052,2636,201,53
ODI,CR Ervine,Powerplay,595,943,91,18
ODI,CR Pagydyala,Middle,156,201,15,0
ODI,CR Pagydyala,Powerplay,41,95,4,1
ODI,CR Seneviratna,Middle,118,248,10,5
ODI,CR Woakes,Death,823,760,82,38
ODI,CR Woakes,Middle,691,954,57,21
ODI,CRD Fernando,Death,119,166,11,12
ODI,CRD Fernando,Middle,56,100,8,4
ODI,CS Baugh,Death,215,236,21,11
ODI,CS Baugh,Middle,167,327,13,9
ODI,CS Fraser,Middle,57,134,5,5
ODI,CS MacLeod,Death,247,174,26,8
ODI,CS MacLeod,Middle,1370,1759,151,34
ODI,CS MacLeod,Powerplay,398,637,56,16
ODI,CS Mugeri-Tiripano,Middle,368,531,43,14
ODI,CS Mugeri-Tiripano,Powerplay,162,265,25,4
ODI,CT Dhururu,Middle,121,283,11,13
ODI,CT Dhururu,Powerplay,63,212,8,2
ODI,CT Mutombodzi,Middle,77,110,8,5
ODI,CZ Harris,Middle,170,332,12,6
ODI,Chirag Suri,Middle,542,710,56,18
ODI,Chirag Suri,Powerplay,378,758,52,17
ODI,D Bau,Middle,79,161,8,4
ODI,D Bishoo,Death,106,163,12,10
ODI,D Bishoo,Middle,58,102,6,4
ODI,D Brevis,Death,97,61,12,5
ODI,D Brevis,Middle,198,151,25,4
ODI,D Devnarain,Middle,95,209,10,6
ODI,D Dhingra,Middle,151,207,17,7
ODI,D Dhingra,Powerplay,138,236,19,0
ODI,D Elgar,Middle,75,124,2,2
ODI,D Foxcroft,Death,78,60,10,3
ODI,D Foxcroft,Middle,93,140,7,1
ODI,D Ganga,Middle,97,140,12,6
ODI,D Ganga,Powerplay,55,162,5,1
ODI,D Gough,Death,102,112,10,4
ODI,D Gough,Middle,35,86,3,3
ODI,D Hazell,Death,64,75,8,7
ODI,D Hazell,Middle,45,65,2,0
ODI,D Hemalatha,Middle,49,120,5,6
ODI,D Heyliger,Death,154,125,20,12
ODI,D Heyliger,Middle,59,100,6,3
ODI,D Keulder,Middle,121,182,11,4
ODI,D Khanal,Middle,280,343,25,9
ODI,D Khanal,Powerplay,62,158,6,4
ODI,D Mongia,Death,81,79,6,2
ODI,D Mongia,Middle,237,441,21,11
ODI,D Myers,Middle,81,130,7,5
ODI,D Myers,Powerplay,57,64,10,2
ODI,D Parashar,Death,88,72,8,2
ODI,D Parashar,Middle,103,219,8,5
ODI,D Pretorius,Death,95,81,12,5
ODI,D Pretorius,Middle,94,148,7,6
ODI,D Ramdin,Death,473,464,48,30
ODI,D Ramdin,Middle,1554,2082,129,51
ODI,D Ramdin,Powerplay,45,90,7,3
ODI,D Ravu,Death,105,146,10,7
ODI,D Tucker,Middle,40,61,5,2
ODI,D Wiese,Death,177,163,19,7
ODI,D Wiese,Middle,151,212,12,4
ODI,D la Cock,Middle,77,125,7,5
ODI,D la Cock,Powerplay,236,350,37,8
ODI,D van Niekerk,Death,448,363,64,10
ODI,D van Niekerk,Middle,857,1383,91,21
ODI,DA Gunawardene,Middle,178,309,13,8
ODI,DA Gunawardene,Powerplay,144,282,18,7
ODI,DA Marillier,Middle,124,181,12,3
ODI,DA Marillier,Powerplay,102,141,11,4
ODI,DA Miller,Death,1849,1292,219,36
ODI,DA Miller,Middle,2661,3146,257,67
ODI,DA Miller,Powerplay,63,72,8,1
ODI,DA Minors,Middle,77,120,10,5
ODI,DA Warner,Death,211,137,24,8
ODI,DA Warner,Middle,3323,3430,345,59
ODI,DA Warner,Powerplay,3089,3407,457,81
ODI,DAJ Bracewell,Death,85,97,6,7
ODI,DAJ Bracewell,Middle,136,182,15,4
ODI,DAS Gunaratne,Death,251,222,32,10
ODI,DAS Gunaratne,Middle,323,518,24,8
ODI,DB Kotze,Middle,63,91,3,3
ODI,DB Sharma,Death,550,570,49,21
ODI,DB Sharma,Middle,1600,2353,148,35
ODI,DB Sharma,Powerplay,237,521,34,7
ODI,DBL Powell,Death,67,83,5,11
ODI,DC Thomas,Death,99,122,8,6
ODI,DC Thomas,Middle,118,224,10,10
ODI,DD Ebrahim,Death,88,108,5,5
ODI,DD Ebrahim,Middle,393,749,25,15
ODI,DD Ebrahim,Powerplay,74,193,6,5
ODI,DDP D'Silva,Middle,43,69,6,1
ODI,DE Bernard,Middle,101,177,8,6
ODI,DE Budge,Death,120,116,9,3
ODI,DE Budge,Middle,117,195,9,6
ODI,DEM Carter,Middle,97,144,8,6
ODI,DEM Carter,Powerplay,150,226,22,2
ODI,DF Watts,Middle,63,73,9,4
ODI,DF Watts,Powerplay,67,167,6,4
ODI,DG Brownlie,Middle,136,213,10,10
ODI,DG Brownlie,Powerplay,223,285,37,3
ODI,DJ Bravo,Death,767,702,82,34
ODI,DJ Bravo,Middle,1877,2619,174,63
ODI,DJ Bravo,Powerplay,116,185,16,5
ODI,DJ Hooda,Death,68,60,5,4
ODI,DJ Hooda,Middle,85,134,6,2
ODI,DJ Hussey,Death,564,420,58,20
ODI,DJ Hussey,Middle,1067,1432,84,29
ODI,DJ Hussey,Powerplay,41,60,4,3
ODI,DJ Malan,Death,89,81,11,4
ODI,DJ Malan,Middle,866,858,90,10
ODI,DJ Malan,Powerplay,463,565,77,11
ODI,DJ Mitchell,Death,449,318,53,15
ODI,DJ Mitchell,Middle,2272,2547,239,30
ODI,DJ Mitchell,Powerplay,89,171,10,3
ODI,DJ Willey,Death,340,302,37,16
ODI,DJ Willey,Middle,307,388,41,10
ODI,DJG Sammy,Death,893,695,116,34
ODI,DJG Sammy,Middle,940,1221,109,39
ODI,DJM Short,Middle,177,230,13,3
ODI,DJS Dottin,Death,195,155,26,5
ODI,DJS Dottin,Middle,1127,1490,149,35
ODI,DJS Dottin,Powerplay,446,567,74,16
ODI,DL Chahar,Death,149,120,21,3
ODI,DL Chahar,Middle,42,84,3,2
ODI,DL Hemp,Middle,208,292,29,3
ODI,DL Hemp,Powerplay,40,82,4,5
ODI,DL Vettori,Death,501,475,51,31
ODI,DL Vettori,Middle,909,1214,70,36
ODI,DLS van Bunge,Middle,221,397,25,7
ODI,DLS van Bunge,Powerplay,56,98,6,3
ODI,DM Bravo,Death,338,273,36,10
ODI,DM Bravo,Middle,2118,3136,199,68
ODI,DM Bravo,Powerplay,551,1066,82,17
ODI,DM Richards,Middle,78,109,9,3
ODI,DM Richards,Powerplay,101,151,15,3
ODI,DM de Silva,Death,274,271,29,14
ODI,DM de Silva,Middle,1249,1752,125,48
ODI,DM de Silva,Powerplay,246,307,38,6
ODI,DN Wellalage,Death,154,139,17,8
ODI,DN Wellalage,Middle,229,335,22,12
ODI,DN Wyatt,Death,386,268,49,12
ODI,DN Wyatt,Middle,1002,1198,97,37
ODI,DN Wyatt,Powerplay,328,424,55,18
ODI,DO Leicher,Death,85,85,8,4
ODI,DO Leicher,Middle,65,115,4,1
ODI,DO Obuya,Middle,123,245,6,4
ODI,DO Obuya,Powerplay,164,313,22,14
ODI,DP Conway,Middle,930,1016,99,19
ODI,DP Conway,Powerplay,679,906,121,16
ODI,DP Hyatt,Middle,80,111,11,5
ODI,DP Hyatt,Powerplay,26,74,2,2
ODI,DP Vaidya,Middle,96,120,12,1
ODI,DP Vaidya,Powerplay,17,64,1,2
ODI,DPMD Jayawardene,Death,863,737,104,39
ODI,DPMD Jayawardene,Middle,5977,7727,527,155
ODI,DPMD Jayawardene,Powerplay,1229,1805,164,36
ODI,DR Brown,Middle,45,91,3,1
ODI,DR Chumney,Middle,107,174,10,6
ODI,DR Chumney,Powerplay,72,113,12,3
ODI,DR Flynn,Middle,120,191,12,8
ODI,DR Gibson,Middle,73,64,8,2
ODI,DR Martyn,Death,374,315,35,11
ODI,DR Martyn,Middle,1617,2328,135,37
ODI,DR Martyn,Powerplay,248,327,40,8
ODI,DR Mousley,Middle,43,61,3,1
ODI,DR Smith,Death,212,172,27,17
ODI,DR Smith,Middle,635,739,77,37
ODI,DR Smith,Powerplay,414,519,64,14
ODI,DR Tuffey,Death,146,138,15,13
ODI,DR Tuffey,Middle,42,62,4,4
ODI,DS Airee,Death,347,328,28,14
ODI,DS Airee,Middle,1257,1739,117,43
ODI,DS Airee,Powerplay,63,106,10,2
ODI,DS Bajwa,Powerplay,81,129,9,1
ODI,DS Lehmann,Death,163,130,22,5
ODI,DS Lehmann,Middle,493,687,35,10
ODI,DS Smith,Middle,508,624,43,15
ODI,DS Smith,Powerplay,460,748,65,22
ODI,DT Christian,Death,147,157,14,7
ODI,DT Christian,Middle,126,156,12,5
ODI,DT Hondo,Death,33,98,4,6
ODI,DT Johnston,Death,203,210,19,11
ODI,DT Johnston,Middle,158,263,16,9
ODI,DT Tiripano,Death,178,178,20,10
ODI,DT Tiripano,Middle,165,357,15,8
ODI,DW Steyn,Death,216,314,21,26
ODI,DW Steyn,Middle,149,278,23,12
ODI,Dhiman Ghosh,Middle,84,156,8,8
ODI,Diana Baig,Death,267,322,28,24
ODI,Diana Baig,Middle,85,150,8,9
ODI,E Bisht,Death,69,108,6,9
ODI,E Chigumbura,Death,1078,1009,116,49
ODI,E Chigumbura,Middle,2138,3151,214,77
ODI,E Chigumbura,Powerplay,50,75,7,1
ODI,E Claridge,Middle,68,84,8,4
ODI,E Lewis,Middle,1004,1092,109,23
ODI,E Lewis,Powerplay,975,1265,147,29
ODI,E Marx,Middle,42,69,4,1
ODI,E Schiferli,Middle,39,69,6,5
ODI,E Schiferli,Powerplay,40,71,6,2
ODI,EA Osborne,Death,118,109,11,4
ODI,EA Osborne,Middle,33,75,4,3
ODI,EA Perry,Death,778,674,80,20
ODI,EA Perry,Middle,2654,3544,259,37
ODI,EA Perry,Powerplay,318,554,53,8
ODI,EAJ Richardson,Middle,94,127,13,4
ODI,EC Joyce,Death,127,107,14,3
ODI,EC Joyce,Middle,1209,1686,113,32
ODI,EC Joyce,Powerplay,509,873,70,20
ODI,EH Hutchinson,Middle,76,88,9,3
ODI,EJ Villani,Middle,304,311,42,13
ODI,EJ Villani,Powerplay,141,268,21,7
ODI,EJG Morgan,Death,1252,881,153,38
ODI,EJG Morgan,Middle,5312,6211,579,131
ODI,EJG Morgan,Powerplay,389,675,58,11
ODI,EL Lamb,Middle,289,302,33,12
ODI,EL Lamb,Powerplay,295,425,40,10
ODI,EL Watson,Middle,33,93,1,5
ODI,EM Bermingham,Death,65,68,6,5
ODI,EMA McLeod,Powerplay,40,68,4,1
ODI,EN Lynch,Middle,81,181,10,3
ODI,ER Oza,Middle,65,70,7,2
ODI,ER Oza,Powerplay,83,149,11,6
ODI,ES Szwarczynski,Middle,169,283,15,4
ODI,ES Szwarczynski,Powerplay,112,199,15,6
ODI,Ehsan Khan,Middle,64,177,8,6
ODI,Ehsan Nawaz,Middle,19,62,2,3
ODI,Ehsanul Haque,Powerplay,15,60,2,2
ODI,F Behardien,Death,638,464,72,17
ODI,F Behardien,Middle,415,623,29,17
ODI,F Mutizwa,Middle,129,246,6,6
ODI,F Overdijk,Middle,202,425,14,8
ODI,F Tunnicliffe,Middle,43,62,4,2
ODI,F du Plessis,Death,610,436,71,23
ODI,F du Plessis,Middle,4027,4637,372,82
ODI,F du Plessis,Powerplay,808,1215,111,11
ODI,FA Allen,Middle,116,157,13,8
ODI,FC Wilson,Death,151,108,19,5
ODI,FC Wilson,Middle,235,298,19,10
ODI,FDM Karunaratne,Middle,537,648,35,18
ODI,FDM Karunaratne,Powerplay,480,692,64,16
ODI,FDW McCreath,Death,110,86,12,5
ODI,FDW McCreath,Middle,359,534,30,7
ODI,FDW McCreath,Powerplay,92,178,12,5
ODI,FG Kemp,Middle,244,234,27,6
ODI,FH Allen,Middle,193,198,25,6
ODI,FH Allen,Powerplay,389,438,67,13
ODI,FH Edwards,Death,49,103,4,3
ODI,FL Mackay,Death,59,68,5,2
ODI,FL Mackay,Middle,28,80,1,4
ODI,FL Reifer,Middle,69,154,6,4
ODI,FRJ Coleman,Middle,126,163,15,5
ODI,Faheem Ashraf,Death,185,164,23,14
ODI,Faheem Ashraf,Middle,222,323,26,11
ODI,Fahima Khatun,Death,96,131,5,7
ODI,Fahima Khatun,Middle,252,464,17,14
ODI,Faisal Iqbal,Middle,126,214,11,4
ODI,Fakhar Zaman,Death,172,108,24,2
ODI,Fakhar Zaman,Middle,2010,2064,228,41
ODI,Fakhar Zaman,Powerplay,1620,1967,255,37
ODI,Fargana Hoque,Death,121,152,8,4
ODI,Fargana Hoque,Middle,970,1873,77,28
ODI,Fargana Hoque,Powerplay,394,1009,36,18
ODI,Farhad Reza,Middle,282,467,38,15
ODI,Fatima Sana,Death,393,347,50,22
ODI,Fatima Sana,Middle,460,718,45,22
ODI,Fawad Alam,Death,318,288,28,7
ODI,Fawad Alam,Middle,641,1002,37,16
ODI,Fayyaz Butt,Death,126,141,12,7
ODI,Fayyaz Butt,Middle,75,143,8,4
ODI,G Coetzee,Middle,52,78,5,2
ODI,G Dempsey,Death,59,77,3,4
ODI,G Dempsey,Middle,68,136,5,3
ODI,G Gambhir,Death,165,127,23,6
ODI,G Gambhir,Middle,2933,3428,248,58
ODI,G Gambhir,Powerplay,1883,2378,273,51
ODI,G Kirsten,Middle,103,122,14,2
ODI,G Kirsten,Powerplay,78,102,12,1
ODI,G Kodali,Middle,31,74,0,1
ODI,G Malla,Middle,489,642,56,19
ODI,G Malla,Powerplay,264,502,37,12
ODI,G Motie,Death,125,95,18,8
ODI,G Motie,Middle,300,382,41,14
ODI,G Singh,Death,266,256,27,8
ODI,G Singh,Middle,646,852,73,16
ODI,G Sultana,Middle,36,107,2,1
ODI,G Toka,Middle,157,294,12,11
ODI,G Toka,Powerplay,96,182,9,6
ODI,G Voll,Middle,295,243,38,8
ODI,G Voll,Powerplay,254,256,43,3
ODI,G Wareham,Death,262,194,35,10
ODI,G Wareham,Middle,80,117,3,3
ODI,GA Elwiss,Death,87,127,9,5
ODI,GA Elwiss,Middle,145,186,13,5
ODI,GA Lamb,Middle,161,336,5,6
ODI,GB Brent,Death,124,161,9,6
ODI,GB Brent,Middle,68,144,7,3
ODI,GB Hogg,Death,408,426,33,18
ODI,GB Hogg,Middle,239,392,12,12
ODI,GB Murgatroyd,Middle,81,136,6,3
ODI,GC Bhogle,Middle,49,79,6,2
ODI,GC Bhogle,Powerplay,33,87,4,4
ODI,GC Smith,Death,124,102,16,6
ODI,GC Smith,Middle,2630,3001,266,68
ODI,GC Smith,Powerplay,2526,3510,344,68
ODI,GC Wilson,Death,378,327,39,16
ODI,GC Wilson,Middle,777,1191,69,28
ODI,GC Wilson,Powerplay,77,135,11,3
ODI,GD Elliott,Death,445,345,48,13
ODI,GD Elliott,Middle,1417,1893,125,39
ODI,GD Elliott,Powerplay,51,156,3,4
ODI,GD Phillips,Death,481,342,60,9
ODI,GD Phillips,Middle,710,822,75,19
ODI,GE Plimmer,Middle,267,427,20,14
ODI,GE Plimmer,Powerplay,277,419,45,8
ODI,GEF Barnett,Middle,45,84,4,3
ODI,GEF Barnett,Powerplay,50,101,6,2
ODI,GH Bodi,Middle,41,66,5,1
ODI,GH Bodi,Powerplay,42,70,5,1
ODI,GH Dockrell,Death,520,496,57,32
ODI,GH Dockrell,Middle,655,936,64,18
ODI,GH Lewis,Death,46,64,4,2
ODI,GH Lewis,Middle,1158,1587,137,35
ODI,GH Lewis,Powerplay,800,1288,131,19
ODI,GH Worker,Middle,166,228,14,5
ODI,GH Worker,Powerplay,101,151,12,2
ODI,GI Hume,Middle,35,69,4,3
ODI,GJ Bailey,Death,585,438,63,24
ODI,GJ Bailey,Middle,2294,2972,197,46
ODI,GJ Bailey,Powerplay,132,262,17,4
ODI,GJ Delany,Death,99,87,8,4
ODI,GJ Delany,Powerplay,64,91,11,4
ODI,GJ Hopkins,Middle,181,259,15,9
ODI,GJ Maxwell,Death,1452,887,206,38
ODI,GJ Maxwell,Middle,2125,2070,264,72
ODI,GJ Maxwell,Powerplay,118,97,22,3
ODI,GJ Rennie,Middle,41,81,3,3
ODI,GJ Whittall,Middle,58,65,6,3
ODI,GM Ewing,Death,62,72,6,4
ODI,GM Hamilton,Middle,81,145,6,3
ODI,GM Hamilton,Powerplay,59,127,7,5
ODI,GM Strydom,Middle,31,86,3,3
ODI,GO Jones,Death,241,195,30,11
ODI,GO Jones,Middle,356,510,31,13
ODI,GO Jones,Powerplay,118,178,16,4
ODI,GP Swann,Death,331,317,34,22
ODI,GP Swann,Middle,144,208,16,11
ODI,GP Tom,Middle,38,72,3,4
ODI,GR Codrington,Middle,60,93,8,4
ODI,GS Ballance,Middle,359,495,24,11
ODI,GS Ballance,Powerplay,55,120,9,5
ODI,GSNFG Jayasuriya,Middle,356,433,29,7
ODI,GSNFG Jayasuriya,Powerplay,52,87,7,2
ODI,GT Main,Middle,75,80,8,1
ODI,GW Flower,Death,98,90,12,3
ODI,GW Flower,Middle,463,712,36,11
ODI,GW Flower,Powerplay,66,161,8,2
ODI,GWHM Perera,Death,46,65,6,6
ODI,GWHM Perera,Middle,796,1259,96,28
ODI,GWHM Perera,Powerplay,446,758,71,17
ODI,Ghazi Ghori,Middle,96,130,10,3
ODI,Ghazi Ghori,Powerplay,43,61,7,0
ODI,Ghulam Shabber,Middle,289,441,28,15
ODI,Ghulam Shabber,Powerplay,143,266,17,3
ODI,Gull Feroza,Middle,230,233,27,5
ODI,Gull Feroza,Powerplay,192,215,29,4
ODI,Gulsan Jha,Death,379,326,45,17
ODI,Gulsan Jha,Middle,594,856,68,15
ODI,H Carlyon,Powerplay,78,104,14,3
ODI,H Deol,Death,116,104,17,8
ODI,H Deol,Middle,811,1136,80,18
ODI,H Deol,Powerplay,137,207,22,6
ODI,H Doriga,Middle,59,93,7,2
ODI,H Hiri,Death,71,82,4,4
ODI,H Hiri,Middle,290,562,20,16
ODI,H Hiri,Powerplay,74,150,11,8
ODI,H Hotchandani,Middle,96,193,8,3
ODI,H Karunaratne,Middle,259,485,31,12
ODI,H Karunaratne,Powerplay,14,73,1,2
ODI,H Kaur,Death,879,698,114,23
ODI,H Kaur,Middle,2316,3239,234,57
ODI,H Kaur,Powerplay,133,200,20,3
ODI,H Klaasen,Death,514,290,71,15
ODI,H Klaasen,Middle,1556,1448,193,30
ODI,H Klaasen,Powerplay,61,101,7,3
ODI,H Madavi,Death,83,87,9,6
ODI,H Madavi,Middle,1316,1828,125,24
ODI,H Madavi,Powerplay,211,426,26,11
ODI,H Masakadza,Middle,2074,2694,197,78
ODI,H Masakadza,Powerplay,1844,2918,276,68
ODI,H Patel,Powerplay,165,181,26,7
ODI,H Thaker,Death,185,146,18,5
ODI,H Thaker,Middle,687,1167,49,20
ODI,H Thaker,Powerplay,31,70,2,0
ODI,HA Varaiya,Death,36,81,3,3
ODI,HAM Samuddika,Death,57,94,7,1
ODI,HASD Siriwardene,Death,92,84,9,3
ODI,HASD Siriwardene,Middle,540,1014,63,28
ODI,HASD Siriwardene,Powerplay,47,115,9,4
ODI,HC Brook,Death,172,99,23,6
ODI,HC Brook,Middle,953,958,117,22
ODI,HC Brook,Powerplay,169,210,30,6
ODI,HC Knight,Death,447,337,58,15
ODI,HC Knight,Middle,2340,3113,210,57
ODI,HC Knight,Powerplay,706,1175,104,18
ODI,HDJ Siegers,Middle,79,95,7,4
ODI,HDPK Dharmasena,Death,84,91,5,5
ODI,HDPK Dharmasena,Middle,45,64,3,1
ODI,HDRL Thirimanne,Death,423,422,36,18
ODI,HDRL Thirimanne,Middle,2181,3034,159,53
ODI,HDRL Thirimanne,Powerplay,560,988,75,15
ODI,HE van der Dussen,Death,429,307,43,9
ODI,HE van der Dussen,Middle,1855,2235,168,36
ODI,HE van der Dussen,Powerplay,245,423,33,7
ODI,HG Munsey,Death,260,173,33,7
ODI,HG Munsey,Middle,1446,1819,177,37
ODI,HG Munsey,Powerplay,851,843,143,17
ODI,HH Dippenaar,Death,112,123,9,2
ODI,HH Dippenaar,Middle,797,1142,65,16
ODI,HH Dippenaar,Powerplay,374,638,50,12
ODI,HH Gibbs,Death,278,210,31,10
ODI,HH Gibbs,Middle,2340,2572,264,48
ODI,HH Gibbs,Powerplay,1148,1652,191,34
ODI,HH Pandya,Death,771,578,95,30
ODI,HH Pandya,Middle,1125,1174,122,24
ODI,HH Streak,Death,336,289,37,6
ODI,HH Streak,Middle,391,795,29,9
ODI,HJ Thomas,Middle,136,281,12,10
ODI,HJC Mol,Middle,34,72,4,2
ODI,HJH Marshall,Death,80,85,4,6
ODI,HJH Marshall,Middle,510,729,36,19
ODI,HJH Marshall,Powerplay,71,166,5,6
ODI,HJW Gardiner,Middle,69,91,7,3
ODI,HJW Gardiner,Powerplay,73,129,9,4
ODI,HK Badani,Middle,104,132,10,1
ODI,HK Matthews,Death,143,132,19,6
ODI,HK Matthews,Middle,1713,2197,186,39
ODI,HK Matthews,Powerplay,1348,1723,221,33
ODI,HM Amla,Death,429,332,47,15
ODI,HM Amla,Middle,4080,4722,300,70
ODI,HM Amla,Powerplay,3325,4004,498,70
ODI,HM Nicholls,Death,352,250,40,12
ODI,HM Nicholls,Middle,1477,1905,127,41
ODI,HM Nicholls,Powerplay,586,988,79,19
ODI,HM Rowe,Death,227,287,18,15
ODI,HM Rowe,Middle,105,214,11,10
ODI,HMCM Bandara,Death,99,127,9,5
ODI,HMD Rasangika,Middle,171,297,20,6
ODI,HMD Rasangika,Powerplay,45,78,9,0
ODI,HMRKB Herath,Death,101,162,7,10
ODI,HMRKB Herath,Middle,39,67,5,2
ODI,HN Ya France,Death,149,147,18,4
ODI,HN Ya France,Middle,88,146,10,4
ODI,HNK Jensen,Death,106,109,11,10
ODI,HNK Jensen,Middle,109,174,13,10
ODI,HNK Jensen,Powerplay,69,106,9,3
ODI,HP Tillakaratne,Middle,235,361,18,7
ODI,HP Tillakaratne,Powerplay,62,162,8,2
ODI,HR Huddleston,Middle,26,72,3,4
ODI,HR Walsh,Death,51,63,3,1
ODI,HR Walsh,Middle,121,198,16,8
ODI,HS Baidwan,Middle,76,139,5,4
ODI,HS Modi,Middle,157,386,11,9
ODI,HT Tector,Death,391,276,45,12
ODI,HT Tector,Middle,1260,1623,122,20
ODI,HT Tector,Powerplay,124,269,18,6
ODI,Habibul Bashar,Death,63,87,6,9
ODI,Habibul Bashar,Middle,773,1338,65,25
ODI,Habibul Bashar,Powerplay,90,246,9,6
ODI,Haider Ali,Middle,32,74,3,2
ODI,Hammad Azam,Middle,74,117,7,2
ODI,Hammad Mirza,Middle,522,726,57,16
ODI,Hammad Mirza,Powerplay,74,157,10,0
ODI,Hamza Tariq,Middle,99,140,16,4
ODI,Hannan Sarkar,Middle,118,184,14,7
ODI,Hannan Sarkar,Powerplay,162,353,16,5
ODI,Harbhajan Singh,Death,616,591,66,41
ODI,Harbhajan Singh,Middle,301,556,25,18
ODI,Haris Rauf,Death,84,112,12,13
ODI,Haris Sohail,Death,316,262,35,11
ODI,Haris Sohail,Middle,1222,1505,107,19
ODI,Haris Sohail,Powerplay,171,243,22,3
ODI,Harmeet Singh,Death,175,160,20,10
ODI,Harmeet Singh,Middle,96,119,11,4
ODI,Harpreet Singh,Middle,229,281,22,6
ODI,Harpreet Singh,Powerplay,62,61,10,0
ODI,Harshit Rana,Death,101,73,13,4
ODI,Hasan Ali,Death,221,193,27,20
ODI,Hasan Ali,Middle,156,141,24,8
ODI,Hassan Nawaz,Middle,65,88,5,1
ODI,Hussain Talat,Death,74,81,6,3
ODI,Hussain Talat,Middle,150,209,15,5
ODI,I Dulani,Middle,103,173,10,5
ODI,I Dulani,Powerplay,39,79,5,1
ODI,I Kaia,Middle,187,261,14,9
ODI,I Kaia,Powerplay,211,391,25,9
ODI,I Maraj,Middle,36,110,4,2
ODI,I Maraj,Powerplay,42,129,5,3
ODI,I Pandey,Middle,196,240,20,5
ODI,I Pandey,Powerplay,17,70,0,2
ODI,I Ranaweera,Death,123,368,9,16
ODI,I Ranaweera,Middle,67,142,8,2
ODI,I Sharma,Death,42,93,3,10
ODI,I Sharma,Middle,30,116,3,5
ODI,I Toua,Death,39,75,2,5
ODI,I Toua,Middle,40,89,4,7
ODI,I Udana,Death,111,124,11,10
ODI,I Udana,Middle,116,112,16,3
ODI,IA Karim,Middle,128,152,13,2
ODI,IA Karim,Powerplay,68,85,10,0
ODI,IC Gaze,Death,199,171,27,9
ODI,IC Gaze,Middle,362,469,44,13
ODI,ID Blackwell,Death,51,60,6,7
ODI,ID Blackwell,Middle,86,141,11,8
ODI,IDR Bradshaw,Death,174,248,16,11
ODI,IDR Bradshaw,Middle,85,175,6,3
ODI,IG Butler,Middle,60,79,5,4
ODI,IG Holland,Middle,302,391,23,7
ODI,IH Romaine,Middle,103,203,13,7
ODI,IH Romaine,Powerplay,51,137,6,3
ODI,IJ Harvey,Death,165,140,21,8
ODI,IJ Harvey,Middle,94,147,12,4
ODI,IJL Trott,Death,242,260,15,12
ODI,IJL Trott,Middle,2063,2675,134,29
ODI,IJL Trott,Powerplay,514,797,70,14
ODI,IJR Zwilling,Middle,125,289,10,12
ODI,IJR Zwilling,Powerplay,23,66,1,1
ODI,IK Pathan,Death,437,428,39,21
ODI,IK Pathan,Middle,662,920,85,28
ODI,IK Pathan,Powerplay,127,200,22,4
ODI,IM Vaghela,Middle,40,80,5,4
ODI,IMHC Joyce,Middle,165,272,23,4
ODI,IR Bell,Death,299,273,26,14
ODI,IR Bell,Middle,3207,4250,262,84
ODI,IR Bell,Powerplay,1783,2474,252,36
ODI,IR James,Powerplay,51,64,7,2
ODI,IS Billcliff,Middle,198,333,22,7
ODI,IS Sodhi,Death,161,218,14,16
ODI,IS Sodhi,Middle,49,88,4,4
ODI,Iftikhar Ahmed,Death,220,139,31,3
ODI,Iftikhar Ahmed,Middle,302,337,31,10
ODI,Iftikhar Anjum,Death,162,211,12,9
ODI,Iftikhar Anjum,Middle,41,124,3,4
ODI,Imad Wasim,Death,663,516,82,14
ODI,Imad Wasim,Middle,274,344,24,8
ODI,Imam-ul-Haq,Death,60,66,4,7
ODI,Imam-ul-Haq,Middle,1766,1905,127,27
ODI,Imam-ul-Haq,Powerplay,1028,1572,134,28
ODI,Imran Farhat,Middle,642,886,69,23
ODI,Imran Farhat,Powerplay,557,989,76,18
ODI,Imran Haider,Middle,29,80,2,3
ODI,Imran Nazir,Middle,149,146,21,4
ODI,Imran Nazir,Powerplay,357,446,58,16
ODI,Imran Tahir,Death,123,177,16,14
ODI,Imrul Kayes,Death,81,71,9,5
ODI,Imrul Kayes,Middle,1277,1739,116,33
ODI,Imrul Kayes,Powerplay,884,1458,130,31
ODI,Inzamam-ul-Haq,Death,415,354,45,9
ODI,Inzamam-ul-Haq,Middle,1435,2013,136,38
ODI,Inzamam-ul-Haq,Powerplay,66,115,10,1
ODI,Iram Javed,Middle,182,332,24,14
ODI,Ishan Kishan,Middle,677,639,89,17
ODI,Ishan Kishan,Powerplay,203,256,31,3
ODI,Ishma Tanjim,Powerplay,24,65,4,3
ODI,J Anderson,Middle,78,114,12,3
ODI,J Anderson,Powerplay,40,91,5,3
ODI,J Botha,Death,356,372,36,20
ODI,J Botha,Middle,238,346,20,10
ODI,J Charles,Middle,616,735,67,24
ODI,J Charles,Powerplay,921,1100,150,33
ODI,J Edness,Middle,94,138,11,1
ODI,J Edness,Powerplay,20,67,2,1
ODI,J Figy John,Middle,52,71,4,1
ODI,J Fraser-McGurk,Powerplay,98,77,17,7
ODI,J Glasgow,Middle,193,241,29,11
ODI,J Goswami,Death,268,315,28,14
ODI,J Goswami,Middle,151,257,20,9
ODI,J Gray,Middle,60,110,7,3
ODI,J Grewcock,Middle,58,82,3,4
ODI,J Gumbie,Middle,177,233,17,7
ODI,J Gumbie,Powerplay,202,348,26,6
ODI,J Hermann,Middle,162,126,22,1
ODI,J Hermann,Powerplay,83,89,14,1
ODI,J Jarvis,Death,76,63,10,5
ODI,J Jarvis,Middle,59,92,5,8
ODI,J Kila,Middle,110,201,11,6
ODI,J Little,Death,61,71,10,7
ODI,J Liyanage,Death,347,266,43,9
ODI,J Liyanage,Middle,600,838,54,13
ODI,J Liyanage,Powerplay,37,62,5,0
ODI,J Maguire,Death,89,139,3,10
ODI,J Mubarak,Death,109,130,7,5
ODI,J Mubarak,Middle,331,480,29,10
ODI,J Mubarak,Powerplay,91,223,10,5
ODI,J Nkomo,Death,143,168,13,3
ODI,J Nkomo,Middle,319,539,28,8
ODI,J Overton,Middle,167,166,26,4
ODI,J Ramanandi,Middle,180,222,19,6
ODI,J Smits,Death,38,65,3,1
ODI,J Smits,Middle,34,130,1,4
ODI,J Sumerauer,Death,71,62,8,3
ODI,J Theron,Death,32,64,1,8
ODI,J van Vliet,Middle,33,74,0,4
ODI,JA Burns,Powerplay,106,134,14,4
ODI,JA McCollum,Middle,76,103,9,2
ODI,JA McCollum,Powerplay,102,143,18,4
ODI,JA Morkel,Death,389,311,52,18
ODI,JA Morkel,Middle,315,410,34,11
ODI,JA Richardson,Death,72,71,8,4
ODI,JA Rudolph,Death,140,165,12,3
ODI,JA Rudolph,Middle,613,933,60,13
ODI,JA Rudolph,Powerplay,67,130,10,0
ODI,JAD Lawrenson,Middle,110,153,7,2
ODI,JAH Marshall,Middle,27,62,2,3
ODI,JAR Blain,Middle,33,89,2,2
ODI,JC Archer,Death,162,137,23,8
ODI,JC Balt,Middle,48,88,5,0
ODI,JC Buttler,Death,2068,1256,275,43
ODI,JC Buttler,Middle,3375,3512,344,87
ODI,JC Buttler,Powerplay,86,115,16,5
ODI,JC Tredwell,Death,113,131,12,8
ODI,JC Tredwell,Middle,50,116,1,4
ODI,JD Campbell,Middle,118,108,12,2
ODI,JD Campbell,Powerplay,185,228,27,9
ODI,JD Ryder,Middle,501,551,58,19
ODI,JD Ryder,Powerplay,741,743,116,15
ODI,JDF Vandersay,Death,79,120,4,7
ODI,JDF Vandersay,Middle,53,152,2,3
ODI,JDP Oram,Death,720,566,86,31
ODI,JDP Oram,Middle,826,1193,80,29
ODI,JDS Neesham,Death,640,484,71,20
ODI,JDS Neesham,Middle,821,1000,90,29
ODI,JE Cameron,Middle,358,426,42,9
ODI,JE Cameron,Powerplay,84,165,16,3
ODI,JE Root,Death,794,660,85,26
ODI,JE Root,Middle,5674,6625,438,84
ODI,JE Root,Powerplay,1110,1514,146,35
ODI,JE Taylor,Death,148,138,19,17
ODI,JE Taylor,Middle,110,162,15,13
ODI,JEC Franklin,Death,551,493,59,18
ODI,JEC Franklin,Middle,554,929,42,21
ODI,JF Kloppenburg,Middle,112,151,10,2
ODI,JF Kloppenburg,Powerplay,31,82,3,1
ODI,JF Mooney,Death,297,289,39,16
ODI,JF Mooney,Middle,312,454,30,8
ODI,JF Smith,Middle,108,129,12,1
ODI,JG Bethell,Death,96,64,14,4
ODI,JG Bethell,Middle,558,630,65,14
ODI,JG Bethell,Powerplay,58,112,8,3
ODI,JH Davey,Middle,138,237,15,11
ODI,JH Kallis,Death,614,510,65,12
ODI,JH Kallis,Middle,3473,4700,277,74
ODI,JH Kallis,Powerplay,842,1338,128,21
ODI,JI Rodrigues,Death,452,307,61,13
ODI,JI Rodrigues,Middle,1099,1313,103,27
ODI,JI Rodrigues,Powerplay,217,368,32,12
ODI,JJ Atkinson,Middle,43,90,5,3
ODI,JJ Atkinson,Powerplay,41,62,5,1
ODI,JJ Bumrah,Death,106,142,15,9
ODI,JJ Roy,Middle,1977,1673,231,46
ODI,JJ Roy,Powerplay,2253,2433,359,57
ODI,JJ Smit,Death,363,326,41,16
ODI,JJ Smit,Middle,690,1106,67,27
ODI,JJ Tucker,Middle,186,275,26,10
ODI,JJ van der Wath,Death,89,63,11,3
ODI,JK Kamande,Middle,127,287,9,15
ODI,JKC Claxton,Middle,130,136,18,5
ODI,JL Carter,Death,70,60,7,4
ODI,JL Carter,Middle,476,673,50,16
ODI,JL Denly,Middle,275,386,25,7
ODI,JL Denly,Powerplay,132,226,21,4
ODI,JL Gunn,Death,212,241,19,11
ODI,JL Gunn,Middle,110,291,6,5
ODI,JL Jonassen,Death,328,353,26,17
ODI,JL Jonassen,Middle,200,258,17,6
ODI,JL Ontong,Middle,71,91,8,4
ODI,JL Smith,Middle,184,190,20,8
ODI,JL Smith,Powerplay,199,157,40,9
ODI,JM Anderson,Death,162,339,12,25
ODI,JM Anderson,Middle,92,175,10,6
ODI,JM Bairstow,Death,108,83,14,6
ODI,JM Bairstow,Middle,1960,1948,229,49
ODI,JM Bairstow,Powerplay,1603,1651,258,32
ODI,JM Davison,Middle,117,118,10,4
ODI,JM Davison,Powerplay,310,258,53,8
ODI,JM Fields,Middle,134,218,11,5
ODI,JM How,Middle,564,772,64,18
ODI,JM How,Powerplay,320,626,44,12
ODI,JM Kemp,Death,612,457,78,21
ODI,JM Kemp,Middle,609,1008,51,18
ODI,JM Kerr,Death,270,231,35,25
ODI,JM Kerr,Middle,97,115,11,6
ODI,JM Vince,Middle,278,302,30,9
ODI,JM Vince,Powerplay,305,372,45,10
ODI,JN Frylinck,Death,286,273,21,8
ODI,JN Frylinck,Middle,821,1159,72,27
ODI,JN Frylinck,Powerplay,126,303,17,9
ODI,JN Gillespie,Death,111,104,9,5
ODI,JN Loftie-Eaton,Death,193,161,23,6
ODI,JN Loftie-Eaton,Middle,813,1220,75,31
ODI,JN Loftie-Eaton,Powerplay,38,60,3,1
ODI,JN Malan,Death,143,79,22,1
ODI,JN Malan,Middle,416,548,29,8
ODI,JN Malan,Powerplay,399,550,62,11
ODI,JN Mohammed,Death,74,61,10,2
ODI,JN Mohammed,Middle,483,737,43,18
ODI,JN Mohammed,Powerplay,64,131,8,6
ODI,JNT Seales,Middle,54,86,6,6
ODI,JNT Vare,Middle,35,71,1,5
ODI,JO Holder,Death,655,595,69,38
ODI,JO Holder,Middle,1455,1810,147,43
ODI,JP Bray,Middle,105,169,10,2
ODI,JP Bray,Powerplay,97,178,14,6
ODI,JP Duminy,Death,1542,1237,154,50
ODI,JP Duminy,Middle,3131,4404,215,78
ODI,JP Duminy,Powerplay,255,345,40,6
ODI,JP Faulkner,Death,666,578,71,22
ODI,JP Faulkner,Middle,359,440,40,6
ODI,JP Greaves,Death,222,146,29,2
ODI,JP Greaves,Middle,168,236,14,8
ODI,JP Greaves,Powerplay,116,162,15,7
ODI,JP Inglis,Death,144,87,21,4
ODI,JP Inglis,Middle,551,608,63,22
ODI,JP Inglis,Powerplay,278,303,42,6
ODI,JP Kotze,Middle,235,295,24,10
ODI,JP Kotze,Powerplay,191,355,25,12
ODI,JP Maher,Middle,66,117,6,3
ODI,JR Hazlewood,Death,69,95,5,5
ODI,JR Hazlewood,Middle,66,74,12,3
ODI,JR Hopes,Death,832,699,85,34
ODI,JR Hopes,Middle,386,605,28,12
ODI,JR Hopes,Powerplay,108,132,16,3
ODI,JR Philippe,Powerplay,70,95,10,2
ODI,JS Malhotra,Death,122,71,16,1
ODI,JS Malhotra,Middle,165,228,14,6
ODI,JS Malhotra,Powerplay,71,83,13,4
ODI,JS Patel,Death,56,86,3,3
ODI,JS Patel,Middle,35,66,4,3
ODI,JT Smuts,Middle,148,177,17,3
ODI,JV Harris,Middle,91,202,10,6
ODI,JW Hastings,Death,164,144,22,5
ODI,JW Hastings,Middle,107,137,15,5
ODI,JW Jenner,Middle,110,158,8,2
ODI,JWA Taylor,Death,87,96,7,5
ODI,JWA Taylor,Middle,651,767,57,12
ODI,JWA Taylor,Powerplay,141,242,17,4
ODI,JWM Dalrymple,Death,218,206,20,16
ODI,JWM Dalrymple,Middle,269,471,15,8
ODI,Jahanara Alam,Death,31,77,1,8
ODI,Jahanara Alam,Middle,49,150,7,7
ODI,Jahurul Islam,Middle,181,238,18,7
ODI,Jahurul Islam,Powerplay,34,71,5,3
ODI,Jaker Ali,Death,108,87,11,2
ODI,Jaker Ali,Middle,218,330,23,4
ODI,Jasdeep Singh,Death,182,201,17,14
ODI,Jasdeep Singh,Middle,115,228,12,9
ODI,Jatinder Singh,Middle,925,1124,106,31
ODI,Jatinder Singh,Powerplay,1006,1453,130,31
ODI,Javed Omar,Middle,237,429,24,11
ODI,Javed Omar,Powerplay,216,519,32,6
ODI,Javeria Khan,Death,69,70,7,1
ODI,Javeria Khan,Middle,901,1363,92,35
ODI,Javeria Khan,Powerplay,438,856,54,13
ODI,Junaid Khan,Death,63,109,4,12
ODI,Junaid Siddique,Death,110,157,11,15
ODI,Junaid Siddique,Middle,471,758,32,33
ODI,Junaid Siddique,Powerplay,467,655,70,21
ODI,Junaid Siddiqui,Middle,31,101,0,3
ODI,K Bhurtel,Middle,693,786,79,24
ODI,K Bhurtel,Powerplay,881,1198,132,42
ODI,K Birkenstock,Middle,105,185,10,8
ODI,K Birkenstock,Powerplay,77,198,11,3
ODI,K Doriga,Middle,280,544,26,19
ODI,K Doriga,Powerplay,198,340,28,8
ODI,K Frank,Middle,73,160,6,7
ODI,K Fraser,Death,95,74,11,2
ODI,K Fraser,Middle,134,229,12,6
ODI,K Gore,Death,63,76,6,3
ODI,K Gore,Middle,108,180,9,7
ODI,K Klein,Death,71,93,4,6
ODI,K Klein,Middle,89,158,7,5
ODI,K Meso,Middle,26,63,1,4
ODI,K Mishara,Powerplay,131,149,21,2
ODI,K Ndlovu,Middle,226,394,20,10
ODI,K Ndlovu,Powerplay,240,426,37,9
ODI,K Pierre,Middle,78,128,8,2
ODI,K Rabada,Death,295,318,31,17
ODI,K Rabada,Middle,106,196,11,8
ODI,K Ramharack,Death,82,166,9,10
ODI,K Ramharack,Middle,75,215,4,7
ODI,K Verreynne,Middle,390,456,35,9
ODI,K Verreynne,Powerplay,70,76,10,1
ODI,K Weeraratne,Death,74,69,7,4
ODI,K Weeraratne,Middle,46,70,1,1
ODI,K Zondo,Middle,134,217,10,5
ODI,KA Edwards,Middle,178,281,12,8
ODI,KA Edwards,Powerplay,104,199,11,5
ODI,KA Hope,Middle,52,72,7,4
ODI,KA Hope,Powerplay,86,129,13,2
ODI,KA Jamieson,Death,70,63,9,2
ODI,KA Maharaj,Death,186,224,23,13
ODI,KA Maharaj,Middle,138,193,18,10
ODI,KA Pollard,Death,766,575,93,33
ODI,KA Pollard,Middle,1796,2195,195,64
ODI,KA Pollard,Powerplay,46,107,6,1
ODI,KADA Kanchana,Death,110,125,8,5
ODI,KADA Kanchana,Middle,120,292,11,11
ODI,KAJ Roach,Death,198,331,17,14
ODI,KAJ Roach,Middle,110,279,13,8
ODI,KC Brathwaite,Middle,150,236,7,6
ODI,KC Brathwaite,Powerplay,112,242,8,2
ODI,KC Sangakkara,Death,1213,898,150,40
ODI,KC Sangakkara,Middle,8520,10693,786,165
ODI,KC Sangakkara,Powerplay,1907,3072,263,40
ODI,KD Karthik,Death,220,243,21,9
ODI,KD Karthik,Middle,997,1360,98,31
ODI,KD Karthik,Powerplay,407,672,58,14
ODI,KD Mills,Death,604,606,67,30
ODI,KD Mills,Middle,266,373,33,13
ODI,KD Shah,Middle,44,88,3,3
ODI,KD Shah,Powerplay,52,89,7,2
ODI,KDU Prabodhani,Death,113,260,13,14
ODI,KDU Prabodhani,Middle,35,177,4,6
ODI,KE Bryce,Middle,451,509,46,7
ODI,KE Bryce,Powerplay,87,133,11,1
ODI,KE Ebrahim,Middle,35,71,1,0
ODI,KH Brunt,Death,418,452,36,22
ODI,KH Brunt,Middle,395,635,32,11
ODI,KH Pandya,Death,89,68,10,1
ODI,KH Pandya,Middle,41,63,3,1
ODI,KH Prajapati,Middle,453,603,37,17
ODI,KH Prajapati,Powerplay,524,730,75,16
ODI,KIC Asalanka,Death,504,382,55,18
ODI,KIC Asalanka,Middle,1806,2166,184,33
ODI,KIC Asalanka,Powerplay,110,218,17,10
ODI,KJ Abbott,Death,54,93,3,6
ODI,KJ Coetzer,Middle,1062,1342,118,30
ODI,KJ Coetzer,Powerplay,1174,1442,197,27
ODI,KJ Garth,Death,111,132,8,8
ODI,KJ Garth,Middle,130,286,11,3
ODI,KJ Martin,Death,270,262,27,12
ODI,KJ Martin,Middle,834,1160,76,29
ODI,KJ Martin,Powerplay,57,114,9,3
ODI,KJ O'Brien,Death,480,335,61,17
ODI,KJ O'Brien,Middle,1447,1718,175,51
ODI,KJ O'Brien,Powerplay,63,98,10,4
ODI,KJJ van Noortwijk,Middle,71,86,6,1
ODI,KL Cross,Death,148,206,16,13
ODI,KL Cross,Middle,122,185,14,6
ODI,KL Rahul,Death,794,538,94,16
ODI,KL Rahul,Middle,2128,2570,189,39
ODI,KL Rahul,Powerplay,361,562,46,10
ODI,KM Dabengwa,Death,158,179,15,11
ODI,KM Dabengwa,Middle,196,425,11,7
ODI,KM Jadhav,Death,613,472,74,12
ODI,KM Jadhav,Middle,688,802,83,19
ODI,KM Jarvis,Death,127,195,12,15
ODI,KM Jarvis,Middle,68,125,9,5
ODI,KMA Paul,Death,175,159,19,8
ODI,KMA Paul,Middle,133,166,18,7
ODI,KMDN Kulasekara,Death,728,720,72,46
ODI,KMDN Kulasekara,Middle,589,932,61,36
ODI,KNA Bandara,Middle,95,168,6,3
ODI,KNM Fernando,Middle,101,95,11,3
ODI,KNM Fernando,Powerplay,81,131,12,4
ODI,KO Meth,Middle,25,62,2,1
ODI,KO Otieno,Middle,121,243,15,6
ODI,KO Otieno,Powerplay,129,352,18,10
ODI,KOA Powell,Middle,425,514,46,16
ODI,KOA Powell,Powerplay,509,677,77,22
ODI,KP Meiyappan,Death,68,126,1,10
ODI,KP Meiyappan,Middle,95,216,10,7
ODI,KP Pietersen,Death,649,493,75,12
ODI,KP Pietersen,Middle,2854,3570,295,74
ODI,KP Pietersen,Powerplay,699,927,103,15
ODI,KR Mayers,Middle,352,390,44,9
ODI,KR Mayers,Powerplay,308,411,52,15
ODI,KS Lokuarachchi,Middle,129,165,9,4
ODI,KS Williamson,Death,535,446,56,15
ODI,KS Williamson,Middle,5247,6192,488,101
ODI,KS Williamson,Powerplay,1363,2226,173,24
ODI,KT Perkins,Death,216,203,19,13
ODI,KT Perkins,Middle,402,634,34,11
ODI,KTGD Prasad,Death,96,87,8,1
ODI,KU Carty,Death,132,96,17,4
ODI,KU Carty,Middle,1342,1775,129,32
ODI,KU Carty,Powerplay,340,576,40,6
ODI,KV Jain,Middle,74,149,6,4
ODI,KV Jain,Powerplay,30,70,5,2
ODI,KV Morea,Death,57,69,5,4
ODI,KY Ottley,Powerplay,31,63,5,3
ODI,Kainat Imtiaz,Middle,107,227,8,7
ODI,Kaleem Sana,Death,124,129,14,8
ODI,Kaleemullah,Death,96,87,11,12
ODI,Kamran Akmal,Death,423,326,56,19
ODI,Kamran Akmal,Middle,1293,1609,132,51
ODI,Kamran Akmal,Powerplay,1030,1439,160,36
ODI,Kamran Ghulam,Middle,128,152,16,5
ODI,Karan KC,Death,545,511,66,30
ODI,Karan KC,Middle,169,304,19,11
ODI,Kashif Daud,Death,170,164,17,5
ODI,Kashif Daud,Middle,112,154,15,3
ODI,Khaled Mahmud,Death,90,100,7,7
ODI,Khaled Mahmud,Middle,193,383,16,15
ODI,Khaled Mashud,Death,262,319,23,6
ODI,Khaled Mashud,Middle,340,784,18,17
ODI,Khalid Kail,Middle,97,132,14,3
ODI,Khalid Latif,Middle,75,115,5,2
ODI,Khalid Latif,Powerplay,69,114,8,2
ODI,Khawar Ali,Death,111,131,11,6
ODI,Khawar Ali,Middle,378,666,33,8
ODI,Khawar Ali,Powerplay,131,283,17,8
ODI,Khurram Chohan,Death,55,76,4,3
ODI,Khurram Chohan,Middle,22,68,3,3
ODI,Khurram Khan,Middle,198,259,20,6
ODI,Khurram Manzoor,Middle,151,202,13,3
ODI,Khurram Manzoor,Powerplay,55,121,7,3
ODI,Khushdil Shah,Death,167,140,20,6
ODI,Khushdil Shah,Middle,161,198,15,3
ODI,Krishna Chandran,Middle,49,96,5,4
ODI,Krishna Chandran,Powerplay,8,60,0,2
ODI,Kuldeep Yadav,Death,145,252,9,12
ODI,Kuldeep Yadav,Middle,57,165,6,6
ODI,Kushal Malla,Death,86,82,11,4
ODI,Kushal Malla,Middle,601,719,79,26
ODI,Kushal Malla,Powerplay,114,124,21,2
ODI,Kycia A Knight,Middle,395,724,32,22
ODI,Kycia A Knight,Powerplay,297,613,47,17
ODI,Kyshona A Knight,Death,73,96,7,4
ODI,Kyshona A Knight,Middle,452,912,49,20
ODI,Kyshona A Knight,Powerplay,72,236,9,6
ODI,L Balaji,Death,92,107,10,6
ODI,L Delany,Death,205,223,11,9
ODI,L Delany,Middle,870,1251,83,26
ODI,L Delany,Powerplay,35,109,4,1
ODI,L Goodall,Middle,640,1006,57,28
ODI,L Goodall,Powerplay,248,482,31,11
ODI,L Gregory,Middle,95,99,10,0
ODI,L Jack,Middle,78,85,7,6
ODI,L Keny,Middle,67,147,7,3
ODI,L Keny,Powerplay,19,88,0,3
ODI,L Klusener,Death,143,120,17,3
ODI,L Lee,Middle,1194,1473,148,29
ODI,L Lee,Powerplay,1276,1530,214,37
ODI,L Little,Middle,50,106,5,6
ODI,L Louwrens,Middle,220,325,17,12
ODI,L Louwrens,Powerplay,315,593,46,11
ODI,L Ngidi,Death,94,165,10,7
ODI,L Ngidi,Middle,29,88,4,5
ODI,L Paul,Death,249,209,29,9
ODI,L Paul,Middle,835,1229,70,25
ODI,L Paul,Powerplay,253,636,27,15
ODI,L Phiri,Death,65,64,5,3
ODI,L Phiri,Middle,123,264,7,5
ODI,L Rajadurai,Middle,94,204,9,6
ODI,L Rajadurai,Powerplay,23,113,3,0
ODI,L Ronchi,Death,512,364,68,23
ODI,L Ronchi,Middle,691,669,91,23
ODI,L Ronchi,Powerplay,194,208,33,12
ODI,L Siaka,Middle,329,451,31,21
ODI,L Siaka,Powerplay,420,562,51,19
ODI,L Steenkamp,Middle,348,467,29,5
ODI,L Tshuma,Middle,189,342,24,15
ODI,L Tshuma,Powerplay,49,85,8,3
ODI,L Tucker,Death,274,248,27,12
ODI,L Tucker,Middle,553,751,59,22
ODI,L Vincent,Death,67,71,7,5
ODI,L Vincent,Middle,613,836,64,10
ODI,L Vincent,Powerplay,409,686,59,24
ODI,L Winfield,Middle,294,383,35,13
ODI,L Winfield,Powerplay,260,406,40,9
ODI,L Winfield-Hill,Middle,94,134,7,7
ODI,L Winfield-Hill,Powerplay,200,340,30,5
ODI,L Wolvaardt,Death,327,207,45,9
ODI,L Wolvaardt,Middle,2959,3945,255,52
ODI,L Wolvaardt,Powerplay,2098,2999,334,39
ODI,LA Dawson,Middle,108,134,10,3
ODI,LA Marsh,Death,173,211,16,12
ODI,LA Marsh,Middle,91,254,9,4
ODI,LC Sthalekar,Middle,108,173,12,5
ODI,LD Chandimal,Death,489,519,38,22
ODI,LD Chandimal,Middle,2862,3915,218,74
ODI,LD Chandimal,Powerplay,306,638,35,21
ODI,LE Bosman,Middle,115,92,17,5
ODI,LE Bosman,Powerplay,186,226,29,7
ODI,LE Kaushalya,Death,144,122,22,7
ODI,LE Kaushalya,Middle,214,389,19,14
ODI,LE Kaushalya,Powerplay,49,78,9,1
ODI,LE Plunkett,Death,457,368,52,21
ODI,LE Plunkett,Middle,79,135,9,5
ODI,LG Pretorius,Powerplay,120,116,20,0
ODI,LH Ferguson,Death,84,140,8,11
ODI,LH Ferguson,Middle,38,106,1,5
ODI,LJ Poulton,Powerplay,24,62,4,2
ODI,LJ Wright,Death,235,181,30,13
ODI,LJ Wright,Middle,367,518,36,14
ODI,LJ Wright,Powerplay,105,139,15,6
ODI,LK Bell,Death,48,73,6,6
ODI,LL Tsotsobe,Death,49,83,6,5
ODI,LM Jongwe,Death,116,93,13,7
ODI,LM Jongwe,Middle,167,269,19,14
ODI,LM Kasperek,Death,65,89,5,3
ODI,LM Kasperek,Middle,83,187,6,10
ODI,LMM Tahuhu,Death,242,264,26,22
ODI,LMM Tahuhu,Middle,118,154,16,13
ODI,LMP Simmons,Death,227,188,30,9
ODI,LMP Simmons,Middle,1180,1665,111,29
ODI,LMP Simmons,Powerplay,551,888,71,20
ODI,LN Rajbanshi,Death,27,94,3,9
ODI,LN Rajbanshi,Middle,16,89,0,2
ODI,LOB Cann,Middle,171,149,27,7
ODI,LP van Troost,Middle,88,118,10,6
ODI,LPC Silva,Death,393,389,43,16
ODI,LPC Silva,Middle,852,1358,76,24
ODI,LR Down,Middle,305,436,31,14
ODI,LR Down,Powerplay,140,317,15,10
ODI,LRPL Taylor,Death,1434,1062,167,43
ODI,LRPL Taylor,Middle,6087,7944,561,105
ODI,LRPL Taylor,Powerplay,605,1034,79,24
ODI,LS Greenway,Death,156,132,12,5
ODI,LS Greenway,Middle,545,908,56,10
ODI,LS Greenway,Powerplay,31,72,4,2
ODI,LS Livingstone,Death,257,167,34,7
ODI,LS Livingstone,Middle,640,661,69,17
ODI,LV van Beek,Death,281,258,25,12
ODI,LV van Beek,Middle,243,389,20,11
ODI,Lata Mondal,Middle,129,270,11,5
ODI,Liton Das,Death,75,63,8,6
ODI,Liton Das,Middle,1479,1594,156,39
ODI,Liton Das,Powerplay,924,1307,138,40
ODI,M Bhanuka,Middle,54,76,2,3
ODI,M Bhanuka,Powerplay,77,118,12,2
ODI,M De Ridder,Death,43,68,3,0
ODI,M Gill,Middle,91,125,11,2
ODI,M Jansen,Death,236,154,28,6
ODI,M Jansen,Middle,317,354,41,15
ODI,M Kaif,Death,321,313,26,13
ODI,M Kaif,Middle,831,1426,72,28
ODI,M Kaif,Powerplay,162,323,23,6
ODI,M Kapp,Death,661,599,67,20
ODI,M Kapp,Middle,1891,2305,212,45
ODI,M Kapp,Powerplay,38,80,5,2
ODI,M Kartik,Death,53,73,4,3
ODI,M Kartik,Middle,49,64,6,2
ODI,M Klaas,Death,79,166,7,11
ODI,M Klaas,Middle,60,163,6,12
ODI,M Labuschagne,Death,209,175,23,8
ODI,M Labuschagne,Middle,1577,1959,121,41
ODI,M Labuschagne,Powerplay,180,306,25,7
ODI,M Levitt,Middle,121,149,18,7
ODI,M Levitt,Powerplay,310,374,47,9
ODI,M Mangru,Middle,29,65,3,3
ODI,M McColl,Middle,195,246,20,9
ODI,M Morkel,Death,196,231,24,19
ODI,M Morkel,Middle,72,133,7,10
ODI,M Mupachikwa,Middle,325,548,27,15
ODI,M Mupachikwa,Powerplay,289,562,35,9
ODI,M Muralitharan,Death,205,258,20,30
ODI,M Muralitharan,Middle,112,128,17,9
ODI,M Musonda,Middle,200,287,20,9
ODI,M Musonda,Powerplay,49,107,6,3
ODI,M Ntini,Death,89,118,9,12
ODI,M Raj,Death,427,383,39,10
ODI,M Raj,Middle,2336,3436,247,30
ODI,M Raj,Powerplay,186,501,25,7
ODI,M Shumba,Middle,34,64,3,3
ODI,M Smit,Middle,88,117,11,3
ODI,M Spoors,Middle,77,134,6,5
ODI,M Spoors,Powerplay,77,147,11,3
ODI,M Terblanche,Powerplay,48,90,7,2
ODI,M Theekshana,Death,172,288,11,13
ODI,M Theekshana,Middle,112,292,9,5
ODI,M Vijay,Middle,157,192,13,5
ODI,M Vijay,Powerplay,182,324,23,9
ODI,M du Preez,Death,393,364,36,14
ODI,M du Preez,Middle,1609,2474,148,46
ODI,M du Preez,Powerplay,221,356,36,1
ODI,M van Lingen,Death,135,79,19,2
ODI,M van Lingen,Middle,716,839,81,24
ODI,M van Lingen,Powerplay,545,691,88,12
ODI,M van Schoor,Middle,30,71,2,2
ODI,MA Abbas,Middle,110,182,6,5
ODI,MA Agarwal,Powerplay,86,91,13,5
ODI,MA Carberry,Middle,59,79,6,2
ODI,MA Carberry,Powerplay,55,102,8,3
ODI,MA Jones,Death,44,61,3,5
ODI,MA Jones,Middle,331,469,27,10
ODI,MA Jones,Powerplay,131,199,18,2
ODI,MA Leask,Death,798,514,96,21
ODI,MA Leask,Middle,738,862,87,34
ODI,MA Ouma,Middle,244,451,23,12
ODI,MA Ouma,Powerplay,212,386,28,10
ODI,MA Starc,Death,424,455,42,34
ODI,MA Starc,Middle,155,315,15,12
ODI,MA Vermeulen,Middle,375,516,48,13
ODI,MA Vermeulen,Powerplay,120,263,14,12
ODI,MA Wood,Death,75,91,6,2
ODI,MAA Sanjeewani,Death,138,149,14,6
ODI,MAA Sanjeewani,Middle,360,631,24,23
ODI,MAA Sanjeewani,Powerplay,80,178,6,4
ODI,MADD Surangika,Death,160,180,15,4
ODI,MADD Surangika,Middle,466,950,44,18
ODI,MADD Surangika,Powerplay,16,80,1,2
ODI,MB Kruger,Middle,384,595,32,19
ODI,MB Kruger,Powerplay,140,293,14,4
ODI,MB Loye,Powerplay,109,148,17,4
ODI,MC Henriques,Middle,67,122,6,7
ODI,MC Sorensen,Death,77,80,9,4
ODI,MC Sorensen,Middle,42,73,5,1
ODI,MD Botha,Middle,57,113,3,3
ODI,MD Dai,Middle,193,290,19,7
ODI,MD Gunathilaka,Middle,753,890,71,22
ODI,MD Gunathilaka,Powerplay,829,993,119,20
ODI,MD Patel,Death,93,69,10,3
ODI,MD Patel,Middle,1576,1958,128,40
ODI,MD Patel,Powerplay,552,774,79,24
ODI,MD Shanaka,Death,314,260,39,16
ODI,MD Shanaka,Middle,824,1015,84,26
ODI,MDK Perera,Death,74,74,9,6
ODI,MDK Perera,Middle,48,63,5,3
ODI,MDK Perera,Powerplay,30,70,2,3
ODI,MDKJ Perera,Death,74,64,11,4
ODI,MDKJ Perera,Middle,1526,1736,159,39
ODI,MDKJ Perera,Powerplay,1477,1575,225,52
ODI,MDN Hansika,Middle,162,326,18,13
ODI,MDN Hansika,Powerplay,195,422,25,10
ODI,MDT Kamini,Middle,226,300,33,2
ODI,MDT Kamini,Powerplay,88,217,14,4
ODI,ME Bouchier,Middle,347,295,44,8
ODI,ME Bouchier,Powerplay,382,411,65,9
ODI,ME Trescothick,Death,81,65,11,1
ODI,ME Trescothick,Middle,987,1063,111,19
ODI,ME Trescothick,Powerplay,1041,1456,171,36
ODI,MEC de Fouw,Middle,11,77,1,0
ODI,MEK Hussey,Death,1812,1451,178,60
ODI,MEK Hussey,Middle,3169,4348,234,43
ODI,MEK Hussey,Powerplay,95,213,12,2
ODI,MF Kendal,Powerplay,24,75,2,2
ODI,MF Maharoof,Death,574,549,57,32
ODI,MF Maharoof,Middle,225,442,20,16
ODI,MG Bevan,Death,277,278,22,8
ODI,MG Bevan,Middle,456,823,32,10
ODI,MG Bevan,Powerplay,22,76,1,0
ODI,MG Bracewell,Death,387,273,48,11
ODI,MG Bracewell,Middle,648,710,82,16
ODI,MG Erasmus,Death,248,201,29,11
ODI,MG Erasmus,Middle,1831,2472,177,49
ODI,MG Erasmus,Powerplay,174,330,23,3
ODI,MG Johnson,Death,717,677,84,45
ODI,MG Johnson,Middle,217,325,18,11
ODI,MH Cross,Death,324,227,40,11
ODI,MH Cross,Middle,1220,1758,94,41
ODI,MH Cross,Powerplay,608,992,77,32
ODI,MH Yardy,Death,124,112,13,6
ODI,MH Yardy,Middle,198,366,8,7
ODI,MJ Clarke,Death,1294,1125,117,38
ODI,MJ Clarke,Middle,5022,6864,417,94
ODI,MJ Clarke,Powerplay,672,1106,89,21
ODI,MJ Guptill,Death,363,215,50,5
ODI,MJ Guptill,Middle,3422,3988,361,73
ODI,MJ Guptill,Powerplay,3339,4154,507,89
ODI,MJ Hay,Middle,110,132,10,2
ODI,MJ Henry,Death,220,229,27,19
ODI,MJ Henry,Middle,50,69,6,6
ODI,MJ Lumb,Middle,97,111,7,2
ODI,MJ Lumb,Powerplay,68,95,8,1
ODI,MJ McClenaghan,Death,87,96,12,4
ODI,MJ Prior,Death,128,126,13,4
ODI,MJ Prior,Middle,643,878,63,30
ODI,MJ Prior,Powerplay,458,648,62,14
ODI,MJ Santner,Death,979,846,100,35
ODI,MJ Santner,Middle,662,985,69,23
ODI,MJG Rippon,Middle,89,137,10,3
ODI,MK Pandey,Death,220,183,24,5
ODI,MK Pandey,Middle,317,409,24,9
ODI,MK Tiwary,Middle,249,328,24,9
ODI,MK Tiwary,Powerplay,33,77,3,2
ODI,ML Green,Death,368,307,38,14
ODI,ML Green,Middle,1685,2275,155,46
ODI,ML Green,Powerplay,122,300,12,3
ODI,ML Hayden,Death,133,67,21,4
ODI,ML Hayden,Middle,2010,2429,204,55
ODI,ML Hayden,Powerplay,1796,2460,244,24
ODI,ML Nkala,Death,60,64,5,4
ODI,ML Nkala,Middle,64,112,9,4
ODI,ML Schutt,Death,72,126,5,11
ODI,ML Udawatte,Middle,137,180,13,4
ODI,ML Udawatte,Powerplay,106,187,13,4
ODI,MM Ali,Death,689,544,80,30
ODI,MM Ali,Middle,1142,1401,122,50
ODI,MM Ali,Powerplay,447,473,68,14
ODI,MM English,Middle,182,263,17,3
ODI,MM Lanning,Death,311,253,39,10
ODI,MM Lanning,Middle,2608,2810,320,31
ODI,MM Lanning,Powerplay,636,922,107,19
ODI,MM Patel,Death,63,89,7,11
ODI,MN Samuels,Death,524,385,67,16
ODI,MN Samuels,Middle,3176,4393,345,85
ODI,MN Samuels,Powerplay,505,876,74,18
ODI,MN Waller,Death,186,174,20,12
ODI,MN Waller,Middle,834,1178,94,34
ODI,MN van Wyk,Middle,230,323,21,6
ODI,MN van Wyk,Powerplay,176,273,30,6
ODI,MNK Fernando,Powerplay,55,98,9,3
ODI,MO Odumbe,Middle,255,305,27,6
ODI,MP Breetzke,Middle,564,617,55,8
ODI,MP Breetzke,Powerplay,70,88,11,1
ODI,MP Kuhnemann,Middle,31,60,2,1
ODI,MP O'Dowd,Death,87,67,9,3
ODI,MP O'Dowd,Middle,1077,1548,93,36
ODI,MP O'Dowd,Powerplay,1094,1555,153,27
ODI,MP Stoinis,Death,509,420,59,16
ODI,MP Stoinis,Middle,865,1047,104,33
ODI,MP Stoinis,Powerplay,115,155,19,4
ODI,MP Vaughan,Middle,815,1232,79,28
ODI,MP Vaughan,Powerplay,508,838,70,19
ODI,MR Adair,Death,260,190,32,11
ODI,MR Adair,Middle,188,230,23,10
ODI,MR Aguilleira,Death,129,145,11,6
ODI,MR Aguilleira,Middle,189,430,17,15
ODI,MR Marsh,Death,615,444,68,16
ODI,MR Marsh,Middle,1834,2151,207,47
ODI,MR Marsh,Powerplay,653,750,116,15
ODI,MR Meshram,Middle,229,338,27,8
ODI,MR Meshram,Powerplay,79,211,12,3
ODI,MRJ Watt,Death,563,538,58,28
ODI,MRJ Watt,Middle,353,592,37,11
ODI,MS Atapattu,Death,222,203,19,10
ODI,MS Atapattu,Middle,1273,1866,109,32
ODI,MS Atapattu,Powerplay,530,950,73,15
ODI,MS Chapman,Death,159,121,18,7
ODI,MS Chapman,Middle,775,760,101,18
ODI,MS Chapman,Powerplay,71,108,11,1
ODI,MS Dhoni,Death,3837,3098,443,95
ODI,MS Dhoni,Middle,6243,8683,525,94
ODI,MS Dhoni,Powerplay,194,309,29,7
ODI,MS Sinclair,Death,79,71,9,2
ODI,MS Sinclair,Middle,229,357,19,4
ODI,MS Sinclair,Powerplay,59,138,6,4
ODI,MS Wade,Death,572,434,62,28
ODI,MS Wade,Middle,1023,1435,79,32
ODI,MS Wade,Powerplay,197,357,19,9
ODI,MT Renshaw,Middle,281,304,21,5
ODI,MV Boucher,Death,1031,804,112,35
ODI,MV Boucher,Middle,1576,2128,141,40
ODI,MV Waldron,Death,86,117,8,7
ODI,MV Waldron,Middle,158,346,12,9
ODI,MV Waldron,Powerplay,46,176,6,2
ODI,MW Forde,Death,136,97,19,6
ODI,MW Forde,Middle,88,108,12,8
ODI,MW Machan,Middle,226,294,20,9
ODI,MW Machan,Powerplay,153,181,20,1
ODI,MW Short,Middle,222,277,18,8
ODI,MW Short,Powerplay,218,237,37,11
ODI,Maaz Sadaqat,Powerplay,118,104,20,4
ODI,Mahedi Hasan,Middle,79,152,7,5
ODI,Mahidul Islam Ankon,Middle,51,98,4,1
ODI,Mahmudullah,Death,1866,1673,188,52
ODI,Mahmudullah,Middle,3060,4785,274,80
ODI,Mahmudullah,Powerplay,205,353,29,2
ODI,Manjural Islam Rana,Death,44,66,3,3
ODI,Manjural Islam Rana,Middle,196,373,12,5
ODI,Marina Iqbal,Middle,55,108,5,4
ODI,Marina Iqbal,Powerplay,82,204,7,4
ODI,Marufa Akter,Death,37,65,4,3
ODI,Mashrafe Mortaza,Death,908,852,111,58
ODI,Mashrafe Mortaza,Middle,396,757,39,36
ODI,Mehedi Hasan Miraz,Death,516,545,56,32
ODI,Mehedi Hasan Miraz,Middle,747,1079,74,31
ODI,Mehedi Hasan Miraz,Powerplay,145,209,22,4
ODI,Mehrab Hossain jnr,Middle,99,248,6,5
ODI,Mehrab Hossain jnr,Powerplay,78,178,10,4
ODI,Milind Kumar,Death,426,282,54,6
ODI,Milind Kumar,Middle,776,951,79,12
ODI,Misbah-ul-Haq,Death,1204,1073,117,40
ODI,Misbah-ul-Haq,Middle,3430,5141,270,65
ODI,Misbah-ul-Haq,Powerplay,118,335,8,2
ODI,Mohammad Amir,Death,209,259,23,17
ODI,Mohammad Amir,Middle,154,198,17,3
ODI,Mohammad Ashraful,Death,185,175,22,5
ODI,Mohammad Ashraful,Middle,1637,2360,176,68
ODI,Mohammad Ashraful,Powerplay,479,930,58,27
ODI,Mohammad Asif,Death,21,69,1,8
ODI,Mohammad Boota,Death,87,70,13,4
ODI,Mohammad Boota,Middle,86,170,5,2
ODI,Mohammad Hafeez,Death,507,377,63,11
ODI,Mohammad Hafeez,Middle,3930,4866,395,103
ODI,Mohammad Hafeez,Powerplay,1914,3104,283,69
ODI,Mohammad Irfan,Death,24,100,3,8
ODI,Mohammad Mithun,Death,155,128,19,3
ODI,Mohammad Mithun,Middle,485,657,49,17
ODI,Mohammad Mithun,Powerplay,71,163,9,2
ODI,Mohammad Nadeem,Death,262,248,26,3
ODI,Mohammad Nadeem,Middle,559,1034,44,14
ODI,Mohammad Naim,Powerplay,56,89,8,3
ODI,Mohammad Naveed,Death,148,159,20,9
ODI,Mohammad Naveed,Middle,109,93,15,9
ODI,Mohammad Nawaz,Death,205,196,24,8
ODI,Mohammad Nawaz,Middle,100,170,10,5
ODI,Mohammad Nawaz (3),Death,112,121,10,6
ODI,Mohammad Nawaz (3),Middle,81,100,7,2
ODI,Mohammad Rafique,Death,257,309,25,14
ODI,Mohammad Rafique,Middle,197,395,22,17
ODI,Mohammad Rizwan,Death,576,509,54,13
ODI,Mohammad Rizwan,Middle,2183,2716,208,48
ODI,Mohammad Rizwan,Powerplay,122,239,17,7
ODI,Mohammad Saifuddin,Death,243,222,25,8
ODI,Mohammad Saifuddin,Middle,117,217,10,2
ODI,Mohammad Sami,Death,158,186,12,11
ODI,Mohammad Sami,Middle,88,176,8,5
ODI,Mohammad Wasim,Death,85,87,11,8
ODI,Mohammad Yousuf,Death,425,378,48,13
ODI,Mohammad Yousuf,Middle,2226,3086,187,46
ODI,Mohammad Yousuf,Powerplay,132,277,14,5
ODI,Mohammed Qasim,Middle,31,78,1,2
ODI,Mohammed Qasim,Powerplay,60,101,9,2
ODI,Mohammed Shami,Death,180,216,21,22
ODI,Mohammed Shami,Middle,44,66,5,5
ODI,Mohammed Siraj,Death,49,105,3,7
ODI,Moin Khan,Death,83,81,8,4
ODI,Moin Khan,Middle,191,237,16,6
ODI,Mominul Haque,Death,80,64,8,2
ODI,Mominul Haque,Middle,310,430,33,15
ODI,Mominul Haque,Powerplay,105,177,14,3
ODI,Mosaddek Hossain,Death,272,225,33,8
ODI,Mosaddek Hossain,Middle,418,586,44,17
ODI,Mudassar Bukhari,Middle,51,121,2,7
ODI,Muhammad Shahdad,Death,85,63,11,3
ODI,Muhammad Shahdad,Middle,191,261,16,3
ODI,Muhammad Shahdad,Powerplay,43,107,4,3
ODI,Muhammad Usman,Death,140,128,15,6
ODI,Muhammad Usman,Middle,721,1037,79,21
ODI,Mujibur Ali,Middle,123,204,12,8
ODI,Muneeba Ali,Middle,725,1085,79,34
ODI,Muneeba Ali,Powerplay,697,1299,95,21
ODI,Murshida Khatun,Middle,181,299,24,7
ODI,Murshida Khatun,Powerplay,215,451,30,17
ODI,Musa Ahmed,Middle,200,303,20,11
ODI,Musa Ahmed,Powerplay,34,69,3,1
ODI,Mushfiqur Rahim,Death,1415,1139,170,41
ODI,Mushfiqur Rahim,Middle,5275,7012,441,126
ODI,Mushfiqur Rahim,Powerplay,406,842,51,15
ODI,Mushfiqur Rahman,Death,64,88,7,4
ODI,Mushfiqur Rahman,Middle,136,315,12,7
ODI,Mustafizur Rahman,Death,105,237,10,21
ODI,Mustafizur Rahman,Middle,60,113,9,3
ODI,N Boje,Death,102,78,13,1
ODI,N Boje,Middle,113,133,12,4
ODI,N Boochatham,Middle,57,135,6,6
ODI,N Boochatham,Powerplay,95,158,13,2
ODI,N Chaiwai,Middle,414,658,37,11
ODI,N Chantam,Middle,451,657,54,12
ODI,N Chantam,Powerplay,231,363,34,3
ODI,N Davin,Powerplay,142,182,20,10
ODI,N Deonarine,Death,88,85,8,3
ODI,N Deonarine,Middle,378,643,34,15
ODI,N Deonarine,Powerplay,80,145,12,2
ODI,N Dickwella,Middle,758,882,71,23
ODI,N Dickwella,Powerplay,839,869,128,27
ODI,N Dutta,Middle,31,82,1,2
ODI,N Gwanzura,Middle,90,149,7,6
ODI,N Hussain,Middle,157,240,11,8
ODI,N Koncharoenkai,Middle,223,294,21,12
ODI,N Koncharoenkai,Powerplay,80,119,11,1
ODI,N Madziva,Middle,25,70,2,2
ODI,N Pokana,Death,38,78,2,3
ODI,N Pooran,Death,321,219,44,7
ODI,N Pooran,Middle,1449,1581,165,37
ODI,N Pooran,Powerplay,59,113,8,3
ODI,N Pradeep,Death,35,70,4,7
ODI,N Shangase,Middle,146,219,16,9
ODI,N Sibanda,Death,70,142,4,5
ODI,N Sibanda,Middle,96,222,7,8
ODI,N Vanua,Death,384,329,45,22
ODI,N Vanua,Middle,370,620,38,22
ODI,N Vare,Middle,81,160,7,5
ODI,N Vare,Powerplay,107,296,9,9
ODI,N de Klerk,Death,583,503,75,21
ODI,N de Klerk,Middle,475,716,52,21
ODI,NA Greenwood,Powerplay,33,65,3,3
ODI,NA de Groot,Middle,39,115,6,3
ODI,NB Mahwire,Death,30,68,1,4
ODI,NC Dodd,Middle,63,110,7,2
ODI,NC Dodd,Powerplay,62,166,7,6
ODI,ND McKenzie,Middle,130,196,10,2
ODI,NE Bolton,Middle,827,1032,78,20
ODI,NE Bolton,Powerplay,560,997,68,14
ODI,NE Bonner,Middle,39,86,1,5
ODI,NF Kelly,Middle,174,189,22,3
ODI,NF Kelly,Powerplay,91,175,16,5
ODI,NFI McCallum,Middle,180,310,21,7
ODI,NG Smith,Death,67,85,4,5
ODI,NG Smith,Middle,48,91,3,6
ODI,NJ Astle,Death,228,156,26,2
ODI,NJ Astle,Middle,868,1206,82,14
ODI,NJ Astle,Powerplay,475,716,74,20
ODI,NJ Browne,Death,79,92,9,4
ODI,NJ Browne,Middle,64,102,8,1
ODI,NJ Carey,Death,198,167,20,5
ODI,NJ Carey,Middle,51,61,3,1
ODI,NJ O'Brien,Death,135,127,12,10
ODI,NJ O'Brien,Middle,1335,1896,121,39
ODI,NJ O'Brien,Powerplay,222,371,32,7
ODI,NK Patel,Death,203,208,20,7
ODI,NK Patel,Middle,272,490,22,16
ODI,NL McCullum,Death,518,483,54,29
ODI,NL McCullum,Middle,552,764,48,21
ODI,NLTC Perera,Death,1115,896,122,63
ODI,NLTC Perera,Middle,1108,1142,127,48
ODI,NM Coulter-Nile,Death,148,136,14,9
ODI,NM Coulter-Nile,Middle,104,139,12,6
ODI,NM Hauritz,Death,274,270,25,10
ODI,NN Odhiambo,Death,59,77,7,5
ODI,NN Odhiambo,Middle,129,209,13,8
ODI,NND de Silva,Death,396,378,43,16
ODI,NND de Silva,Middle,793,1236,69,23
ODI,NO Miller,Death,112,142,9,9
ODI,NO Miller,Middle,167,220,18,5
ODI,NP Kenjige,Death,333,350,28,14
ODI,NP Kenjige,Middle,106,292,7,9
ODI,NR Kirton,Death,107,75,13,4
ODI,NR Kirton,Middle,546,784,46,18
ODI,NR Kirton,Powerplay,40,78,5,1
ODI,NR Kumar,Middle,62,104,4,4
ODI,NR Kumar,Powerplay,115,202,11,5
ODI,NR Sciver,Death,497,348,62,15
ODI,NR Sciver,Middle,2054,2325,220,39
ODI,NR Sciver,Powerplay,117,169,18,1
ODI,NR Sciver-Brunt,Death,215,151,29,4
ODI,NR Sciver-Brunt,Middle,949,1064,106,17
ODI,NR Sciver-Brunt,Powerplay,181,230,27,3
ODI,NRJ Croes,Death,150,143,13,8
ODI,NRJ Croes,Middle,367,538,34,9
ODI,NS Dhaliwal,Middle,321,482,30,9
ODI,NS Dhaliwal,Powerplay,135,328,20,6
ODI,NT Broom,Death,230,179,33,10
ODI,NT Broom,Middle,651,923,51,21
ODI,NT Broom,Powerplay,38,66,4,2
ODI,NT Ellis,Death,62,75,6,5
ODI,NT Ellis,Middle,77,101,8,6
ODI,NV Knight,Middle,203,241,16,4
ODI,NV Knight,Powerplay,187,302,17,7
ODI,NW Bracken,Death,129,180,9,11
ODI,NW Bracken,Middle,45,85,5,4
ODI,NY McLean,Middle,79,140,8,5
ODI,NY McLean,Powerplay,103,187,16,6
ODI,Nadeem Ahmed,Death,37,70,3,5
ODI,Nadeem Ahmed,Middle,18,62,2,4
ODI,Naeem Islam,Death,299,338,31,15
ODI,Naeem Islam,Middle,515,834,50,11
ODI,Naeem Islam,Powerplay,28,74,4,5
ODI,Nafees Iqbal,Middle,47,73,5,2
ODI,Nafees Iqbal,Powerplay,81,197,7,7
ODI,Nahida Akter,Death,127,209,12,11
ODI,Nahida Akter,Middle,108,343,11,14
ODI,Nahida Khan,Middle,541,811,51,24
ODI,Nahida Khan,Powerplay,580,949,84,14
ODI,Nain Abidi,Death,58,77,3,3
ODI,Nain Abidi,Middle,425,790,49,19
ODI,Nain Abidi,Powerplay,38,88,3,2
ODI,Najiha Alvi,Death,187,204,18,8
ODI,Najiha Alvi,Middle,125,204,8,3
ODI,Naseem Khushi,Death,291,236,35,17
ODI,Naseem Khushi,Middle,69,99,8,5
ODI,Naseem Shah,Death,112,138,11,8
ODI,Naseem Shah,Middle,84,93,10,2
ODI,Nashra Sandhu,Death,92,242,6,10
ODI,Nashra Sandhu,Middle,31,175,3,11
ODI,Nasir Aziz,Middle,74,110,10,0
ODI,Nasir Hossain,Death,490,455,59,26
ODI,Nasir Hossain,Middle,748,1115,66,16
ODI,Nasir Jamshed,Middle,695,848,68,19
ODI,Nasir Jamshed,Powerplay,698,1048,101,22
ODI,Nasum Ahmed,Death,96,94,13,6
ODI,Nasum Ahmed,Middle,75,112,10,3
ODI,Natalia Pervaiz,Middle,240,325,25,8
ODI,Navdeep Saini,Death,81,79,10,2
ODI,Navdeep Saini,Middle,26,62,2,0
ODI,Naved-ul-Hasan,Death,324,312,34,16
ODI,Naved-ul-Hasan,Middle,125,207,11,9
ODI,Nazimuddin,Middle,57,75,8,3
ODI,Nazimuddin,Powerplay,90,171,12,7
ODI,Nazmul Hossain Shanto,Middle,1177,1467,122,34
ODI,Nazmul Hossain Shanto,Powerplay,519,760,83,17
ODI,Nida Dar,Death,243,269,21,15
ODI,Nida Dar,Middle,905,1457,88,33
ODI,Nigar Sultana,Death,303,350,29,14
ODI,Nigar Sultana,Middle,1032,2002,85,29
ODI,Nigar Sultana,Powerplay,97,283,12,4
ODI,Nithish Kumar Reddy,Middle,74,76,6,1
ODI,Nizakat Khan,Middle,289,414,33,9
ODI,Nizakat Khan,Powerplay,166,177,29,3
ODI,Nurul Hasan,Death,128,128,12,5
ODI,Nurul Hasan,Middle,145,173,19,1
ODI,O Kamchomphu,Death,39,81,1,4
ODI,O Prendergast,Death,176,145,16,7
ODI,O Prendergast,Middle,1047,1441,99,27
ODI,O Prendergast,Powerplay,109,187,15,3
ODI,OA Shah,Death,396,310,44,13
ODI,OA Shah,Middle,1071,1498,85,26
ODI,OA Shah,Powerplay,112,155,21,4
ODI,OF Smith,Death,139,101,19,6
ODI,OJ Peake,Middle,45,77,5,2
ODI,OL Pitcher,Powerplay,19,60,2,1
ODI,OU Ranasinghe,Death,121,182,13,12
ODI,OU Ranasinghe,Middle,158,307,15,7
ODI,P Khadka,Middle,158,188,20,5
ODI,P Khadka,Powerplay,94,129,16,2
ODI,P Kumar,Death,223,217,24,12
ODI,P Kumar,Middle,69,121,8,9
ODI,P Litchfield,Middle,772,762,94,18
ODI,P Litchfield,Powerplay,832,1032,138,17
ODI,P Marange,Middle,91,131,9,6
ODI,P Maya,Middle,93,178,8,9
ODI,P Maya,Powerplay,38,73,3,1
ODI,P Molkenboer,Middle,81,162,3,3
ODI,P Molkenboer,Powerplay,50,110,5,3
ODI,P Mujaji,Middle,76,146,7,5
ODI,P Mustard,Middle,91,98,10,3
ODI,P Mustard,Powerplay,128,146,20,6
ODI,P Nissanka,Middle,1118,1282,132,29
ODI,P Nissanka,Powerplay,1145,1458,183,30
ODI,P Rathnayake,Death,74,64,7,5
ODI,P Rathnayake,Middle,138,167,12,0
ODI,P Sarraf,Middle,52,93,5,4
ODI,P Siaka,Middle,273,382,28,11
ODI,P Utseya,Death,656,831,59,28
ODI,P Utseya,Middle,458,1104,28,29
ODI,P Vastrakar,Death,360,350,37,15
ODI,P Vastrakar,Middle,215,316,23,6
ODI,PA Browne,Middle,50,118,4,2
ODI,PA Chatterji,Middle,186,303,16,9
ODI,PA Jaques,Middle,65,77,9,1
ODI,PA Jaques,Powerplay,58,93,8,4
ODI,PA Nixon,Death,228,204,25,10
ODI,PA Nixon,Middle,69,147,3,4
ODI,PA Patel,Middle,267,317,27,11
ODI,PA Patel,Powerplay,397,530,54,11
ODI,PA de Silva,Death,101,81,10,5
ODI,PA de Silva,Middle,286,390,31,6
ODI,PA van Meekeren,Death,93,124,8,12
ODI,PADLR Sandakan,Death,47,98,4,9
ODI,PBB Rajapaksa,Middle,74,65,13,4
ODI,PC de Silva,Middle,60,75,7,3
ODI,PD Collingwood,Death,958,840,94,34
ODI,PD Collingwood,Middle,3076,4491,250,77
ODI,PD Collingwood,Powerplay,114,176,16,1
ODI,PD Salt,Middle,236,228,24,5
ODI,PD Salt,Powerplay,740,631,129,24
ODI,PG Fulton,Middle,899,1214,81,29
ODI,PG Fulton,Powerplay,259,463,37,6
ODI,PG Raut,Death,97,111,7,6
ODI,PG Raut,Middle,947,1374,97,20
ODI,PG Raut,Powerplay,392,865,57,10
ODI,PHKD Mendis,Death,116,84,11,3
ODI,PHKD Mendis,Middle,370,498,37,14
ODI,PHKD Mendis,Powerplay,53,103,7,4
ODI,PJ Cummins,Death,327,355,32,26
ODI,PJ Cummins,Middle,198,297,22,10
ODI,PJ Forrest,Middle,276,431,28,6
ODI,PJ Forrest,Powerplay,56,117,7,4
ODI,PJ Hughes,Middle,471,629,46,13
ODI,PJ Hughes,Powerplay,283,439,41,8
ODI,PJ Ingram,Middle,70,78,9,4
ODI,PJ Ingram,Powerplay,123,161,21,3
ODI,PJ Moor,Death,178,192,18,7
ODI,PJ Moor,Middle,309,519,29,17
ODI,PJ Moor,Powerplay,33,70,2,4
ODI,PJ Ongondo,Death,88,121,7,11
ODI,PJ Ongondo,Middle,62,125,6,8
ODI,PL Mommsen,Death,164,124,17,2
ODI,PL Mommsen,Middle,411,606,32,10
ODI,PM Liyanagamage,Death,39,68,4,6
ODI,PM Seelaar,Death,67,62,11,8
ODI,PM Seelaar,Middle,149,289,12,10
ODI,PM Weerakkody,Middle,398,722,36,21
ODI,PM Weerakkody,Powerplay,192,394,25,9
ODI,PN Sproul,Powerplay,28,66,3,4
ODI,PP Ojha,Middle,22,72,1,2
ODI,PP Shaw,Powerplay,167,151,31,4
ODI,PR Stirling,Death,107,73,11,2
ODI,PR Stirling,Middle,1549,1831,163,42
ODI,PR Stirling,Powerplay,1892,2244,316,63
ODI,PRCS Kumarihami,Death,47,86,5,5
ODI,PRCS Kumarihami,Middle,166,456,12,9
ODI,PRCS Kumarihami,Powerplay,70,222,8,4
ODI,PS Athavale,Middle,41,74,4,2
ODI,PS Athavale,Powerplay,57,90,10,4
ODI,PS Punia,Middle,165,236,19,4
ODI,PS Punia,Powerplay,99,258,12,6
ODI,PSP Handscomb,Death,130,106,11,8
ODI,PSP Handscomb,Middle,456,492,35,8
ODI,PVD Chameera,Death,225,332,19,17
ODI,PVD Chameera,Middle,67,168,6,6
ODI,PW Borren,Death,131,106,16,2
ODI,PW Borren,Middle,282,357,34,10
ODI,PWA Mulder,Death,132,104,14,6
ODI,PWA Mulder,Middle,139,193,16,9
ODI,PWH de Silva,Death,571,450,68,21
ODI,PWH de Silva,Middle,452,519,52,23
ODI,Panna Ghosh,Middle,50,152,5,2
ODI,Pargat Singh,Middle,805,1056,99,20
ODI,Pargat Singh,Powerplay,205,330,33,8
ODI,Parvez Hossain Emon,Powerplay,76,89,13,1
ODI,Pooja Ganesh,Middle,49,82,2,1
ODI,Poonam Yadav,Death,51,125,2,9
ODI,Pratika Rawal,Middle,655,809,68,16
ODI,Pratika Rawal,Powerplay,500,683,79,7
ODI,Q Joseph,Middle,214,262,32,11
ODI,Q Joseph,Powerplay,261,342,45,11
ODI,Q de Kock,Middle,3781,3700,430,77
ODI,Q de Kock,Powerplay,3137,3640,475,67
ODI,Qaiser Ali,Middle,33,86,4,3
ODI,R Ashwin,Death,423,401,45,24
ODI,R Ashwin,Middle,284,430,22,15
ODI,R Boyce,Powerplay,30,100,3,5
ODI,R Chopra,Death,169,117,19,3
ODI,R Chopra,Middle,472,670,49,14
ODI,R Chopra,Powerplay,40,69,5,1
ODI,R Clarke,Middle,59,122,4,5
ODI,R Dravid,Death,721,565,82,21
ODI,R Dravid,Middle,2582,3855,225,60
ODI,R Dravid,Powerplay,420,800,58,9
ODI,R Gunasekera,Middle,158,234,13,6
ODI,R Gunasekera,Powerplay,97,229,10,7
ODI,R Hekure,Death,132,151,13,8
ODI,R Hekure,Middle,196,285,19,11
ODI,R Kanoh,Middle,57,97,7,3
ODI,R Malhotra,Middle,71,126,5,0
ODI,R McLaren,Death,257,265,31,13
ODI,R McLaren,Middle,228,431,17,12
ODI,R Murray,Middle,106,170,8,4
ODI,R Mutumbami,Death,65,67,10,4
ODI,R Mutumbami,Middle,189,277,22,9
ODI,R Mutumbami,Powerplay,65,103,9,6
ODI,R Ngarava,Death,92,90,12,6
ODI,R Ngarava,Middle,179,243,24,11
ODI,R Pasipanodya,Middle,90,198,9,4
ODI,R Powell,Death,389,277,47,14
ODI,R Powell,Middle,510,734,52,28
ODI,R Rampaul,Death,156,189,20,15
ODI,R Rampaul,Middle,182,261,24,12
ODI,R Ravindra,Middle,853,762,99,18
ODI,R Ravindra,Powerplay,479,505,82,11
ODI,R Rijke,Middle,204,236,22,10
ODI,R Rijke,Powerplay,34,103,3,3
ODI,R Shepherd,Death,201,164,24,8
ODI,R Shepherd,Middle,248,280,33,17
ODI,R Slater,Death,55,60,3,1
ODI,R Stokell,Death,150,132,17,5
ODI,R Stokell,Middle,311,525,25,13
ODI,R Trumpelmann,Death,204,226,23,20
ODI,R Trumpelmann,Middle,362,479,41,15
ODI,R Vinay Kumar,Death,56,90,5,8
ODI,R Vinay Kumar,Middle,30,60,2,0
ODI,RA Jadeja,Death,1606,1464,159,49
ODI,RA Jadeja,Middle,1272,1998,105,35
ODI,RA Jones,Middle,58,95,5,3
ODI,RA Jones,Powerplay,38,92,3,0
ODI,RA Mariu,Powerplay,52,66,9,1
ODI,RA Reifer,Middle,33,76,1,3
ODI,RAS Lakmal,Death,140,241,9,14
ODI,RAS Lakmal,Middle,89,167,10,8
ODI,RC Irani,Middle,70,140,3,4
ODI,RD Berrington,Death,583,376,61,16
ODI,RD Berrington,Middle,2239,3157,216,60
ODI,RD Berrington,Powerplay,150,383,17,5
ODI,RD Gaikwad,Middle,169,173,20,5
ODI,RD Gaikwad,Powerplay,59,86,10,3
ODI,RD Jacobs,Death,71,80,4,4
ODI,RD Jacobs,Middle,71,145,4,4
ODI,RD Rickelton,Middle,133,150,11,6
ODI,RD Rickelton,Powerplay,218,281,34,9
ODI,RD Shah,Middle,271,361,39,7
ODI,RD Shah,Powerplay,136,286,12,5
ODI,RDM Leverock,Death,31,61,1,3
ODI,RDM Leverock,Middle,14,60,1,3
ODI,RE van der Merwe,Death,142,146,10,13
ODI,RE van der Merwe,Middle,180,228,18,9
ODI,RG Aga,Middle,81,98,9,5
ODI,RG Sharma,Death,1107,745,146,27
ODI,RG Sharma,Middle,6486,6953,687,108
ODI,RG Sharma,Powerplay,3939,5016,612,94
ODI,RH Priest,Middle,299,367,40,8
ODI,RH Priest,Powerplay,332,409,58,12
ODI,RJ Nicol,Middle,265,348,20,7
ODI,RJ Nicol,Powerplay,256,418,37,11
ODI,RJ Peterson,Death,261,260,32,12
ODI,RJ Peterson,Middle,192,302,12,9
ODI,RJ Peterson,Powerplay,70,74,10,2
ODI,RJ Sidebottom,Death,89,114,8,6
ODI,RJ Sidebottom,Middle,35,73,3,3
ODI,RJ Trott,Middle,61,138,5,0
ODI,RK Kleinveldt,Middle,47,71,5,2
ODI,RK Paudel,Death,197,196,16,11
ODI,RK Paudel,Middle,1879,2551,163,51
ODI,RK Paudel,Powerplay,156,371,17,11
ODI,RL Chase,Death,131,122,11,10
ODI,RL Chase,Middle,902,1223,79,31
ODI,RL Haynes,Death,155,104,19,4
ODI,RL Haynes,Middle,1253,1515,133,31
ODI,RL Haynes,Powerplay,558,866,81,9
ODI,RL Powell,Death,148,89,20,4
ODI,RL Powell,Middle,273,362,35,17
ODI,RL Powell,Powerplay,149,175,19,2
ODI,RM Farrell,Death,69,87,7,2
ODI,RM Farrell,Middle,23,69,2,0
ODI,RM Ghosh,Death,499,355,72,19
ODI,RM Ghosh,Middle,609,749,76,19
ODI,RM Ghosh,Powerplay,100,106,16,2
ODI,RM Haq,Death,25,63,1,4
ODI,RM Haq,Middle,97,171,10,6
ODI,RM Haq,Powerplay,59,120,8,3
ODI,RMAU Grimmond,Middle,122,194,13,6
ODI,RMAU Grimmond,Powerplay,76,111,11,2
ODI,RML Taylor,Middle,59,88,6,6
ODI,RMVD Gunaratne,Middle,478,616,46,19
ODI,RMVD Gunaratne,Powerplay,424,675,63,14
ODI,RN Bhatia,Death,40,63,4,4
ODI,RN Lewis,Death,102,77,9,5
ODI,RN ten Doeschate,Death,84,61,9,1
ODI,RN ten Doeschate,Middle,408,476,47,5
ODI,RN ten Doeschate,Powerplay,102,145,16,3
ODI,RP Alexander,Powerplay,28,69,2,0
ODI,RP Arnold,Death,451,494,38,23
ODI,RP Arnold,Middle,601,1010,37,14
ODI,RP Burl,Death,216,148,28,7
ODI,RP Burl,Middle,540,750,54,19
ODI,RP Singh,Death,62,119,2,9
ODI,RP Singh,Middle,79,194,7,5
ODI,RP Yadav,Death,47,63,4,5
ODI,RR Hendricks,Middle,584,627,59,14
ODI,RR Hendricks,Powerplay,346,584,48,19
ODI,RR Pant,Death,200,115,31,7
ODI,RR Pant,Middle,633,654,80,17
ODI,RR Pant,Powerplay,38,77,6,1
ODI,RR Patel,Death,57,66,6,2
ODI,RR Patel,Middle,110,165,9,4
ODI,RR Powar,Death,68,107,5,10
ODI,RR Powar,Middle,88,139,9,2
ODI,RR Rossouw,Death,98,66,13,5
ODI,RR Rossouw,Middle,909,1018,96,20
ODI,RR Rossouw,Powerplay,232,257,44,7
ODI,RR Sarwan,Death,456,380,45,14
ODI,RR Sarwan,Middle,2761,3867,240,59
ODI,RR Sarwan,Powerplay,500,896,69,17
ODI,RR Watson,Middle,130,182,20,5
ODI,RR Watson,Powerplay,109,162,14,2
ODI,RS Bopara,Death,597,551,58,19
ODI,RS Bopara,Middle,1820,2492,148,61
ODI,RS Bopara,Powerplay,272,477,32,7
ODI,RS Gavaskar,Middle,67,136,4,5
ODI,RS Kaluwitharana,Middle,88,121,9,2
ODI,RS Kaluwitharana,Powerplay,88,122,14,2
ODI,RS Morton,Death,215,222,18,9
ODI,RS Morton,Middle,725,1148,54,15
ODI,RS Morton,Powerplay,265,502,32,11
ODI,RS Williams,Middle,238,498,16,15
ODI,RS Williams,Powerplay,204,488,28,14
ODI,RT Ponting,Death,474,378,48,19
ODI,RT Ponting,Middle,5100,6329,493,117
ODI,RT Ponting,Powerplay,1405,1951,217,33
ODI,RV Uthappa,Death,219,167,31,4
ODI,RV Uthappa,Middle,332,442,37,17
ODI,RV Uthappa,Powerplay,383,461,59,15
ODI,RW Chakabva,Death,96,90,10,6
ODI,RW Chakabva,Middle,734,1063,59,28
ODI,RW Chakabva,Powerplay,276,497,27,13
ODI,RW Price,Death,210,301,18,22
ODI,RW Price,Middle,105,240,12,12
ODI,RW Sims,Middle,24,63,2,0
ODI,RWT Key,Middle,23,76,1,4
ODI,Rabeya Khan,Death,106,132,15,9
ODI,Rabeya Khan,Middle,59,133,5,9
ODI,Rachel Delaney,Death,59,101,5,3
ODI,Rajin Saleh,Middle,334,623,22,14
ODI,Rajin Saleh,Powerplay,157,420,17,10
ODI,Rameen Shamim,Death,46,62,3,3
ODI,Rameen Shamim,Middle,22,87,0,3
ODI,Rameez Shahzad,Death,119,99,14,2
ODI,Rameez Shahzad,Middle,710,960,76,18
ODI,Raqibul Hasan,Death,108,92,13,5
ODI,Raqibul Hasan,Middle,986,1629,77,35
ODI,Raqibul Hasan,Powerplay,83,189,7,1
ODI,Rashid Latif,Death,152,154,12,9
ODI,Rashid Latif,Middle,183,254,16,5
ODI,Raza-ur-Rehman,Middle,118,162,16,0
ODI,Rinitha Rajith,Middle,96,183,11,6
ODI,Rishad Hossain,Death,123,87,16,8
ODI,Ritu Moni,Death,202,219,22,14
ODI,Ritu Moni,Middle,308,580,29,15
ODI,Rizwan Cheema,Middle,115,112,17,8
ODI,Rohan Mustafa,Death,253,266,20,8
ODI,Rohan Mustafa,Middle,768,1465,60,38
ODI,Rohan Mustafa,Powerplay,380,530,58,15
ODI,Rubel Hossain,Death,79,152,8,17
ODI,Rubel Hossain,Middle,33,74,5,4
ODI,Rubya Haider,Middle,82,110,12,2
ODI,Rubya Haider,Powerplay,62,155,7,4
ODI,Rumana Ahmed,Death,89,73,11,2
ODI,Rumana Ahmed,Middle,236,530,23,16
ODI,Rumana Ahmed,Powerplay,21,80,1,3
ODI,S Badrinath,Middle,62,143,3,4
ODI,S Bau,Death,67,76,3,4
ODI,S Bau,Middle,717,1220,63,35
ODI,S Bau,Powerplay,90,187,13,6
ODI,S Chanderpaul,Death,581,536,52,18
ODI,S Chanderpaul,Middle,2604,3909,196,53
ODI,S Chanderpaul,Powerplay,619,1160,84,14
ODI,S Chattergoon,Middle,136,206,20,6
ODI,S Chattergoon,Powerplay,145,235,25,2
ODI,S Chaturongrattana,Middle,22,60,1,2
ODI,S Dhaniram,Death,97,86,10,5
ODI,S Dhaniram,Middle,167,210,14,4
ODI,S Dharnidharka,Middle,87,168,12,5
ODI,S Dhawan,Middle,3646,3721,431,71
ODI,S Dhawan,Powerplay,3034,3762,479,75
ODI,S Ecclestone,Death,261,301,27,21
ODI,S Ecclestone,Middle,160,293,15,14
ODI,S Forbes,Middle,153,260,13,9
ODI,S Forbes,Powerplay,255,480,30,10
ODI,S Fouché,Middle,192,248,17,8
ODI,S Fouché,Powerplay,69,155,7,2
ODI,S Gajnabi,Middle,109,247,7,14
ODI,S Glenn,Death,56,72,3,2
ODI,S Horley,Middle,171,196,19,2
ODI,S Horley,Powerplay,95,146,13,1
ODI,S Ismail,Death,202,331,17,22
ODI,S Ismail,Middle,71,220,7,9
ODI,S Jafta,Death,80,121,4,3
ODI,S Jafta,Middle,364,503,51,24
ODI,S Jimmy,Middle,142,231,14,9
ODI,S Kalyan,Powerplay,45,96,2,2
ODI,S Khiaoto,Middle,69,112,6,3
ODI,S Lamichhane,Death,233,269,21,23
ODI,S Lamichhane,Middle,246,286,28,9
ODI,S Laomi,Middle,58,117,2,7
ODI,S Luus,Death,447,443,42,21
ODI,S Luus,Middle,2162,3138,208,62
ODI,S Luus,Powerplay,336,633,55,11
ODI,S MacMahon,Middle,58,77,6,4
ODI,S Mandhana,Death,129,70,23,6
ODI,S Mandhana,Middle,2619,2727,290,49
ODI,S Mandhana,Powerplay,1980,2434,324,36
ODI,S Matsikenyeri,Death,280,222,29,11
ODI,S Matsikenyeri,Middle,683,1057,62,39
ODI,S Matsikenyeri,Powerplay,346,689,50,21
ODI,S Meghana,Powerplay,92,79,17,1
ODI,S Molineux,Death,72,82,7,7
ODI,S Molineux,Middle,71,106,8,2
ODI,S Mostary,Death,150,168,16,4
ODI,S Mostary,Middle,365,565,46,12
ODI,S Mostary,Powerplay,41,112,5,5
ODI,S Movva,Death,165,178,14,9
ODI,S Movva,Middle,437,718,30,9
ODI,S Mukuddem,Middle,47,95,4,1
ODI,S Pandey,Death,213,236,28,11
ODI,S Pandey,Middle,58,77,9,3
ODI,S Prasanna,Death,135,170,15,14
ODI,S Prasanna,Middle,282,275,40,17
ODI,S Rana,Death,285,264,34,12
ODI,S Rana,Middle,118,206,13,8
ODI,S Randiv,Death,105,126,10,7
ODI,S Randiv,Middle,171,257,18,7
ODI,S Samarawickrama,Death,142,112,18,3
ODI,S Samarawickrama,Middle,904,1064,82,25
ODI,S Samarawickrama,Powerplay,222,263,39,12
ODI,S Sreesanth,Death,38,98,2,6
ODI,S Sriharsha,Middle,189,279,11,4
ODI,S Tippoch,Middle,33,61,4,2
ODI,S Tippoch,Powerplay,56,165,3,7
ODI,S Verma,Death,105,110,10,8
ODI,S Verma,Middle,30,107,2,4
ODI,S Vesawkar,Middle,54,117,4,1
ODI,SA Abbott,Death,135,107,15,8
ODI,SA Abbott,Middle,239,290,30,10
ODI,SA Campbelle,Death,304,335,26,13
ODI,SA Campbelle,Middle,921,1644,84,39
ODI,SA Campbelle,Powerplay,181,352,24,9
ODI,SA Edwards,Death,504,429,40,16
ODI,SA Edwards,Middle,1627,2064,128,34
ODI,SA Engelbrecht,Middle,250,416,23,6
ODI,SA Wijeratne,Middle,122,172,8,6
ODI,SA Wijeratne,Powerplay,69,103,9,2
ODI,SA Yadav,Death,192,146,26,8
ODI,SA Yadav,Middle,552,559,68,20
ODI,SACA King,Middle,74,133,7,4
ODI,SB Styris,Death,617,459,70,20
ODI,SB Styris,Middle,2354,3160,202,50
ODI,SB Styris,Powerplay,213,351,29,7
ODI,SC Ganguly,Death,213,167,24,6
ODI,SC Ganguly,Middle,1570,2186,156,37
ODI,SC Ganguly,Powerplay,669,1145,95,22
ODI,SC Joseph,Middle,60,97,5,2
ODI,SC Selman,Death,102,177,5,11
ODI,SC Selman,Middle,34,140,0,4
ODI,SC Taylor,Middle,77,73,11,0
ODI,SC Williams,Death,664,527,75,17
ODI,SC Williams,Middle,3458,4070,345,90
ODI,SC Williams,Powerplay,229,393,33,5
ODI,SC van Schalkwyk,Death,63,72,5,5
ODI,SC van Schalkwyk,Middle,75,161,10,2
ODI,SCJ Broad,Death,319,394,30,26
ODI,SCJ Broad,Middle,190,298,15,17
ODI,SD Hope,Death,765,585,85,21
ODI,SD Hope,Middle,3771,4795,325,65
ODI,SD Hope,Powerplay,1321,1943,178,34
ODI,SD Outerbridge,Powerplay,32,92,3,7
ODI,SE Bond,Death,151,205,12,8
ODI,SE Bond,Middle,22,66,1,5
ODI,SE Findlay,Middle,79,126,10,2
ODI,SE Marsh,Death,263,196,28,11
ODI,SE Marsh,Middle,1576,1946,126,32
ODI,SE Marsh,Powerplay,783,1176,108,23
ODI,SE Rutherford,Death,100,65,12,3
ODI,SE Rutherford,Middle,697,740,88,19
ODI,SF Daley,Death,55,66,6,5
ODI,SF Daley,Middle,86,174,10,6
ODI,SF Mire,Middle,354,451,37,19
ODI,SF Mire,Powerplay,325,449,41,14
ODI,SFM Devine,Death,381,284,47,15
ODI,SFM Devine,Middle,1930,2313,207,43
ODI,SFM Devine,Powerplay,767,941,109,18
ODI,SHT Kandamby,Death,213,196,24,9
ODI,SHT Kandamby,Middle,586,946,40,11
ODI,SIR Dunkley,Death,296,249,32,13
ODI,SIR Dunkley,Middle,783,1018,75,23
ODI,SIR Dunkley,Powerplay,182,266,30,7
ODI,SJ Baard,Middle,159,257,12,7
ODI,SJ Baard,Powerplay,167,310,22,10
ODI,SJ Benn,Death,85,119,11,13
ODI,SJ Benn,Middle,97,123,11,9
ODI,SJ Bryce,Middle,232,277,26,6
ODI,SJ Bryce,Powerplay,133,197,20,3
ODI,SJ Coyte,Middle,113,189,15,4
ODI,SJ Harmison,Death,61,93,1,8
ODI,SJ McGlashan,Death,61,62,9,4
ODI,SJ McGlashan,Middle,74,128,8,4
ODI,SJ Modani,Middle,454,661,36,13
ODI,SJ Modani,Powerplay,413,761,46,15
ODI,SJ Myburgh,Middle,105,160,11,5
ODI,SJ Myburgh,Powerplay,238,298,36,6
ODI,SJ Swanepoel,Powerplay,38,83,4,4
ODI,SJ Taylor,Middle,1275,1429,142,32
ODI,SJ Taylor,Powerplay,320,458,44,11
ODI,SJ Tsukigawa,Middle,39,70,5,1
ODI,SK Atai,Middle,44,108,3,5
ODI,SK Patel,Middle,410,501,42,12
ODI,SK Patel,Powerplay,431,603,61,13
ODI,SK Raina,Death,1392,1089,166,52
ODI,SK Raina,Middle,3979,4713,397,91
ODI,SK Raina,Powerplay,214,345,32,9
ODI,SL Kalis,Middle,55,112,5,3
ODI,SL Kalis,Powerplay,51,128,5,2
ODI,SL Malinga,Death,320,420,38,54
ODI,SL Malinga,Middle,188,281,22,21
ODI,SL Quintyne,Middle,38,79,5,4
ODI,SL Quintyne,Powerplay,51,93,7,2
ODI,SM Benade,Middle,92,120,11,2
ODI,SM Curran,Death,233,196,27,11
ODI,SM Curran,Middle,425,547,41,18
ODI,SM Davies,Middle,88,88,9,4
ODI,SM Davies,Powerplay,156,151,27,4
ODI,SM Ervine,Death,144,115,15,4
ODI,SM Ervine,Middle,161,204,18,7
ODI,SM Katich,Death,74,67,8,1
ODI,SM Katich,Middle,578,824,58,17
ODI,SM Katich,Powerplay,389,626,50,8
ODI,SM Kavanagh,Middle,83,184,9,6
ODI,SM Mayers,Middle,32,73,1,2
ODI,SM Mayers,Powerplay,130,168,23,8
ODI,SM Pollock,Death,670,605,65,33
ODI,SM Pollock,Middle,688,864,72,12
ODI,SM Sharif,Death,409,466,37,16
ODI,SM Sharif,Middle,174,298,14,10
ODI,SM Sharma,Death,86,82,8,4
ODI,SMA Priyanjan,Death,161,112,21,6
ODI,SMA Priyanjan,Middle,230,385,24,11
ODI,SMSM Senanayake,Death,189,177,26,15
ODI,SMSM Senanayake,Middle,101,144,11,7
ODI,SN Netravalkar,Death,139,205,14,12
ODI,SN Netravalkar,Middle,24,73,3,3
ODI,SN Thakur,Death,236,203,28,13
ODI,SN Thakur,Middle,93,118,12,5
ODI,SO Hetmyer,Death,216,139,24,4
ODI,SO Hetmyer,Middle,1197,1161,132,32
ODI,SO Hetmyer,Powerplay,96,135,13,7
ODI,SO Tikolo,Middle,573,838,62,25
ODI,SO Tikolo,Powerplay,106,244,14,8
ODI,SP Fleming,Middle,1164,1504,145,30
ODI,SP Fleming,Powerplay,955,1506,144,26
ODI,SP Khakurel,Middle,52,73,3,2
ODI,SP Khakurel,Powerplay,26,93,1,3
ODI,SP Krishnamurthi,Death,143,114,12,3
ODI,SP Krishnamurthi,Middle,205,238,25,10
ODI,SP Narine,Death,176,221,21,18
ODI,SP Narine,Middle,187,234,27,11
ODI,SP Patil,Death,49,65,4,2
ODI,SP Patil,Middle,96,204,8,5
ODI,SPD Smith,Death,842,647,89,32
ODI,SPD Smith,Middle,3909,4737,344,76
ODI,SPD Smith,Powerplay,917,1269,135,22
ODI,SR Hain,Middle,69,73,5,1
ODI,SR Mukkamalla,Death,163,138,15,8
ODI,SR Mukkamalla,Middle,1242,1523,114,19
ODI,SR Mukkamalla,Powerplay,127,227,17,9
ODI,SR Patel,Death,228,188,26,6
ODI,SR Patel,Middle,254,344,23,9
ODI,SR Taylor,Death,291,243,35,10
ODI,SR Taylor,Middle,2559,3588,242,65
ODI,SR Taylor,Powerplay,971,1569,144,37
ODI,SR Tendulkar,Death,380,273,43,8
ODI,SR Tendulkar,Middle,3676,4108,435,66
ODI,SR Tendulkar,Powerplay,2377,3235,356,57
ODI,SR Thompson,Middle,134,137,16,5
ODI,SR Waters,Powerplay,63,138,7,6
ODI,SR Watson,Death,506,405,55,10
ODI,SR Watson,Middle,2740,2990,306,70
ODI,SR Watson,Powerplay,2111,2554,304,44
ODI,SRH Curtis,Death,72,91,5,3
ODI,SRH Curtis,Middle,84,143,6,3
ODI,SS Connell,Death,82,138,8,5
ODI,SS Connell,Middle,32,91,4,9
ODI,SS Cottrell,Death,43,72,5,4
ODI,SS Cottrell,Middle,45,63,5,4
ODI,SS Iyer,Death,378,276,45,13
ODI,SS Iyer,Middle,2436,2662,271,49
ODI,SS Iyer,Powerplay,239,279,38,3
ODI,SS Kang,Middle,14,70,1,0
ODI,SS McKechnie,Middle,58,121,3,4
ODI,SS Pathirana,Middle,280,343,33,9
ODI,SS Weerakkody,Death,163,233,16,14
ODI,SS Weerakkody,Middle,148,246,16,10
ODI,SSD Arachchige,Middle,89,134,6,3
ODI,SSJ Brooks,Middle,606,836,54,19
ODI,SSJ Brooks,Powerplay,194,278,28,8
ODI,ST Doheny,Middle,85,116,8,4
ODI,ST Doheny,Powerplay,80,159,10,5
ODI,ST Finn,Death,81,123,8,11
ODI,ST Finn,Middle,55,105,6,6
ODI,ST Jayasuriya,Middle,2102,2008,258,46
ODI,ST Jayasuriya,Powerplay,2247,2742,339,72
ODI,STR Binny,Death,118,90,16,5
ODI,STR Binny,Middle,112,162,12,3
ODI,SV Carlisle,Middle,87,161,3,5
ODI,SV Carlisle,Powerplay,23,88,2,1
ODI,SV Samson,Death,74,74,7,4
ODI,SV Samson,Middle,407,412,46,5
ODI,SW Ambris,Middle,224,221,28,4
ODI,SW Ambris,Powerplay,211,256,25,8
ODI,SW Bates,Middle,1756,2044,165,47
ODI,SW Bates,Powerplay,1607,2452,236,39
ODI,SW Billings,Middle,533,587,58,15
ODI,SW Billings,Powerplay,75,126,9,1
ODI,SW Masakadza,Middle,65,73,10,5
ODI,SW Poynter,Middle,74,101,7,6
ODI,SZ Thakor,Middle,30,84,3,3
ODI,Saad Bin Zafar,Death,219,231,23,15
ODI,Saad Bin Zafar,Middle,237,376,25,9
ODI,Saad Nasim,Middle,50,75,6,1
ODI,Sabbir Rahman,Death,356,298,46,18
ODI,Sabbir Rahman,Middle,825,980,105,22
ODI,Sabbir Rahman,Powerplay,78,117,17,6
ODI,Sadaf Shamas,Middle,404,557,42,11
ODI,Sadaf Shamas,Powerplay,354,550,58,10
ODI,Saeed Ajmal,Death,246,351,22,33
ODI,Saeed Ajmal,Middle,77,188,3,9
ODI,Saeed Anwar,Middle,113,148,10,3
ODI,Saeed Anwar,Powerplay,105,169,10,0
ODI,Sahibzada Farhan,Powerplay,80,109,10,4
ODI,Saif Hassan,Middle,110,130,14,3
ODI,Saif Hassan,Powerplay,101,140,16,7
ODI,Saim Ayub,Middle,424,353,54,7
ODI,Saim Ayub,Powerplay,324,415,55,8
ODI,Sajjida Shah,Death,33,60,4,1
ODI,Sajjida Shah,Middle,44,112,5,1
ODI,Saleem Elahi,Middle,129,218,9,4
ODI,Saleem Elahi,Powerplay,31,60,4,1
ODI,Salma Khatun,Death,54,64,4,4
ODI,Salma Khatun,Middle,178,396,13,11
ODI,Salman Butt,Death,101,79,12,2
ODI,Salman Butt,Middle,1096,1349,117,29
ODI,Salman Butt,Powerplay,989,1504,152,26
ODI,Sami Aslam,Powerplay,50,82,7,2
ODI,Sana Javed,Middle,68,136,11,3
ODI,Sana Mir,Death,313,418,28,15
ODI,Sana Mir,Middle,401,962,33,11
ODI,Sandeep Goud,Death,245,231,28,12
ODI,Sandeep Goud,Middle,290,535,26,9
ODI,Sanjida Islam,Middle,47,107,4,3
ODI,Sanjida Islam,Powerplay,46,119,5,4
ODI,Sanwar Hossain,Middle,92,164,7,8
ODI,Saqib Zulfiqar,Death,81,73,9,2
ODI,Saqib Zulfiqar,Middle,77,159,7,6
ODI,Sarfraz Ahmed,Death,645,596,59,25
ODI,Sarfraz Ahmed,Middle,1437,1793,107,36
ODI,Sarfraz Ahmed,Powerplay,207,284,20,4
ODI,Saud Shakeel,Middle,307,357,35,7
ODI,Saud Shakeel,Powerplay,44,76,5,4
ODI,Shadab Khan,Death,314,270,29,13
ODI,Shadab Khan,Middle,500,746,37,16
ODI,Shafali Verma,Middle,253,308,23,11
ODI,Shafali Verma,Powerplay,492,610,77,19
ODI,Shafiul Islam,Death,121,186,14,12
ODI,Shahadat Hossain,Death,41,76,4,3
ODI,Shaheen Shah Afridi,Death,196,229,25,18
ODI,Shaheen Shah Afridi,Middle,125,151,16,5
ODI,Shahid Afridi,Death,1366,856,187,71
ODI,Shahid Afridi,Middle,2106,1765,261,72
ODI,Shahid Afridi,Powerplay,441,366,70,21
ODI,Shahid Ahmadzai,Death,38,66,3,4
ODI,Shahid Wasif,Middle,60,137,7,5
ODI,Shahriar Nafees,Middle,614,810,81,20
ODI,Shahriar Nafees,Powerplay,543,963,76,30
ODI,Shahzaib Hasan,Powerplay,87,96,15,0
ODI,Shaiman Anwar,Death,113,75,14,4
ODI,Shaiman Anwar,Middle,763,984,87,20
ODI,Shaiman Anwar,Powerplay,71,103,10,3
ODI,Shakeel Ahmed,Death,66,94,6,3
ODI,Shakeel Ahmed,Middle,105,242,10,10
ODI,Shakib Al Hasan,Death,813,650,100,32
ODI,Shakib Al Hasan,Middle,5284,6754,489,126
ODI,Shakib Al Hasan,Powerplay,541,729,82,11
ODI,Shamim Hossain,Middle,55,77,5,4
ODI,Shamima Sultana,Middle,139,243,16,7
ODI,Shamima Sultana,Powerplay,165,297,20,7
ODI,Shamsur Rahman,Middle,153,179,18,6
ODI,Shamsur Rahman,Powerplay,113,178,14,3
ODI,Shan Masood,Middle,64,95,4,4
ODI,Shan Masood,Powerplay,99,147,15,5
ODI,Shariz Ahmad,Death,58,84,2,6
ODI,Shariz Ahmad,Middle,101,207,9,7
ODI,Sharjeel Khan,Middle,299,232,42,10
ODI,Sharjeel Khan,Powerplay,488,460,87,14
ODI,Sharmin Akhter,Death,60,75,5,3
ODI,Sharmin Akhter,Middle,815,1311,98,25
ODI,Sharmin Akhter,Powerplay,357,702,51,8
ODI,Sharmin Sultana,Powerplay,86,231,9,10
ODI,Shayan Jahangir,Death,216,164,25,5
ODI,Shayan Jahangir,Middle,364,473,42,13
ODI,Shayan Jahangir,Powerplay,185,230,28,7
ODI,Shivam Sharma,Death,60,80,4,5
ODI,Shivam Sharma,Middle,59,89,6,1
ODI,Shoaib Akhtar,Death,139,159,11,17
ODI,Shoaib Akhtar,Middle,78,90,13,7
ODI,Shoaib Khan,Death,209,188,24,6
ODI,Shoaib Khan,Middle,724,904,79,21
ODI,Shoaib Khan,Powerplay,54,132,8,5
ODI,Shoaib Malik,Death,1239,956,138,43
ODI,Shoaib Malik,Middle,4260,5530,363,109
ODI,Shoaib Malik,Powerplay,482,823,67,13
ODI,Shoriful Islam,Death,83,90,11,10
ODI,Shorna Akter,Death,134,133,12,5
ODI,Shorna Akter,Middle,164,316,16,13
ODI,Shubham Ranjane,Death,70,76,6,4
ODI,Shubham Ranjane,Middle,120,165,13,2
ODI,Shubman Gill,Death,150,99,17,3
ODI,Shubman Gill,Middle,1641,1643,188,36
ODI,Shubman Gill,Powerplay,1350,1519,222,17
ODI,Shuvagata Hom,Middle,62,82,8,1
ODI,Sidra Ameen,Death,296,278,29,7
ODI,Sidra Ameen,Middle,1621,2355,165,28
ODI,Sidra Ameen,Powerplay,735,1358,85,29
ODI,Sidra Nawaz,Death,90,129,5,10
ODI,Sidra Nawaz,Middle,341,709,31,27
ODI,Sikandar Raza,Death,966,735,100,22
ODI,Sikandar Raza,Middle,2436,3123,247,63
ODI,Sikandar Raza,Powerplay,360,542,55,15
ODI,Simi Singh,Death,176,170,15,9
ODI,Simi Singh,Middle,230,347,25,5
ODI,Sohag Gazi,Death,127,135,15,8
ODI,Sohag Gazi,Middle,55,72,7,4
ODI,Sohaib Maqsood,Middle,649,807,63,19
ODI,Sohaib Maqsood,Powerplay,38,71,5,0
ODI,Sohail Tanvir,Death,279,300,35,21
ODI,Sohail Tanvir,Middle,120,168,15,6
ODI,Sompal Kami,Death,405,356,46,15
ODI,Sompal Kami,Middle,329,634,23,21
ODI,Soumya Sarkar,Death,95,67,12,4
ODI,Soumya Sarkar,Middle,1141,1187,141,27
ODI,Soumya Sarkar,Powerplay,1098,1279,170,36
ODI,Sufyan Mehmood,Middle,54,74,6,3
ODI,Suhrawadi Shuvo,Death,80,99,9,4
ODI,Sultana Khatun,Middle,38,85,4,7
ODI,Suraj Kumar,Death,161,175,13,4
ODI,Suraj Kumar,Middle,230,336,24,8
ODI,Syed Rasel,Death,45,116,3,8
ODI,T Banton,Middle,148,150,21,6
ODI,T Bavuma,Death,101,103,10,5
ODI,T Bavuma,Middle,1112,1272,106,21
ODI,T Bavuma,Powerplay,681,812,98,18
ODI,T Bhatia,Death,54,69,5,5
ODI,T Bhatia,Middle,84,136,8,3
ODI,T Brits,Death,97,64,13,3
ODI,T Brits,Middle,905,1094,100,25
ODI,T Brits,Powerplay,836,1166,126,26
ODI,T Chetty,Death,154,167,12,12
ODI,T Chetty,Middle,833,1284,53,29
ODI,T Chetty,Powerplay,427,613,62,7
ODI,T Duffin,Middle,125,245,14,3
ODI,T Duffin,Powerplay,80,233,7,5
ODI,T Kaitano,Powerplay,140,227,18,6
ODI,T Lungameni,Death,33,74,1,4
ODI,T Maruma,Middle,79,131,6,8
ODI,T Maruma,Powerplay,19,74,3,3
ODI,T Marumani,Middle,48,86,3,5
ODI,T Marumani,Powerplay,148,247,20,8
ODI,T Mishra,Death,79,97,8,4
ODI,T Mishra,Middle,314,450,29,7
ODI,T Munyonga,Middle,91,143,8,6
ODI,T Mupariwa,Death,69,104,8,10
ODI,T Mupariwa,Middle,18,104,1,6
ODI,T Panyangara,Death,128,193,13,14
ODI,T Panyangara,Middle,64,196,7,17
ODI,T Putthawong,Middle,46,152,0,5
ODI,T Ruma,Middle,210,351,20,6
ODI,T Ruma,Powerplay,54,107,9,3
ODI,T Stubbs,Middle,281,328,18,5
ODI,T Suri,Powerplay,159,176,27,2
ODI,T Taibu,Death,508,523,38,15
ODI,T Taibu,Middle,2122,3295,163,65
ODI,T Taibu,Powerplay,207,419,27,4
ODI,T Thushara,Death,225,189,22,13
ODI,T Thushara,Middle,132,197,16,6
ODI,T de Zorzi,Middle,443,477,51,12
ODI,T de Zorzi,Powerplay,309,311,49,5
ODI,T van der Gugten,Middle,62,116,4,4
ODI,TA Blundell,Middle,164,199,14,6
ODI,TA Blundell,Powerplay,78,90,14,3
ODI,TA Boult,Death,159,169,20,15
ODI,TA Boult,Middle,57,115,7,8
ODI,TAM Siriwardana,Death,182,143,21,8
ODI,TAM Siriwardana,Middle,328,382,30,14
ODI,TBM de Leede,Middle,101,169,10,6
ODI,TC Bastiampillai,Middle,60,112,9,2
ODI,TD Paine,Death,127,129,11,7
ODI,TD Paine,Middle,380,541,37,15
ODI,TD Paine,Powerplay,354,580,52,9
ODI,TG Southee,Death,472,502,48,37
ODI,TG Southee,Middle,243,268,33,18
ODI,TJ Friend,Middle,76,92,7,4
ODI,TJ Friend,Powerplay,56,83,9,3
ODI,TJ Heggelman,Middle,22,62,0,1
ODI,TJ Murtagh,Death,80,94,8,5
ODI,TJ Murtagh,Middle,63,96,7,5
ODI,TK Curran,Death,230,201,27,6
ODI,TK Curran,Middle,73,131,7,2
ODI,TK Musakanda,Middle,149,168,17,6
ODI,TK Musakanda,Powerplay,61,72,9,3
ODI,TK Patel,Middle,45,111,5,2
ODI,TL Best,Death,59,79,5,4
ODI,TL Chatara,Death,101,200,9,14
ODI,TL Chatara,Middle,75,169,8,6
ODI,TLW Cooper,Middle,451,583,47,12
ODI,TLW Cooper,Powerplay,115,171,17,3
ODI,TM Dilshan,Death,941,831,95,36
ODI,TM Dilshan,Middle,4744,5968,410,108
ODI,TM Dilshan,Powerplay,3527,3978,567,79
ODI,TM Dowlin,Middle,136,238,9,3
ODI,TM Dowlin,Powerplay,43,96,6,5
ODI,TM Head,Death,325,250,38,13
ODI,TM Head,Middle,1417,1529,156,30
ODI,TM Head,Powerplay,1210,1087,219,26
ODI,TM McGrath,Death,297,225,45,11
ODI,TM McGrath,Middle,518,723,58,20
ODI,TM Odoyo,Death,243,264,28,11
ODI,TM Odoyo,Middle,577,916,59,18
ODI,TMK Mawoyo,Powerplay,55,149,4,3
ODI,TMM Newton,Death,38,69,2,6
ODI,TN de Grooth,Middle,52,97,4,5
ODI,TP Ura,Middle,415,527,44,22
ODI,TP Ura,Powerplay,730,965,105,25
ODI,TS Chisoro,Death,69,88,5,5
ODI,TS Chisoro,Middle,40,67,5,3
ODI,TS Hasabnis,Middle,110,156,14,2
ODI,TS Kamunhukamwe,Powerplay,101,119,17,10
ODI,TS Sekhukhune,Death,32,79,1,3
ODI,TSS Mackintosh,Middle,91,139,7,5
ODI,TT Beaumont,Death,227,154,32,6
ODI,TT Beaumont,Middle,2390,3052,247,56
ODI,TT Beaumont,Powerplay,1783,2623,273,40
ODI,TT Bresnan,Death,513,526,57,29
ODI,TT Bresnan,Middle,358,458,39,14
ODI,TT Samaraweera,Death,209,187,25,5
ODI,TT Samaraweera,Middle,414,634,32,13
ODI,TT Samaraweera,Powerplay,46,93,6,1
ODI,TV Mufambisi,Powerplay,44,66,6,3
ODI,TWM Latham,Death,697,530,78,22
ODI,TWM Latham,Middle,3261,4042,282,88
ODI,TWM Latham,Powerplay,625,993,86,22
ODI,Tabarak Dar,Powerplay,33,61,5,0
ODI,Taijul Islam,Death,49,96,3,7
ODI,Tamim Iqbal,Death,201,143,24,7
ODI,Tamim Iqbal,Middle,3756,4655,369,90
ODI,Tamim Iqbal,Powerplay,3691,5181,544,95
ODI,Tanwir Afzal,Death,73,71,8,5
ODI,Tanwir Afzal,Middle,88,111,13,5
ODI,Tanzid Hasan,Middle,402,398,51,12
ODI,Tanzid Hasan,Powerplay,583,588,96,20
ODI,Tanzim Hasan Sakib,Death,84,81,10,4
ODI,Tanzim Hasan Sakib,Middle,50,81,5,2
ODI,Tapash Baisya,Death,82,137,7,7
ODI,Tapash Baisya,Middle,31,80,2,3
ODI,Taskin Ahmed,Death,184,259,21,24
ODI,Taskin Ahmed,Middle,69,184,6,8
ODI,Tasqeen Qadeer,Powerplay,23,96,0,1
ODI,Taufeeq Umar,Middle,129,206,17,6
ODI,Taufeeq Umar,Powerplay,133,298,16,4
ODI,Tayyab Tahir,Middle,117,138,12,5
ODI,Theertha Satish,Middle,141,240,13,5
ODI,Theertha Satish,Powerplay,78,142,10,1
ODI,Tilak Varma,Middle,49,79,5,1
ODI,Towhid Hridoy,Death,282,225,30,10
ODI,Towhid Hridoy,Middle,1137,1545,84,21
ODI,Towhid Hridoy,Powerplay,74,140,10,3
ODI,Tushar Imran,Middle,184,323,20,12
ODI,Tushar Imran,Powerplay,38,131,4,5
ODI,U Bhatti,Death,82,83,10,5
ODI,UCKA Dona,Middle,70,145,7,3
ODI,UDU Chandana,Death,141,155,13,9
ODI,UDU Chandana,Middle,120,242,8,6
ODI,UT Khawaja,Death,88,68,14,4
ODI,UT Khawaja,Middle,935,1145,74,21
ODI,UT Khawaja,Powerplay,516,652,74,10
ODI,UT Yadav,Death,61,108,6,7
ODI,Umaima Sohail,Death,54,70,2,5
ODI,Umaima Sohail,Middle,548,901,52,22
ODI,Umaima Sohail,Powerplay,164,242,28,6
ODI,Umar Akmal,Death,730,593,95,28
ODI,Umar Akmal,Middle,2259,2967,204,63
ODI,Umar Akmal,Powerplay,43,66,6,0
ODI,Umar Amin,Middle,201,290,20,7
ODI,Umar Amin,Powerplay,41,85,6,3
ODI,Umar Gul,Death,311,413,34,34
ODI,Umar Gul,Middle,124,228,13,10
ODI,Umm-e-Hani,Middle,11,61,0,5
ODI,Urooj Mumtaz,Middle,35,93,3,2
ODI,Usman Limbada,Middle,87,141,8,1
ODI,V Araa,Middle,46,104,3,4
ODI,V Araa,Powerplay,20,63,1,1
ODI,V Aravind,Death,122,92,16,1
ODI,V Aravind,Middle,1149,1738,90,39
ODI,V Aravind,Powerplay,594,955,90,19
ODI,V Kohli,Death,1600,1114,197,47
ODI,V Kohli,Middle,11032,11920,1037,152
ODI,V Kohli,Powerplay,2187,3059,318,51
ODI,V Krishnamurthy,Death,210,152,28,7
ODI,V Krishnamurthy,Middle,175,260,21,9
ODI,V Krishnamurthy,Powerplay,25,63,4,2
ODI,V Sehwag,Middle,2466,2211,316,57
ODI,V Sehwag,Powerplay,3202,3384,547,97
ODI,V Shankar,Middle,134,161,15,3
ODI,V Shukla,Death,103,98,9,4
ODI,V Shukla,Middle,224,294,21,10
ODI,V Sibanda,Middle,1076,1571,116,44
ODI,V Sibanda,Powerplay,997,1840,140,42
ODI,V Sukumaran,Middle,146,234,17,6
ODI,V Sukumaran,Powerplay,28,60,3,3
ODI,VC Drakes,Middle,22,69,0,3
ODI,VD Philander,Death,108,137,10,5
ODI,VD Philander,Middle,43,82,4,6
ODI,VS Solanki,Death,70,60,5,1
ODI,VS Solanki,Middle,506,683,62,14
ODI,VS Solanki,Powerplay,253,451,42,15
ODI,VV Morea,Middle,64,91,5,3
ODI,VV Morea,Powerplay,78,137,9,5
ODI,VVS Laxman,Death,109,105,9,3
ODI,VVS Laxman,Middle,481,645,40,12
ODI,VVS Laxman,Powerplay,238,392,32,8
ODI,Vaishnave Mahesh,Middle,43,105,2,4
ODI,Vikramjit Singh,Middle,636,894,58,23
ODI,Vikramjit Singh,Powerplay,668,984,101,21
ODI,W Barresi,Middle,534,722,58,24
ODI,W Barresi,Powerplay,260,404,39,8
ODI,W Madhevere,Death,70,74,8,6
ODI,W Madhevere,Middle,686,835,65,24
ODI,W Madhevere,Powerplay,107,210,12,6
ODI,WA Young,Middle,1114,1183,113,30
ODI,WA Young,Powerplay,863,1216,135,26
ODI,WB Rankin,Death,57,119,2,3
ODI,WB Rankin,Middle,21,64,2,2
ODI,WD Parnell,Death,341,349,27,18
ODI,WD Parnell,Middle,212,367,22,9
ODI,WG Jacks,Death,107,79,13,3
ODI,WG Jacks,Middle,337,371,34,11
ODI,WG Jacks,Powerplay,235,232,34,7
ODI,WGAKK Kulasuriya,Death,51,112,6,9
ODI,WGAKK Kulasuriya,Middle,48,114,7,5
ODI,WIA Fernando,Middle,646,760,57,15
ODI,WIA Fernando,Powerplay,699,855,106,29
ODI,WK Dilhari,Death,174,191,17,8
ODI,WK Dilhari,Middle,703,903,64,24
ODI,WK McCallan,Death,51,60,6,4
ODI,WK McCallan,Middle,50,116,3,7
ODI,WP Masakadza,Death,94,116,9,9
ODI,WP Masakadza,Middle,166,293,16,8
ODI,WP Myburgh,Middle,59,85,2,2
ODI,WP Myburgh,Powerplay,17,82,0,3
ODI,WPUJC Vaas,Death,375,452,27,33
ODI,WPUJC Vaas,Middle,204,408,20,12
ODI,WS Jayantha,Middle,101,139,9,6
ODI,WS Jayantha,Powerplay,105,183,16,3
ODI,WTS Porterfield,Death,134,119,12,9
ODI,WTS Porterfield,Middle,1542,2116,146,40
ODI,WTS Porterfield,Powerplay,994,1727,143,40
ODI,WU Tharanga,Death,462,369,53,14
ODI,WU Tharanga,Middle,3171,4275,324,84
ODI,WU Tharanga,Powerplay,2849,4201,417,87
ODI,WW Hinds,Death,214,191,20,6
ODI,WW Hinds,Middle,597,837,57,12
ODI,WW Hinds,Powerplay,255,598,34,14
ODI,Wahab Riaz,Death,528,545,62,34
ODI,Wahab Riaz,Middle,197,318,21,11
ODI,Waheed Ahmed,Middle,46,109,6,4
ODI,Waqas Khan,Middle,38,85,2,1
ODI,Waseem Muhammad,Death,98,77,9,6
ODI,Waseem Muhammad,Middle,756,924,80,25
ODI,Waseem Muhammad,Powerplay,891,1046,138,36
ODI,Washington Sundar,Death,204,168,23,10
ODI,Washington Sundar,Middle,194,313,15,8
ODI,Wasim Ali,Middle,122,176,12,6
ODI,XC Bartlett,Middle,61,63,7,2
ODI,XJ Doherty,Death,75,126,3,5
ODI,XJ Doherty,Middle,26,62,3,1
ODI,XM Marshall,Middle,133,226,10,9
ODI,XM Marshall,Powerplay,222,437,31,14
ODI,Y Cariah,Middle,85,149,7,5
ODI,Y Venugopal Rao,Middle,121,200,12,4
ODI,YBK Jaiswal,Middle,97,85,12,0
ODI,YBK Jaiswal,Powerplay,74,123,11,3
ODI,YH Bhatia,Middle,417,580,44,16
ODI,YH Bhatia,Powerplay,243,363,36,9
ODI,YK Pathan,Death,338,246,42,10
ODI,YK Pathan,Middle,457,478,60,18
ODI,YS Chahal,Death,53,77,5,7
ODI,YS Chahal,Middle,24,67,3,1
ODI,YS Samra,Middle,139,189,16,9
ODI,YS Samra,Powerplay,239,300,38,2
ODI,Yasir Ali Chowdhury,Middle,67,74,8,2
ODI,Yasir Arafat,Middle,31,61,5,1
ODI,Yasir Hameed,Middle,870,1269,88,27
ODI,Yasir Hameed,Powerplay,586,951,75,9
ODI,Yasir Shah,Death,83,86,7,4
ODI,Yasir Shah,Middle,44,67,3,2
ODI,Younis Khan,Death,593,529,52,27
ODI,Younis Khan,Middle,3394,4462,273,98
ODI,Younis Khan,Powerplay,790,1420,99,30
ODI,Yousuf Youhana,Death,266,268,20,5
ODI,Yousuf Youhana,Middle,1388,1745,119,26
ODI,Yousuf Youhana,Powerplay,86,195,7,8
ODI,Yuvraj Singh,Death,1495,1119,198,45
ODI,Yuvraj Singh,Middle,5110,6454,607,113
ODI,Yuvraj Singh,Powerplay,327,529,57,10
ODI,Z Crawley,Middle,143,141,17,4
ODI,Z Crawley,Powerplay,62,78,9,4
ODI,Z James,Middle,109,235,11,10
ODI,Z James,Powerplay,75,221,7,7
ODI,Z Khan,Death,365,389,49,26
ODI,Z Khan,Middle,166,369,14,15
ODI,ZB Lion-Cachet,Middle,256,394,18,10
ODI,ZB Lion-Cachet,Powerplay,45,99,2,4
ODI,ZE Green,Death,331,233,40,10
ODI,ZE Green,Middle,611,946,63,27
ODI,ZE Green,Powerplay,133,258,21,6
ODI,ZE Surkari,Middle,89,200,4,2
ODI,ZE Surkari,Powerplay,30,77,3,3
ODI,Zahoor Khan,Death,81,146,6,11
ODI,Zahoor Khan,Middle,62,113,8,8
ODI,Zeeshan Maqsood,Death,167,155,19,8
ODI,Zeeshan Maqsood,Middle,920,1484,85,29
ODI,Zeeshan Maqsood,Powerplay,109,216,12,2
ODI,Zubayr Hamza,Middle,49,64,5,1
ODI,Zulqarnain Haider,Death,47,69,3,2
SA20,AK Markram,Death,305,166,40,13
SA20,AK Markram,Middle,775,597,74,17
SA20,AK Markram,Powerplay,196,193,29,5
SA20,AL Phehlukwayo,Death,89,63,12,5
SA20,AL Phehlukwayo,Middle,61,70,8,4
SA20,AM Rossington,Powerplay,222,141,40,8
SA20,AM Tribe,Powerplay,106,84,16,6
SA20,B Parsons,Middle,90,68,8,4
SA20,B Parsons,Powerplay,134,124,19,4
SA20,BC Fortuin,Death,125,122,13,9
SA20,BKG Mendis,Powerplay,156,114,27,4
SA20,BS Makhanya,Middle,72,72,6,2
SA20,C Esterhuizen,Middle,163,142,15,9
SA20,C Esterhuizen,Powerplay,175,181,26,7
SA20,CA Ingram,Middle,145,155,17,11
SA20,D Brevis,Death,303,153,42,14
SA20,D Brevis,Middle,609,434,77,13
SA20,D Brevis,Powerplay,134,138,19,5
SA20,D Ferreira,Death,232,140,31,15
SA20,D Ferreira,Middle,323,230,45,11
SA20,D Forrester,Death,104,60,13,0
SA20,D Potgieter,Death,262,173,37,6
SA20,D Pretorius,Death,80,63,10,6
SA20,D Pretorius,Middle,53,63,5,5
SA20,DA Miller,Death,339,196,42,9
SA20,DA Miller,Middle,551,486,60,15
SA20,DG Bedingham,Middle,107,98,8,5
SA20,DG Bedingham,Powerplay,172,141,24,7
SA20,DJ Malan,Middle,93,82,8,4
SA20,DJ Malan,Powerplay,117,116,18,5
SA20,DJ Vilas,Middle,162,142,15,6
SA20,DP Conway,Middle,160,121,22,7
SA20,DP Conway,Powerplay,223,195,35,5
SA20,DW Lawrence,Middle,167,116,19,4
SA20,E Bosch,Death,117,113,14,11
SA20,E Bosch,Middle,56,61,6,4
SA20,E Jones,Death,107,84,13,9
SA20,F du Plessis,Middle,345,240,40,12
SA20,F du Plessis,Powerplay,648,473,103,18
SA20,G Roelofsen,Middle,93,81,7,5
SA20,G Roelofsen,Powerplay,103,96,15,3
SA20,GF Linde,Death,136,85,19,9
SA20,GF Linde,Middle,294,231,37,12
SA20,H Klaasen,Death,446,218,62,15
SA20,H Klaasen,Middle,683,474,81,16
SA20,HE van der Dussen,Middle,467,384,47,19
SA20,HE van der Dussen,Powerplay,676,505,89,8
SA20,J Hermann,Death,156,87,19,3
SA20,J Hermann,Middle,421,355,47,18
SA20,J Hermann,Powerplay,362,380,55,13
SA20,JC Buttler,Middle,398,324,42,10
SA20,JC Buttler,Powerplay,469,337,74,11
SA20,JDS Neesham,Death,160,123,23,10
SA20,JDS Neesham,Middle,183,152,20,8
SA20,JE Root,Middle,78,71,6,0
SA20,JE Root,Powerplay,128,91,20,5
SA20,JJ Roy,Middle,68,75,8,5
SA20,JJ Roy,Powerplay,340,262,52,17
SA20,JL du Plooy,Death,184,103,30,2
SA20,JL du Plooy,Middle,330,282,33,10
SA20,JL du Plooy,Powerplay,315,212,50,8
SA20,JM Bairstow,Middle,236,184,26,5
SA20,JM Bairstow,Powerplay,171,126,31,8
SA20,JM Vince,Middle,120,79,15,4
SA20,JM Vince,Powerplay,139,92,25,2
SA20,JT Smuts,Death,107,64,16,8
SA20,JT Smuts,Middle,264,214,33,5
SA20,JT Smuts,Powerplay,163,135,29,7
SA20,K Lion-Cachet,Middle,65,62,8,2
SA20,K Verreynne,Death,141,76,21,2
SA20,K Verreynne,Middle,195,170,17,8
SA20,K Verreynne,Powerplay,255,200,37,9
SA20,KA Maharaj,Death,92,95,12,10
SA20,KA Pollard,Death,153,92,23,5
SA20,KD Karthik,Middle,64,62,8,1
SA20,KR Mayers,Powerplay,150,113,26,4
SA20,KS Williamson,Middle,156,135,14,7
SA20,KS Williamson,Powerplay,114,120,16,2
SA20,LG Pretorius,Middle,204,137,25,6
SA20,LG Pretorius,Powerplay,359,263,58,15
SA20,LS Livingstone,Death,106,71,14,7
SA20,LS Livingstone,Middle,94,116,7,6
SA20,M De Villiers,Middle,91,73,9,5
SA20,M Jansen,Death,345,227,45,14
SA20,M Jansen,Middle,218,189,27,7
SA20,M Van Buuren,Death,107,86,12,5
SA20,M Van Buuren,Middle,226,227,19,7
SA20,MJ Ackerman,Middle,91,88,6,6
SA20,MM Ali,Middle,79,88,8,6
SA20,MP Breetzke,Death,152,89,23,5
SA20,MP Breetzke,Middle,333,300,31,13
SA20,MP Breetzke,Powerplay,464,383,67,11
SA20,MP Stoinis,Middle,83,77,9,4
SA20,N Pooran,Middle,133,114,17,8
SA20,PD Salt,Middle,84,63,10,3
SA20,PD Salt,Powerplay,252,177,39,14
SA20,PWA Mulder,Death,246,150,32,11
SA20,PWA Mulder,Middle,345,292,38,14
SA20,PWA Mulder,Powerplay,149,131,24,6
SA20,Q de Kock,Middle,460,328,56,14
SA20,Q de Kock,Powerplay,539,417,88,22
SA20,R Shepherd,Death,116,66,15,4
SA20,RA Herman,Middle,280,214,32,12
SA20,RA Herman,Powerplay,235,227,36,4
SA20,RD Rickelton,Middle,495,294,63,11
SA20,RD Rickelton,Powerplay,756,516,119,17
SA20,RR Hendricks,Death,192,105,28,6
SA20,RR Hendricks,Middle,447,376,43,8
SA20,RR Hendricks,Powerplay,233,279,31,13
SA20,RR Rossouw,Middle,309,251,44,16
SA20,RR Rossouw,Powerplay,138,131,24,10
SA20,Rahmanullah Gurbaz,Powerplay,89,72,11,4
SA20,Rashid Khan,Death,83,69,11,9
SA20,S Dadswell,Middle,82,94,8,6
SA20,S Muthusamy,Death,87,66,12,7
SA20,S Muthusamy,Middle,54,66,2,5
SA20,SD Hope,Middle,95,85,9,3
SA20,SD Hope,Powerplay,142,108,20,6
SA20,SE Rutherford,Death,236,125,37,5
SA20,SE Rutherford,Middle,97,84,12,0
SA20,SM Curran,Middle,158,139,19,9
SA20,Sikandar Raza,Middle,57,69,6,2
SA20,T Stubbs,Death,521,294,61,12
SA20,T Stubbs,Middle,374,361,28,12
SA20,T de Zorzi,Powerplay,117,103,20,9
SA20,TB Abell,Middle,261,181,35,11
SA20,TB Abell,Powerplay,209,187,30,5
SA20,TB de Bruyn,Middle,156,120,16,7
SA20,TB de Bruyn,Powerplay,104,111,15,5
SA20,WCF Smeed,Middle,96,76,12,4
SA20,WCF Smeed,Powerplay,123,100,21,3
SA20,WD Parnell,Death,88,63,12,7
SA20,WD Parnell,Middle,63,73,7,2
SA20,WG Jacks,Middle,247,161,31,9
SA20,WG Jacks,Powerplay,477,282,82,15
SA20,WJ Lubbe,Middle,275,231,32,16
SA20,WJ Lubbe,Powerplay,190,188,26,9
SA20,Z Crawley,Powerplay,79,72,12,7
Super Smash,A Verma,Death,85,87,8,7
Super Smash,A Wellington,Middle,126,140,14,6
Super Smash,A van Deventer,Middle,187,161,17,5
Super Smash,AC Jayangani,Middle,129,105,23,8
Super Smash,AC Jayangani,Powerplay,292,236,53,6
Super Smash,AC Kerr,Death,402,256,53,15
Super Smash,AC Kerr,Middle,1087,944,110,15
Super Smash,AC Kerr,Powerplay,586,564,79,6
Super Smash,AE Satterthwaite,Death,191,134,22,4
Super Smash,AE Satterthwaite,Middle,563,474,72,12
Super Smash,AE Satterthwaite,Powerplay,299,323,45,6
Super Smash,AF Milne,Death,72,61,9,5
Super Smash,AG Gerken,Middle,116,140,8,10
Super Smash,AG Gerken,Powerplay,54,82,6,7
Super Smash,AJ Hose,Middle,122,97,10,2
Super Smash,AK Kitchen,Death,195,146,22,14
Super Smash,AK Kitchen,Middle,462,355,50,16
Super Smash,AK Kitchen,Powerplay,148,123,24,8
Super Smash,AM Ellis,Death,126,107,13,6
Super Smash,AM Ellis,Middle,106,118,9,6
Super Smash,AM Peterson,Middle,99,89,12,5
Super Smash,AM Peterson,Powerplay,195,194,29,12
Super Smash,AN Kelly,Death,125,120,9,11
Super Smash,AN Kelly,Middle,46,68,1,4
Super Smash,AP Devcich,Middle,285,216,40,11
Super Smash,AP Devcich,Powerplay,484,330,84,16
Super Smash,AS Browning,Death,106,86,14,8
Super Smash,AS Browning,Middle,96,117,7,4
Super Smash,AS Browning,Powerplay,56,69,8,5
Super Smash,AT Hucker,Death,59,62,3,7
Super Smash,AY Patel,Death,105,119,7,10
Super Smash,B Bezuidenhout,Powerplay,135,137,16,7
Super Smash,BF Smith,Powerplay,160,124,29,6
Super Smash,BG Armstrong,Death,211,179,18,14
Super Smash,BG Armstrong,Middle,321,346,33,18
Super Smash,BG Armstrong,Powerplay,159,177,21,9
Super Smash,BG Randell,Death,57,64,5,5
Super Smash,BJ Horne,Death,291,174,44,16
Super Smash,BJ Horne,Middle,192,195,17,13
Super Smash,BJ Jacobs,Death,289,148,42,12
Super Smash,BJ Jacobs,Middle,418,309,50,3
Super Smash,BJ Pomare,Powerplay,75,71,13,3
Super Smash,BJ Small,Death,94,79,7,6
Super Smash,BL Wiggins,Powerplay,189,162,28,17
Super Smash,BM Halliday,Death,119,87,14,4
Super Smash,BM Halliday,Middle,447,475,35,20
Super Smash,BM Halliday,Powerplay,250,278,36,10
Super Smash,BM Wheeler,Death,173,119,20,10
Super Smash,BM Wheeler,Middle,63,67,6,3
Super Smash,BNJ Lockrose,Death,164,101,23,13
Super Smash,BNJ Lockrose,Middle,64,68,6,4
Super Smash,BR Hampton,Death,157,118,19,15
Super Smash,BR Hampton,Middle,700,554,85,38
Super Smash,BR Hampton,Powerplay,304,211,51,6
Super Smash,BS Smith,Middle,129,100,14,4
Super Smash,BS Smith,Powerplay,256,231,39,10
Super Smash,BS Wilson,Death,114,76,17,4
Super Smash,BS Wilson,Middle,61,63,4,2
Super Smash,C Agafili,Death,105,105,13,14
Super Smash,C Munro,Middle,110,84,16,7
Super Smash,C Munro,Powerplay,415,273,78,13
Super Smash,C de Grandhomme,Middle,224,154,28,11
Super Smash,CA Gurrey,Death,109,69,16,2
Super Smash,CA Gurrey,Middle,638,597,74,28
Super Smash,CA Gurrey,Powerplay,518,593,75,12
Super Smash,CD Fletcher,Death,796,498,97,22
Super Smash,CD Fletcher,Middle,927,762,93,21
Super Smash,CD Fletcher,Powerplay,42,67,6,1
Super Smash,CE McConchie,Death,372,248,41,15
Super Smash,CE McConchie,Middle,1122,938,117,49
Super Smash,CE McConchie,Powerplay,215,227,31,9
Super Smash,CG Blakely,Death,217,168,23,12
Super Smash,CG Blakely,Middle,489,509,39,22
Super Smash,CG Blakely,Powerplay,105,125,14,5
Super Smash,CG Heaphy,Middle,145,136,12,2
Super Smash,CG Heaphy,Powerplay,141,154,19,10
Super Smash,CJ Anderson,Death,86,68,10,6
Super Smash,CJ Anderson,Middle,180,152,20,7
Super Smash,CJ Bowes,Middle,761,523,88,25
Super Smash,CJ Bowes,Powerplay,1602,1126,266,50
Super Smash,CJ Briggs,Middle,113,95,10,7
Super Smash,CJ Briggs,Powerplay,147,138,21,7
Super Smash,CK Leopard,Middle,120,93,12,9
Super Smash,CK Leopard,Powerplay,145,129,21,6
Super Smash,CL Green,Death,135,140,13,17
Super Smash,CR King,Death,97,106,5,8
Super Smash,CR McLachlan,Middle,78,97,6,4
Super Smash,Craig Cachopa,Death,151,96,22,10
Super Smash,Craig Cachopa,Middle,401,318,46,12
Super Smash,D Cleaver,Death,262,160,39,14
Super Smash,D Cleaver,Middle,1032,783,116,35
Super Smash,D Cleaver,Powerplay,781,622,122,24
Super Smash,D Foxcroft,Death,288,202,36,12
Super Smash,D Foxcroft,Middle,851,661,89,21
Super Smash,D Foxcroft,Powerplay,469,432,69,8
Super Smash,DAJ Bracewell,Death,512,281,76,20
Super Smash,DAJ Bracewell,Middle,169,168,13,3
Super Smash,DC de Boorder,Middle,114,108,10,4
Super Smash,DG Brownlie,Middle,332,225,43,17
Super Smash,DG Brownlie,Powerplay,279,222,43,9
Super Smash,DJ Bell-Drummond,Middle,107,80,11,1
Super Smash,DJ Bell-Drummond,Powerplay,101,80,16,0
Super Smash,DJ Mitchell,Death,398,253,45,17
Super Smash,DJ Mitchell,Middle,923,694,91,18
Super Smash,DJ Mitchell,Powerplay,204,190,27,2
Super Smash,DK Ferns,Death,123,100,13,11
Super Smash,DN Phillips,Death,99,63,11,1
Super Smash,DN Phillips,Middle,214,187,21,14
Super Smash,DN Phillips,Powerplay,481,369,79,21
Super Smash,DP Conway,Death,265,154,34,4
Super Smash,DP Conway,Middle,683,504,84,14
Super Smash,DP Conway,Powerplay,684,541,108,13
Super Smash,DR Flynn,Death,104,76,11,8
Super Smash,DR Flynn,Middle,183,137,25,9
Super Smash,E Wolland,Middle,99,115,8,6
Super Smash,E Wolland,Powerplay,49,63,8,3
Super Smash,EA Perry,Powerplay,96,84,16,3
Super Smash,EAJ Richardson,Death,71,69,7,7
Super Smash,EAJ Richardson,Middle,270,243,35,10
Super Smash,EAJ Richardson,Powerplay,54,74,7,5
Super Smash,EG Cunningham,Powerplay,136,201,20,14
Super Smash,EJ Black,Death,101,87,11,10
Super Smash,EJ Carson,Death,73,91,4,10
Super Smash,EMA McLeod,Middle,98,104,8,3
Super Smash,FC Leydon-Davis,Death,117,116,11,10
Super Smash,FC Leydon-Davis,Middle,266,326,22,12
Super Smash,FC Leydon-Davis,Powerplay,174,176,27,11
Super Smash,FDM Devonshire,Death,68,66,8,7
Super Smash,FDM Devonshire,Middle,151,145,15,11
Super Smash,FDM Devonshire,Powerplay,100,80,14,4
Super Smash,FH Allen,Middle,287,162,38,9
Super Smash,FH Allen,Powerplay,779,412,131,16
Super Smash,FL Mackay,Death,107,94,14,4
Super Smash,FL Mackay,Middle,388,429,40,14
Super Smash,FL Mackay,Powerplay,273,378,30,6
Super Smash,FL Walker,Death,129,107,18,7
Super Smash,G Scrivens,Middle,73,75,9,6
Super Smash,G Scrivens,Powerplay,84,109,8,3
Super Smash,GD Phillips,Death,147,78,21,3
Super Smash,GD Phillips,Middle,624,426,79,20
Super Smash,GD Phillips,Powerplay,414,332,60,20
Super Smash,GE Plimmer,Death,103,79,13,6
Super Smash,GE Plimmer,Middle,227,239,18,7
Super Smash,GE Plimmer,Powerplay,295,309,42,17
Super Smash,GES Sullivan,Death,58,70,4,4
Super Smash,GH Worker,Middle,389,329,38,20
Super Smash,GH Worker,Powerplay,1041,858,164,36
Super Smash,GK Atkinson,Death,89,81,13,9
Super Smash,GK Atkinson,Middle,177,187,18,11
Super Smash,GK Atkinson,Powerplay,152,224,16,15
Super Smash,GR Hay,Middle,92,76,8,2
Super Smash,GR Hay,Powerplay,142,140,18,7
Super Smash,GR Severin,Middle,88,82,9,2
Super Smash,HB Shipley,Death,299,189,41,19
Super Smash,HB Shipley,Middle,122,125,9,4
Super Smash,HD Rutherford,Middle,235,184,23,12
Super Smash,HD Rutherford,Powerplay,940,692,157,47
Super Smash,HE Topp,Death,65,72,7,9
Super Smash,HE Topp,Middle,65,108,3,9
Super Smash,HJ Armitage,Middle,239,196,24,8
Super Smash,HJ Armitage,Powerplay,309,301,43,5
Super Smash,HJ Darlington,Middle,82,85,9,3
Super Smash,HJH Marshall,Powerplay,120,79,22,6
Super Smash,HM Nicholls,Middle,320,235,40,13
Super Smash,HM Nicholls,Powerplay,286,220,43,4
Super Smash,HM Rowe,Death,345,270,35,18
Super Smash,HM Rowe,Middle,514,606,39,16
Super Smash,HM Rowe,Powerplay,42,92,3,3
Super Smash,HNK Jensen,Death,142,128,15,11
Super Smash,HNK Jensen,Middle,231,217,26,6
Super Smash,HNK Jensen,Powerplay,58,74,6,5
Super Smash,HR Cooper,Death,81,74,10,7
Super Smash,HR Cooper,Middle,171,184,15,9
Super Smash,HR Cooper,Powerplay,67,85,12,7
Super Smash,HR Huddleston,Death,150,152,12,10
Super Smash,HR Huddleston,Middle,200,253,16,6
Super Smash,IC Gaze,Middle,179,182,23,15
Super Smash,IC Gaze,Powerplay,349,345,59,18
Super Smash,IG Sharp,Death,120,88,18,7
Super Smash,IG Sharp,Middle,254,227,32,10
Super Smash,IG Sharp,Powerplay,119,135,19,10
Super Smash,IR James,Middle,164,178,16,18
Super Smash,IR James,Powerplay,442,449,70,20
Super Smash,IS Sodhi,Death,78,64,8,10
Super Smash,J Dean,Middle,127,136,16,11
Super Smash,J Dean,Powerplay,116,150,16,10
Super Smash,J McKenzie,Death,86,65,11,3
Super Smash,JA Clarkson,Death,658,376,81,26
Super Smash,JA Clarkson,Middle,867,690,94,26
Super Smash,JA Duffy,Death,96,78,9,11
Super Smash,JA Raval,Death,140,97,20,10
Super Smash,JA Raval,Middle,492,398,55,12
Super Smash,JA Raval,Powerplay,232,266,33,17
Super Smash,JCT Boyle,Middle,450,396,40,22
Super Smash,JCT Boyle,Powerplay,477,412,67,18
Super Smash,JD Gibson,Death,162,115,16,10
Super Smash,JD Gibson,Middle,66,73,4,5
Super Smash,JD Ryder,Powerplay,214,140,36,7
Super Smash,JDS Neesham,Death,167,105,21,4
Super Smash,JDS Neesham,Middle,252,236,22,13
Super Smash,JEI Prasad,Death,93,91,6,6
Super Smash,JF Carter,Death,145,87,20,5
Super Smash,JF Carter,Middle,518,441,61,21
Super Smash,JF Carter,Powerplay,244,244,36,13
Super Smash,JJ Tasman-Jones,Powerplay,84,68,13,3
Super Smash,JL Finnie,Death,165,111,22,13
Super Smash,JL Finnie,Middle,293,225,35,15
Super Smash,JL Finnie,Powerplay,83,75,16,6
Super Smash,JL Savage,Death,72,80,8,12
Super Smash,JL Savage,Middle,122,149,11,3
Super Smash,JM Cumming,Powerplay,110,80,19,3
Super Smash,JM Gibson,Death,155,104,17,11
Super Smash,JM Gibson,Middle,154,125,13,6
Super Smash,JM Gibson,Powerplay,146,96,22,6
Super Smash,JM Kerr,Death,338,224,43,18
Super Smash,JM Kerr,Middle,402,357,48,15
Super Smash,JM Tashkoff,Death,112,90,11,9
Super Smash,JM Tashkoff,Middle,274,191,30,7
Super Smash,JM Watkin,Middle,247,205,32,18
Super Smash,JM Watkin,Powerplay,667,572,114,35
Super Smash,JO Penfold,Death,95,91,11,8
Super Smash,JR Lennox,Death,67,62,7,2
Super Smash,JT McFadyen,Death,151,133,15,12
Super Smash,JT McFadyen,Middle,130,163,7,10
Super Smash,JT McFadyen,Powerplay,95,130,14,5
Super Smash,JT Todd,Powerplay,293,191,49,13
Super Smash,K Noema-Barnett,Death,118,86,15,9
Super Smash,K Noema-Barnett,Middle,193,177,22,9
Super Smash,KA Jamieson,Death,189,131,19,7
Super Smash,KA Jamieson,Middle,65,76,4,4
Super Smash,KA Knight,Death,73,67,9,6
Super Smash,KA Tomlinson,Death,81,74,8,6
Super Smash,KA Tomlinson,Middle,242,261,26,15
Super Smash,KA Tomlinson,Powerplay,125,161,16,6
Super Smash,KD Clarke,Death,118,63,17,4
Super Smash,KD Clarke,Middle,442,338,51,18
Super Smash,KD Clarke,Powerplay,925,689,152,25
Super Smash,KE Ebrahim,Death,223,187,23,15
Super Smash,KE Ebrahim,Middle,527,577,41,10
Super Smash,KE Ebrahim,Powerplay,59,116,7,1
Super Smash,KFG Nation,Middle,57,78,3,6
Super Smash,KFG Nation,Powerplay,65,63,12,3
Super Smash,KG Anderson,Death,168,129,19,5
Super Smash,KG Anderson,Middle,634,593,66,20
Super Smash,KG Anderson,Powerplay,828,869,114,29
Super Smash,KJ Gaging,Death,98,106,7,10
Super Smash,KJ Martin,Middle,318,292,35,11
Super Smash,KJ Martin,Powerplay,179,189,25,5
Super Smash,KJ McClure,Middle,91,76,10,3
Super Smash,KJ McClure,Powerplay,382,281,63,21
Super Smash,KS Williamson,Middle,99,72,10,0
Super Smash,KT Perkins,Death,122,109,9,7
Super Smash,KT Perkins,Middle,485,461,42,13
Super Smash,KT Perkins,Powerplay,195,271,19,4
Super Smash,L Harris,Middle,135,82,26,8
Super Smash,L Ronchi,Powerplay,136,81,21,4
Super Smash,LC Johnson,Death,154,109,20,10
Super Smash,LC Johnson,Middle,453,385,46,27
Super Smash,LC Johnson,Powerplay,151,148,19,6
Super Smash,LEV Hughes,Death,89,102,12,13
Super Smash,LEV Hughes,Middle,57,69,5,5
Super Smash,LF Boucher,Death,74,103,6,14
Super Smash,LF Boucher,Middle,79,107,8,8
Super Smash,LF Boucher,Powerplay,48,61,5,6
Super Smash,LH Ferguson,Death,91,70,10,7
Super Smash,LJ Carter,Death,320,200,43,14
Super Smash,LJ Carter,Middle,700,611,63,26
Super Smash,LJ Carter,Powerplay,198,210,27,8
Super Smash,LJ Woodcock,Death,123,85,11,4
Super Smash,LJ Woodcock,Middle,73,79,6,3
Super Smash,LM Kasperek,Death,191,166,19,12
Super Smash,LM Kasperek,Middle,192,230,18,7
Super Smash,LMM Tahuhu,Death,194,141,21,16
Super Smash,LMM Tahuhu,Middle,177,153,20,11
Super Smash,LN Stackpole,Middle,152,98,21,5
Super Smash,LR Down,Death,242,204,24,9
Super Smash,LR Down,Middle,446,486,31,13
Super Smash,LR Down,Powerplay,294,370,38,18
Super Smash,LRPL Taylor,Middle,216,155,26,6
Super Smash,LV van Beek,Death,539,361,71,21
Super Smash,LV van Beek,Middle,122,118,13,4
Super Smash,M Brown,Death,115,67,13,3
Super Smash,M Brown,Middle,93,94,9,4
Super Smash,M Penna,Middle,110,117,15,4
Super Smash,M Renwick,Middle,68,76,2,4
Super Smash,MA Abbas,Death,123,78,12,7
Super Smash,MA Abbas,Middle,341,287,29,14
Super Smash,MA Abbas,Powerplay,126,105,14,2
Super Smash,MA Pollard,Middle,144,115,14,6
Super Smash,MA Pollard,Powerplay,328,267,47,14
Super Smash,MB Templeton,Death,49,63,4,7
Super Smash,MB Templeton,Middle,40,67,1,2
Super Smash,MBA Lamplough,Death,94,83,11,10
Super Smash,MBA Lamplough,Middle,221,226,21,14
Super Smash,MG Bracewell,Death,294,202,31,12
Super Smash,MG Bracewell,Middle,852,669,94,22
Super Smash,MG Bracewell,Powerplay,356,241,59,8
Super Smash,MJ Banks,Death,147,162,10,14
Super Smash,MJ Banks,Middle,41,66,4,4
Super Smash,MJ Greig,Death,150,139,17,16
Super Smash,MJ Greig,Middle,291,336,34,14
Super Smash,MJ Guptill,Death,127,66,20,1
Super Smash,MJ Guptill,Middle,478,339,60,14
Super Smash,MJ Guptill,Powerplay,586,514,84,15
Super Smash,MJ Hay,Death,229,132,28,9
Super Smash,MJ Hay,Middle,256,199,24,13
Super Smash,MJ Henry,Death,139,93,15,10
Super Smash,MJ Santner,Death,135,88,15,5
Super Smash,MJ Santner,Middle,368,264,49,13
Super Smash,MJG Rippon,Death,392,292,41,25
Super Smash,MJG Rippon,Middle,334,324,29,11
Super Smash,ML Green,Death,267,186,32,18
Super Smash,ML Green,Middle,827,770,72,20
Super Smash,ML Green,Powerplay,400,433,53,9
Super Smash,MM Penfold,Death,98,100,9,15
Super Smash,MR Cowan,Middle,91,93,10,2
Super Smash,MR Cowan,Powerplay,117,131,19,8
Super Smash,MS Chapman,Death,148,86,22,8
Super Smash,MS Chapman,Middle,840,613,99,25
Super Smash,MS Chapman,Powerplay,348,298,48,13
Super Smash,MW Chu,Death,171,117,17,10
Super Smash,MW Chu,Middle,341,261,39,17
Super Smash,MW Chu,Powerplay,193,130,33,5
Super Smash,MW Downes,Death,69,74,3,4
Super Smash,MWT Boyle,Middle,324,205,43,9
Super Smash,MWT Boyle,Powerplay,253,196,39,9
Super Smash,N Wagner,Death,81,63,11,6
Super Smash,NB Cox,Death,101,98,8,12
Super Smash,NB Cox,Middle,324,353,28,12
Super Smash,NB Cox,Powerplay,305,367,34,23
Super Smash,NC Dodd,Death,95,79,8,7
Super Smash,NC Dodd,Middle,454,494,34,17
Super Smash,NC Dodd,Powerplay,416,459,54,8
Super Smash,NF Kelly,Death,184,119,27,10
Super Smash,NF Kelly,Middle,804,636,94,33
Super Smash,NF Kelly,Powerplay,680,568,113,20
Super Smash,NG Smith,Death,167,121,16,13
Super Smash,NG Smith,Middle,175,153,17,10
Super Smash,NH Patel,Death,203,206,19,16
Super Smash,NH Patel,Middle,373,453,29,20
Super Smash,NH Patel,Powerplay,84,99,9,5
Super Smash,NT Broom,Middle,409,376,33,15
Super Smash,NT Broom,Powerplay,661,498,103,20
Super Smash,OB Cox,Middle,103,85,9,3
Super Smash,OJS Bartlett,Death,40,62,0,5
Super Smash,ON Gain,Middle,240,263,24,12
Super Smash,ON Gain,Powerplay,145,161,21,13
Super Smash,OR Newton,Death,51,61,4,8
Super Smash,P Catton,Middle,303,302,33,13
Super Smash,P Catton,Powerplay,194,227,30,10
Super Smash,PD Bocock,Death,111,89,13,8
Super Smash,PD Bocock,Middle,112,98,10,5
Super Smash,PF Younghusband,Death,156,131,15,15
Super Smash,PJ Watkins,Middle,55,62,5,4
Super Smash,PJ Watkins,Powerplay,61,71,10,1
Super Smash,PM Inglis,Death,153,123,18,9
Super Smash,PM Inglis,Middle,601,587,61,23
Super Smash,PM Inglis,Powerplay,325,442,42,17
Super Smash,R Ravindra,Middle,197,186,13,10
Super Smash,R Ravindra,Powerplay,294,230,44,13
Super Smash,RA Mair,Death,221,196,21,16
Super Smash,RA Mair,Middle,189,215,18,8
Super Smash,RA Mariu,Powerplay,118,85,19,5
Super Smash,RD Harrison,Death,99,67,11,4
Super Smash,RJ Nicol,Middle,82,71,10,4
Super Smash,RJ Nicol,Powerplay,133,113,20,4
Super Smash,RM Burns,Middle,502,470,62,28
Super Smash,RM Burns,Powerplay,701,698,121,22
Super Smash,RM Hira,Death,109,70,16,8
Super Smash,RR O'Donnell,Death,479,296,64,16
Super Smash,RR O'Donnell,Middle,991,805,114,27
Super Smash,RR O'Donnell,Powerplay,157,148,26,6
Super Smash,RSM Lili'i,Middle,48,61,4,5
Super Smash,S Hicks,Middle,135,102,13,5
Super Smash,S Pandey,Death,99,76,12,5
Super Smash,S Pandey,Middle,108,107,13,3
Super Smash,S Shahri,Death,122,100,15,5
Super Smash,S Shahri,Middle,269,290,27,11
Super Smash,S Shahri,Powerplay,323,390,49,19
Super Smash,SB Keene,Powerplay,150,100,27,7
Super Smash,SC Kuggeleijn,Death,396,249,48,18
Super Smash,SC Kuggeleijn,Middle,194,154,24,8
Super Smash,SE Bowden,Death,57,68,5,6
Super Smash,SE Bowden,Middle,47,68,4,5
Super Smash,SFM Devine,Middle,291,180,40,5
Super Smash,SFM Devine,Powerplay,431,334,65,12
Super Smash,SHA Rance,Death,115,84,17,7
Super Smash,SJ Murdoch,Middle,95,80,9,6
Super Smash,SJ Murdoch,Powerplay,83,89,13,7
Super Smash,SM Solia,Death,170,135,19,12
Super Smash,SM Solia,Middle,406,383,39,21
Super Smash,SM Solia,Powerplay,450,405,63,23
Super Smash,SR Asmussen,Death,48,65,3,7
Super Smash,SR Naidu,Death,55,80,4,5
Super Smash,SR Patel,Middle,106,79,13,3
Super Smash,SRH Curtis,Middle,241,319,16,14
Super Smash,SRH Curtis,Powerplay,78,104,9,3
Super Smash,SW Bates,Death,212,146,23,7
Super Smash,SW Bates,Middle,543,463,47,9
Super Smash,SW Bates,Powerplay,662,660,99,16
Super Smash,T Wakelin,Powerplay,91,97,14,9
Super Smash,TA Blundell,Death,156,87,23,8
Super Smash,TA Blundell,Middle,638,472,64,21
Super Smash,TA Blundell,Powerplay,428,349,65,16
Super Smash,TB Robinson,Death,121,79,14,8
Super Smash,TB Robinson,Middle,353,251,38,7
Super Smash,TB Robinson,Powerplay,370,274,58,14
Super Smash,TC Bruce,Death,656,347,100,19
Super Smash,TC Bruce,Middle,1223,934,139,37
Super Smash,TC Bruce,Powerplay,314,244,50,6
Super Smash,TD Astle,Death,123,104,11,6
Super Smash,TD Astle,Middle,69,60,7,3
Super Smash,TJG Pringle,Death,105,70,12,6
Super Smash,TL Seifert,Middle,570,429,58,24
Super Smash,TL Seifert,Powerplay,1036,804,166,28
Super Smash,TM Johnson,Death,121,74,17,8
Super Smash,TM Johnson,Middle,326,321,30,16
Super Smash,TM Johnson,Powerplay,165,159,25,7
Super Smash,TMM Newton,Death,85,93,7,12
Super Smash,TMM Newton,Middle,309,383,22,14
Super Smash,TMM Newton,Powerplay,155,195,17,12
Super Smash,TWM Latham,Middle,431,297,54,12
Super Smash,TWM Latham,Powerplay,503,372,77,13
Super Smash,W Clark,Death,212,137,28,10
Super Smash,W Clark,Middle,146,155,10,6
Super Smash,WA Young,Death,138,77,16,4
Super Smash,WA Young,Middle,795,542,84,25
Super Smash,WA Young,Powerplay,634,506,90,19
Super Smash,WC Ludick,Death,126,91,12,6
Super Smash,WER Somerville,Death,151,99,19,6
Super Smash,WSA Williams,Death,80,67,8,3
Super Smash,WT O'Donnell,Death,108,72,12,5
Super Smash,WT O'Donnell,Middle,302,256,31,14
Super Smash,WT O'Donnell,Powerplay,184,151,24,7
Super Smash,XA Jetly,Death,108,110,8,8
Super Smash,XA Jetly,Middle,62,78,6,2
Super Smash,XE Bell,Middle,105,86,11,3
Super Smash,ZGF Foulkes,Death,109,82,14,9
Syed Mushtaq Ali Trophy,A Ashish Reddy,Middle,73,79,5,6
Syed Mushtaq Ali Trophy,A Badoni,Death,132,83,17,2
Syed Mushtaq Ali Trophy,A Badoni,Middle,114,116,12,2
Syed Mushtaq Ali Trophy,A Manohar,Death,155,80,23,4
Syed Mushtaq Ali Trophy,A Manohar,Middle,125,110,14,0
Syed Mushtaq Ali Trophy,A Mukund,Powerplay,84,88,10,2
Syed Mushtaq Ali Trophy,A Sheth,Death,182,128,23,6
Syed Mushtaq Ali Trophy,AA Barot,Middle,166,95,22,4
Syed Mushtaq Ali Trophy,AA Barot,Powerplay,147,112,24,5
Syed Mushtaq Ali Trophy,AA Herwadkar,Middle,134,143,11,7
Syed Mushtaq Ali Trophy,AA Herwadkar,Powerplay,284,254,42,7
Syed Mushtaq Ali Trophy,AD Nath,Death,122,94,13,7
Syed Mushtaq Ali Trophy,AD Nath,Middle,405,353,42,14
Syed Mushtaq Ali Trophy,AD Nath,Powerplay,173,152,24,2
Syed Mushtaq Ali Trophy,AKS Bains,Middle,115,112,11,5
Syed Mushtaq Ali Trophy,AKS Bains,Powerplay,312,256,51,13
Syed Mushtaq Ali Trophy,AL Menaria,Middle,91,101,9,6
Syed Mushtaq Ali Trophy,AL Menaria,Powerplay,121,100,20,6
Syed Mushtaq Ali Trophy,AM Rahane,Middle,310,219,35,5
Syed Mushtaq Ali Trophy,AM Rahane,Powerplay,314,236,51,7
Syed Mushtaq Ali Trophy,AN Longchar,Powerplay,40,65,6,3
Syed Mushtaq Ali Trophy,AP Majumdar,Middle,68,61,7,4
Syed Mushtaq Ali Trophy,AP Tare,Death,143,102,17,5
Syed Mushtaq Ali Trophy,AP Tare,Middle,502,383,66,20
Syed Mushtaq Ali Trophy,AP Tare,Powerplay,364,281,53,7
Syed Mushtaq Ali Trophy,AR Bawne,Death,126,77,18,5
Syed Mushtaq Ali Trophy,AR Bawne,Middle,81,85,7,2
Syed Mushtaq Ali Trophy,AR Easwaran,Middle,333,256,32,7
Syed Mushtaq Ali Trophy,AR Easwaran,Powerplay,163,140,24,5
Syed Mushtaq Ali Trophy,AR Kumar,Middle,73,77,8,6
Syed Mushtaq Ali Trophy,AR Patel,Death,129,84,16,6
Syed Mushtaq Ali Trophy,AR Patel,Middle,327,273,34,6
Syed Mushtaq Ali Trophy,AS Raut,Death,68,66,9,7
Syed Mushtaq Ali Trophy,AS Raut,Middle,119,121,12,5
Syed Mushtaq Ali Trophy,AS Roy,Death,197,98,24,4
Syed Mushtaq Ali Trophy,AT Rayudu,Death,160,98,19,7
Syed Mushtaq Ali Trophy,AT Rayudu,Middle,293,260,29,8
Syed Mushtaq Ali Trophy,AT Rayudu,Powerplay,102,86,13,4
Syed Mushtaq Ali Trophy,AUK Pathan,Powerplay,88,77,14,3
Syed Mushtaq Ali Trophy,AV Kolhar,Powerplay,80,76,9,3
Syed Mushtaq Ali Trophy,AV Rajput,Middle,82,63,11,3
Syed Mushtaq Ali Trophy,AV Wankhade,Death,446,282,51,13
Syed Mushtaq Ali Trophy,AV Wankhade,Middle,371,333,31,7
Syed Mushtaq Ali Trophy,Aanshul Gupta,Middle,107,95,8,6
Syed Mushtaq Ali Trophy,Aanshul Gupta,Powerplay,97,106,11,5
Syed Mushtaq Ali Trophy,Abdul Samad,Death,138,71,18,2
Syed Mushtaq Ali Trophy,Abdul Samad,Middle,207,170,21,4
Syed Mushtaq Ali Trophy,Abdul Samad,Powerplay,83,71,16,4
Syed Mushtaq Ali Trophy,Abhay Negi,Death,111,68,15,6
Syed Mushtaq Ali Trophy,Abhimanyu Rana,Powerplay,153,170,22,9
Syed Mushtaq Ali Trophy,Abhisek Das,Powerplay,92,99,11,4
Syed Mushtaq Ali Trophy,Abhishek Bhandari,Middle,87,61,11,3
Syed Mushtaq Ali Trophy,Abhishek Goswami,Powerplay,96,110,13,5
Syed Mushtaq Ali Trophy,Abhishek Sharma,Middle,393,245,48,6
Syed Mushtaq Ali Trophy,Abhishek Sharma,Powerplay,399,313,66,17
Syed Mushtaq Ali Trophy,Abhishek Thakuri,Powerplay,74,77,11,5
Syed Mushtaq Ali Trophy,Abhishek Yadav,Middle,117,103,14,3
Syed Mushtaq Ali Trophy,Aditya Garhwal,Middle,61,67,4,5
Syed Mushtaq Ali Trophy,Aditya Garhwal,Powerplay,201,174,35,8
Syed Mushtaq Ali Trophy,Aditya Kaushik,Middle,254,215,24,11
Syed Mushtaq Ali Trophy,Aditya Kaushik,Powerplay,272,274,34,8
Syed Mushtaq Ali Trophy,Aditya Waghmode,Middle,88,65,11,2
Syed Mushtaq Ali Trophy,Aditya Waghmode,Powerplay,176,120,28,5
Syed Mushtaq Ali Trophy,Ahmed Banday,Powerplay,80,84,12,7
Syed Mushtaq Ali Trophy,Ajay Mandal,Death,164,103,23,9
Syed Mushtaq Ali Trophy,Ajay Mandal,Middle,50,84,2,4
Syed Mushtaq Ali Trophy,Akash Bhandari,Death,78,68,9,7
Syed Mushtaq Ali Trophy,Akash Vasisht,Middle,101,84,11,2
Syed Mushtaq Ali Trophy,Akhil Rajput,Middle,113,93,17,4
Syed Mushtaq Ali Trophy,Akhil Rajput,Powerplay,65,96,9,3
Syed Mushtaq Ali Trophy,Akhilesh Sahani,Death,143,106,17,7
Syed Mushtaq Ali Trophy,Akshay Karnewar,Death,156,114,21,12
Syed Mushtaq Ali Trophy,Akshay Karnewar,Middle,148,141,18,12
Syed Mushtaq Ali Trophy,Akshay Wadkar,Middle,225,219,16,8
Syed Mushtaq Ali Trophy,Akshay Wadkar,Powerplay,101,117,13,3
Syed Mushtaq Ali Trophy,Al Bashid Muhammed,Middle,35,76,3,6
Syed Mushtaq Ali Trophy,Al Bashid Muhammed,Powerplay,34,91,1,2
Syed Mushtaq Ali Trophy,Amandeep Khare,Death,241,142,32,8
Syed Mushtaq Ali Trophy,Amandeep Khare,Middle,356,346,27,10
Syed Mushtaq Ali Trophy,Amandeep Khare,Powerplay,161,185,18,4
Syed Mushtaq Ali Trophy,Amit Sinha,Death,135,94,17,4
Syed Mushtaq Ali Trophy,Amit Sinha,Middle,170,190,13,8
Syed Mushtaq Ali Trophy,Amit Verma,Death,122,60,16,4
Syed Mushtaq Ali Trophy,Amit Verma,Middle,259,221,25,13
Syed Mushtaq Ali Trophy,Amit Verma,Powerplay,65,69,11,3
Syed Mushtaq Ali Trophy,Amogh Desai,Powerplay,199,169,33,9
Syed Mushtaq Ali Trophy,Anand Singh,Middle,197,178,26,9
Syed Mushtaq Ali Trophy,Anand Singh,Powerplay,310,256,55,8
Syed Mushtaq Ali Trophy,Aniruddha Joshi,Death,244,140,33,7
Syed Mushtaq Ali Trophy,Aniruddha Joshi,Middle,117,132,8,2
Syed Mushtaq Ali Trophy,Ankit Kaushik,Death,181,106,22,4
Syed Mushtaq Ali Trophy,Ankit Kaushik,Middle,109,116,9,5
Syed Mushtaq Ali Trophy,Ankit Lamba,Middle,342,340,36,11
Syed Mushtaq Ali Trophy,Ankit Lamba,Powerplay,340,322,49,8
Syed Mushtaq Ali Trophy,Anmolpreet Singh,Death,255,119,35,13
Syed Mushtaq Ali Trophy,Anmolpreet Singh,Middle,498,391,56,15
Syed Mushtaq Ali Trophy,Anmolpreet Singh,Powerplay,201,180,31,2
Syed Mushtaq Ali Trophy,Anuj Rawat,Death,158,97,23,2
Syed Mushtaq Ali Trophy,Anuj Rawat,Middle,249,179,33,8
Syed Mushtaq Ali Trophy,Anuj Rawat,Powerplay,178,204,24,9
Syed Mushtaq Ali Trophy,Anurag Sarangi,Powerplay,137,116,22,7
Syed Mushtaq Ali Trophy,Anureet Singh,Death,62,76,6,4
Syed Mushtaq Ali Trophy,Arjit Gupta,Middle,152,117,21,5
Syed Mushtaq Ali Trophy,Arkaprabha Sinha,Powerplay,83,86,10,8
Syed Mushtaq Ali Trophy,Arpit Gaud,Powerplay,93,83,15,5
Syed Mushtaq Ali Trophy,Arpit Vasavada,Death,106,70,14,7
Syed Mushtaq Ali Trophy,Arpit Vasavada,Middle,205,185,19,7
Syed Mushtaq Ali Trophy,Arpit Vasavada,Powerplay,84,67,13,2
Syed Mushtaq Ali Trophy,Asfan Khan,Middle,42,84,3,6
Syed Mushtaq Ali Trophy,Ashish Thapa,Middle,69,131,2,9
Syed Mushtaq Ali Trophy,Ashish Thapa,Powerplay,89,152,8,5
Syed Mushtaq Ali Trophy,Ashish Yadav,Death,119,108,10,7
Syed Mushtaq Ali Trophy,Ashish Yadav,Middle,108,92,10,2
Syed Mushtaq Ali Trophy,Ashutosh Aman,Death,70,82,5,10
Syed Mushtaq Ali Trophy,Ashutosh Sharma,Middle,105,61,15,4
Syed Mushtaq Ali Trophy,Ashutosh Sharma,Powerplay,119,69,22,2
Syed Mushtaq Ali Trophy,Ashutosh Singh,Middle,93,93,8,5
Syed Mushtaq Ali Trophy,Ashutosh Singh,Powerplay,65,88,6,5
Syed Mushtaq Ali Trophy,Ashwin Hebbar,Middle,355,322,39,17
Syed Mushtaq Ali Trophy,Ashwin Hebbar,Powerplay,539,409,83,14
Syed Mushtaq Ali Trophy,Atharva Taide,Middle,178,149,16,7
Syed Mushtaq Ali Trophy,Atharva Taide,Powerplay,453,376,72,12
Syed Mushtaq Ali Trophy,Avneesh Sudha,Middle,57,60,5,6
Syed Mushtaq Ali Trophy,Avneesh Sudha,Powerplay,136,117,22,4
Syed Mushtaq Ali Trophy,Azim Kazi,Death,184,133,20,4
Syed Mushtaq Ali Trophy,Azim Kazi,Middle,221,204,24,4
Syed Mushtaq Ali Trophy,B Aparajith,Middle,353,316,29,8
Syed Mushtaq Ali Trophy,B Aparajith,Powerplay,150,160,19,8
Syed Mushtaq Ali Trophy,B Indrajith,Middle,62,64,3,3
Syed Mushtaq Ali Trophy,B Sai Sudharsan,Middle,164,143,16,2
Syed Mushtaq Ali Trophy,BB Ghosh,Powerplay,60,66,9,1
Syed Mushtaq Ali Trophy,BB Samantray,Death,144,74,21,6
Syed Mushtaq Ali Trophy,BB Samantray,Middle,188,172,18,8
Syed Mushtaq Ali Trophy,BB Samantray,Powerplay,64,68,8,3
Syed Mushtaq Ali Trophy,BR Sharath,Middle,108,116,9,8
Syed Mushtaq Ali Trophy,BR Sharath,Powerplay,103,105,15,7
Syed Mushtaq Ali Trophy,Babul Kumar,Middle,193,186,19,7
Syed Mushtaq Ali Trophy,Babul Kumar,Powerplay,220,188,38,9
Syed Mushtaq Ali Trophy,Bandaru Ayyappa,Death,101,72,12,6
Syed Mushtaq Ali Trophy,Bandeep Singh,Middle,109,92,12,4
Syed Mushtaq Ali Trophy,Bandeep Singh,Powerplay,104,96,16,2
Syed Mushtaq Ali Trophy,Bavanaka Sandeep,Death,206,125,21,9
Syed Mushtaq Ali Trophy,Bavanaka Sandeep,Middle,434,402,37,15
Syed Mushtaq Ali Trophy,Bavanaka Sandeep,Powerplay,50,71,4,1
Syed Mushtaq Ali Trophy,Bhanu Pania,Death,133,97,16,6
Syed Mushtaq Ali Trophy,Bhanu Pania,Middle,67,87,6,2
Syed Mushtaq Ali Trophy,Bibek Diyali,Powerplay,92,148,11,6
Syed Mushtaq Ali Trophy,Bikramkumar Das,Middle,137,108,14,0
Syed Mushtaq Ali Trophy,Bikramkumar Das,Powerplay,128,133,18,6
Syed Mushtaq Ali Trophy,Bipin Saurabh,Powerplay,116,111,16,5
Syed Mushtaq Ali Trophy,Bipul Sharma,Death,92,63,11,8
Syed Mushtaq Ali Trophy,Bipul Sharma,Middle,249,219,26,6
Syed Mushtaq Ali Trophy,CA Pujara,Death,93,60,12,4
Syed Mushtaq Ali Trophy,CA Pujara,Middle,334,232,42,2
Syed Mushtaq Ali Trophy,CA Pujara,Powerplay,196,211,32,6
Syed Mushtaq Ali Trophy,CP Singh,Death,89,72,10,6
Syed Mushtaq Ali Trophy,CV Milind,Death,123,75,17,10
Syed Mushtaq Ali Trophy,Chaitanya Bishnoi,Middle,329,287,34,10
Syed Mushtaq Ali Trophy,Chaitanya Bishnoi,Powerplay,373,335,56,13
Syed Mushtaq Ali Trophy,Chetan Bist,Death,138,100,15,6
Syed Mushtaq Ali Trophy,Chetan Bist,Middle,229,232,19,6
Syed Mushtaq Ali Trophy,Chetan Bist,Powerplay,99,89,15,0
Syed Mushtaq Ali Trophy,Chintapalli Kranthi Kumar,Middle,91,67,12,2
Syed Mushtaq Ali Trophy,Chirag Gandhi,Death,327,214,43,9
Syed Mushtaq Ali Trophy,Chirag Gandhi,Middle,349,338,26,10
Syed Mushtaq Ali Trophy,Chirag Gandhi,Powerplay,59,77,6,1
Syed Mushtaq Ali Trophy,Chirag Jani,Death,218,149,28,10
Syed Mushtaq Ali Trophy,Chirag Jani,Middle,203,169,24,5
Syed Mushtaq Ali Trophy,Chirag Khurana,Middle,109,88,10,2
Syed Mushtaq Ali Trophy,Chirag Khurana,Powerplay,125,106,18,3
Syed Mushtaq Ali Trophy,D Padikkal,Middle,350,245,45,10
Syed Mushtaq Ali Trophy,D Padikkal,Powerplay,392,307,67,10
Syed Mushtaq Ali Trophy,DB Ravi Teja,Death,109,82,15,4
Syed Mushtaq Ali Trophy,DB Ravi Teja,Middle,340,319,36,7
Syed Mushtaq Ali Trophy,DB Ravi Teja,Powerplay,81,128,9,3
Syed Mushtaq Ali Trophy,DG Nalkande,Death,68,74,7,7
Syed Mushtaq Ali Trophy,DJ Hooda,Death,152,81,22,9
Syed Mushtaq Ali Trophy,DJ Hooda,Middle,566,443,59,16
Syed Mushtaq Ali Trophy,DJ Hooda,Powerplay,140,128,18,5
Syed Mushtaq Ali Trophy,DR Shorey,Middle,271,248,27,9
Syed Mushtaq Ali Trophy,DR Shorey,Powerplay,157,157,24,7
Syed Mushtaq Ali Trophy,Damodaran Rohit,Middle,128,122,15,6
Syed Mushtaq Ali Trophy,Damodaran Rohit,Powerplay,274,293,44,16
Syed Mushtaq Ali Trophy,Darshan Misal,Death,159,114,18,12
Syed Mushtaq Ali Trophy,Darshan Misal,Middle,176,221,13,11
Syed Mushtaq Ali Trophy,Deepraj Gaonkar,Death,78,66,9,8
Syed Mushtaq Ali Trophy,Deepraj Gaonkar,Middle,176,159,22,8
Syed Mushtaq Ali Trophy,Denish Das,Middle,70,98,2,5
Syed Mushtaq Ali Trophy,Denish Das,Powerplay,155,163,20,7
Syed Mushtaq Ali Trophy,Dhruv Raval,Middle,91,71,11,4
Syed Mushtaq Ali Trophy,Dhruv Raval,Powerplay,283,210,48,10
Syed Mushtaq Ali Trophy,Dikshanshu Negi,Death,106,74,15,5
Syed Mushtaq Ali Trophy,Dikshanshu Negi,Middle,173,179,16,6
Syed Mushtaq Ali Trophy,Diwesh Pathania,Death,156,117,18,7
Syed Mushtaq Ali Trophy,EC Sen,Middle,205,163,24,8
Syed Mushtaq Ali Trophy,EC Sen,Powerplay,58,67,10,2
Syed Mushtaq Ali Trophy,ER Dwivedi,Middle,163,141,18,4
Syed Mushtaq Ali Trophy,Eknath Kerkar,Middle,104,97,6,5
Syed Mushtaq Ali Trophy,Eknath Kerkar,Powerplay,65,78,8,4
Syed Mushtaq Ali Trophy,FY Fazal,Middle,195,163,16,6
Syed Mushtaq Ali Trophy,FY Fazal,Powerplay,247,252,29,12
Syed Mushtaq Ali Trophy,Fabid Ahmed,Death,154,129,12,9
Syed Mushtaq Ali Trophy,Fabid Ahmed,Middle,53,84,2,7
Syed Mushtaq Ali Trophy,G Gambhir,Powerplay,150,170,22,10
Syed Mushtaq Ali Trophy,GA Singh,Middle,82,61,11,2
Syed Mushtaq Ali Trophy,GH Vihari,Middle,244,195,25,10
Syed Mushtaq Ali Trophy,GH Vihari,Powerplay,302,253,50,11
Syed Mushtaq Ali Trophy,Ganesh Satish,Middle,325,317,30,22
Syed Mushtaq Ali Trophy,Ganesh Satish,Powerplay,184,214,20,4
Syed Mushtaq Ali Trophy,Girinath Reddy,Death,120,84,14,6
Syed Mushtaq Ali Trophy,Girinath Reddy,Middle,89,69,11,3
Syed Mushtaq Ali Trophy,Govinda Poddar,Middle,245,177,28,8
Syed Mushtaq Ali Trophy,Govinda Poddar,Powerplay,127,141,17,6
Syed Mushtaq Ali Trophy,Gurinder Singh,Death,282,178,35,10
Syed Mushtaq Ali Trophy,Gurinder Singh,Middle,154,172,10,1
Syed Mushtaq Ali Trophy,Gurkeerat Singh,Death,129,96,17,10
Syed Mushtaq Ali Trophy,Gurkeerat Singh,Middle,477,380,58,12
Syed Mushtaq Ali Trophy,H Desai,Powerplay,292,250,51,15
Syed Mushtaq Ali Trophy,HH Pandya,Death,156,69,23,2
Syed Mushtaq Ali Trophy,HH Pandya,Middle,169,164,15,6
Syed Mushtaq Ali Trophy,HH Pandya,Powerplay,62,72,10,0
Syed Mushtaq Ali Trophy,HV Patel,Middle,176,106,24,11
Syed Mushtaq Ali Trophy,HV Patel,Powerplay,481,325,87,14
Syed Mushtaq Ali Trophy,Harbhajan Singh,Middle,54,65,6,6
Syed Mushtaq Ali Trophy,Hari Nishaanth,Middle,228,163,25,7
Syed Mushtaq Ali Trophy,Hari Nishaanth,Powerplay,439,376,67,13
Syed Mushtaq Ali Trophy,Harpreet Singh,Death,268,124,39,8
Syed Mushtaq Ali Trophy,Harpreet Singh,Middle,691,561,74,13
Syed Mushtaq Ali Trophy,Harpreet Singh,Powerplay,207,239,28,5
Syed Mushtaq Ali Trophy,Harsh Tyagi,Death,180,130,24,4
Syed Mushtaq Ali Trophy,Harsh Tyagi,Middle,96,85,11,3
Syed Mushtaq Ali Trophy,Het Patel,Middle,85,116,5,3
Syed Mushtaq Ali Trophy,Himalay Agarwal,Middle,145,161,9,7
Syed Mushtaq Ali Trophy,Himalaya Barad,Powerplay,85,71,14,2
Syed Mushtaq Ali Trophy,Himanshu Rana,Middle,398,340,48,14
Syed Mushtaq Ali Trophy,Himanshu Rana,Powerplay,320,286,50,11
Syed Mushtaq Ali Trophy,Himmat Singh,Death,218,138,28,8
Syed Mushtaq Ali Trophy,Himmat Singh,Middle,296,277,31,8
Syed Mushtaq Ali Trophy,Himmat Singh,Powerplay,85,64,15,4
Syed Mushtaq Ali Trophy,Hiten Dalal,Middle,201,120,30,5
Syed Mushtaq Ali Trophy,Hiten Dalal,Powerplay,315,255,52,16
Syed Mushtaq Ali Trophy,Hokaito Zhimomi,Death,83,70,11,6
Syed Mushtaq Ali Trophy,Hokaito Zhimomi,Middle,35,87,0,5
Syed Mushtaq Ali Trophy,IK Pathan,Death,182,95,27,4
Syed Mushtaq Ali Trophy,IK Pathan,Middle,64,65,3,2
Syed Mushtaq Ali Trophy,IR Jaggi,Death,128,96,17,7
Syed Mushtaq Ali Trophy,IR Jaggi,Middle,355,240,46,5
Syed Mushtaq Ali Trophy,IR Jaggi,Powerplay,113,96,19,1
Syed Mushtaq Ali Trophy,Ian Dev Singh,Middle,177,167,20,7
Syed Mushtaq Ali Trophy,Ian Dev Singh,Powerplay,114,133,18,1
Syed Mushtaq Ali Trophy,Imliwati Lemtur,Death,82,64,8,8
Syed Mushtaq Ali Trophy,Iqbal Abdulla,Middle,119,143,12,8
Syed Mushtaq Ali Trophy,Ishaan Gadekar,Powerplay,131,97,22,4
Syed Mushtaq Ali Trophy,Ishan Kishan,Middle,317,189,45,9
Syed Mushtaq Ali Trophy,Ishan Kishan,Powerplay,396,340,68,11
Syed Mushtaq Ali Trophy,J Suchith,Death,163,116,20,7
Syed Mushtaq Ali Trophy,J Syed Mohammad,Middle,103,107,11,1
Syed Mushtaq Ali Trophy,JD Unadkat,Death,216,125,28,9
Syed Mushtaq Ali Trophy,JM Sharma,Death,245,121,36,3
Syed Mushtaq Ali Trophy,JM Sharma,Middle,311,214,42,12
Syed Mushtaq Ali Trophy,JM Sharma,Powerplay,423,352,65,16
Syed Mushtaq Ali Trophy,Jalaj S Saxena,Middle,57,83,2,3
Syed Mushtaq Ali Trophy,Jalaj S Saxena,Powerplay,67,89,10,4
Syed Mushtaq Ali Trophy,Jaskaran Singh,Death,121,67,16,6
Syed Mushtaq Ali Trophy,Jatin Wadhwan,Middle,248,180,30,8
Syed Mushtaq Ali Trophy,Jatin Wadhwan,Powerplay,218,203,34,5
Syed Mushtaq Ali Trophy,Jay Bista,Middle,251,192,27,10
Syed Mushtaq Ali Trophy,Jay Bista,Powerplay,514,384,88,12
Syed Mushtaq Ali Trophy,Jayanta Sagatpam,Middle,45,63,4,0
Syed Mushtaq Ali Trophy,Johnson Singh,Middle,96,144,8,4
Syed Mushtaq Ali Trophy,Joseph Lalthankhuma,Middle,45,64,3,6
Syed Mushtaq Ali Trophy,Joshua Ozukum,Middle,72,63,8,3
Syed Mushtaq Ali Trophy,Joshua Ozukum,Powerplay,121,115,21,5
Syed Mushtaq Ali Trophy,Jyothi Sai Krishna,Middle,46,62,4,4
Syed Mushtaq Ali Trophy,Jyotsnil Singh,Powerplay,77,66,10,2
Syed Mushtaq Ali Trophy,K Bharath Shankar,Powerplay,93,82,17,7
Syed Mushtaq Ali Trophy,K Gowtham,Death,127,86,17,7
Syed Mushtaq Ali Trophy,K V Sasikanth,Death,182,136,21,14
Syed Mushtaq Ali Trophy,KA Vaz,Middle,149,136,15,7
Syed Mushtaq Ali Trophy,KB Arun Karthik,Middle,254,238,22,11
Syed Mushtaq Ali Trophy,KB Arun Karthik,Powerplay,177,153,24,8
Syed Mushtaq Ali Trophy,KB Pawan,Death,122,84,13,3
Syed Mushtaq Ali Trophy,KB Pawan,Middle,279,277,29,8
Syed Mushtaq Ali Trophy,KB Pawan,Powerplay,72,68,10,4
Syed Mushtaq Ali Trophy,KD Karthik,Death,116,65,17,5
Syed Mushtaq Ali Trophy,KD Karthik,Middle,499,357,65,10
Syed Mushtaq Ali Trophy,KD Karthik,Powerplay,131,111,20,3
Syed Mushtaq Ali Trophy,KH Devdhar,Death,156,87,25,6
Syed Mushtaq Ali Trophy,KH Devdhar,Middle,499,441,52,13
Syed Mushtaq Ali Trophy,KH Devdhar,Powerplay,777,682,119,20
Syed Mushtaq Ali Trophy,KH Pandya,Death,212,116,28,5
Syed Mushtaq Ali Trophy,KH Pandya,Middle,311,278,30,13
Syed Mushtaq Ali Trophy,KH Pandya,Powerplay,75,97,12,5
Syed Mushtaq Ali Trophy,KK Nair,Death,193,115,25,12
Syed Mushtaq Ali Trophy,KK Nair,Middle,605,453,69,13
Syed Mushtaq Ali Trophy,KK Nair,Powerplay,396,269,65,11
Syed Mushtaq Ali Trophy,KL Rahul,Middle,105,83,10,3
Syed Mushtaq Ali Trophy,KL Rahul,Powerplay,191,117,30,3
Syed Mushtaq Ali Trophy,KM Jadhav,Death,135,76,17,3
Syed Mushtaq Ali Trophy,KM Jadhav,Middle,364,282,47,10
Syed Mushtaq Ali Trophy,KM Jadhav,Powerplay,180,169,26,5
Syed Mushtaq Ali Trophy,KR Singh,Death,111,81,14,5
Syed Mushtaq Ali Trophy,KS Bharat,Middle,207,164,23,11
Syed Mushtaq Ali Trophy,KS Bharat,Powerplay,293,313,42,17
Syed Mushtaq Ali Trophy,KS Sharma,Middle,158,125,19,3
Syed Mushtaq Ali Trophy,KS Sharma,Powerplay,156,139,23,5
Syed Mushtaq Ali Trophy,KV Sharma,Death,299,190,41,15
Syed Mushtaq Ali Trophy,KV Sharma,Middle,189,167,20,11
Syed Mushtaq Ali Trophy,Kaif Ahmad,Middle,129,124,16,3
Syed Mushtaq Ali Trophy,Kamsha Yangfo,Middle,69,127,5,5
Syed Mushtaq Ali Trophy,Kangabam Singh,Death,66,66,7,4
Syed Mushtaq Ali Trophy,Kangabam Singh,Middle,110,158,9,8
Syed Mushtaq Ali Trophy,Kangabam Singh,Powerplay,41,70,6,1
Syed Mushtaq Ali Trophy,Karan Shinde,Middle,97,80,13,3
Syed Mushtaq Ali Trophy,Karanveer Kaushal,Middle,112,97,15,6
Syed Mushtaq Ali Trophy,Karanveer Kaushal,Powerplay,262,214,43,9
Syed Mushtaq Ali Trophy,Karnajit Yumnam,Powerplay,52,92,6,7
Syed Mushtaq Ali Trophy,Keshav Kumar,Middle,68,82,8,2
Syed Mushtaq Ali Trophy,Kishan Lyngdoh,Middle,101,73,13,2
Syed Mushtaq Ali Trophy,Kishan Lyngdoh,Powerplay,117,89,21,2
Syed Mushtaq Ali Trophy,Kishan Parmar M,Middle,65,61,6,1
Syed Mushtaq Ali Trophy,Kishan Parmar M,Powerplay,99,98,17,5
Syed Mushtaq Ali Trophy,Kolla Sumanth,Death,82,72,7,8
Syed Mushtaq Ali Trophy,Kolla Sumanth,Middle,69,68,4,5
Syed Mushtaq Ali Trophy,Kshitiz Sharma,Middle,131,129,18,4
Syed Mushtaq Ali Trophy,Kuldeep Gehi,Powerplay,104,79,16,4
Syed Mushtaq Ali Trophy,Kumar Deobrat,Death,190,123,26,9
Syed Mushtaq Ali Trophy,Kumar Deobrat,Middle,195,168,23,7
Syed Mushtaq Ali Trophy,Kumar Deobrat,Powerplay,89,84,17,5
Syed Mushtaq Ali Trophy,Kunal Chandela,Death,97,66,13,6
Syed Mushtaq Ali Trophy,Kunal Chandela,Middle,108,106,11,4
Syed Mushtaq Ali Trophy,Lakhan Singh,Middle,93,66,11,4
Syed Mushtaq Ali Trophy,Lakhan Singh,Powerplay,172,149,28,5
Syed Mushtaq Ali Trophy,Lakshay Garg,Death,93,77,10,9
Syed Mushtaq Ali Trophy,Lalhmangaiha,Middle,69,115,6,8
Syed Mushtaq Ali Trophy,Lalhmangaiha,Powerplay,145,207,25,9
Syed Mushtaq Ali Trophy,Lalhruaizela,Death,75,90,8,3
Syed Mushtaq Ali Trophy,Lalhruaizela,Middle,85,172,4,8
Syed Mushtaq Ali Trophy,Lalhruaizela,Powerplay,47,117,3,5
Syed Mushtaq Ali Trophy,Lalit Yadav,Death,352,204,55,12
Syed Mushtaq Ali Trophy,Lalit Yadav,Middle,175,151,21,4
Syed Mushtaq Ali Trophy,Langlonyamba Meitan Keishangbam,Middle,86,120,4,6
Syed Mushtaq Ali Trophy,Langlonyamba Meitan Keishangbam,Powerplay,32,64,2,1
Syed Mushtaq Ali Trophy,Larry Sangma,Middle,39,64,4,5
Syed Mushtaq Ali Trophy,Lee Yong Lepcha,Middle,24,67,1,6
Syed Mushtaq Ali Trophy,Liyan Khan,Middle,49,61,3,3
Syed Mushtaq Ali Trophy,Liyan Khan,Powerplay,53,70,8,0
Syed Mushtaq Ali Trophy,M Manhas,Middle,83,72,8,3
Syed Mushtaq Ali Trophy,M Rawat,Death,100,65,13,3
Syed Mushtaq Ali Trophy,M Rawat,Middle,135,131,11,1
Syed Mushtaq Ali Trophy,M Shahrukh Khan,Death,208,130,28,9
Syed Mushtaq Ali Trophy,M Shahrukh Khan,Middle,86,63,12,2
Syed Mushtaq Ali Trophy,M Shahrukh Khan,Powerplay,85,73,13,4
Syed Mushtaq Ali Trophy,M Vijay,Middle,152,109,16,2
Syed Mushtaq Ali Trophy,M Vijay,Powerplay,193,144,32,3
Syed Mushtaq Ali Trophy,M Vohra,Middle,414,308,44,9
Syed Mushtaq Ali Trophy,M Vohra,Powerplay,521,434,80,12
Syed Mushtaq Ali Trophy,MA Agarwal,Middle,315,255,33,13
Syed Mushtaq Ali Trophy,MA Agarwal,Powerplay,445,364,71,17
Syed Mushtaq Ali Trophy,MC Juneja,Middle,164,134,17,5
Syed Mushtaq Ali Trophy,MD Rahmatullah,Middle,175,142,19,2
Syed Mushtaq Ali Trophy,MK Lomror,Death,196,114,25,7
Syed Mushtaq Ali Trophy,MK Lomror,Middle,425,392,43,12
Syed Mushtaq Ali Trophy,MK Lomror,Powerplay,193,179,31,3
Syed Mushtaq Ali Trophy,MK Pandey,Death,268,145,34,8
Syed Mushtaq Ali Trophy,MK Pandey,Middle,560,452,62,15
Syed Mushtaq Ali Trophy,MK Pandey,Powerplay,164,153,22,3
Syed Mushtaq Ali Trophy,MK Tiwary,Death,117,92,11,6
Syed Mushtaq Ali Trophy,MK Tiwary,Middle,336,290,31,14
Syed Mushtaq Ali Trophy,MK Tiwary,Powerplay,53,69,7,2
Syed Mushtaq Ali Trophy,MN Singh,Powerplay,170,167,21,12
Syed Mushtaq Ali Trophy,MS Hooda,Middle,83,92,5,2
Syed Mushtaq Ali Trophy,Mandeep Singh,Death,289,159,44,8
Syed Mushtaq Ali Trophy,Mandeep Singh,Middle,479,362,47,8
Syed Mushtaq Ali Trophy,Mandeep Singh,Powerplay,346,265,57,10
Syed Mushtaq Ali Trophy,Mangal Mahrour,Middle,133,132,14,5
Syed Mushtaq Ali Trophy,Mangal Mahrour,Powerplay,131,174,18,6
Syed Mushtaq Ali Trophy,Manisankar Murasingh,Death,274,144,35,7
Syed Mushtaq Ali Trophy,Manisankar Murasingh,Middle,226,215,23,12
Syed Mushtaq Ali Trophy,Manzoor Dar,Middle,75,80,9,6
Syed Mushtaq Ali Trophy,Marimuthu Vikneshwaran,Death,79,79,8,9
Syed Mushtaq Ali Trophy,Marimuthu Vikneshwaran,Middle,57,71,5,4
Syed Mushtaq Ali Trophy,Mayank Raghav,Middle,129,87,15,3
Syed Mushtaq Ali Trophy,Mayank Raghav,Powerplay,152,113,30,1
Syed Mushtaq Ali Trophy,Milind Kumar,Death,232,162,30,8
Syed Mushtaq Ali Trophy,Milind Kumar,Middle,374,352,37,10
Syed Mushtaq Ali Trophy,Milind Kumar,Powerplay,75,83,12,2
Syed Mushtaq Ali Trophy,Mitesh Patel,Powerplay,79,75,11,3
Syed Mushtaq Ali Trophy,Mohammed Azharuddeen,Death,100,79,11,10
Syed Mushtaq Ali Trophy,Mohammed Azharuddeen,Middle,138,111,12,5
Syed Mushtaq Ali Trophy,Mohammed Azharuddeen,Powerplay,198,206,30,11
Syed Mushtaq Ali Trophy,Mrunal Devdhar,Middle,212,199,20,7
Syed Mushtaq Ali Trophy,Mrunal Devdhar,Powerplay,541,427,85,22
Syed Mushtaq Ali Trophy,N A Sharma,Middle,131,100,15,6
Syed Mushtaq Ali Trophy,N Jagadeesan,Death,172,120,22,5
Syed Mushtaq Ali Trophy,N Jagadeesan,Middle,379,306,38,10
Syed Mushtaq Ali Trophy,N Jagadeesan,Powerplay,244,252,34,7
Syed Mushtaq Ali Trophy,N Rana,Death,222,115,32,9
Syed Mushtaq Ali Trophy,N Rana,Middle,961,666,130,23
Syed Mushtaq Ali Trophy,N Rana,Powerplay,193,194,36,4
Syed Mushtaq Ali Trophy,N Saini,Middle,132,120,13,4
Syed Mushtaq Ali Trophy,N Saini,Powerplay,100,90,15,3
Syed Mushtaq Ali Trophy,NA Rathva,Middle,100,107,10,6
Syed Mushtaq Ali Trophy,NA Rathva,Powerplay,116,82,20,5
Syed Mushtaq Ali Trophy,NN Sen Chowdhary,Middle,108,124,9,7
Syed Mushtaq Ali Trophy,NS Naik,Death,193,135,21,8
Syed Mushtaq Ali Trophy,NS Naik,Middle,259,204,30,8
Syed Mushtaq Ali Trophy,NV Ojha,Middle,159,121,18,8
Syed Mushtaq Ali Trophy,NV Ojha,Powerplay,276,244,43,11
Syed Mushtaq Ali Trophy,Nakul Sharma,Middle,96,76,12,2
Syed Mushtaq Ali Trophy,Nakul Verma,Middle,172,176,10,6
Syed Mushtaq Ali Trophy,Nakul Verma,Powerplay,319,283,45,12
Syed Mushtaq Ali Trophy,Narsingh Yadav,Middle,82,84,8,3
Syed Mushtaq Ali Trophy,Narsingh Yadav,Powerplay,84,128,10,10
Syed Mushtaq Ali Trophy,Naushad Shaikh,Death,159,104,18,6
Syed Mushtaq Ali Trophy,Naushad Shaikh,Middle,485,413,48,13
Syed Mushtaq Ali Trophy,Naushad Shaikh,Powerplay,88,98,10,4
Syed Mushtaq Ali Trophy,Neelam Obi,Middle,40,63,5,7
Syed Mushtaq Ali Trophy,Neelam Obi,Powerplay,56,114,8,3
Syed Mushtaq Ali Trophy,Nikhil Gangta,Death,100,81,14,6
Syed Mushtaq Ali Trophy,Nikhil Gangta,Middle,240,194,26,5
Syed Mushtaq Ali Trophy,Nilesh Lamichaney,Powerplay,71,108,8,4
Syed Mushtaq Ali Trophy,Nitesh Sedai,Middle,85,106,6,8
Syed Mushtaq Ali Trophy,Nitesh Sedai,Powerplay,91,93,14,5
Syed Mushtaq Ali Trophy,P Chopra,Death,146,101,18,1
Syed Mushtaq Ali Trophy,P Chopra,Middle,480,387,50,14
Syed Mushtaq Ali Trophy,P Chopra,Powerplay,486,480,62,10
Syed Mushtaq Ali Trophy,P Dogra,Death,163,90,23,6
Syed Mushtaq Ali Trophy,P Dogra,Middle,647,516,69,21
Syed Mushtaq Ali Trophy,P Dogra,Powerplay,133,131,19,0
Syed Mushtaq Ali Trophy,P Dubey,Death,77,67,7,6
Syed Mushtaq Ali Trophy,P Negi,Death,205,138,23,3
Syed Mushtaq Ali Trophy,P Prafullomani,Middle,81,105,6,2
Syed Mushtaq Ali Trophy,P Prafullomani,Powerplay,86,134,13,9
Syed Mushtaq Ali Trophy,P Simran Singh,Middle,392,253,51,8
Syed Mushtaq Ali Trophy,P Simran Singh,Powerplay,567,446,92,17
Syed Mushtaq Ali Trophy,PA Patel,Middle,85,62,9,5
Syed Mushtaq Ali Trophy,PA Patel,Powerplay,322,212,57,8
Syed Mushtaq Ali Trophy,PA Reddy,Middle,198,141,22,5
Syed Mushtaq Ali Trophy,PA Reddy,Powerplay,296,239,41,12
Syed Mushtaq Ali Trophy,PJ Bhati,Middle,130,100,16,4
Syed Mushtaq Ali Trophy,PK Garg,Middle,157,123,19,5
Syed Mushtaq Ali Trophy,PK Garg,Powerplay,75,79,10,5
Syed Mushtaq Ali Trophy,PN Mankad,Death,219,125,31,9
Syed Mushtaq Ali Trophy,PN Mankad,Middle,382,307,49,11
Syed Mushtaq Ali Trophy,PP Chawla,Death,197,137,29,12
Syed Mushtaq Ali Trophy,PP Chawla,Middle,167,142,19,7
Syed Mushtaq Ali Trophy,PP Shaw,Middle,234,143,32,6
Syed Mushtaq Ali Trophy,PP Shaw,Powerplay,436,283,74,16
Syed Mushtaq Ali Trophy,Pallav Kumar Das,Middle,111,94,12,9
Syed Mushtaq Ali Trophy,Pallav Kumar Das,Powerplay,468,323,78,17
Syed Mushtaq Ali Trophy,Palzor Tamang,Death,64,70,9,7
Syed Mushtaq Ali Trophy,Palzor Tamang,Middle,43,96,5,7
Syed Mushtaq Ali Trophy,Pankaj Jaswal,Death,169,90,23,10
Syed Mushtaq Ali Trophy,Pargat Singh,Powerplay,91,96,14,3
Syed Mushtaq Ali Trophy,Parth Sahani,Death,231,157,25,13
Syed Mushtaq Ali Trophy,Parth Sahani,Middle,474,391,51,12
Syed Mushtaq Ali Trophy,Parth Sahani,Powerplay,38,67,5,1
Syed Mushtaq Ali Trophy,Parvez Ahmed,Death,52,72,3,6
Syed Mushtaq Ali Trophy,Parvez Rasool,Death,111,77,13,5
Syed Mushtaq Ali Trophy,Parvez Rasool,Middle,228,208,24,9
Syed Mushtaq Ali Trophy,Pavan Deshpande,Death,93,67,10,7
Syed Mushtaq Ali Trophy,Pavan Deshpande,Middle,200,155,20,2
Syed Mushtaq Ali Trophy,Pragnay Reddy,Powerplay,42,65,6,8
Syed Mushtaq Ali Trophy,Pramod Chandila,Death,75,64,9,5
Syed Mushtaq Ali Trophy,Pramod Chandila,Middle,120,107,17,6
Syed Mushtaq Ali Trophy,Prashant Gupta,Middle,211,167,23,6
Syed Mushtaq Ali Trophy,Prashant Gupta,Powerplay,193,164,34,2
Syed Mushtaq Ali Trophy,Prashanth Kumar,Middle,158,147,16,9
Syed Mushtaq Ali Trophy,Prashanth Kumar,Powerplay,71,103,7,5
Syed Mushtaq Ali Trophy,Pratham Singh,Middle,355,268,42,7
Syed Mushtaq Ali Trophy,Pratham Singh,Powerplay,443,395,63,18
Syed Mushtaq Ali Trophy,Priyank Panchal,Middle,363,304,36,14
Syed Mushtaq Ali Trophy,Priyank Panchal,Powerplay,542,423,82,15
Syed Mushtaq Ali Trophy,Priyansh Arya,Powerplay,200,136,35,3
Syed Mushtaq Ali Trophy,Punit Bisht,Middle,208,146,31,6
Syed Mushtaq Ali Trophy,Punit Bisht,Powerplay,143,115,23,9
Syed Mushtaq Ali Trophy,Qamran Iqbal,Middle,72,69,8,6
Syed Mushtaq Ali Trophy,Qamran Iqbal,Powerplay,129,122,18,2
Syed Mushtaq Ali Trophy,R Bhatia,Middle,96,102,8,5
Syed Mushtaq Ali Trophy,R Bhatia,Powerplay,69,74,8,3
Syed Mushtaq Ali Trophy,R Bishnoi,Middle,163,156,17,10
Syed Mushtaq Ali Trophy,R Bishnoi,Powerplay,84,68,14,4
Syed Mushtaq Ali Trophy,R Dhawan,Death,232,151,32,6
Syed Mushtaq Ali Trophy,R Dhawan,Middle,174,166,19,7
Syed Mushtaq Ali Trophy,R Parag,Death,205,129,27,8
Syed Mushtaq Ali Trophy,R Parag,Middle,566,408,63,8
Syed Mushtaq Ali Trophy,R Parag,Powerplay,103,96,17,4
Syed Mushtaq Ali Trophy,R Sanjay Yadav,Death,177,131,21,13
Syed Mushtaq Ali Trophy,R Sanjay Yadav,Middle,289,253,28,5
Syed Mushtaq Ali Trophy,R Tewatia,Death,405,228,59,9
Syed Mushtaq Ali Trophy,R Tewatia,Middle,187,149,25,5
Syed Mushtaq Ali Trophy,R Vinay Kumar,Death,177,125,22,8
Syed Mushtaq Ali Trophy,R Vinay Kumar,Middle,79,80,7,3
Syed Mushtaq Ali Trophy,RA Tripathi,Middle,232,218,22,9
Syed Mushtaq Ali Trophy,RA Tripathi,Powerplay,383,318,57,10
Syed Mushtaq Ali Trophy,RD Gaikwad,Middle,485,328,55,11
Syed Mushtaq Ali Trophy,RD Gaikwad,Powerplay,601,470,91,16
Syed Mushtaq Ali Trophy,RK Bhui,Death,378,166,57,5
Syed Mushtaq Ali Trophy,RK Bhui,Middle,470,359,45,9
Syed Mushtaq Ali Trophy,RK Bhui,Powerplay,78,88,12,6
Syed Mushtaq Ali Trophy,RK Singh,Death,508,247,75,7
Syed Mushtaq Ali Trophy,RK Singh,Middle,349,299,37,14
Syed Mushtaq Ali Trophy,RL Jangid,Middle,176,165,14,8
Syed Mushtaq Ali Trophy,RM Patidar,Death,167,78,25,5
Syed Mushtaq Ali Trophy,RM Patidar,Middle,615,388,75,17
Syed Mushtaq Ali Trophy,RM Patidar,Powerplay,350,302,51,7
Syed Mushtaq Ali Trophy,RP Sharma,Death,123,81,14,6
Syed Mushtaq Ali Trophy,RP Sharma,Middle,177,154,19,5
Syed Mushtaq Ali Trophy,RR Biswa,Powerplay,133,150,23,8
Syed Mushtaq Ali Trophy,RR Pant,Middle,196,119,25,6
Syed Mushtaq Ali Trophy,RR Pant,Powerplay,247,139,44,0
Syed Mushtaq Ali Trophy,RR Rathod,Middle,100,88,8,5
Syed Mushtaq Ali Trophy,RV Gomez,Death,87,60,12,3
Syed Mushtaq Ali Trophy,RV Patel,Death,187,94,25,6
Syed Mushtaq Ali Trophy,RV Patel,Middle,57,83,5,6
Syed Mushtaq Ali Trophy,RV Uthappa,Death,113,81,14,8
Syed Mushtaq Ali Trophy,RV Uthappa,Middle,327,250,38,10
Syed Mushtaq Ali Trophy,RV Uthappa,Powerplay,326,266,51,9
Syed Mushtaq Ali Trophy,Rahul Buddhi,Death,124,79,16,5
Syed Mushtaq Ali Trophy,Rahul Buddhi,Middle,105,107,11,5
Syed Mushtaq Ali Trophy,Rahul Dalal,Middle,183,171,17,4
Syed Mushtaq Ali Trophy,Rahul Singh,Middle,275,215,30,8
Syed Mushtaq Ali Trophy,Rahul Singh,Powerplay,260,162,47,7
Syed Mushtaq Ali Trophy,Rajat Dey,Death,204,122,24,6
Syed Mushtaq Ali Trophy,Rajat Dey,Middle,224,193,21,7
Syed Mushtaq Ali Trophy,Rajat Paliwal,Death,106,77,12,5
Syed Mushtaq Ali Trophy,Rajat Paliwal,Middle,373,334,28,14
Syed Mushtaq Ali Trophy,Rajesh Dhuper,Middle,159,154,14,6
Syed Mushtaq Ali Trophy,Rajesh Dhuper,Powerplay,197,207,27,9
Syed Mushtaq Ali Trophy,Rajesh Singh,Middle,79,70,10,5
Syed Mushtaq Ali Trophy,Rajjakuddin Ahmed,Death,166,113,22,12
Syed Mushtaq Ali Trophy,Rajjakuddin Ahmed,Middle,162,123,22,7
Syed Mushtaq Ali Trophy,Rakesh Thakur,Middle,54,67,4,2
Syed Mushtaq Ali Trophy,Ramachandran Ragupathy,Powerplay,80,83,11,2
Syed Mushtaq Ali Trophy,Ramandeep Singh,Death,115,75,14,8
Syed Mushtaq Ali Trophy,Ravi Chauhan,Middle,326,290,33,8
Syed Mushtaq Ali Trophy,Ravi Chauhan,Powerplay,362,306,52,7
Syed Mushtaq Ali Trophy,Ravi Teja,Death,108,78,14,10
Syed Mushtaq Ali Trophy,Ravikumar Samarth,Middle,76,64,8,4
Syed Mushtaq Ali Trophy,Ravikumar Samarth,Powerplay,72,84,8,4
Syed Mushtaq Ali Trophy,Rex Rajkumar,Middle,126,122,10,6
Syed Mushtaq Ali Trophy,Rishabh Chouhan,Death,135,101,15,8
Syed Mushtaq Ali Trophy,Rishabh Chouhan,Middle,90,85,11,3
Syed Mushtaq Ali Trophy,Rishabh Tiwari,Middle,156,119,18,4
Syed Mushtaq Ali Trophy,Rishabh Tiwari,Powerplay,194,160,31,8
Syed Mushtaq Ali Trophy,Rishav Das,Middle,139,152,10,8
Syed Mushtaq Ali Trophy,Rishav Das,Powerplay,202,165,31,7
Syed Mushtaq Ali Trophy,Ritwik Roy Chowdhury,Death,91,67,10,4
Syed Mushtaq Ali Trophy,Ritwik Roy Chowdhury,Middle,115,99,14,3
Syed Mushtaq Ali Trophy,Robin Bist,Middle,75,82,6,4
Syed Mushtaq Ali Trophy,Robin Bist,Powerplay,48,74,5,5
Syed Mushtaq Ali Trophy,Rohan Kadam,Death,109,60,17,7
Syed Mushtaq Ali Trophy,Rohan Kadam,Middle,448,345,51,8
Syed Mushtaq Ali Trophy,Rohan Kadam,Powerplay,438,373,71,6
Syed Mushtaq Ali Trophy,Rohan Kunnummal,Middle,121,109,11,4
Syed Mushtaq Ali Trophy,Rohan Kunnummal,Powerplay,225,213,35,6
Syed Mushtaq Ali Trophy,Rohan Prem,Middle,233,196,23,5
Syed Mushtaq Ali Trophy,Rohan Prem,Powerplay,125,133,21,5
Syed Mushtaq Ali Trophy,Rohit Shah,Middle,57,70,3,3
Syed Mushtaq Ali Trophy,Rongsen Jonathan,Middle,263,243,30,12
Syed Mushtaq Ali Trophy,Rongsen Jonathan,Powerplay,174,200,24,4
Syed Mushtaq Ali Trophy,S Dhawan,Powerplay,141,115,23,4
Syed Mushtaq Ali Trophy,S Dube,Death,331,202,43,13
Syed Mushtaq Ali Trophy,S Dube,Middle,239,228,24,8
Syed Mushtaq Ali Trophy,S Gani,Middle,133,161,10,7
Syed Mushtaq Ali Trophy,S Karthik,Powerplay,80,91,10,8
Syed Mushtaq Ali Trophy,SA Asnodkar,Powerplay,114,103,16,8
Syed Mushtaq Ali Trophy,SA Yadav,Death,354,217,51,12
Syed Mushtaq Ali Trophy,SA Yadav,Middle,648,407,91,10
Syed Mushtaq Ali Trophy,SA Yadav,Powerplay,122,119,19,4
Syed Mushtaq Ali Trophy,SB Dubey,Middle,137,124,11,4
Syed Mushtaq Ali Trophy,SD Lad,Death,145,101,19,9
Syed Mushtaq Ali Trophy,SD Lad,Middle,476,409,54,15
Syed Mushtaq Ali Trophy,SD Lad,Powerplay,143,131,20,5
Syed Mushtaq Ali Trophy,SF Khan,Middle,105,94,7,3
Syed Mushtaq Ali Trophy,SK Patel,Middle,120,110,15,4
Syed Mushtaq Ali Trophy,SK Patel,Powerplay,130,126,20,4
Syed Mushtaq Ali Trophy,SK Raina,Death,96,68,13,4
Syed Mushtaq Ali Trophy,SK Raina,Middle,331,275,34,8
Syed Mushtaq Ali Trophy,SK Raina,Powerplay,203,146,31,6
Syed Mushtaq Ali Trophy,SM Gugale,Powerplay,69,74,12,8
Syed Mushtaq Ali Trophy,SM Singha,Middle,62,66,7,3
Syed Mushtaq Ali Trophy,SM Singha,Powerplay,103,134,14,6
Syed Mushtaq Ali Trophy,SN Khan,Death,124,86,19,6
Syed Mushtaq Ali Trophy,SN Khan,Middle,149,144,13,4
Syed Mushtaq Ali Trophy,SP Goswami,Middle,437,308,51,10
Syed Mushtaq Ali Trophy,SP Goswami,Powerplay,625,459,101,16
Syed Mushtaq Ali Trophy,SP Jackson,Death,294,183,38,10
Syed Mushtaq Ali Trophy,SP Jackson,Middle,559,433,68,9
Syed Mushtaq Ali Trophy,SP Jackson,Powerplay,216,225,35,9
Syed Mushtaq Ali Trophy,SS Iyer,Death,194,101,29,6
Syed Mushtaq Ali Trophy,SS Iyer,Middle,664,468,79,17
Syed Mushtaq Ali Trophy,SS Iyer,Powerplay,355,277,57,7
Syed Mushtaq Ali Trophy,SS Mundhe,Death,162,98,24,5
Syed Mushtaq Ali Trophy,SS Mundhe,Middle,361,263,42,7
Syed Mushtaq Ali Trophy,SS Mundhe,Powerplay,75,108,9,4
Syed Mushtaq Ali Trophy,SS Prabhudessai,Death,198,119,26,6
Syed Mushtaq Ali Trophy,SS Prabhudessai,Middle,229,182,27,9
Syed Mushtaq Ali Trophy,SS Tiwary,Death,190,109,25,7
Syed Mushtaq Ali Trophy,SS Tiwary,Middle,361,340,34,13
Syed Mushtaq Ali Trophy,SS Tiwary,Powerplay,105,78,17,1
Syed Mushtaq Ali Trophy,STR Binny,Death,199,119,24,5
Syed Mushtaq Ali Trophy,STR Binny,Middle,176,191,14,6
Syed Mushtaq Ali Trophy,SU Shrivastava,Middle,121,128,9,5
Syed Mushtaq Ali Trophy,SV Samson,Death,152,83,21,3
Syed Mushtaq Ali Trophy,SV Samson,Middle,500,388,59,10
Syed Mushtaq Ali Trophy,SV Samson,Powerplay,294,255,46,10
Syed Mushtaq Ali Trophy,Saahil Jain,Middle,91,97,11,4
Syed Mushtaq Ali Trophy,Sachin Baby,Death,324,193,44,14
Syed Mushtaq Ali Trophy,Sachin Baby,Middle,723,588,71,12
Syed Mushtaq Ali Trophy,Sachin Baby,Powerplay,64,73,11,1
Syed Mushtaq Ali Trophy,Sachin Kumar,Death,72,62,9,2
Syed Mushtaq Ali Trophy,Sagun Kamat,Middle,232,210,26,6
Syed Mushtaq Ali Trophy,Sagun Kamat,Powerplay,149,177,23,5
Syed Mushtaq Ali Trophy,Salman Nizar,Death,138,76,18,3
Syed Mushtaq Ali Trophy,Samarth Seth,Middle,104,81,11,2
Syed Mushtaq Ali Trophy,Samarth Seth,Powerplay,161,174,27,7
Syed Mushtaq Ali Trophy,Samarth Singh,Death,100,62,11,4
Syed Mushtaq Ali Trophy,Samarth Singh,Middle,186,168,16,4
Syed Mushtaq Ali Trophy,Samarth Singh,Powerplay,323,320,51,16
Syed Mushtaq Ali Trophy,Samarth Vyas,Middle,270,195,33,8
Syed Mushtaq Ali Trophy,Samarth Vyas,Powerplay,162,121,28,7
Syed Mushtaq Ali Trophy,Sameer Rizvi,Middle,154,123,20,2
Syed Mushtaq Ali Trophy,Sandeep Pattnaik,Middle,91,78,12,2
Syed Mushtaq Ali Trophy,Sandeep Pattnaik,Powerplay,102,103,16,5
Syed Mushtaq Ali Trophy,Sanjay Raghunath,Powerplay,68,64,12,2
Syed Mushtaq Ali Trophy,Sanvir Singh,Death,209,114,30,3
Syed Mushtaq Ali Trophy,Sarul Kanwar,Powerplay,94,104,12,4
Syed Mushtaq Ali Trophy,Saurabh Rawat,Middle,179,182,14,12
Syed Mushtaq Ali Trophy,Saurabh Wakaskar,Middle,123,84,14,3
Syed Mushtaq Ali Trophy,Saurabh Wakaskar,Powerplay,84,65,13,3
Syed Mushtaq Ali Trophy,Saurav Chauhan,Middle,163,118,18,6
Syed Mushtaq Ali Trophy,Saurav Chauhan,Powerplay,69,85,9,3
Syed Mushtaq Ali Trophy,Sayan Mondal,Middle,82,66,5,4
Syed Mushtaq Ali Trophy,Sedezhalie Rupero,Middle,53,96,4,5
Syed Mushtaq Ali Trophy,Sedezhalie Rupero,Powerplay,108,125,14,7
Syed Mushtaq Ali Trophy,Shahbaz Ahmed,Death,133,93,16,7
Syed Mushtaq Ali Trophy,Shahbaz Ahmed,Middle,155,142,14,6
Syed Mushtaq Ali Trophy,Sharad Lumba,Death,98,67,11,6
Syed Mushtaq Ali Trophy,Shashank Chandrakar,Middle,204,145,27,5
Syed Mushtaq Ali Trophy,Shashank Chandrakar,Powerplay,392,304,56,17
Syed Mushtaq Ali Trophy,Shashank Singh,Death,140,82,19,7
Syed Mushtaq Ali Trophy,Shashank Singh,Middle,161,165,15,8
Syed Mushtaq Ali Trophy,Shasheem Rathour,Middle,85,80,7,3
Syed Mushtaq Ali Trophy,Shasheem Rathour,Powerplay,153,150,23,6
Syed Mushtaq Ali Trophy,Shivam Bhambri,Middle,185,158,21,5
Syed Mushtaq Ali Trophy,Shivam Bhambri,Powerplay,154,122,23,4
Syed Mushtaq Ali Trophy,Shivam Chaudhary,Middle,251,227,21,6
Syed Mushtaq Ali Trophy,Shivam Chaudhary,Powerplay,269,235,45,9
Syed Mushtaq Ali Trophy,Shivam Chauhan,Middle,400,330,46,12
Syed Mushtaq Ali Trophy,Shivam Chauhan,Powerplay,162,137,28,2
Syed Mushtaq Ali Trophy,Shubham Chaubey,Middle,71,81,4,5
Syed Mushtaq Ali Trophy,Shubham Khajuria,Middle,149,109,14,6
Syed Mushtaq Ali Trophy,Shubham Khajuria,Powerplay,170,171,24,10
Syed Mushtaq Ali Trophy,Shubham Pundir,Death,115,73,17,6
Syed Mushtaq Ali Trophy,Shubham Pundir,Middle,284,268,29,7
Syed Mushtaq Ali Trophy,Shubham Pundir,Powerplay,53,69,8,1
Syed Mushtaq Ali Trophy,Shubham Ranjane,Middle,133,138,11,6
Syed Mushtaq Ali Trophy,Shubham Sharma,Middle,64,79,3,5
Syed Mushtaq Ali Trophy,Shubham Sharma,Powerplay,136,117,22,3
Syed Mushtaq Ali Trophy,Shubman Gill,Middle,290,192,35,6
Syed Mushtaq Ali Trophy,Shubman Gill,Powerplay,293,259,45,7
Syed Mushtaq Ali Trophy,Sibsankar Roy,Middle,285,214,34,6
Syed Mushtaq Ali Trophy,Sibsankar Roy,Powerplay,194,179,29,7
Syed Mushtaq Ali Trophy,Siddhesh Wath,Middle,70,66,8,3
Syed Mushtaq Ali Trophy,Siddhesh Wath,Powerplay,95,94,17,4
Syed Mushtaq Ali Trophy,Snehal Kauthankar,Middle,219,201,21,12
Syed Mushtaq Ali Trophy,Snehal Kauthankar,Powerplay,130,141,17,4
Syed Mushtaq Ali Trophy,Sohraab Dhaliwal,Death,140,79,19,6
Syed Mushtaq Ali Trophy,Subhransu Senapati,Middle,256,226,23,11
Syed Mushtaq Ali Trophy,Subhransu Senapati,Powerplay,198,141,29,4
Syed Mushtaq Ali Trophy,Subramanian Anand,Middle,109,104,10,4
Syed Mushtaq Ali Trophy,Sudip Chatterjee,Middle,177,166,16,6
Syed Mushtaq Ali Trophy,Sudip Chatterjee,Powerplay,165,146,26,9
Syed Mushtaq Ali Trophy,Sumit Kumar,Death,302,200,43,16
Syed Mushtaq Ali Trophy,Sumit Kumar,Middle,258,244,30,6
Syed Mushtaq Ali Trophy,Sumit Kumar,Powerplay,68,71,10,2
Syed Mushtaq Ali Trophy,Sumit Singh,Middle,77,79,9,6
Syed Mushtaq Ali Trophy,Swapnil Singh,Death,196,144,23,15
Syed Mushtaq Ali Trophy,Swapnil Singh,Middle,304,265,32,6
Syed Mushtaq Ali Trophy,Swarupam Purkayastha,Powerplay,82,118,11,11
Syed Mushtaq Ali Trophy,T Kohli,Death,111,83,13,7
Syed Mushtaq Ali Trophy,T Kohli,Middle,335,287,32,7
Syed Mushtaq Ali Trophy,T Kohli,Powerplay,366,377,56,9
Syed Mushtaq Ali Trophy,T Pradeep,Death,107,66,15,5
Syed Mushtaq Ali Trophy,TM Srivastava,Middle,130,108,15,2
Syed Mushtaq Ali Trophy,Tajinder Singh,Death,157,91,24,5
Syed Mushtaq Ali Trophy,Tanay Thyagarajan,Death,92,68,13,6
Syed Mushtaq Ali Trophy,Tanmay Agarwal,Middle,311,254,32,14
Syed Mushtaq Ali Trophy,Tanmay Agarwal,Powerplay,569,489,80,17
Syed Mushtaq Ali Trophy,Tarang Gohel,Powerplay,120,70,21,5
Syed Mushtaq Ali Trophy,Techi Doria,Middle,62,120,4,7
Syed Mushtaq Ali Trophy,Techi Doria,Powerplay,163,183,24,7
Syed Mushtaq Ali Trophy,Tilak Varma,Middle,244,180,23,7
Syed Mushtaq Ali Trophy,Tilak Varma,Powerplay,183,147,27,2
Syed Mushtaq Ali Trophy,U Kaul,Middle,68,72,5,2
Syed Mushtaq Ali Trophy,U U Bose,Middle,120,119,12,6
Syed Mushtaq Ali Trophy,U U Bose,Powerplay,297,254,50,16
Syed Mushtaq Ali Trophy,UBT Chand,Middle,193,149,18,6
Syed Mushtaq Ali Trophy,UBT Chand,Powerplay,286,246,40,10
Syed Mushtaq Ali Trophy,Umang Sharma,Middle,140,80,20,2
Syed Mushtaq Ali Trophy,Umang Sharma,Powerplay,78,63,11,3
Syed Mushtaq Ali Trophy,Upendra Yadav,Death,148,83,20,5
Syed Mushtaq Ali Trophy,Upendra Yadav,Middle,221,215,20,7
Syed Mushtaq Ali Trophy,Upendra Yadav,Powerplay,168,162,25,6
Syed Mushtaq Ali Trophy,Urvil Patel,Middle,185,134,26,9
Syed Mushtaq Ali Trophy,Urvil Patel,Powerplay,416,271,72,20
Syed Mushtaq Ali Trophy,Utkarsh Singh,Powerplay,61,64,10,3
Syed Mushtaq Ali Trophy,V Shankar,Death,181,115,23,11
Syed Mushtaq Ali Trophy,V Shankar,Middle,404,324,42,6
Syed Mushtaq Ali Trophy,V Shankar,Powerplay,40,62,4,2
Syed Mushtaq Ali Trophy,VH Zol,Powerplay,100,102,14,4
Syed Mushtaq Ali Trophy,VR Iyer,Death,318,186,43,9
Syed Mushtaq Ali Trophy,VR Iyer,Middle,356,324,36,8
Syed Mushtaq Ali Trophy,VR Iyer,Powerplay,227,164,41,5
Syed Mushtaq Ali Trophy,Vaibhav Singh Panwar,Middle,109,116,8,4
Syed Mushtaq Ali Trophy,Varun Sood,Death,76,64,9,2
Syed Mushtaq Ali Trophy,Varun Sood,Middle,75,91,5,2
Syed Mushtaq Ali Trophy,Vijay Sharma,Death,82,67,9,2
Syed Mushtaq Ali Trophy,Vikas Hathwala,Death,133,93,16,6
Syed Mushtaq Ali Trophy,Vikas Hathwala,Middle,207,202,22,8
Syed Mushtaq Ali Trophy,Vikrant Rajput,Middle,117,102,12,4
Syed Mushtaq Ali Trophy,Vinoop Manoharan,Middle,88,76,10,2
Syed Mushtaq Ali Trophy,Virat Singh,Death,298,160,41,7
Syed Mushtaq Ali Trophy,Virat Singh,Middle,605,512,59,14
Syed Mushtaq Ali Trophy,Virat Singh,Powerplay,333,309,52,6
Syed Mushtaq Ali Trophy,Vishal Kushwah,Death,211,107,30,6
Syed Mushtaq Ali Trophy,Vishal Kushwah,Middle,78,80,9,6
Syed Mushtaq Ali Trophy,Vishnu Solanki,Death,285,155,40,12
Syed Mushtaq Ali Trophy,Vishnu Solanki,Middle,399,370,36,11
Syed Mushtaq Ali Trophy,Vishnu Solanki,Powerplay,150,185,18,6
Syed Mushtaq Ali Trophy,Vishnu Vinod,Death,139,80,17,3
Syed Mushtaq Ali Trophy,Vishnu Vinod,Middle,253,201,26,8
Syed Mushtaq Ali Trophy,Vishnu Vinod,Powerplay,376,267,58,8
Syed Mushtaq Ali Trophy,Vishvaraj Jadeja,Death,92,61,13,3
Syed Mushtaq Ali Trophy,Vishvaraj Jadeja,Middle,130,116,11,7
Syed Mushtaq Ali Trophy,Vishvaraj Jadeja,Powerplay,93,97,13,4
Syed Mushtaq Ali Trophy,Vivek Singh,Death,135,85,18,6
Syed Mushtaq Ali Trophy,Vivek Singh,Middle,326,268,33,12
Syed Mushtaq Ali Trophy,Vivek Singh,Powerplay,595,439,100,19
Syed Mushtaq Ali Trophy,WP Saha,Middle,282,220,30,7
Syed Mushtaq Ali Trophy,WP Saha,Powerplay,246,190,38,8
Syed Mushtaq Ali Trophy,Washington Sundar,Middle,263,255,19,13
Syed Mushtaq Ali Trophy,Washington Sundar,Powerplay,255,207,37,6
Syed Mushtaq Ali Trophy,Writtick Chatterjee,Middle,148,111,16,4
Syed Mushtaq Ali Trophy,X Thalaivan Sargunam,Middle,52,68,2,4
Syed Mushtaq Ali Trophy,X Thalaivan Sargunam,Powerplay,51,71,8,2
Syed Mushtaq Ali Trophy,YB Kothari,Powerplay,49,72,7,3
Syed Mushtaq Ali Trophy,YBK Jaiswal,Middle,121,87,18,5
Syed Mushtaq Ali Trophy,YBK Jaiswal,Powerplay,215,184,36,9
Syed Mushtaq Ali Trophy,YK Pathan,Death,184,122,21,4
Syed Mushtaq Ali Trophy,YK Pathan,Middle,169,231,12,9
Syed Mushtaq Ali Trophy,YV Dhull,Middle,146,143,15,4
Syed Mushtaq Ali Trophy,YV Dhull,Powerplay,80,102,11,3
Syed Mushtaq Ali Trophy,Yash Nahar,Middle,82,61,9,5
Syed Mushtaq Ali Trophy,Yash Nahar,Powerplay,126,132,20,6
Syed Mushtaq Ali Trophy,Yashpal Singh,Death,162,111,23,7
Syed Mushtaq Ali Trophy,Yashpal Singh,Middle,307,288,33,8
Syed Mushtaq Ali Trophy,Yashpal Singh,Powerplay,78,74,11,2
Syed Mushtaq Ali Trophy,Yuvraj Singh,Death,85,71,10,4
Syed Mushtaq Ali Trophy,Yuvraj Singh,Middle,190,195,22,8
T20I,A Adekunle,Death,63,83,5,6
T20I,A Adekunle,Middle,45,89,4,4
T20I,A Aikenhead,Middle,102,115,11,4
T20I,A Aikenhead,Powerplay,182,225,19,10
T20I,A Aitken-Drummond,Middle,70,93,7,8
T20I,A Aitken-Drummond,Powerplay,59,82,7,3
T20I,A Argyropoulou,Death,67,83,6,5
T20I,A Argyropoulou,Middle,171,281,14,14
T20I,A Argyropoulou,Powerplay,157,299,15,8
T20I,A Ashokan,Death,138,82,16,6
T20I,A Ashokan,Middle,375,360,28,8
T20I,A Ashokan,Powerplay,59,83,6,1
T20I,A Athanaze,Middle,89,71,11,6
T20I,A Athanaze,Powerplay,237,192,37,7
T20I,A Augastin,Middle,186,156,22,5
T20I,A Augastin,Powerplay,79,88,12,3
T20I,A Bagai,Middle,90,91,6,0
T20I,A Balbirnie,Death,97,83,10,13
T20I,A Balbirnie,Middle,966,737,110,34
T20I,A Balbirnie,Powerplay,965,862,151,38
T20I,A Beresford-Peirse,Middle,43,62,3,4
T20I,A Bierwisch,Middle,55,116,0,6
T20I,A Bierwisch,Powerplay,82,146,4,6
T20I,A Bosch,Death,98,68,16,7
T20I,A Bosch,Middle,636,546,76,25
T20I,A Bosch,Powerplay,382,363,58,8
T20I,A Brindle,Death,111,94,5,5
T20I,A Brindle,Middle,140,164,7,6
T20I,A Busing-Volschenk,Death,156,89,16,5
T20I,A Busing-Volschenk,Middle,153,126,16,3
T20I,A Capsey,Death,76,67,8,7
T20I,A Capsey,Middle,536,439,64,22
T20I,A Capsey,Powerplay,441,379,77,16
T20I,A Chandel,Death,101,139,3,9
T20I,A Chandel,Middle,200,310,15,9
T20I,A Chandel,Powerplay,57,141,2,5
T20I,A Chilia,Middle,58,145,2,9
T20I,A Davidson Soler,Middle,79,71,10,1
T20I,A Davidson-Soler,Middle,64,76,3,4
T20I,A Davidson-Soler,Powerplay,45,62,2,2
T20I,A Dcosta,Death,85,88,7,5
T20I,A Dcosta,Middle,23,62,0,5
T20I,A Dercksen,Death,240,149,35,3
T20I,A Dercksen,Middle,293,261,36,13
T20I,A Dercksen,Powerplay,113,126,18,7
T20I,A Dhabe,Death,96,88,11,5
T20I,A Dhabe,Middle,64,88,3,2
T20I,A Dirannehelage,Middle,125,190,15,6
T20I,A Dirannehelage,Powerplay,78,202,7,5
T20I,A Dizija,Middle,340,243,45,12
T20I,A Dizija,Powerplay,334,419,43,16
T20I,A Doddaballapur,Middle,154,258,8,9
T20I,A Doddaballapur,Powerplay,105,169,7,3
T20I,A Donovan,Middle,295,205,36,7
T20I,A Donovan,Powerplay,48,61,6,1
T20I,A Dutt,Death,96,81,9,3
T20I,A Ferguson,Death,72,69,7,3
T20I,A Ferguson,Middle,244,266,24,9
T20I,A Ferguson,Powerplay,153,193,24,5
T20I,A Fujikawa,Death,61,77,4,3
T20I,A Galan,Powerplay,80,199,3,10
T20I,A Gardner,Death,435,275,66,20
T20I,A Gardner,Middle,961,778,116,31
T20I,A Gardner,Powerplay,237,235,43,12
T20I,A Gbla,Death,168,123,20,9
T20I,A Gbla,Middle,129,158,11,14
T20I,A Gurung,Middle,36,66,2,6
T20I,A Halbhavi,Middle,56,65,6,6
T20I,A Halbhavi,Powerplay,135,139,22,10
T20I,A Hartley,Middle,72,83,5,3
T20I,A Hartley,Powerplay,115,126,12,2
T20I,A Hunter,Death,144,90,20,3
T20I,A Hunter,Middle,549,525,53,21
T20I,A Hunter,Powerplay,952,894,127,29
T20I,A Ikuzwe,Death,222,238,20,17
T20I,A Ikuzwe,Middle,184,293,11,12
T20I,A Ikuzwe,Powerplay,81,158,8,5
T20I,A Ilahi,Middle,68,123,5,2
T20I,A Iopu,Middle,30,64,2,2
T20I,A Johnson,Middle,334,218,49,8
T20I,A Johnson,Powerplay,474,388,81,19
T20I,A Kainessie,Powerplay,99,119,12,7
T20I,A Kano,Death,71,82,5,3
T20I,A Kano,Middle,69,111,4,5
T20I,A Kano,Powerplay,151,272,13,18
T20I,A Kanukuntla,Death,53,82,4,3
T20I,A Kanukuntla,Middle,83,188,1,5
T20I,A Kato-Stafford,Middle,177,183,12,3
T20I,A Kato-Stafford,Powerplay,65,126,3,2
T20I,A Khaka,Death,54,81,4,6
T20I,A Kheterpal,Death,132,103,16,4
T20I,A Kheterpal,Middle,138,130,21,5
T20I,A Kirschbaum,Middle,246,256,19,16
T20I,A Kirschbaum,Powerplay,91,117,11,6
T20I,A Kohli,Death,83,105,6,8
T20I,A Kohli,Middle,110,170,6,6
T20I,A Kolan,Death,83,83,2,2
T20I,A Kolan,Middle,139,157,10,4
T20I,A Kolan,Powerplay,45,104,2,6
T20I,A Kontopirakis,Middle,94,103,9,1
T20I,A Kontopirakis,Powerplay,115,126,13,7
T20I,A Kourkoulou,Death,20,72,1,6
T20I,A Limdawala,Middle,210,247,21,16
T20I,A Limdawala,Powerplay,308,354,39,16
T20I,A Lister,Death,158,114,20,8
T20I,A Lister,Middle,354,324,44,20
T20I,A Lister,Powerplay,241,227,41,18
T20I,A Lumbe,Middle,39,87,3,4
T20I,A Lumbe,Powerplay,38,108,3,3
T20I,A Makri,Middle,184,293,16,16
T20I,A Makri,Powerplay,162,303,14,8
T20I,A Manepalli,Middle,103,94,13,5
T20I,A Manepalli,Powerplay,48,63,5,2
T20I,A Mansale,Death,129,87,12,5
T20I,A Mansale,Middle,362,340,31,14
T20I,A Mansale,Powerplay,190,181,26,10
T20I,A Mare,Death,65,91,5,5
T20I,A Mare,Middle,101,151,9,7
T20I,A McAuley,Middle,170,183,12,10
T20I,A McAuley,Powerplay,279,303,36,11
T20I,A Merritt,Middle,229,183,28,6
T20I,A Merritt,Powerplay,232,233,28,7
T20I,A Mesarovic,Middle,95,88,14,3
T20I,A Mesarovic,Powerplay,62,69,9,1
T20I,A Mohamed,Death,53,76,3,3
T20I,A Mohamed,Middle,64,90,6,5
T20I,A Mohammed,Death,64,100,3,8
T20I,A Mokgotlhe,Death,237,173,33,7
T20I,A Mokgotlhe,Middle,140,201,13,13
T20I,A Mokgotlhe,Powerplay,42,93,6,6
T20I,A Morris,Death,29,68,2,3
T20I,A Mundra,Middle,179,127,25,7
T20I,A Mundra,Powerplay,555,358,91,19
T20I,A Mutreja,Middle,102,70,12,2
T20I,A Nao,Death,105,91,13,4
T20I,A Natubhai Ahir,Death,98,71,12,8
T20I,A Natubhai Ahir,Middle,173,184,17,12
T20I,A Natubhai Ahir,Powerplay,52,94,7,2
T20I,A Ndiraya,Middle,49,73,2,7
T20I,A Ndiraya,Powerplay,55,73,8,2
T20I,A Osei,Middle,49,70,4,8
T20I,A Ostergaard,Middle,127,162,15,5
T20I,A Ostergaard,Powerplay,96,118,15,3
T20I,A Otwani,Powerplay,100,103,15,7
T20I,A Oxley,Middle,126,152,7,3
T20I,A Oxley,Powerplay,84,109,7,1
T20I,A Parima,Middle,207,166,25,9
T20I,A Parima,Powerplay,126,139,22,6
T20I,A Patmore,Death,86,85,8,8
T20I,A Patmore,Middle,235,259,22,12
T20I,A Patmore,Powerplay,93,128,9,3
T20I,A Perera,Middle,93,151,5,8
T20I,A Perera,Powerplay,188,272,14,14
T20I,A Prashar,Death,110,63,15,7
T20I,A Pusthay,Middle,103,139,7,12
T20I,A Pusthay,Powerplay,122,155,15,7
T20I,A Rameshan,Middle,69,107,3,2
T20I,A Rameshan,Powerplay,47,85,8,4
T20I,A Randhawa,Middle,313,344,26,17
T20I,A Randhawa,Powerplay,100,139,10,4
T20I,A Raza,Middle,93,62,12,8
T20I,A Raza,Powerplay,257,189,47,16
T20I,A Reddy,Death,104,100,10,13
T20I,A Reyes,Death,96,90,9,7
T20I,A Reyes,Middle,84,131,9,4
T20I,A Salomao,Death,51,75,3,5
T20I,A Salomao,Middle,24,74,2,11
T20I,A Savvani,Middle,66,145,4,4
T20I,A Savvani,Powerplay,66,169,2,10
T20I,A Shahi,Death,133,73,20,7
T20I,A Sharafu,Death,186,136,23,11
T20I,A Sharafu,Middle,836,689,98,29
T20I,A Sharafu,Powerplay,781,584,129,17
T20I,A Sharma,Middle,166,169,17,9
T20I,A Sharma,Powerplay,299,290,46,12
T20I,A Shreshta,Middle,127,143,9,9
T20I,A Shreshta,Powerplay,211,220,27,7
T20I,A Shrubsole,Death,87,72,9,8
T20I,A Sokovagone,Middle,124,103,16,4
T20I,A Sootaga,Powerplay,53,63,7,2
T20I,A Stocks,Middle,77,185,2,7
T20I,A Sutherland,Death,183,131,24,18
T20I,A Sutherland,Middle,84,61,11,2
T20I,A Suwanchonrathi,Middle,137,148,12,11
T20I,A Suwanchonrathi,Powerplay,213,342,23,16
T20I,A Symonds,Middle,194,122,25,3
T20I,A Taylor,Middle,20,65,0,1
T20I,A Taylor,Powerplay,18,78,0,7
T20I,A Turay,Middle,105,102,14,8
T20I,A Turay,Powerplay,336,348,49,20
T20I,A Turkmen,Middle,139,128,19,8
T20I,A Vaidya,Middle,74,93,5,6
T20I,A Vaidya,Powerplay,181,212,28,5
T20I,A Vala,Death,78,61,9,7
T20I,A Vala,Middle,700,592,71,16
T20I,A Vala,Powerplay,566,535,74,25
T20I,A Venkatesh,Middle,162,168,12,8
T20I,A Venkatesh,Powerplay,85,77,12,2
T20I,A Vessik,Middle,19,62,1,4
T20I,A Vessik,Powerplay,46,120,1,5
T20I,A Wanjira,Death,43,61,4,5
T20I,A Yon,Middle,103,78,13,7
T20I,A Yon,Powerplay,61,82,8,3
T20I,A Zampa,Death,62,79,6,13
T20I,A Zimunu,Middle,52,89,6,3
T20I,A van der Merwe,Middle,263,332,23,14
T20I,A van der Merwe,Powerplay,365,506,41,16
T20I,AA Alleyne,Death,157,141,20,15
T20I,AA Alleyne,Middle,130,164,12,7
T20I,AA Alleyne,Powerplay,88,119,9,9
T20I,AA Jangoo,Powerplay,78,76,13,1
T20I,AA Jasani,Middle,103,96,11,3
T20I,AA Moiane,Middle,39,78,3,7
T20I,AA Navicha,Death,108,82,9,6
T20I,AA Navicha,Middle,202,201,27,8
T20I,AA Obanda,Middle,164,158,19,10
T20I,AA Obanda,Powerplay,482,399,83,21
T20I,AA Onikoyi,Middle,164,210,11,6
T20I,AA Onikoyi,Powerplay,171,190,25,11
T20I,AA Patil,Death,140,115,16,10
T20I,AA Patil,Middle,101,107,10,4
T20I,AA Rahayu,Death,133,159,13,9
T20I,AA Rahayu,Middle,109,109,14,6
T20I,AA Senn,Death,66,62,7,4
T20I,AA Senn,Middle,198,247,10,7
T20I,AA Senn,Powerplay,158,198,15,6
T20I,AAP Rivero,Death,101,92,8,8
T20I,AAP Rivero,Middle,69,96,4,5
T20I,AB Kamara,Death,66,67,5,5
T20I,AB Kamara,Middle,278,291,27,14
T20I,AB Kamara,Powerplay,33,66,4,3
T20I,AB Kaur,Death,129,91,20,6
T20I,AB Mengoumou,Middle,37,106,0,6
T20I,AB Slebsager,Death,34,62,2,4
T20I,AB Slebsager,Middle,63,63,8,2
T20I,AB de Villiers,Death,326,192,41,12
T20I,AB de Villiers,Middle,847,661,83,32
T20I,AB de Villiers,Powerplay,418,373,65,16
T20I,ABY Smith,Middle,131,176,8,6
T20I,ABY Smith,Powerplay,120,251,4,6
T20I,AC Agar,Death,124,109,13,10
T20I,AC Agar,Middle,120,138,12,10
T20I,AC Brodin,Middle,63,94,8,5
T20I,AC Brodin,Powerplay,33,82,2,6
T20I,AC Douglas,Middle,180,145,26,10
T20I,AC Douglas,Powerplay,131,82,23,2
T20I,AC Gilchrist,Powerplay,204,157,33,8
T20I,AC Jayangani,Death,183,84,30,5
T20I,AC Jayangani,Middle,1374,1163,194,63
T20I,AC Jayangani,Powerplay,2105,1976,369,54
T20I,AC Kerr,Death,469,319,61,19
T20I,AC Kerr,Middle,1148,1008,122,33
T20I,AC Kerr,Powerplay,432,431,64,11
T20I,AC Sabino,Death,58,81,5,6
T20I,AC Sabino,Middle,70,99,7,7
T20I,AC Sabino,Powerplay,52,60,8,1
T20I,AC Voges,Middle,77,68,6,1
T20I,AD Dore,Middle,57,66,5,6
T20I,AD Dore,Powerplay,126,116,18,4
T20I,AD Hales,Death,138,84,17,7
T20I,AD Hales,Middle,784,576,90,22
T20I,AD Hales,Powerplay,1102,822,182,35
T20I,AD Mascarenhas,Death,102,65,12,4
T20I,AD Mathews,Death,620,389,73,24
T20I,AD Mathews,Middle,644,679,46,23
T20I,AD Mathews,Powerplay,79,95,13,2
T20I,AD Poynter,Middle,112,94,15,4
T20I,AD Russell,Death,597,365,86,31
T20I,AD Russell,Middle,468,304,67,13
T20I,ADS Fletcher,Middle,388,379,37,21
T20I,ADS Fletcher,Powerplay,538,496,76,23
T20I,AE Isesele,Middle,48,60,3,6
T20I,AE Isesele,Powerplay,69,71,9,7
T20I,AE Jones,Death,453,319,57,25
T20I,AE Jones,Middle,986,811,119,38
T20I,AE Jones,Powerplay,416,411,61,22
T20I,AE Paraam,Middle,160,116,19,3
T20I,AE Satterthwaite,Death,138,113,18,9
T20I,AE Satterthwaite,Middle,668,650,70,26
T20I,AE Satterthwaite,Powerplay,181,204,29,5
T20I,AF Ifill,Middle,55,93,4,5
T20I,AF Milne,Death,68,65,6,6
T20I,AG Cremer,Death,45,61,1,9
T20I,AGS Gous,Middle,342,253,42,11
T20I,AGS Gous,Powerplay,336,251,55,9
T20I,AH Maqsood,Death,35,73,0,13
T20I,AI Chudasama,Death,111,97,11,6
T20I,AI Chudasama,Middle,108,149,9,7
T20I,AIV Benatar,Middle,85,102,7,0
T20I,AIV Benatar,Powerplay,136,215,12,6
T20I,AJ Ayannaike,Middle,49,62,3,8
T20I,AJ Ayannaike,Powerplay,53,82,8,8
T20I,AJ Blackwell,Death,198,186,14,12
T20I,AJ Blackwell,Middle,290,355,16,9
T20I,AJ Finch,Death,301,158,42,11
T20I,AJ Finch,Middle,1151,850,134,33
T20I,AJ Finch,Powerplay,1668,1257,258,45
T20I,AJ Healy,Death,202,124,27,6
T20I,AJ Healy,Middle,838,601,113,36
T20I,AJ Healy,Powerplay,1670,1437,282,58
T20I,AJ Hosein,Death,220,147,29,9
T20I,AJ Hosein,Middle,87,127,6,8
T20I,AJ Jabiri,Middle,49,79,3,6
T20I,AJ Jabiri,Powerplay,67,137,8,8
T20I,AJ Mosca,Middle,295,217,27,7
T20I,AJ Mosca,Powerplay,213,166,31,5
T20I,AJ Prajapati,Powerplay,41,60,5,3
T20I,AJ Redmond,Powerplay,90,61,16,4
T20I,AJ Turner,Death,67,77,3,8
T20I,AJ Tye,Death,73,72,8,7
T20I,AK Gokoel,Middle,35,70,1,5
T20I,AK Markram,Death,284,164,36,8
T20I,AK Markram,Middle,881,618,99,28
T20I,AK Markram,Powerplay,773,570,126,25
T20I,AK Mohan,Middle,343,322,34,16
T20I,AK Mohan,Powerplay,219,279,28,10
T20I,AK Sah,Powerplay,169,131,25,8
T20I,AL Kerai,Middle,50,67,3,4
T20I,AL Kerai,Powerplay,26,67,1,3
T20I,AL Mundundo,Death,43,99,2,6
T20I,AL Mundundo,Middle,68,177,4,8
T20I,AL Mundundo,Powerplay,69,173,5,5
T20I,AL Phehlukwayo,Death,119,100,15,10
T20I,AL Seddon,Death,74,60,10,3
T20I,AL Seddon,Middle,64,82,5,5
T20I,AM Hardie,Middle,66,67,7,4
T20I,AM Healey,Powerplay,47,98,7,5
T20I,AM Kamara,Death,189,224,17,11
T20I,AM Kamara,Middle,237,343,21,6
T20I,AM Kamara,Powerplay,31,86,4,3
T20I,AM Kimote,Death,185,186,18,19
T20I,AM Kimote,Middle,110,131,12,4
T20I,AM Peterson,Death,58,62,5,9
T20I,AM Rahane,Middle,161,151,9,8
T20I,AM Rahane,Powerplay,214,195,29,9
T20I,AM Tribe,Middle,222,195,19,13
T20I,AM Tribe,Powerplay,178,146,29,2
T20I,AM Zepeda,Death,102,95,15,3
T20I,AM Zepeda,Middle,213,267,26,4
T20I,AM Zepeda,Powerplay,89,142,9,3
T20I,AN Kelly,Death,122,122,11,16
T20I,AN Kelly,Middle,56,74,5,5
T20I,AN Kervezee,Middle,70,70,4,2
T20I,AN Kervezee,Powerplay,63,63,7,2
T20I,AN Lascu,Middle,162,113,22,4
T20I,AN Lascu,Powerplay,300,239,56,10
T20I,AN Toube,Death,88,60,11,4
T20I,AN Toube,Middle,87,119,9,13
T20I,AP Devcich,Powerplay,101,67,19,1
T20I,AP Rajeevan,Death,158,119,17,9
T20I,AP Rajeevan,Middle,551,532,55,19
T20I,AP Rajeevan,Powerplay,204,192,28,6
T20I,AP Yadav,Middle,405,413,38,15
T20I,AP Yadav,Powerplay,570,576,82,16
T20I,AR Balla,Powerplay,18,80,0,4
T20I,AR Bisht,Middle,84,92,6,4
T20I,AR Leo,Middle,46,80,2,2
T20I,AR McBrine,Death,108,82,12,5
T20I,AR Naidoo,Middle,295,318,27,12
T20I,AR Naidoo,Powerplay,190,203,25,7
T20I,AR Patel,Death,403,320,42,30
T20I,AR Patel,Middle,273,227,29,10
T20I,AR Patwa,Middle,336,301,39,22
T20I,AR Patwa,Powerplay,808,692,136,22
T20I,AR Ramjani,Death,328,214,39,17
T20I,AR Ramjani,Middle,367,314,40,10
T20I,AR Valdez,Middle,104,142,8,7
T20I,AR Valdez,Powerplay,155,217,21,7
T20I,ARA Chambers,Middle,113,146,11,5
T20I,AS Gorad,Middle,106,206,5,9
T20I,AS Gorad,Powerplay,194,341,22,10
T20I,AS Joseph,Death,113,118,12,6
T20I,AS Mehmi,Middle,87,113,8,5
T20I,AS Miranda,Middle,20,89,1,5
T20I,AS Qwele,Death,89,117,9,10
T20I,AS Qwele,Middle,58,118,4,6
T20I,AS Samra,Middle,271,169,34,6
T20I,AS Samra,Powerplay,307,273,43,13
T20I,AS Wikman,Middle,113,96,14,3
T20I,AS Withanage,Middle,65,80,9,3
T20I,AS Withanage,Powerplay,74,89,13,3
T20I,ASF Sirah,Middle,95,96,9,5
T20I,ASF Sirah,Powerplay,119,83,21,6
T20I,ASS Fletcher,Death,181,213,15,26
T20I,AT Carey,Death,78,71,7,8
T20I,AT Carey,Middle,138,129,15,10
T20I,AT Nidamanuru,Death,94,61,10,6
T20I,AT Nidamanuru,Middle,114,124,9,8
T20I,AU Rashid,Death,149,176,12,18
T20I,AUKDS Kalugala,Middle,94,78,14,4
T20I,AUKDS Kalugala,Powerplay,187,179,27,14
T20I,AV Lazarus,Death,221,129,34,9
T20I,AV Lazarus,Middle,441,435,37,14
T20I,AV Lazarus,Powerplay,162,173,26,7
T20I,AWJ Auguste,Middle,91,69,10,4
T20I,Aaftab Alam Khan,Death,94,74,9,6
T20I,Aaftab Alam Khan,Middle,132,121,17,7
T20I,Aamir Kaleem,Death,100,71,14,5
T20I,Aamir Kaleem,Middle,306,295,30,14
T20I,Aamir Kaleem,Powerplay,287,268,44,19
T20I,Aamir Lal,Middle,72,66,7,2
T20I,Aanvi Kishore,Powerplay,56,75,5,4
T20I,Aarif Sheikh,Death,124,103,16,10
T20I,Aarif Sheikh,Middle,333,311,35,14
T20I,Aarif Sheikh,Powerplay,105,106,15,3
T20I,Aaron Jones,Death,129,102,14,9
T20I,Aaron Jones,Middle,534,471,55,19
T20I,Aaron Jones,Powerplay,93,116,9,3
T20I,Aarti Priya,Middle,35,94,1,4
T20I,Aasif Sheikh,Middle,613,550,58,31
T20I,Aasif Sheikh,Powerplay,1131,930,174,35
T20I,Aayan Afzal Khan,Death,73,77,6,8
T20I,Aayan Afzal Khan,Middle,69,80,5,2
T20I,Abbas Afridi,Death,78,62,11,9
T20I,Abbas Ghani,Middle,201,159,20,7
T20I,Abbas Ghani,Powerplay,497,329,87,16
T20I,Abdul Hashim,Middle,84,91,9,3
T20I,Abdul Majid Abbasi,Death,43,75,2,6
T20I,Abdul Razzaq,Death,264,182,31,10
T20I,Abdul Razzaq,Middle,115,152,10,7
T20I,Abdul Shakoor,Middle,107,143,8,6
T20I,Abdul Waheed,Middle,417,381,38,19
T20I,Abdul Waheed,Powerplay,678,511,107,16
T20I,Abdul Wahid,Middle,95,80,13,3
T20I,Abdul-Shakoor Rahimzei,Middle,99,81,10,4
T20I,Abdul-Shakoor Rahimzei,Powerplay,87,119,9,7
T20I,Abdulla Pervaiz,Powerplay,86,70,15,0
T20I,Abdullah Akbarjan,Death,39,62,3,7
T20I,Abdullah Khan Lodhi,Powerplay,78,86,13,4
T20I,Abeer Maryam,Powerplay,20,98,1,7
T20I,Abeera Waris,Middle,49,84,3,5
T20I,Abeera Waris,Powerplay,36,74,6,9
T20I,Abhijeet Ahuja,Middle,160,137,17,8
T20I,Abhijeet Ahuja,Powerplay,125,201,12,6
T20I,Abhishek Ahuja,Middle,209,170,24,9
T20I,Abhishek Anand,Powerplay,213,211,32,11
T20I,Abhishek Sharma,Middle,430,231,62,16
T20I,Abhishek Sharma,Powerplay,1156,656,200,33
T20I,Abrar Bilal,Middle,51,64,2,4
T20I,Ada Bhasin,Death,49,81,2,6
T20I,Ada Bhasin,Middle,88,163,8,10
T20I,Ada Bhasin,Powerplay,33,75,4,4
T20I,Adam Senn,Death,131,69,21,4
T20I,Adam Senn,Middle,185,189,10,7
T20I,Adama Kamara,Middle,23,78,1,4
T20I,Adama Kamara,Powerplay,30,69,2,2
T20I,Adil Butt,Middle,202,149,31,8
T20I,Adil Butt,Powerplay,590,327,102,14
T20I,Aditya Panwar,Middle,71,68,7,2
T20I,Adnan Idrees,Middle,75,63,11,8
T20I,Adnan Idrees,Powerplay,296,224,52,18
T20I,Adnan Ilyas,Middle,102,101,9,4
T20I,Adnan Mirza,Powerplay,81,72,16,6
T20I,Afif Hossain,Death,332,272,39,22
T20I,Afif Hossain,Middle,593,522,58,21
T20I,Afif Hossain,Powerplay,106,94,18,4
T20I,Aftab Ahmed,Middle,72,79,6,3
T20I,Aftab Ahmed,Powerplay,110,80,18,5
T20I,Agha Salman,Death,106,86,11,7
T20I,Agha Salman,Middle,440,379,48,19
T20I,Agha Salman,Powerplay,273,218,43,11
T20I,Ahmad Ramdoni,Death,280,236,33,14
T20I,Ahmad Ramdoni,Middle,397,530,39,23
T20I,Ahmad Ramdoni,Powerplay,159,224,18,4
T20I,Ahmadullah Shinwari,Death,48,61,6,6
T20I,Ahmed Aqeel,Death,263,185,21,11
T20I,Ahmed Aqeel,Middle,307,309,25,6
T20I,Ahmed Faiz,Death,291,191,34,20
T20I,Ahmed Faiz,Middle,1063,888,109,37
T20I,Ahmed Faiz,Powerplay,410,419,61,13
T20I,Ahmed Hassan,Death,110,87,14,7
T20I,Ahmed Hassan,Middle,496,415,61,20
T20I,Ahmed Hassan,Powerplay,213,259,26,6
T20I,Ahmed Raza,Death,82,72,7,7
T20I,Ahmed Raza,Middle,26,64,1,3
T20I,Ahmed Shehzad,Death,126,62,18,3
T20I,Ahmed Shehzad,Middle,554,481,50,22
T20I,Ahmed Shehzad,Powerplay,756,744,116,30
T20I,Ahmer Bin Nisar,Death,676,427,86,23
T20I,Ahmer Bin Nisar,Middle,613,573,58,16
T20I,Ahmer Bin Nisar,Powerplay,140,141,21,9
T20I,Ahsan Abbasi,Powerplay,60,67,7,3
T20I,Aina Najwa,Death,95,152,2,12
T20I,Aina Najwa,Middle,67,147,1,6
T20I,Ainna Hamizah Hashim,Death,150,163,9,6
T20I,Ainna Hamizah Hashim,Middle,312,534,28,20
T20I,Ainna Hamizah Hashim,Powerplay,381,605,48,29
T20I,Ainool Hafizs,Death,98,97,8,17
T20I,Ainool Hafizs,Middle,57,73,5,5
T20I,Aisya Eleesa,Death,27,64,3,12
T20I,Aizaz Khan,Death,459,307,54,27
T20I,Aizaz Khan,Middle,456,511,30,25
T20I,Aizaz Khan,Powerplay,160,198,19,13
T20I,Akhil Anil,Death,127,80,19,6
T20I,Akhil Anil,Middle,92,111,8,8
T20I,Akhil Arjunan,Middle,63,79,4,2
T20I,Aleena Khan,Middle,37,78,4,6
T20I,Ali Dawood,Death,98,109,9,9
T20I,Ali Farasat,Death,108,83,13,11
T20I,Ali Farasat,Middle,111,117,11,6
T20I,Ali Masood,Middle,168,138,20,7
T20I,Ali Masood,Powerplay,231,287,27,12
T20I,Ali Nadeem,Powerplay,93,69,14,3
T20I,Ali Naseer,Death,188,138,21,15
T20I,Ali Naseer,Middle,89,87,8,2
T20I,Ali Nawaz,Death,128,93,14,9
T20I,Ali Nawaz,Middle,114,126,9,6
T20I,Ali Nayyer,Death,162,103,18,8
T20I,Ali Nayyer,Middle,95,100,7,5
T20I,Ali Rahmon,Powerplay,119,118,17,5
T20I,Ali Saleem,Death,105,65,15,4
T20I,Ali Saleem,Middle,105,118,10,7
T20I,Alina Aslam,Death,37,64,1,2
T20I,Alina Aslam,Middle,49,111,0,6
T20I,Aliya Riaz,Death,711,576,82,34
T20I,Aliya Riaz,Middle,626,820,68,28
T20I,Alok Kapali,Middle,43,62,3,2
T20I,Amal Jacob,Death,53,77,4,6
T20I,Aman Desai,Middle,234,199,24,11
T20I,Aman Desai,Powerplay,275,257,39,15
T20I,Amandeep Singh,Death,82,63,9,4
T20I,Amar Naeem,Middle,162,138,22,8
T20I,Amar Naeem,Powerplay,141,140,23,7
T20I,Amar Sharma,Middle,86,114,5,6
T20I,Amarpal Kaur,Death,86,90,4,2
T20I,Amarpal Kaur,Middle,183,241,6,6
T20I,Amarpal Kaur,Powerplay,49,94,3,3
T20I,Ameel Mauroof,Death,52,71,3,7
T20I,Ameer Saiyed,Middle,86,90,6,6
T20I,Ameer Saiyed,Powerplay,134,154,15,6
T20I,Amelia Jones,Middle,24,74,0,2
T20I,Aminata Kamara,Death,71,85,1,3
T20I,Aminata Kamara,Middle,185,242,17,11
T20I,Aminata Kamara,Powerplay,224,246,27,11
T20I,Aminuddin Ramly,Middle,150,110,18,6
T20I,Amir Butt,Middle,129,114,15,5
T20I,Amir Khan,Middle,86,83,8,3
T20I,Amir Zaib,Middle,129,136,10,8
T20I,Amjad Javed,Death,135,103,19,8
T20I,Amjad Javed,Middle,99,112,7,3
T20I,Amjad Sher,Death,178,118,22,13
T20I,Amjad Sher,Middle,202,209,18,19
T20I,Amna Tariq,Death,62,109,2,8
T20I,Amna Tariq,Middle,131,299,3,23
T20I,Amna Tariq,Powerplay,113,241,11,11
T20I,Amoluk Singh,Middle,104,85,14,4
T20I,Amoluk Singh,Powerplay,135,156,24,6
T20I,Amrita Sasidharan,Powerplay,65,106,1,4
T20I,Anamul Haque,Middle,120,117,10,4
T20I,Anamul Haque,Powerplay,234,207,37,10
T20I,Anique Uddin,Middle,77,95,4,4
T20I,Anjar Tadarus,Death,55,68,5,9
T20I,Anjar Tadarus,Middle,356,386,37,24
T20I,Anjar Tadarus,Powerplay,282,402,40,21
T20I,Anoop Orsu,Death,189,129,25,4
T20I,Anoop Orsu,Middle,97,113,10,9
T20I,Anshuman Rath,Death,310,184,43,14
T20I,Anshuman Rath,Middle,988,804,105,27
T20I,Anshuman Rath,Powerplay,1009,889,142,26
T20I,Anwar Arudin,Powerplay,154,147,25,12
T20I,Apsari Begam,Death,92,84,9,6
T20I,Apsari Begam,Middle,46,121,4,5
T20I,Aqib Ilyas,Middle,539,493,50,19
T20I,Aqib Ilyas,Powerplay,607,486,98,20
T20I,Aqib Iqbal,Death,377,213,51,19
T20I,Aqib Iqbal,Middle,617,587,59,22
T20I,Aqib Iqbal,Powerplay,89,112,12,4
T20I,Aritra Dutta,Middle,288,209,40,13
T20I,Aritra Dutta,Powerplay,411,365,64,20
T20I,Arjun Vinod,Death,57,60,1,5
T20I,Arjun Vinod,Middle,327,301,35,12
T20I,Arjun Vinod,Powerplay,246,243,38,7
T20I,Arshdeep Singh,Death,95,99,12,12
T20I,Arslan Amjad,Middle,200,194,20,8
T20I,Arslan Amjad,Powerplay,121,163,18,13
T20I,Arun Yadav,Middle,205,126,30,3
T20I,Arun Yadav,Powerplay,196,147,30,5
T20I,Asad Shafiq,Middle,78,100,3,7
T20I,Asad Shafiq,Powerplay,114,90,18,2
T20I,Asghar Ali Khan,Middle,161,99,24,5
T20I,Ashfaq Ahmed,Powerplay,77,70,12,8
T20I,Asif Ali,Death,342,229,42,24
T20I,Asif Ali,Middle,572,508,60,26
T20I,Asif Ali,Powerplay,861,679,138,29
T20I,Asif Khan,Death,275,155,38,12
T20I,Asif Khan,Middle,725,591,86,27
T20I,Asif Khan,Powerplay,197,155,28,2
T20I,Aslam Khan,Powerplay,329,227,63,17
T20I,Aslam Mohammad,Middle,79,68,10,3
T20I,Aslam Mohammad,Powerplay,91,79,13,3
T20I,Aslan Jafri,Powerplay,72,67,9,3
T20I,Asmavia Iqbal,Death,193,165,19,19
T20I,Asmavia Iqbal,Middle,85,124,6,5
T20I,Atif Rasheed,Middle,114,106,8,9
T20I,Atif Rasheed,Powerplay,59,62,8,4
T20I,Avishka Iroshan,Death,92,66,13,4
T20I,Avishka Iroshan,Middle,418,368,52,12
T20I,Avishka Iroshan,Powerplay,80,100,12,3
T20I,Awais Ahmad,Middle,112,102,12,9
T20I,Awais Ahmad,Powerplay,196,167,31,11
T20I,Awais Ahmed,Powerplay,174,154,29,10
T20I,Awais Zia,Powerplay,66,72,7,3
T20I,Ayan Khan,Death,191,122,22,9
T20I,Ayan Khan,Middle,325,374,24,17
T20I,Ayasha Rahman,Middle,165,191,15,12
T20I,Ayasha Rahman,Powerplay,334,481,43,20
T20I,Ayaz Dadabhai,Death,76,62,8,6
T20I,Ayaz Dadabhai,Middle,85,95,8,7
T20I,Ayesha Hasan,Middle,264,338,25,14
T20I,Ayesha Hasan,Powerplay,107,195,8,4
T20I,Ayesha Naseem,Death,203,122,23,8
T20I,Ayesha Naseem,Middle,166,179,15,11
T20I,Ayesha Zafar,Middle,195,187,25,15
T20I,Ayesha Zafar,Powerplay,314,325,45,16
T20I,Aysha,Death,110,91,13,8
T20I,Aysha,Middle,509,455,61,20
T20I,Aysha,Powerplay,151,178,22,7
T20I,Ayyaz Qureshi,Middle,42,68,4,0
T20I,Azhar Andani,Middle,103,98,9,3
T20I,Azhar Andani,Powerplay,141,155,21,4
T20I,Aziz Mohammad,Middle,157,97,22,7
T20I,Aziz Mohammad,Powerplay,293,266,49,10
T20I,Azyan Farhath,Death,116,95,12,5
T20I,Azyan Farhath,Middle,309,392,17,9
T20I,Azyan Farhath,Powerplay,301,421,35,11
T20I,B Arora,Death,136,123,17,9
T20I,B Arora,Middle,272,350,27,12
T20I,B Arora,Powerplay,268,321,36,9
T20I,B Balala,Death,61,92,3,7
T20I,B Bezuidenhout,Middle,47,61,4,8
T20I,B Bezuidenhout,Powerplay,159,155,22,10
T20I,B Bhandari,Death,98,83,10,7
T20I,B Bhandari,Middle,182,180,22,10
T20I,B Biza,Death,79,66,12,5
T20I,B Biza,Middle,183,207,17,11
T20I,B Biza,Powerplay,170,211,23,8
T20I,B Cooper,Death,103,92,14,12
T20I,B Cooper,Middle,184,244,15,12
T20I,B Cooper,Powerplay,124,161,20,7
T20I,B Etim,Death,50,65,7,4
T20I,B Etim,Middle,145,240,13,12
T20I,B Evans,Death,191,153,24,14
T20I,B Evans,Middle,89,64,11,3
T20I,B Fitchet,Powerplay,173,181,25,12
T20I,B George,Middle,342,272,38,12
T20I,B George,Powerplay,209,210,28,9
T20I,B Ichinkhorloo,Middle,47,142,4,8
T20I,B Ichinkhorloo,Powerplay,62,238,4,8
T20I,B Ito-Davis,Middle,85,87,6,6
T20I,B Ito-Davis,Powerplay,62,76,4,5
T20I,B Jerkovic,Death,33,63,1,2
T20I,B Khumalo,Death,45,72,2,3
T20I,B Kohler-Cadmore,Powerplay,305,177,52,9
T20I,B Madimabe,Middle,23,74,1,3
T20I,B Manuel,Middle,51,91,6,8
T20I,B Masaba,Death,195,138,23,8
T20I,B Masaba,Middle,106,148,11,10
T20I,B Masaba,Powerplay,65,99,9,4
T20I,B Mpedi,Middle,53,73,7,0
T20I,B Murekatete,Death,121,170,11,18
T20I,B Muzarabani,Death,63,77,9,12
T20I,B Namuunzul,Death,20,65,1,4
T20I,B Niaz,Death,172,100,24,5
T20I,B Niaz,Middle,271,252,32,10
T20I,B Niaz,Powerplay,182,177,29,10
T20I,B Phelenyane,Middle,35,134,2,10
T20I,B Pierre,Powerplay,48,140,3,7
T20I,B Rawal,Death,76,97,5,5
T20I,B Rawal,Middle,202,309,16,12
T20I,B Rawal,Powerplay,185,349,25,16
T20I,B Shanti,Middle,291,407,30,18
T20I,B Shanti,Powerplay,43,101,5,2
T20I,B Shotorova,Middle,20,84,0,5
T20I,B Shotorova,Powerplay,41,106,4,7
T20I,B Tau,Death,210,157,34,10
T20I,B Tau,Middle,506,614,54,15
T20I,B Tau,Powerplay,226,328,27,10
T20I,B Tlali,Powerplay,36,117,2,5
T20I,B Waluma,Middle,61,116,5,10
T20I,B Ward,Death,377,229,45,12
T20I,B Ward,Middle,219,243,21,10
T20I,B de Leede,Death,214,177,24,13
T20I,B de Leede,Middle,867,909,90,37
T20I,B de Leede,Powerplay,667,783,91,22
T20I,BA King,Middle,533,440,64,26
T20I,BA King,Powerplay,1276,965,213,45
T20I,BA Pai,Death,92,71,8,3
T20I,BA Pai,Middle,402,389,43,13
T20I,BA Pai,Powerplay,447,469,48,16
T20I,BA Stokes,Death,233,170,28,13
T20I,BA Stokes,Middle,307,243,32,9
T20I,BAD Manenti,Middle,172,116,22,4
T20I,BB McCullum,Death,325,168,47,12
T20I,BB McCullum,Middle,884,680,95,20
T20I,BB McCullum,Powerplay,931,775,148,25
T20I,BBJL Perera,Middle,79,74,9,6
T20I,BBJL Perera,Powerplay,177,157,25,4
T20I,BC Fortuin,Death,70,78,8,8
T20I,BDH Stevens,Middle,88,96,6,7
T20I,BDH Stevens,Powerplay,108,108,16,3
T20I,BF Calitz,Middle,126,83,16,6
T20I,BF Mailata,Middle,152,146,15,8
T20I,BF Mailata,Powerplay,82,100,13,4
T20I,BF Smith,Powerplay,116,99,19,4
T20I,BFW de Leede,Death,219,153,27,8
T20I,BFW de Leede,Middle,462,459,37,15
T20I,BFW de Leede,Powerplay,200,234,25,9
T20I,BI Dilruksha,Middle,181,154,21,10
T20I,BI Dilruksha,Powerplay,211,235,33,8
T20I,BJ Bennett,Death,185,114,23,7
T20I,BJ Bennett,Middle,729,554,85,21
T20I,BJ Bennett,Powerplay,1113,779,193,32
T20I,BJ Curran,Powerplay,85,68,13,6
T20I,BJ Haddin,Death,104,82,8,7
T20I,BJ Haddin,Middle,205,187,23,12
T20I,BJ Haddin,Powerplay,93,91,12,3
T20I,BJ Hodge,Middle,115,91,11,2
T20I,BJ Jacobs,Middle,118,87,12,3
T20I,BJ Lazarus,Middle,36,64,1,6
T20I,BJ Lazarus,Powerplay,76,95,10,1
T20I,BJ McCarthy,Death,232,179,30,14
T20I,BJ McCarthy,Middle,61,74,5,4
T20I,BJ McMullen,Middle,463,302,56,12
T20I,BJ McMullen,Powerplay,241,210,37,10
T20I,BK Stroud,Death,30,71,1,3
T20I,BKB Corbin,Middle,93,70,16,5
T20I,BKG Mendis,Death,120,89,14,6
T20I,BKG Mendis,Middle,1107,849,117,43
T20I,BKG Mendis,Powerplay,1281,1059,186,43
T20I,BL Mooney,Death,506,293,73,14
T20I,BL Mooney,Middle,1624,1214,201,29
T20I,BL Mooney,Powerplay,1609,1533,232,45
T20I,BM Duckett,Middle,266,193,31,8
T20I,BM Duckett,Powerplay,223,130,42,8
T20I,BM Halliday,Death,241,204,23,19
T20I,BM Halliday,Middle,408,452,32,20
T20I,BM Pecic,Middle,192,189,19,9
T20I,BM Pecic,Powerplay,123,122,18,4
T20I,BM Scholtz,Death,77,83,7,7
T20I,BMA Mbida,Middle,94,139,11,8
T20I,BMA Mbida,Powerplay,80,121,11,10
T20I,BMAJ Mendis,Middle,131,125,16,6
T20I,BMSM Kumari,Death,92,129,8,16
T20I,BN Cooper,Death,126,85,16,3
T20I,BN Cooper,Middle,560,487,54,20
T20I,BN Cooper,Powerplay,440,361,71,15
T20I,BN Toube,Middle,93,81,14,8
T20I,BN Toube,Powerplay,204,243,30,10
T20I,BR McDermott,Middle,193,181,13,12
T20I,BR McDermott,Powerplay,108,136,11,7
T20I,BRM Taylor,Death,183,123,24,5
T20I,BRM Taylor,Middle,517,432,53,14
T20I,BRM Taylor,Powerplay,440,375,68,22
T20I,BS Stephenson,Middle,89,77,12,4
T20I,BYA Mendis,Middle,90,107,7,6
T20I,BYA Mendis,Powerplay,335,363,57,25
T20I,Babar Azam,Death,479,311,60,28
T20I,Babar Azam,Middle,2383,1859,242,39
T20I,Babar Azam,Powerplay,1683,1480,251,47
T20I,Babar Hayat,Death,427,209,60,16
T20I,Babar Hayat,Middle,1228,1071,123,44
T20I,Babar Hayat,Powerplay,738,610,112,23
T20I,Bakhtiar Tahiri,Middle,101,103,13,2
T20I,Baseer Khan,Death,90,64,11,5
T20I,Baseer Khan,Middle,167,181,14,10
T20I,Basil Hameed,Death,446,278,52,16
T20I,Basil Hameed,Middle,264,285,22,13
T20I,Basir Ahamad,Middle,82,75,6,1
T20I,Bella Poon,Powerplay,73,123,7,7
T20I,Bijeyata Kumari,Death,32,68,0,2
T20I,Bijeyata Kumari,Middle,92,187,5,6
T20I,Bijeyata Kumari,Powerplay,77,200,4,8
T20I,Bilal Masud,Death,103,70,12,5
T20I,Bilal Masud,Middle,348,290,38,9
T20I,Bilal Masud,Powerplay,68,84,6,2
T20I,Bilal Muhammad,Death,145,79,18,7
T20I,Bilal Tahir,Death,361,238,47,18
T20I,Bilal Tahir,Middle,319,272,40,14
T20I,Bilal Zalmai,Middle,686,374,109,19
T20I,Bilal Zalmai,Powerplay,887,687,144,36
T20I,Bismah Maroof,Death,436,358,42,19
T20I,Bismah Maroof,Middle,1360,1507,107,44
T20I,Bismah Maroof,Powerplay,463,661,44,14
T20I,Boio Ray,Middle,73,73,6,3
T20I,Bosco Tuyizere,Middle,62,72,5,4
T20I,Breeze Ahir,Powerplay,67,84,8,4
T20I,Busra Uca,Powerplay,19,67,0,2
T20I,C Abel,Death,57,64,3,7
T20I,C Aweko,Death,83,138,7,15
T20I,C Bah,Death,114,110,12,14
T20I,C Bah,Middle,85,89,8,6
T20I,C Bogdanos,Middle,93,130,4,1
T20I,C Bosch,Death,65,65,6,6
T20I,C Brennan,Death,107,81,12,5
T20I,C Brennan,Middle,167,159,14,8
T20I,C Bull,Middle,172,204,21,11
T20I,C Bull,Powerplay,98,190,13,10
T20I,C Campher,Death,234,161,32,16
T20I,C Campher,Middle,656,556,61,28
T20I,C Campher,Powerplay,128,113,17,2
T20I,C Chatphaisan,Middle,216,218,21,16
T20I,C Chatphaisan,Powerplay,401,436,57,30
T20I,C Chukwuonye,Death,74,83,7,8
T20I,C Chukwuonye,Middle,89,133,9,9
T20I,C Chukwuonye,Powerplay,58,109,7,5
T20I,C De Freitas,Middle,207,127,26,7
T20I,C De Freitas,Powerplay,231,162,34,3
T20I,C Dickson,Middle,173,193,13,8
T20I,C Esterhuizen,Middle,130,89,19,4
T20I,C Esterhuizen,Powerplay,145,105,22,2
T20I,C Forbes,Powerplay,94,118,15,5
T20I,C Green,Middle,334,245,41,11
T20I,C Green,Powerplay,253,157,42,9
T20I,C Greenshields,Middle,68,72,6,0
T20I,C Hartmann,Middle,241,241,22,14
T20I,C Hartmann,Powerplay,122,116,16,2
T20I,C Hauptfleisch,Powerplay,33,60,2,2
T20I,C Henery,Powerplay,51,63,5,6
T20I,C Hinze,Death,83,80,6,6
T20I,C Karunaratne,Death,233,196,23,14
T20I,C Karunaratne,Middle,36,62,1,3
T20I,C Kieswetter,Middle,157,126,15,11
T20I,C Kieswetter,Powerplay,365,346,54,11
T20I,C Kyewuta,Death,81,71,8,5
T20I,C Lokuge,Middle,63,116,6,6
T20I,C Madande,Death,316,195,45,13
T20I,C Madande,Middle,247,282,19,12
T20I,C Magaia,Death,155,181,16,7
T20I,C Magaia,Middle,222,308,30,15
T20I,C Magaia,Powerplay,56,118,7,7
T20I,C Mahamalage,Death,69,85,5,6
T20I,C Mahamalage,Middle,116,212,8,8
T20I,C Mahamalage,Powerplay,60,119,6,3
T20I,C Miles,Middle,84,66,8,4
T20I,C Miles,Powerplay,109,136,14,5
T20I,C Munoz-Mills,Death,138,96,17,5
T20I,C Munoz-Mills,Middle,131,109,18,6
T20I,C Munro,Death,145,102,16,7
T20I,C Munro,Middle,790,515,100,26
T20I,C Munro,Powerplay,789,515,123,21
T20I,C Murrombe,Middle,22,73,2,4
T20I,C Musemez,Powerplay,89,65,15,2
T20I,C Muthoni,Middle,64,108,7,5
T20I,C Muthoni,Powerplay,79,123,9,6
T20I,C Nunes,Death,185,109,23,5
T20I,C Nunes,Middle,104,96,11,3
T20I,C Pengkumta,Middle,74,127,6,13
T20I,C Piparo,Middle,171,139,19,7
T20I,C Piparo,Powerplay,89,89,12,0
T20I,C Potgieter,Middle,166,132,21,6
T20I,C Pyle,Middle,187,158,22,8
T20I,C Pyle,Powerplay,102,99,14,5
T20I,C Roberts,Death,144,113,16,10
T20I,C Roberts,Middle,528,497,43,8
T20I,C Roberts,Powerplay,152,165,14,5
T20I,C Rububagumya,Death,193,190,18,16
T20I,C Rububagumya,Middle,397,514,28,23
T20I,C Rububagumya,Powerplay,70,120,5,8
T20I,C Sudarsanan,Middle,92,126,8,6
T20I,C Sutthiruang,Death,448,393,43,31
T20I,C Sutthiruang,Middle,553,745,54,41
T20I,C Sutthiruang,Powerplay,110,158,15,6
T20I,C Tlali,Middle,42,68,2,10
T20I,C Tlali,Powerplay,135,171,20,8
T20I,C Tommy,Middle,79,85,7,5
T20I,C Tommy,Powerplay,115,137,12,5
T20I,C Uwamahoro,Middle,111,154,12,7
T20I,C Uwamahoro,Powerplay,54,81,9,4
T20I,C Uwase,Death,89,80,11,8
T20I,C Uwase,Middle,319,461,29,29
T20I,C Uwase,Powerplay,200,233,29,8
T20I,C Wijesinghe,Middle,18,65,0,0
T20I,C Wright,Death,110,119,7,10
T20I,C Wright,Middle,29,63,1,5
T20I,C Zhou,Middle,80,136,6,6
T20I,C Zhou,Powerplay,45,104,4,5
T20I,C de Grandhomme,Death,105,86,10,9
T20I,C de Grandhomme,Middle,356,253,41,19
T20I,C de Lange,Death,73,112,7,11
T20I,C de Lange,Middle,45,84,4,7
T20I,CA Henry,Death,403,355,45,19
T20I,CA Henry,Middle,266,320,26,18
T20I,CA Ingram,Middle,98,80,12,2
T20I,CA Keita,Middle,36,82,5,10
T20I,CA Lynn,Middle,95,75,9,6
T20I,CA Lynn,Powerplay,141,122,26,7
T20I,CA Soper,Death,88,93,7,6
T20I,CA Young,Death,71,94,7,9
T20I,CAJ Meschede,Powerplay,84,61,12,1
T20I,CAK Walton,Powerplay,120,127,18,7
T20I,CB Roposo,Middle,65,87,7,4
T20I,CC Machado,Middle,76,148,3,8
T20I,CD Mboe,Powerplay,13,76,0,3
T20I,CD McMillan,Middle,111,86,12,4
T20I,CD Wallace,Middle,63,60,7,3
T20I,CE Dean,Death,121,101,13,8
T20I,CE Jacob,Middle,60,79,3,6
T20I,CE Jacob,Powerplay,79,143,7,5
T20I,CE McConchie,Death,130,96,15,4
T20I,CE McConchie,Middle,59,73,4,6
T20I,CG Williams,Death,160,102,18,8
T20I,CG Williams,Middle,359,320,32,10
T20I,CG Williams,Powerplay,227,276,33,8
T20I,CH Gayle,Death,156,85,23,5
T20I,CH Gayle,Middle,762,551,94,23
T20I,CH Gayle,Powerplay,981,833,165,39
T20I,CH Morris,Death,93,77,11,6
T20I,CJ Anderson,Death,277,171,32,15
T20I,CJ Anderson,Middle,369,343,35,11
T20I,CJ Anderson,Powerplay,51,62,8,1
T20I,CJ Bowes,Powerplay,154,133,25,8
T20I,CJ Chibhabha,Middle,228,161,29,10
T20I,CJ Chibhabha,Powerplay,264,279,41,14
T20I,CJ Delany,Middle,120,113,12,3
T20I,CJ Delany,Powerplay,51,68,7,3
T20I,CJ Jordan,Death,309,247,37,27
T20I,CJ Jordan,Middle,115,85,13,3
T20I,CJ Langford,Death,91,90,9,4
T20I,CJA Amini,Death,166,94,19,4
T20I,CJA Amini,Middle,462,429,42,20
T20I,CJA Amini,Powerplay,208,209,30,10
T20I,CK Coventry,Middle,87,68,13,7
T20I,CK Jasmat,Death,140,100,16,7
T20I,CK Jasmat,Middle,175,189,18,11
T20I,CK Kapugedera,Death,279,180,34,14
T20I,CK Kapugedera,Middle,338,346,38,15
T20I,CK Kapugedera,Powerplay,58,63,8,1
T20I,CL Tryon,Death,778,522,100,44
T20I,CL Tryon,Middle,463,442,56,18
T20I,CL White,Death,323,179,43,13
T20I,CL White,Middle,544,468,56,13
T20I,CL White,Powerplay,117,105,16,3
T20I,CM Carroll,Middle,118,87,13,2
T20I,CM Carroll,Powerplay,189,85,33,1
T20I,CM Edwards,Middle,369,361,35,15
T20I,CM Edwards,Powerplay,649,694,106,20
T20I,CM Gough,Death,296,214,40,12
T20I,CM Gough,Middle,600,677,55,8
T20I,CM Gough,Powerplay,219,365,17,4
T20I,CM Greechan,Death,76,92,3,4
T20I,CM Greechan,Middle,84,145,3,8
T20I,CMA Shillington,Middle,110,111,11,11
T20I,CMA Shillington,Powerplay,352,378,50,18
T20I,CN Ackermann,Death,115,72,14,4
T20I,CN Ackermann,Middle,392,367,32,17
T20I,CN Ackermann,Powerplay,83,85,11,3
T20I,CN Greaves,Death,155,167,14,11
T20I,CN Greaves,Middle,121,97,15,3
T20I,CN Kakuru,Death,72,73,7,8
T20I,CN Kakuru,Middle,110,106,11,7
T20I,CN Nation,Death,201,173,18,13
T20I,CN Nation,Middle,299,374,28,12
T20I,CN Nation,Powerplay,37,76,2,5
T20I,CN Onwuzulike,Middle,107,109,11,7
T20I,CN Onwuzulike,Powerplay,60,72,8,5
T20I,CNIM Joyce,Middle,175,217,15,11
T20I,CNIM Joyce,Powerplay,195,263,24,8
T20I,CO Obuya,Death,199,129,24,9
T20I,CO Obuya,Middle,692,637,67,23
T20I,CO Obuya,Powerplay,548,477,87,12
T20I,CP Rizwan,Middle,115,115,8,4
T20I,CP Turkich,Middle,48,80,3,6
T20I,CP Turkich,Powerplay,59,110,4,2
T20I,CPPM Sadun,Middle,149,163,11,10
T20I,CPPM Sadun,Powerplay,99,137,12,2
T20I,CR Brathwaite,Death,187,120,24,10
T20I,CR Brathwaite,Middle,95,145,7,9
T20I,CR Ervine,Death,148,110,19,9
T20I,CR Ervine,Middle,714,664,70,26
T20I,CR Ervine,Powerplay,561,608,80,22
T20I,CR Pagydyala,Middle,290,320,24,13
T20I,CR Pagydyala,Powerplay,249,372,29,8
T20I,CR Seneviratna,Death,125,101,9,8
T20I,CR Seneviratna,Middle,183,238,10,10
T20I,CR Seneviratna,Powerplay,37,62,4,0
T20I,CR Woakes,Death,139,108,15,7
T20I,CS MacLeod,Death,263,175,34,12
T20I,CS MacLeod,Middle,539,504,49,16
T20I,CS MacLeod,Powerplay,128,182,15,11
T20I,CS Mugeri-Tiripano,Death,224,156,27,9
T20I,CS Mugeri-Tiripano,Middle,542,549,53,17
T20I,CS Mugeri-Tiripano,Powerplay,388,434,64,17
T20I,CS Nascimento,Death,52,71,1,9
T20I,CS Nascimento,Middle,58,94,2,5
T20I,CT Dhururu,Death,140,169,11,14
T20I,CT Dhururu,Middle,243,291,24,12
T20I,CT Dhururu,Powerplay,69,114,9,3
T20I,CT McNally,Middle,34,83,2,0
T20I,CT Mutombodzi,Middle,67,77,6,4
T20I,CV Anto,Middle,271,200,29,14
T20I,CV Anto,Powerplay,615,414,93,22
T20I,CW Perchard,Death,87,86,9,10
T20I,Cai Yuzhi,Middle,82,140,9,9
T20I,Cai Yuzhi,Powerplay,47,107,3,5
T20I,Camila Valdes,Powerplay,2,66,0,4
T20I,Chado Om,Middle,39,73,3,2
T20I,Chan Ka Man,Death,50,95,2,8
T20I,Chaudhary Akram,Death,106,69,15,4
T20I,Chaudhary Akram,Middle,186,190,13,4
T20I,Chaya Mughal,Death,150,154,13,12
T20I,Chaya Mughal,Middle,189,270,14,10
T20I,Chaya Mughal,Powerplay,109,174,10,8
T20I,Chirag Suri,Middle,288,229,24,6
T20I,Chirag Suri,Powerplay,376,374,58,15
T20I,Christina Baret,Middle,39,71,1,5
T20I,Christina Baret,Powerplay,21,94,0,5
T20I,D Abeyrathna,Middle,353,373,35,14
T20I,D Abeyrathna,Powerplay,213,256,28,12
T20I,D Ajekun,Middle,104,162,4,12
T20I,D Ajekun,Powerplay,275,372,30,18
T20I,D Brevis,Death,98,63,13,6
T20I,D Brevis,Middle,651,374,89,18
T20I,D Brevis,Powerplay,151,133,21,5
T20I,D Busingye,Middle,68,76,3,0
T20I,D Cleaver,Powerplay,122,101,17,8
T20I,D Demic,Middle,93,124,13,4
T20I,D Demic,Powerplay,87,107,12,4
T20I,D Dewald,Middle,43,62,3,4
T20I,D Dhingra,Middle,193,173,18,9
T20I,D Dhingra,Powerplay,350,459,38,17
T20I,D Doyle-Calle,Death,173,71,26,7
T20I,D Doyle-Calle,Middle,445,323,44,7
T20I,D Doyle-Calle,Powerplay,216,228,31,11
T20I,D Ferreira,Middle,160,117,20,12
T20I,D Foerster,Death,74,107,7,3
T20I,D Foerster,Middle,53,77,5,7
T20I,D Forrester,Middle,56,61,5,3
T20I,D Foxcroft,Middle,67,68,4,2
T20I,D Gim,Middle,35,69,0,7
T20I,D Gumyusenge,Death,68,63,7,8
T20I,D Gumyusenge,Middle,342,366,38,18
T20I,D Gumyusenge,Powerplay,77,94,13,5
T20I,D Hannema,Middle,67,85,0,3
T20I,D Hazell,Death,89,98,6,7
T20I,D Hemalatha,Middle,132,137,16,8
T20I,D Hemalatha,Powerplay,111,89,17,4
T20I,D Heyliger,Death,337,194,45,12
T20I,D Jakiel,Death,93,115,4,7
T20I,D Jakiel,Middle,42,82,4,5
T20I,D Jansen,Death,137,95,16,5
T20I,D Jansen,Middle,167,141,17,4
T20I,D Jansen,Powerplay,68,70,10,1
T20I,D Johnson,Death,85,76,9,6
T20I,D Johnson,Middle,165,146,20,15
T20I,D Kalvin,Middle,47,77,3,4
T20I,D Kansonkho,Middle,258,300,19,13
T20I,D Kansonkho,Powerplay,321,382,42,15
T20I,D Kataina,Middle,27,60,1,3
T20I,D Klein,Death,118,83,15,9
T20I,D Koralalage,Middle,35,95,0,2
T20I,D Maisuria,Death,96,118,6,11
T20I,D Marsic,Middle,52,79,4,5
T20I,D Marsic,Powerplay,53,91,7,2
T20I,D McGahey,Powerplay,78,102,11,4
T20I,D Muhumuza,Middle,121,120,13,4
T20I,D Muhumuza,Powerplay,63,86,9,4
T20I,D Myers,Middle,373,318,34,19
T20I,D Myers,Powerplay,251,213,40,11
T20I,D Nanayakkara,Middle,109,118,14,7
T20I,D Nanayakkara,Powerplay,135,133,26,9
T20I,D Nanda,Powerplay,66,69,7,1
T20I,D Ndikubwimana,Death,71,85,4,10
T20I,D Ndikubwimana,Middle,732,847,67,36
T20I,D Ndikubwimana,Powerplay,917,1058,131,34
T20I,D Nikolov,Middle,47,76,4,7
T20I,D Njoroge,Death,59,69,4,3
T20I,D Njoroge,Middle,96,116,8,1
T20I,D Njoroge,Powerplay,72,84,11,3
T20I,D Norotam,Middle,133,139,9,9
T20I,D Norotam,Powerplay,521,350,81,12
T20I,D Panda,Middle,174,169,17,4
T20I,D Parashar,Death,154,122,14,6
T20I,D Parashar,Middle,62,81,3,4
T20I,D Pretorius,Death,144,75,22,5
T20I,D Pretorius,Middle,76,60,8,4
T20I,D Ramdin,Death,295,199,38,15
T20I,D Ramdin,Middle,254,259,26,13
T20I,D Ruynekova,Death,53,73,5,5
T20I,D Ruynekova,Middle,129,233,11,7
T20I,D Ruynekova,Powerplay,39,90,4,4
T20I,D Sabir,Middle,146,138,13,9
T20I,D Saxena,Middle,127,138,13,1
T20I,D Saxena,Powerplay,53,81,7,1
T20I,D Suzuki,Death,186,170,21,16
T20I,D Suzuki,Middle,163,171,14,5
T20I,D Suzuki,Powerplay,58,75,10,7
T20I,D Tekyildirim,Powerplay,46,60,4,3
T20I,D Unhale,Middle,102,148,9,1
T20I,D Unhale,Powerplay,66,126,8,3
T20I,D Uwimana,Death,91,70,11,5
T20I,D Uwimana,Middle,133,132,17,6
T20I,D Visser,Death,152,71,26,4
T20I,D Visser,Middle,356,261,44,6
T20I,D Visser,Powerplay,337,279,54,8
T20I,D Wangmo,Death,131,136,10,4
T20I,D Wangmo,Middle,299,411,24,13
T20I,D Wangmo,Powerplay,145,268,14,6
T20I,D Wheatley,Middle,110,122,11,11
T20I,D Wiese,Death,304,213,33,14
T20I,D Wiese,Middle,284,251,29,9
T20I,D Wulandari,Death,71,69,7,3
T20I,D Wulandari,Middle,186,242,13,9
T20I,D Wulandari,Powerplay,158,253,15,6
T20I,D van Deventer,Middle,52,63,2,2
T20I,D van Niekerk,Death,300,245,32,14
T20I,D van Niekerk,Middle,742,795,77,24
T20I,D van Niekerk,Powerplay,591,698,87,12
T20I,DA Blignaut,Death,70,62,9,5
T20I,DA Blignaut,Middle,264,296,22,13
T20I,DA Galia,Death,49,98,2,7
T20I,DA Galia,Middle,97,191,1,10
T20I,DA Galia,Powerplay,19,72,1,5
T20I,DA Mehta,Powerplay,134,140,21,8
T20I,DA Miller,Death,1268,767,161,36
T20I,DA Miller,Middle,1389,1154,144,43
T20I,DA Miller,Powerplay,108,108,15,2
T20I,DA Warner,Death,121,107,11,7
T20I,DA Warner,Middle,1252,898,144,35
T20I,DA Warner,Powerplay,1876,1350,299,52
T20I,DAS Gunaratne,Middle,121,109,9,3
T20I,DB Loic,Middle,69,89,4,12
T20I,DB Sharma,Death,738,600,80,40
T20I,DB Sharma,Middle,511,565,42,9
T20I,DB Sharma,Powerplay,33,70,2,5
T20I,DC Smith,Middle,208,194,17,11
T20I,DC Smith,Powerplay,354,292,56,17
T20I,DC Stovell,Death,89,72,9,2
T20I,DC Stovell,Middle,84,86,4,1
T20I,DE Roache,Powerplay,75,81,11,4
T20I,DEM Carter,Death,144,122,14,5
T20I,DEM Carter,Middle,369,413,34,12
T20I,DEM Carter,Powerplay,543,525,85,20
T20I,DF Jacobs,Powerplay,88,141,13,6
T20I,DG Blampied,Death,129,117,10,8
T20I,DG Blampied,Middle,88,111,2,4
T20I,DG Perez,Powerplay,38,63,6,4
T20I,DJ Bravo,Death,389,262,46,27
T20I,DJ Bravo,Middle,713,698,64,23
T20I,DJ Bravo,Powerplay,125,141,16,4
T20I,DJ Hawoe,Death,462,343,56,34
T20I,DJ Hawoe,Middle,144,182,13,19
T20I,DJ Hooda,Middle,199,144,23,6
T20I,DJ Hooda,Powerplay,89,62,14,0
T20I,DJ Hussey,Death,235,131,28,11
T20I,DJ Hussey,Middle,464,427,40,21
T20I,DJ Hussey,Powerplay,57,78,7,1
T20I,DJ Malan,Death,234,133,33,11
T20I,DJ Malan,Middle,1077,778,138,26
T20I,DJ Malan,Powerplay,563,553,85,13
T20I,DJ Mitchell,Death,556,323,70,23
T20I,DJ Mitchell,Middle,1006,801,96,36
T20I,DJ Mitchell,Powerplay,270,221,30,8
T20I,DJ Willey,Death,179,134,23,12
T20I,DJG Sammy,Death,523,340,72,29
T20I,DJG Sammy,Middle,58,72,5,3
T20I,DJM Short,Middle,286,245,30,6
T20I,DJM Short,Powerplay,333,289,54,8
T20I,DJS Dottin,Death,380,246,51,18
T20I,DJS Dottin,Middle,1030,905,115,32
T20I,DJS Dottin,Powerplay,676,622,112,24
T20I,DK Anefie,Death,107,70,10,6
T20I,DK Anefie,Middle,111,114,10,7
T20I,DK Mathias,Death,95,80,10,3
T20I,DK Mathias,Middle,166,159,18,5
T20I,DK Mathias,Powerplay,64,93,8,2
T20I,DL Brangman,Death,86,88,8,5
T20I,DL Maddy,Powerplay,87,63,12,2
T20I,DL Vettori,Death,128,115,11,7
T20I,DL Vettori,Middle,72,75,5,4
T20I,DM Bravo,Middle,273,266,29,12
T20I,DM Bravo,Powerplay,81,86,12,3
T20I,DM Gondaria,Middle,264,195,27,6
T20I,DM Gondaria,Powerplay,549,397,85,19
T20I,DM Kimmince,Middle,64,68,3,2
T20I,DM Nakrani,Death,509,297,71,19
T20I,DM Nakrani,Middle,561,531,60,21
T20I,DM de Silva,Death,89,71,8,8
T20I,DM de Silva,Middle,386,379,33,20
T20I,DM de Silva,Powerplay,311,273,42,11
T20I,DMW Rawlins,Death,267,134,40,10
T20I,DMW Rawlins,Middle,663,462,84,14
T20I,DMW Rawlins,Powerplay,305,234,44,4
T20I,DN Wellalage,Death,103,78,16,6
T20I,DN Wyatt,Death,333,213,43,19
T20I,DN Wyatt,Middle,1346,971,172,42
T20I,DN Wyatt,Powerplay,1786,1492,277,67
T20I,DNA Ankrah,Middle,46,65,5,5
T20I,DO Leicher,Death,120,110,11,7
T20I,DO Leicher,Middle,54,85,2,2
T20I,DO Obuya,Middle,28,60,0,2
T20I,DO Obuya,Powerplay,56,68,8,4
T20I,DP Conway,Death,214,123,29,9
T20I,DP Conway,Middle,877,653,97,17
T20I,DP Conway,Powerplay,704,658,99,22
T20I,DP Michael,Middle,70,71,5,1
T20I,DP Michael,Powerplay,69,60,12,2
T20I,DP Vaidya,Middle,61,71,5,3
T20I,DPMD Jayawardene,Death,225,145,30,8
T20I,DPMD Jayawardene,Middle,641,523,74,16
T20I,DPMD Jayawardene,Powerplay,592,473,97,17
T20I,DR Gibson,Death,154,118,23,8
T20I,DR Patankar,Middle,85,98,8,4
T20I,DR Patankar,Powerplay,161,179,21,13
T20I,DR Smith,Middle,170,116,24,8
T20I,DR Smith,Powerplay,365,345,62,17
T20I,DR Tawake,Powerplay,55,70,5,3
T20I,DS Airee,Death,948,481,129,29
T20I,DS Airee,Middle,1109,974,105,25
T20I,DS Airee,Powerplay,116,129,16,7
T20I,DS Bajwa,Middle,119,127,11,7
T20I,DS Bajwa,Powerplay,253,191,36,6
T20I,DS Smith,Middle,97,78,9,3
T20I,DS Smith,Powerplay,106,90,18,1
T20I,DT Johnston,Death,85,64,8,4
T20I,DT Tiripano,Death,67,61,7,5
T20I,DT Tiripano,Middle,49,63,4,2
T20I,DVD Madampage,Powerplay,71,98,9,8
T20I,Danyal Raja,Death,83,93,9,8
T20I,Danyal Raja,Middle,40,69,3,5
T20I,Dawood Ahmadzai,Death,112,105,13,10
T20I,Dawood Ahmadzai,Middle,31,63,1,3
T20I,Delawar Khan,Death,163,114,18,8
T20I,Deng Jinqi,Middle,34,62,1,1
T20I,Devender Singh,Death,98,80,11,3
T20I,Devender Singh,Middle,105,134,9,8
T20I,Diana Baig,Death,59,99,1,11
T20I,Dilara Akter,Middle,135,125,16,16
T20I,Dilara Akter,Powerplay,578,556,91,27
T20I,Divyendra Singh,Death,79,68,9,6
T20I,Divyendra Singh,Middle,139,152,14,8
T20I,Divyendra Singh,Powerplay,61,73,10,3
T20I,Dylan Steyn,Middle,181,130,21,6
T20I,Dylan Steyn,Powerplay,329,284,47,7
T20I,E Beukes,Death,245,149,36,8
T20I,E Beukes,Middle,262,263,28,10
T20I,E Chigumbura,Death,506,308,66,20
T20I,E Chigumbura,Middle,228,226,29,15
T20I,E Chiralile,Powerplay,78,169,6,7
T20I,E Claridge,Middle,128,115,15,6
T20I,E Claridge,Powerplay,81,76,11,4
T20I,E Cleator,Powerplay,53,69,5,4
T20I,E Duff,Middle,61,97,5,7
T20I,E Duff,Powerplay,64,113,7,4
T20I,E Dusingizimana,Middle,241,240,26,14
T20I,E Dusingizimana,Powerplay,641,581,95,32
T20I,E Ellermaa,Death,11,67,0,4
T20I,E Gebhard,Middle,161,212,14,4
T20I,E Gebhard,Powerplay,104,181,9,2
T20I,E Guehoada,Middle,24,72,0,1
T20I,E Iloku,Death,130,112,12,4
T20I,E Iloku,Middle,253,339,18,16
T20I,E Iloku,Powerplay,352,589,39,21
T20I,E Kamara,Death,74,63,9,2
T20I,E Kamara,Middle,111,181,7,7
T20I,E Kamara,Powerplay,283,380,28,8
T20I,E Kuncova,Middle,103,197,2,8
T20I,E Kuncova,Powerplay,104,186,7,5
T20I,E Lewis,Middle,605,357,87,20
T20I,E Lewis,Powerplay,975,689,157,33
T20I,E Mathew,Middle,126,137,12,9
T20I,E Niyomugabo,Middle,207,209,17,22
T20I,E Niyomugabo,Powerplay,97,108,11,6
T20I,E Rukiriza,Death,173,168,19,20
T20I,E Rukiriza,Middle,109,163,11,16
T20I,E Sandy,Middle,144,173,15,9
T20I,E Sandy,Powerplay,225,320,27,16
T20I,E Sebareme,Death,163,166,12,10
T20I,E Sebareme,Middle,182,185,21,16
T20I,E Solomon,Middle,110,111,9,3
T20I,E Solomon,Powerplay,71,61,10,2
T20I,E Thelander,Death,67,62,7,4
T20I,E Thelander,Middle,111,168,6,4
T20I,E Thelander,Powerplay,41,80,3,4
T20I,E Ul Haq,Powerplay,39,69,4,6
T20I,E Van Zyl,Death,115,122,10,14
T20I,E Van Zyl,Middle,152,228,8,16
T20I,E Van Zyl,Powerplay,64,127,9,7
T20I,E Vukusic,Middle,90,97,8,2
T20I,E Vukusic,Powerplay,85,91,12,0
T20I,E Wachira,Death,93,95,8,8
T20I,E Wachira,Middle,208,295,14,9
T20I,E Wachira,Powerplay,128,230,12,10
T20I,EA Perry,Death,656,458,75,32
T20I,EA Perry,Middle,1237,1089,140,29
T20I,EA Perry,Powerplay,286,295,42,7
T20I,EAJ Richardson,Death,187,177,20,18
T20I,EAJ Richardson,Middle,358,344,46,13
T20I,EAS Ferrary,Middle,108,146,9,5
T20I,EC Joyce,Middle,183,197,12,4
T20I,EC Joyce,Powerplay,110,129,17,3
T20I,EF Beard,Powerplay,104,93,15,6
T20I,EGS Kana,Middle,40,90,4,10
T20I,EH Rendler,Powerplay,52,63,7,5
T20I,EJ Villani,Death,144,111,16,5
T20I,EJ Villani,Middle,535,425,65,17
T20I,EJ Villani,Powerplay,509,484,83,16
T20I,EJG Morgan,Death,757,434,102,34
T20I,EJG Morgan,Middle,1487,1183,173,37
T20I,EJG Morgan,Powerplay,187,215,29,9
T20I,EL Bartram,Death,95,86,8,8
T20I,EL Bartram,Middle,311,290,41,4
T20I,EL Bartram,Powerplay,150,161,23,10
T20I,EL Watson,Middle,97,139,7,11
T20I,EL Watson,Powerplay,76,135,8,5
T20I,EM Turay,Powerplay,42,74,6,2
T20I,EMDY Munaweera,Powerplay,168,128,28,5
T20I,EMKNH Senavirathna,Death,134,111,14,6
T20I,EN Lynch,Death,92,93,9,9
T20I,ER Oza,Death,283,138,43,7
T20I,ER Oza,Middle,1220,916,159,35
T20I,ER Oza,Powerplay,1630,1677,229,46
T20I,EU Kejarukua,Death,35,66,1,5
T20I,Ehsan Khan,Death,316,267,33,22
T20I,Ehsan Khan,Middle,60,89,3,6
T20I,Eman Asim,Middle,160,184,17,4
T20I,Eman Asim,Powerplay,85,119,8,2
T20I,Emily Sirs,Middle,50,61,5,4
T20I,Eric Phiri,Middle,71,80,11,4
T20I,Erika Oda,Middle,269,313,29,14
T20I,Erika Oda,Powerplay,352,407,49,15
T20I,Esam Rahman,Middle,191,175,21,6
T20I,Esam Rahman,Powerplay,150,121,26,3
T20I,Ethan D'Souza,Middle,81,78,8,3
T20I,Eyman Fatima,Middle,84,80,12,5
T20I,Ezgi Nur Kilic,Middle,69,115,8,8
T20I,F Achelam,Death,82,71,10,7
T20I,F Achelam,Middle,56,72,6,6
T20I,F Akankwasa,Death,91,79,13,10
T20I,F Banunaek,Death,92,106,8,8
T20I,F Banunaek,Middle,141,147,14,7
T20I,F Banunaek,Powerplay,74,140,6,7
T20I,F Behardien,Death,267,190,27,9
T20I,F Behardien,Middle,237,213,25,7
T20I,F Campbell,Middle,42,63,4,5
T20I,F Chenda,Powerplay,25,77,2,5
T20I,F Conteh,Middle,67,130,4,7
T20I,F Conteh,Powerplay,114,230,8,6
T20I,F Damiao Couana,Middle,312,226,42,5
T20I,F Damiao Couana,Powerplay,190,180,29,8
T20I,F Eseigbe,Middle,80,189,2,10
T20I,F Eseigbe,Powerplay,103,241,9,9
T20I,F Guirrugo,Middle,21,61,3,3
T20I,F Irakoze,Death,55,60,6,6
T20I,F Kuenburg,Middle,156,158,18,4
T20I,F Kuenburg,Powerplay,77,90,9,1
T20I,F Malefula,Middle,77,125,4,8
T20I,F Najjumba,Middle,61,74,6,2
T20I,F Nsubuga,Death,131,116,15,9
T20I,F Overdijk,Death,219,213,20,19
T20I,F Overdijk,Middle,182,273,13,18
T20I,F Samanyika,Death,44,61,3,2
T20I,F Samanyika,Middle,95,183,6,9
T20I,F Samanyika,Powerplay,124,282,12,9
T20I,F Sisifo,Middle,64,125,2,4
T20I,F Sisifo,Powerplay,80,147,9,4
T20I,F Song,Middle,46,62,3,2
T20I,F Stoman,Death,57,62,3,4
T20I,F Stoman,Middle,65,100,5,5
T20I,F Suluoto,Death,154,125,20,8
T20I,F Suluoto,Middle,75,109,6,7
T20I,F Tanguy,Middle,48,78,3,7
T20I,F Tunnicliffe,Middle,83,83,8,4
T20I,F Tunnicliffe,Powerplay,85,119,11,5
T20I,F Utagushimaninde,Middle,128,126,12,7
T20I,F Utagushimaninde,Powerplay,223,228,35,7
T20I,F du Plessis,Death,224,132,30,9
T20I,F du Plessis,Middle,777,616,84,22
T20I,F du Plessis,Powerplay,486,393,68,10
T20I,FA Allen,Death,209,129,30,12
T20I,FA Allen,Middle,82,85,11,7
T20I,FA Cossa,Death,116,83,19,3
T20I,FA Cossa,Middle,134,150,18,7
T20I,FA Zavala,Middle,52,100,4,5
T20I,FC Wilson,Death,185,148,18,7
T20I,FC Wilson,Middle,137,178,6,5
T20I,FFZ Nhaduate,Middle,146,110,22,2
T20I,FG Kemp,Death,212,136,28,3
T20I,FG Kemp,Middle,124,104,16,7
T20I,FH Allen,Middle,482,261,68,9
T20I,FH Allen,Powerplay,1129,718,186,44
T20I,FL Mackay,Middle,129,128,14,5
T20I,FL Mackay,Powerplay,54,73,6,2
T20I,FL Patel,Death,70,61,10,10
T20I,FO Kibasu,Death,107,81,12,4
T20I,FO Kibasu,Middle,414,409,53,17
T20I,FO Kibasu,Powerplay,488,590,63,20
T20I,Faheem Ashraf,Death,445,306,55,36
T20I,Faheem Ashraf,Middle,104,102,13,2
T20I,Faheem Nazir,Middle,289,203,36,7
T20I,Faheem Nazir,Powerplay,372,298,60,10
T20I,Faheem Nellancheri,Death,136,82,18,8
T20I,Faheem Nellancheri,Middle,143,126,19,10
T20I,Fahima Khatun,Death,251,243,25,22
T20I,Fahima Khatun,Middle,129,158,8,10
T20I,Faisal Khan,Middle,351,240,42,14
T20I,Faisal Khan,Powerplay,1046,602,187,27
T20I,Faisal Mubashir,Death,135,100,17,4
T20I,Faisal Mubashir,Middle,257,264,17,5
T20I,Faisal Mubashir,Powerplay,36,71,5,2
T20I,Faisal Raza,Middle,221,193,22,10
T20I,Fakhar Zaman,Death,287,175,40,17
T20I,Fakhar Zaman,Middle,1074,854,123,42
T20I,Fakhar Zaman,Powerplay,1026,810,156,36
T20I,Fanyan Mughal,Middle,79,82,9,7
T20I,Fanyan Mughal,Powerplay,167,166,25,9
T20I,Faraaz Mehti Abbas,Middle,269,246,26,16
T20I,Faraaz Mehti Abbas,Powerplay,144,152,20,3
T20I,Fargana Hoque,Death,171,129,19,10
T20I,Fargana Hoque,Middle,532,628,41,24
T20I,Fargana Hoque,Powerplay,249,382,28,10
T20I,Farwa Baber,Middle,79,64,10,2
T20I,Farzan Afzal,Powerplay,65,82,8,2
T20I,Fatima Sana,Death,567,387,79,18
T20I,Fatima Sana,Middle,318,308,40,10
T20I,Fawad Alam,Death,118,85,11,9
T20I,Fawad Alam,Middle,71,82,2,2
T20I,Fayaz Khan,Death,176,108,25,8
T20I,Fayaz Khan,Middle,239,181,30,12
T20I,Fayyaz Butt,Death,139,129,15,7
T20I,Festus Benn,Death,96,86,11,2
T20I,Festus Benn,Middle,116,180,11,8
T20I,Festus Benn,Powerplay,63,110,7,6
T20I,Fiaz Ahmed,Death,272,162,37,12
T20I,Fiaz Ahmed,Middle,947,825,94,25
T20I,Fiaz Ahmed,Powerplay,442,385,66,8
T20I,Fitri Sham,Death,75,81,7,12
T20I,Fiza,Death,96,87,10,4
T20I,Fiza,Middle,338,392,31,15
T20I,Fiza,Powerplay,200,298,22,8
T20I,G Ayan,Powerplay,46,83,6,5
T20I,G Bakiweyem,Death,70,88,2,8
T20I,G Burrows,Middle,296,250,31,8
T20I,G Burrows,Powerplay,110,107,13,2
T20I,G Candiru,Middle,160,207,9,7
T20I,G Candiru,Powerplay,118,153,12,6
T20I,G Cengiz,Middle,61,71,7,3
T20I,G Chaturvedi,Powerplay,78,81,11,6
T20I,G Chilia,Death,38,65,3,5
T20I,G Chilia,Middle,48,85,3,3
T20I,G Chohan,Death,85,60,10,6
T20I,G Chohan,Middle,56,80,3,7
T20I,G Gambhir,Middle,315,277,32,10
T20I,G Gambhir,Powerplay,568,492,83,16
T20I,G Ganbold,Powerplay,39,116,1,9
T20I,G Gune,Middle,188,179,17,9
T20I,G Gune,Powerplay,145,129,21,5
T20I,G Ilarionova,Middle,71,90,6,3
T20I,G Ingabire,Middle,72,102,10,3
T20I,G Ishimwe,Death,139,114,13,11
T20I,G Ishimwe,Middle,609,657,62,25
T20I,G Ishimwe,Powerplay,506,625,71,21
T20I,G Kansonkho,Middle,172,165,15,8
T20I,G Kansonkho,Powerplay,154,215,22,12
T20I,G Keles,Middle,61,69,9,5
T20I,G Keles,Powerplay,43,62,3,3
T20I,G Kodali,Death,66,74,4,9
T20I,G Madanayake,Middle,12,72,0,4
T20I,G Madanayake,Powerplay,78,152,6,3
T20I,G Malla,Middle,293,276,26,20
T20I,G Malla,Powerplay,435,353,64,10
T20I,G Manan,Powerplay,112,75,20,10
T20I,G Matome,Death,236,285,23,9
T20I,G Matome,Middle,287,506,25,18
T20I,G Matome,Powerplay,56,98,6,3
T20I,G Mckeon,Middle,504,307,61,13
T20I,G Mckeon,Powerplay,345,337,52,12
T20I,G Motie,Death,84,73,14,8
T20I,G Motie,Middle,82,65,8,4
T20I,G Ngegba,Middle,107,137,6,4
T20I,G Ngegba,Powerplay,128,140,19,10
T20I,G Obukor,Middle,93,90,8,2
T20I,G Obukor,Powerplay,64,127,5,5
T20I,G Oliveira,Death,60,63,6,4
T20I,G Sesay,Death,103,120,13,6
T20I,G Sesay,Middle,75,158,3,10
T20I,G Shukla,Middle,89,93,11,3
T20I,G Singh,Middle,249,248,25,10
T20I,G Singh,Powerplay,100,98,13,4
T20I,G Stewart,Death,138,79,19,5
T20I,G Stewart,Middle,161,130,18,11
T20I,G Stewart,Powerplay,233,134,42,3
T20I,G Thakur,Middle,103,92,12,6
T20I,G Thakur,Powerplay,112,95,17,3
T20I,G Urjindulam,Middle,11,73,1,6
T20I,G Venkateswaran,Middle,100,77,12,6
T20I,G Venkateswaran,Powerplay,160,179,20,8
T20I,G Voll,Middle,200,130,25,4
T20I,G Voll,Powerplay,376,264,67,11
T20I,G Wareham,Death,214,154,29,15
T20I,G Wareham,Middle,158,107,24,6
T20I,G Wetherall,Middle,96,114,11,4
T20I,G Wetherall,Powerplay,101,82,18,8
T20I,GA Priandana,Middle,615,564,71,31
T20I,GA Priandana,Powerplay,904,1003,131,35
T20I,GC Bhogle,Death,135,89,17,3
T20I,GC Bhogle,Middle,190,230,16,8
T20I,GC Bhogle,Powerplay,124,182,15,4
T20I,GC Murtaza,Death,104,88,14,9
T20I,GC Smith,Middle,283,222,31,15
T20I,GC Smith,Powerplay,570,501,95,14
T20I,GC Wilson,Death,246,167,31,14
T20I,GC Wilson,Middle,477,530,38,25
T20I,GC Wilson,Powerplay,117,150,16,3
T20I,GD Arta,Death,120,135,14,14
T20I,GD Arta,Middle,379,434,39,25
T20I,GD Arta,Powerplay,73,115,10,6
T20I,GD Elliott,Death,100,77,10,3
T20I,GD Elliott,Middle,71,82,5,5
T20I,GD Phillips,Death,533,298,70,23
T20I,GD Phillips,Middle,1433,1000,166,36
T20I,GD Phillips,Powerplay,260,296,33,11
T20I,GE Plimmer,Middle,205,184,17,12
T20I,GE Plimmer,Powerplay,429,435,59,23
T20I,GEM Brealey,Middle,51,70,3,4
T20I,GEM Brealey,Powerplay,52,87,2,2
T20I,GES Sullivan,Powerplay,50,68,5,3
T20I,GF Linde,Death,195,144,25,14
T20I,GF Linde,Middle,207,141,24,7
T20I,GG Alta,Middle,66,98,6,5
T20I,GG Banner,Middle,69,79,9,7
T20I,GH Dockrell,Death,645,428,76,36
T20I,GH Dockrell,Middle,484,415,52,18
T20I,GH Lewis,Death,239,198,31,15
T20I,GH Lewis,Middle,1392,1147,184,33
T20I,GH Lewis,Powerplay,1478,1388,252,46
T20I,GJ Bailey,Death,113,73,15,5
T20I,GJ Bailey,Middle,313,226,37,12
T20I,GJ Delany,Death,404,253,54,17
T20I,GJ Delany,Middle,497,430,45,26
T20I,GJ Delany,Powerplay,217,157,38,10
T20I,GJ Maxwell,Death,593,314,92,21
T20I,GJ Maxwell,Middle,1756,1258,215,64
T20I,GJ Maxwell,Powerplay,435,312,69,12
T20I,GJ van Rensburg,Middle,48,74,3,2
T20I,GK Berg,Middle,70,66,7,3
T20I,GK Diviya,Death,152,151,10,7
T20I,GK Diviya,Middle,267,489,20,17
T20I,GK Diviya,Powerplay,129,297,10,9
T20I,GK Ghalley,Death,177,146,21,13
T20I,GK Ghalley,Middle,157,203,17,12
T20I,GL Mushi,Middle,43,74,6,3
T20I,GM Harris,Death,332,193,50,12
T20I,GM Harris,Middle,192,128,26,6
T20I,GM Strydom,Middle,83,69,9,2
T20I,GP Meade,Death,112,80,13,7
T20I,GP Meade,Middle,174,202,13,10
T20I,GP Meade,Powerplay,57,70,7,4
T20I,GP Swann,Death,101,84,10,4
T20I,GR Adair,Middle,164,113,18,6
T20I,GR Adair,Powerplay,353,270,61,15
T20I,GR Russ,Death,84,82,7,4
T20I,GR Russ,Middle,83,100,10,3
T20I,GR Russ,Powerplay,36,61,3,3
T20I,GS Bajwa,Powerplay,101,99,14,5
T20I,GSNFG Jayasuriya,Middle,120,112,12,5
T20I,GSNFG Jayasuriya,Powerplay,60,68,9,4
T20I,GT Taylor,Middle,73,90,8,7
T20I,GT Taylor,Powerplay,155,207,23,10
T20I,GWHM Perera,Death,124,118,15,13
T20I,GWHM Perera,Middle,498,573,51,33
T20I,GWHM Perera,Powerplay,379,488,53,19
T20I,Gaurav Tiwari,Death,74,77,5,8
T20I,Gaurav Tiwari,Middle,204,220,21,7
T20I,Gaurav Tiwari,Powerplay,155,173,24,5
T20I,Geovanis Uwase,Death,79,85,6,11
T20I,Ghulam Abbas Butt,Powerplay,143,118,22,10
T20I,Ghulam Shabber,Powerplay,87,78,14,6
T20I,Gong Yuting,Middle,70,96,7,8
T20I,Guido Angeletti,Powerplay,75,96,7,6
T20I,Gull Feroza,Middle,164,166,18,7
T20I,Gull Feroza,Powerplay,357,353,58,24
T20I,Gulsan Jha,Death,281,193,37,19
T20I,Gulsan Jha,Middle,293,225,35,10
T20I,Gulsan Jha,Powerplay,60,61,7,1
T20I,Gurdeep Singh,Middle,76,70,8,7
T20I,Gurdeep Singh,Powerplay,214,179,37,5
T20I,Gurpratap Singh,Powerplay,103,71,15,4
T20I,Gurpreet Singh,Middle,61,64,6,4
T20I,H Agarwal,Middle,24,67,0,6
T20I,H Agarwal,Powerplay,26,77,4,3
T20I,H Bhullar,Powerplay,27,123,1,8
T20I,H Carlyon,Middle,277,207,29,8
T20I,H Carlyon,Powerplay,515,444,77,29
T20I,H Celik,Middle,84,76,8,4
T20I,H Davids,Powerplay,86,76,14,5
T20I,H Deol,Middle,148,164,15,9
T20I,H Deol,Powerplay,131,156,20,4
T20I,H Deshan,Middle,182,142,24,5
T20I,H Deshan,Powerplay,182,168,30,9
T20I,H Dhavina,Middle,19,97,1,3
T20I,H Doriga,Middle,117,143,17,13
T20I,H Doriga,Powerplay,169,171,29,4
T20I,H Goto,Death,68,94,1,11
T20I,H Goto,Middle,111,169,5,7
T20I,H Goto,Powerplay,87,199,6,7
T20I,H Hiri,Middle,136,156,13,7
T20I,H Hotchandani,Death,163,167,15,14
T20I,H Hotchandani,Middle,192,297,14,11
T20I,H Ishimwe,Death,380,301,44,24
T20I,H Ishimwe,Middle,468,550,51,22
T20I,H Ishimwe,Powerplay,62,99,8,9
T20I,H Iwasaki,Middle,130,130,18,13
T20I,H Iwasaki,Powerplay,132,154,18,12
T20I,H Jangariya,Middle,100,77,17,2
T20I,H Karunaratne,Middle,100,157,7,7
T20I,H Kaur,Death,925,641,123,45
T20I,H Kaur,Middle,2229,2061,251,54
T20I,H Kaur,Powerplay,256,350,36,8
T20I,H Kaushik,Middle,49,63,3,5
T20I,H Kerge,Middle,37,103,0,4
T20I,H Kerge,Powerplay,17,105,0,4
T20I,H Klaasen,Death,217,153,24,14
T20I,H Klaasen,Middle,712,490,92,26
T20I,H Klaasen,Powerplay,71,87,8,3
T20I,H Lakov,Death,107,96,9,5
T20I,H Lakov,Middle,419,385,32,13
T20I,H Lakov,Powerplay,504,490,59,14
T20I,H Leko,Middle,39,66,1,4
T20I,H Leko,Powerplay,84,159,7,3
T20I,H Lin Aung,Middle,111,162,13,14
T20I,H Lin Aung,Powerplay,50,116,4,9
T20I,H Lin Oo,Middle,59,102,4,8
T20I,H Lin Oo,Powerplay,72,76,9,4
T20I,H Madavi,Death,363,251,46,19
T20I,H Madavi,Middle,1080,1131,109,35
T20I,H Madavi,Powerplay,492,583,66,13
T20I,H Masakadza,Death,129,106,12,4
T20I,H Masakadza,Middle,371,360,29,20
T20I,H Masakadza,Powerplay,730,674,116,24
T20I,H McAleer,Middle,45,64,2,4
T20I,H Niaz,Powerplay,138,105,21,9
T20I,H Patel,Middle,93,82,9,6
T20I,H Patel,Powerplay,89,121,7,4
T20I,H Rashid,Middle,63,75,8,5
T20I,H Rathod,Death,135,94,16,3
T20I,H Rathod,Middle,43,63,4,2
T20I,H Satheedevi,Middle,94,61,15,5
T20I,H Singh,Death,193,112,30,10
T20I,H Singh,Middle,582,491,64,20
T20I,H Singh,Powerplay,215,176,34,5
T20I,H Thaker,Death,228,128,29,12
T20I,H Thaker,Middle,443,412,36,16
T20I,H Thaker,Powerplay,61,75,7,2
T20I,H Venkataram,Death,108,88,11,2
T20I,HA Jackson,Middle,130,185,9,11
T20I,HA Jackson,Powerplay,154,177,16,7
T20I,HAM Shah,Death,235,100,38,8
T20I,HAM Shah,Middle,618,499,64,16
T20I,HAM Shah,Powerplay,660,588,90,13
T20I,HASD Siriwardene,Death,145,147,17,13
T20I,HASD Siriwardene,Middle,435,527,37,21
T20I,HASD Siriwardene,Powerplay,87,120,9,5
T20I,HB Dickson,Middle,159,107,21,6
T20I,HB Dickson,Powerplay,262,202,44,11
T20I,HB Kayondo,Middle,58,60,6,3
T20I,HC Brook,Death,410,224,61,11
T20I,HC Brook,Middle,988,658,117,29
T20I,HC Brook,Powerplay,264,169,41,5
T20I,HC Knight,Death,786,495,109,34
T20I,HC Knight,Middle,1592,1428,181,46
T20I,HC Knight,Powerplay,144,206,19,6
T20I,HD Rutherford,Powerplay,103,71,15,4
T20I,HDJ Siegers,Death,115,81,16,8
T20I,HDJ Siegers,Middle,398,362,45,10
T20I,HDJ Siegers,Powerplay,761,664,114,45
T20I,HDRL Thirimanne,Middle,195,178,21,7
T20I,HE van der Dussen,Death,418,234,54,14
T20I,HE van der Dussen,Middle,722,644,60,17
T20I,HE van der Dussen,Powerplay,266,251,37,10
T20I,HER Tyler,Middle,136,147,15,11
T20I,HER Tyler,Powerplay,174,136,27,11
T20I,HG Munsey,Death,92,67,11,5
T20I,HG Munsey,Middle,852,568,104,30
T20I,HG Munsey,Powerplay,1564,1191,264,40
T20I,HGV Vare,Death,66,68,8,7
T20I,HH Gibbs,Middle,223,175,29,9
T20I,HH Gibbs,Powerplay,133,139,20,12
T20I,HH Pandya,Death,1308,792,179,52
T20I,HH Pandya,Middle,824,740,90,25
T20I,HH Pandya,Powerplay,89,64,14,1
T20I,HJ Jordaan,Middle,106,126,10,5
T20I,HJ Jordaan,Powerplay,41,69,4,1
T20I,HJ Manenti,Middle,274,254,27,10
T20I,HJ Manenti,Powerplay,75,67,13,2
T20I,HJ Thomas,Death,104,110,10,9
T20I,HJ Thomas,Middle,142,213,14,9
T20I,HJ Thomas,Powerplay,27,67,2,1
T20I,HK Kukreja,Powerplay,53,68,5,3
T20I,HK Matthews,Death,268,178,41,10
T20I,HK Matthews,Middle,1291,1047,172,39
T20I,HK Matthews,Powerplay,1629,1627,258,52
T20I,HL Tau,Death,51,68,2,2
T20I,HM Amla,Middle,391,344,31,11
T20I,HM Amla,Powerplay,811,594,131,19
T20I,HM Nicholls,Middle,50,64,3,4
T20I,HM Omary,Death,134,105,16,4
T20I,HM Omary,Middle,407,467,38,24
T20I,HM Omary,Powerplay,121,187,12,5
T20I,HM Rowe,Death,115,103,12,8
T20I,HMD Rasangika,Death,187,143,27,4
T20I,HMD Rasangika,Middle,600,529,90,17
T20I,HMD Rasangika,Powerplay,408,448,68,10
T20I,HMHE Parsons,Middle,87,88,8,4
T20I,HMHE Parsons,Powerplay,64,68,10,7
T20I,HML Madushani,Powerplay,42,72,6,3
T20I,HNK Jensen,Death,68,76,7,6
T20I,HNK Jensen,Middle,55,84,4,8
T20I,HR Walsh,Death,90,82,10,7
T20I,HR Walsh,Middle,57,69,4,2
T20I,HS Gericke,Middle,259,145,33,6
T20I,HS Gericke,Powerplay,125,108,16,6
T20I,HT Tector,Death,300,214,37,16
T20I,HT Tector,Middle,1005,849,84,34
T20I,HT Tector,Powerplay,369,384,53,16
T20I,HV Mandhyan,Middle,100,108,9,5
T20I,HV Mandhyan,Powerplay,50,78,7,6
T20I,HWA Landheer,Death,65,83,6,7
T20I,Habeeba Bader,Middle,36,70,3,1
T20I,Habib Ahmadzai,Powerplay,88,92,11,4
T20I,Habib Khan,Middle,221,199,22,9
T20I,Habib Khan,Powerplay,326,271,50,12
T20I,Hadisullah Tarakhel,Powerplay,165,104,30,6
T20I,Haider Ali,Death,112,89,13,12
T20I,Haider Ali,Middle,304,250,36,16
T20I,Haider Ali,Powerplay,132,115,19,8
T20I,Haider Butt,Death,332,198,45,17
T20I,Haider Butt,Middle,828,746,75,20
T20I,Haider Butt,Powerplay,164,148,29,3
T20I,Hamid Mahmood,Death,104,80,13,4
T20I,Hamid Mahmood,Middle,126,147,9,3
T20I,Hamid Mahmood,Powerplay,70,66,10,2
T20I,Hamid Safi,Death,106,67,15,4
T20I,Hamid Safi,Middle,105,84,14,7
T20I,Hammad Mirza,Middle,226,213,21,13
T20I,Hammad Mirza,Powerplay,180,196,24,7
T20I,Hamza Dar,Death,272,127,41,6
T20I,Hamza Dar,Middle,361,319,35,11
T20I,Hamza Khan,Death,204,121,28,4
T20I,Hamza Khan,Middle,465,432,46,14
T20I,Hamza Khan,Powerplay,574,498,86,17
T20I,Hamza Tariq,Death,148,93,18,7
T20I,Han Lili,Middle,53,72,4,1
T20I,Harbhajan Singh,Death,85,65,12,6
T20I,Haris Rauf,Death,102,95,12,12
T20I,Haris Sohail,Middle,115,105,9,4
T20I,Haris Sohail,Powerplay,62,81,7,5
T20I,Harmeet Singh,Death,170,108,21,11
T20I,Harmeet Singh,Middle,72,63,7,4
T20I,Haroon Arshad,Death,132,105,13,10
T20I,Haroon Arshad,Middle,161,129,16,7
T20I,Harper Chalmers,Powerplay,33,83,1,3
T20I,Hasan Ali,Death,139,89,18,11
T20I,Haseeb Ghafoor,Middle,74,73,8,1
T20I,Hassan Nawaz,Middle,306,187,40,8
T20I,Hassan Rasheed,Middle,110,133,9,8
T20I,Hayatullah Niazi,Middle,89,64,10,2
T20I,Hilva Noor,Middle,34,63,0,1
T20I,Hisham Sheikh,Death,126,109,12,9
T20I,Hisham Sheikh,Middle,234,273,11,8
T20I,Hiu Ying Cheung,Death,83,110,7,14
T20I,Huang Zhuo,Middle,58,122,5,2
T20I,Hussain Talat,Middle,283,255,25,12
T20I,Hussain Talat,Powerplay,106,99,15,2
T20I,Huzaifa Mohammed,Death,68,75,2,2
T20I,Huzaifa Mohammed,Middle,48,80,2,3
T20I,I Asif,Middle,133,138,14,10
T20I,I Asif,Powerplay,77,94,13,4
T20I,I Barma,Death,241,200,26,15
T20I,I Barma,Middle,669,836,58,30
T20I,I Barma,Powerplay,324,440,28,22
T20I,I Chathurani,Death,131,120,12,2
T20I,I Chathurani,Middle,221,293,12,5
T20I,I Chathurani,Powerplay,144,185,11,0
T20I,I Chuma,Death,85,131,7,9
T20I,I Chuma,Middle,138,239,12,12
T20I,I Danladi,Death,227,173,27,14
T20I,I Danladi,Middle,769,734,83,29
T20I,I Danladi,Powerplay,326,253,48,8
T20I,I Dulani,Middle,223,213,30,6
T20I,I Dulani,Powerplay,209,194,38,9
T20I,I Elec,Middle,63,75,6,3
T20I,I Elec,Powerplay,41,102,4,10
T20I,I Goordial-John,Middle,63,108,1,5
T20I,I Goordial-John,Powerplay,42,95,1,2
T20I,I Kaia,Middle,92,66,13,6
T20I,I Kaia,Powerplay,218,196,28,10
T20I,I Liyanage,Middle,485,377,54,14
T20I,I Liyanage,Powerplay,521,476,84,16
T20I,I Nakisuuyi,Death,195,158,28,10
T20I,I Nakisuuyi,Middle,748,949,79,37
T20I,I Nakisuuyi,Powerplay,288,506,29,14
T20I,I Nandakumar,Death,44,80,2,7
T20I,I Niyomugabo,Death,159,110,22,9
T20I,I Niyomugabo,Middle,443,469,37,15
T20I,I Niyomugabo,Powerplay,227,287,31,10
T20I,I Ntirenganya,Death,86,110,10,8
T20I,I Ranaweera,Death,47,96,3,8
T20I,I Shukla,Middle,9,60,0,4
T20I,I Suhun,Middle,51,88,5,9
T20I,I Takahashi,Death,338,186,51,16
T20I,I Takahashi,Middle,261,260,25,14
T20I,I Takahashi,Powerplay,63,67,8,5
T20I,I Tchakou,Powerplay,89,121,13,13
T20I,I Toua,Death,92,118,9,9
T20I,I Udana,Death,188,119,23,11
T20I,I Udana,Middle,68,72,7,3
T20I,I Vrignaud,Death,48,112,5,5
T20I,I Vrignaud,Middle,49,123,2,2
T20I,I Waqavakatoga,Middle,65,86,6,5
T20I,I Waqavakatoga,Powerplay,94,182,14,7
T20I,I van Zyl,Death,73,124,3,9
T20I,I van Zyl,Middle,91,175,1,9
T20I,IA De Silva,Middle,266,233,36,10
T20I,IA De Silva,Powerplay,272,317,38,11
T20I,IA Karim,Death,267,186,31,9
T20I,IA Karim,Middle,647,627,55,11
T20I,IA Karim,Powerplay,284,340,38,7
T20I,IC Gaze,Death,177,145,17,7
T20I,IC Gaze,Middle,142,139,16,7
T20I,IC Gaze,Powerplay,238,203,42,10
T20I,IDA Damarell,Death,99,65,16,8
T20I,IDA Damarell,Middle,250,224,29,10
T20I,IDA Damarell,Powerplay,150,166,18,7
T20I,IDM Latin,Death,216,142,26,13
T20I,IDM Latin,Middle,547,485,66,16
T20I,IDM Latin,Powerplay,66,69,9,4
T20I,IE Mulhovo,Middle,57,168,3,11
T20I,IE Mulhovo,Powerplay,87,259,6,9
T20I,IG Sharp,Death,118,82,14,6
T20I,IG Sharp,Middle,92,87,10,3
T20I,II Selemani,Middle,370,278,43,18
T20I,II Selemani,Powerplay,1014,708,180,36
T20I,IJL Trott,Middle,65,64,5,2
T20I,IJL Trott,Powerplay,69,79,7,2
T20I,IJR Zwilling,Death,257,251,22,19
T20I,IJR Zwilling,Middle,288,404,15,16
T20I,IJR Zwilling,Powerplay,347,354,49,19
T20I,IK Gamantika,Death,294,251,30,20
T20I,IK Gamantika,Middle,611,692,58,30
T20I,IK Gamantika,Powerplay,155,206,18,8
T20I,IK Pathan,Middle,52,68,2,2
T20I,IKEG Artawan,Death,324,317,42,31
T20I,IKEG Artawan,Middle,125,190,14,10
T20I,IM Vaghela,Death,149,155,10,8
T20I,IM Vaghela,Middle,238,281,22,11
T20I,IM Vaghela,Powerplay,69,102,10,4
T20I,IMHC Joyce,Middle,268,319,24,13
T20I,IMHC Joyce,Powerplay,76,123,10,4
T20I,IO Okpe,Death,517,384,54,36
T20I,IO Okpe,Middle,279,379,11,18
T20I,IP Swaney,Middle,80,65,11,5
T20I,IR Bell,Powerplay,128,111,19,3
T20I,IS Sodhi,Death,213,187,23,25
T20I,IY Mckeon,Middle,84,70,11,2
T20I,IY Mckeon,Powerplay,123,137,21,7
T20I,Ibrahim Hassan,Death,129,149,11,14
T20I,Ibrahim Hassan,Middle,52,96,3,6
T20I,Ibrahim Kursad Dalyan,Death,92,69,13,6
T20I,Ibrahim Kursad Dalyan,Middle,51,80,6,1
T20I,Ibrahim Nashath,Death,51,61,3,3
T20I,Ibrahim Nashath,Middle,31,69,2,4
T20I,Ibrahim Rahimi,Death,229,127,30,10
T20I,Ibrahim Rahimi,Middle,148,100,21,5
T20I,Ibrahim Rahimi,Powerplay,99,79,14,8
T20I,Ibrahim Rizan,Death,91,122,7,11
T20I,Idrees Ul Haque,Powerplay,222,167,39,9
T20I,Iftikhar Ahmed,Death,374,243,46,20
T20I,Iftikhar Ahmed,Middle,501,441,51,17
T20I,Ijaz Hussain,Death,59,61,5,7
T20I,Ikramullah Khan,Death,145,103,20,11
T20I,Ikramullah Khan,Middle,156,145,17,4
T20I,Ikramullah Khan,Powerplay,46,61,6,5
T20I,Ilenia Sims,Death,66,67,3,5
T20I,Ilenia Sims,Middle,269,299,19,6
T20I,Ilenia Sims,Powerplay,111,158,13,6
T20I,Ilyas Ataullah,Middle,86,70,12,5
T20I,Ilyas Ataullah,Powerplay,179,165,30,10
T20I,Imad Wasim,Death,302,203,40,21
T20I,Imad Wasim,Middle,157,134,20,10
T20I,Imal Zuwak,Middle,280,259,26,15
T20I,Imal Zuwak,Powerplay,353,384,43,17
T20I,Imran Ali Butt,Middle,212,220,21,5
T20I,Imran Ali Butt,Powerplay,170,189,25,8
T20I,Imran Ameer,Death,111,80,13,2
T20I,Imran Ameer,Middle,164,172,18,9
T20I,Imran Anwar,Death,209,167,27,22
T20I,Imran Anwar,Middle,530,409,65,16
T20I,Imran Anwar,Powerplay,336,310,46,19
T20I,Imran Farhat,Powerplay,76,77,15,7
T20I,Imran Nazir,Middle,128,88,18,5
T20I,Imran Nazir,Powerplay,340,274,58,15
T20I,Imrul Kayes,Powerplay,102,115,17,7
T20I,Iqbal Hossain,Powerplay,321,181,55,11
T20I,Iqra Sahar,Death,52,105,1,13
T20I,Iram Javed,Death,86,112,9,14
T20I,Iram Javed,Middle,248,292,30,20
T20I,Iram Javed,Powerplay,137,170,19,9
T20I,Irdina Beh Nabil,Death,63,85,5,8
T20I,Irfan Ahmed,Powerplay,52,64,7,4
T20I,Irfan Hafejee,Middle,304,335,36,10
T20I,Irfan Hafejee,Powerplay,28,82,3,3
T20I,Irfan Ringku,Middle,133,118,16,6
T20I,Irfan Ringku,Powerplay,236,148,41,8
T20I,Irfan Safi,Death,78,60,11,6
T20I,Isa Zaroo,Middle,243,229,23,11
T20I,Isa Zaroo,Powerplay,319,263,51,13
T20I,Isabel Walker,Middle,75,81,9,2
T20I,Ishan Kishan,Middle,727,448,100,21
T20I,Ishan Kishan,Powerplay,807,646,131,26
T20I,Ismail Ali,Middle,81,69,8,3
T20I,Ismail Ali,Powerplay,68,67,8,4
T20I,Ismail Kara,Middle,98,75,16,4
T20I,Izaz Ali,Middle,158,134,21,11
T20I,J Albin,Death,103,122,11,4
T20I,J Alegra,Middle,90,109,6,6
T20I,J Alegra,Powerplay,44,64,4,3
T20I,J Andrew,Powerplay,67,64,9,3
T20I,J Baker,Middle,336,296,38,11
T20I,J Baker,Powerplay,601,462,96,10
T20I,J Baleicikoibia,Middle,69,107,5,6
T20I,J Bangura,Middle,257,345,15,16
T20I,J Bangura,Powerplay,195,259,25,17
T20I,J Barker,Death,158,121,16,6
T20I,J Barker,Middle,189,222,12,6
T20I,J Barker,Powerplay,62,118,3,5
T20I,J Botha,Death,114,86,14,9
T20I,J Botha,Middle,82,87,8,3
T20I,J Broad,Middle,142,113,16,4
T20I,J Broad,Powerplay,146,137,13,3
T20I,J Bulele,Middle,219,216,19,9
T20I,J Bulele,Powerplay,224,300,34,6
T20I,J Butler,Middle,355,302,33,15
T20I,J Butler,Powerplay,509,462,73,13
T20I,J Byrappa,Middle,135,108,18,6
T20I,J Byrappa,Powerplay,92,110,7,2
T20I,J Campbell,Middle,162,137,16,8
T20I,J Charles,Middle,478,366,56,22
T20I,J Charles,Powerplay,915,769,157,37
T20I,J Chialoufas,Middle,79,84,7,3
T20I,J Coetzee,Death,111,63,16,4
T20I,J Coetzee,Middle,227,264,17,12
T20I,J Dzulfikar,Middle,32,65,2,5
T20I,J Dzulfikar,Powerplay,87,113,11,7
T20I,J Erdenesuvd,Middle,8,62,0,4
T20I,J Essex,Powerplay,54,72,8,2
T20I,J Evans,Middle,53,86,3,3
T20I,J Fernando,Death,104,87,14,8
T20I,J Fernando,Middle,85,72,7,2
T20I,J Fraser-McGurk,Powerplay,79,62,16,7
T20I,J Glasgow,Death,124,116,13,7
T20I,J Glasgow,Middle,108,115,12,3
T20I,J Goswami,Death,129,125,11,13
T20I,J Guatam,Powerplay,87,74,15,2
T20I,J Gunasekar,Middle,367,378,27,12
T20I,J Gunasekar,Powerplay,519,512,62,5
T20I,J Hermann,Powerplay,94,63,15,2
T20I,J Intan,Death,67,103,3,7
T20I,J Intan,Middle,55,101,6,7
T20I,J Jemison,Death,57,73,5,7
T20I,J Jemison,Middle,125,186,9,11
T20I,J King,Middle,33,77,3,4
T20I,J King,Powerplay,10,72,0,2
T20I,J Kominkova,Middle,52,115,6,12
T20I,J Kominkova,Powerplay,39,100,5,1
T20I,J Little,Death,100,119,10,7
T20I,J Liyanage,Middle,116,104,10,5
T20I,J Maguire,Death,73,69,5,6
T20I,J Martins,Middle,112,101,10,5
T20I,J Martins,Powerplay,76,63,11,2
T20I,J Masquater,Powerplay,61,78,10,6
T20I,J Mbabazi,Death,89,89,10,3
T20I,J Mbabazi,Middle,517,689,48,37
T20I,J Mbabazi,Powerplay,704,933,85,31
T20I,J Mees,Death,98,68,13,4
T20I,J Mees,Middle,378,297,47,18
T20I,J Mees,Powerplay,130,164,15,3
T20I,J Miyaji,Death,132,113,14,17
T20I,J Miyaji,Middle,106,115,6,4
T20I,J Mosca,Middle,130,99,11,3
T20I,J Mosca,Powerplay,353,246,59,14
T20I,J Mubarak,Death,133,83,17,5
T20I,J Mubarak,Middle,57,70,4,4
T20I,J Nkomo,Death,274,265,23,18
T20I,J Nkomo,Middle,229,325,17,3
T20I,J Overton,Death,65,65,6,7
T20I,J Pandey,Middle,104,117,8,4
T20I,J Pandey,Powerplay,82,131,12,3
T20I,J Post,Middle,42,76,3,5
T20I,J Ramanandi,Middle,48,67,3,7
T20I,J Rasu,Middle,320,287,29,17
T20I,J Rasu,Powerplay,270,286,31,8
T20I,J Sanele,Powerplay,77,110,7,5
T20I,J Singye,Death,103,88,10,9
T20I,J Singye,Middle,186,290,9,10
T20I,J Singye,Powerplay,60,107,2,2
T20I,J Souckova,Middle,42,71,5,3
T20I,J Sumerauer,Death,188,123,18,8
T20I,J Sumerauer,Middle,116,89,14,6
T20I,J Taanyanda,Middle,104,64,13,2
T20I,J Thomas,Middle,35,72,0,5
T20I,J Trembeath-Moro,Middle,67,81,4,2
T20I,J Tuffin,Death,136,102,13,6
T20I,J Tuffin,Middle,87,137,3,6
T20I,J Tugsjargal,Middle,33,76,2,3
T20I,J Tugsjargal,Powerplay,17,77,1,4
T20I,J Vijay,Powerplay,146,111,25,5
T20I,J Vira,Death,80,74,8,7
T20I,J van Heerden,Middle,255,213,24,6
T20I,J van Heerden,Powerplay,285,200,48,4
T20I,JA Burns,Middle,83,69,7,2
T20I,JA Burns,Powerplay,116,99,19,3
T20I,JA Clarkson,Death,118,74,15,4
T20I,JA Diergaardt,Death,237,230,25,15
T20I,JA Diergaardt,Middle,371,528,30,31
T20I,JA Diergaardt,Powerplay,255,394,38,17
T20I,JA Fitzgerald,Death,248,171,29,15
T20I,JA Fitzgerald,Middle,78,76,6,4
T20I,JA Morkel,Death,350,209,44,16
T20I,JA Morkel,Middle,185,167,20,5
T20I,JA Rymer,Middle,33,96,1,2
T20I,JA Rymer,Powerplay,48,88,6,3
T20I,JA Stiglitz,Middle,61,97,8,6
T20I,JAN Ngono,Middle,29,82,1,7
T20I,JAN Ngono,Powerplay,67,128,10,3
T20I,JB Abega,Middle,50,92,4,11
T20I,JB Nero,Middle,73,83,8,2
T20I,JB Nero,Powerplay,42,86,6,5
T20I,JC Archer,Death,115,77,16,9
T20I,JC Balt,Death,71,72,5,5
T20I,JC Buttler,Death,624,382,78,29
T20I,JC Buttler,Middle,1853,1339,217,50
T20I,JC Buttler,Powerplay,1806,1221,290,40
T20I,JC Cullen,Middle,75,126,3,11
T20I,JD Allan,Middle,57,67,4,9
T20I,JD Allan,Powerplay,77,92,10,4
T20I,JD Freyone,Middle,49,70,3,4
T20I,JD Ryder,Middle,187,116,25,5
T20I,JD Ryder,Powerplay,250,226,38,13
T20I,JDP Oram,Death,290,171,39,18
T20I,JDP Oram,Middle,176,167,20,4
T20I,JDS Neesham,Death,601,416,74,32
T20I,JDS Neesham,Middle,470,362,60,18
T20I,JE Cameron,Death,88,71,9,3
T20I,JE Cameron,Middle,195,202,17,9
T20I,JE Cameron,Powerplay,41,62,5,3
T20I,JE Ronalds,Death,182,188,15,9
T20I,JE Ronalds,Middle,341,393,21,5
T20I,JE Ronalds,Powerplay,206,366,12,9
T20I,JE Root,Death,132,85,19,5
T20I,JE Root,Middle,502,427,50,15
T20I,JE Root,Powerplay,247,207,37,2
T20I,JE Taylor,Death,92,72,13,6
T20I,JEA Doctora,Middle,70,97,8,6
T20I,JEC Franklin,Death,182,136,21,9
T20I,JEC Franklin,Middle,243,198,27,11
T20I,JEC Franklin,Powerplay,38,64,3,2
T20I,JF Mooney,Death,111,83,13,5
T20I,JF Mooney,Middle,65,80,6,4
T20I,JF Smith,Middle,80,68,9,4
T20I,JG Bethell,Death,188,93,25,5
T20I,JG Bethell,Middle,339,263,41,11
T20I,JG Bethell,Powerplay,259,184,42,10
T20I,JG Kimaro,Middle,65,96,6,6
T20I,JH Davey,Death,91,65,10,3
T20I,JH Kallis,Middle,310,254,28,8
T20I,JH Kallis,Powerplay,268,241,39,5
T20I,JI Rodrigues,Death,461,298,62,24
T20I,JI Rodrigues,Middle,1707,1398,198,50
T20I,JI Rodrigues,Powerplay,620,717,82,21
T20I,JJ Atkinson,Middle,148,126,17,4
T20I,JJ Atkinson,Powerplay,139,149,19,13
T20I,JJ Huo,Middle,307,219,43,8
T20I,JJ Huo,Powerplay,315,265,56,12
T20I,JJ Roy,Middle,404,284,52,24
T20I,JJ Roy,Powerplay,1113,854,170,36
T20I,JJ Smit,Death,679,421,86,24
T20I,JJ Smit,Middle,591,462,63,13
T20I,JJ Tucker,Middle,66,66,9,3
T20I,JK Vifah,Middle,128,111,15,10
T20I,JK Vifah,Powerplay,243,250,32,14
T20I,JKC Claxton,Middle,40,64,5,3
T20I,JKD Andreano,Powerplay,47,109,4,11
T20I,JL Gunn,Death,141,146,11,11
T20I,JL Jonassen,Death,70,77,7,11
T20I,JL Jonassen,Middle,130,155,8,10
T20I,JL Jonassen,Powerplay,69,92,9,6
T20I,JL Ontong,Middle,128,90,13,7
T20I,JM Bairstow,Death,232,155,29,6
T20I,JM Bairstow,Middle,918,654,113,33
T20I,JM Bairstow,Powerplay,509,431,80,16
T20I,JM Joao,Powerplay,49,60,7,1
T20I,JM Kemp,Middle,142,104,18,2
T20I,JM Kerr,Death,147,125,15,12
T20I,JM Kerr,Middle,80,81,9,4
T20I,JM Nthenya,Death,42,70,5,5
T20I,JM Vince,Middle,265,211,31,8
T20I,JM Vince,Powerplay,152,120,23,5
T20I,JM Vujinovich,Middle,100,143,7,3
T20I,JN Dorji,Powerplay,58,79,7,5
T20I,JN Frylinck,Death,219,182,19,14
T20I,JN Frylinck,Middle,682,568,62,19
T20I,JN Frylinck,Powerplay,609,464,97,20
T20I,JN Loftie-Eaton,Death,100,63,14,6
T20I,JN Loftie-Eaton,Middle,398,305,48,24
T20I,JN Loftie-Eaton,Powerplay,318,247,51,11
T20I,JN Malan,Powerplay,194,142,31,6
T20I,JNK Shannon,Powerplay,74,63,12,4
T20I,JO Adedeji,Death,77,69,8,6
T20I,JO Adedeji,Middle,476,548,44,21
T20I,JO Adedeji,Powerplay,195,279,24,7
T20I,JO Holder,Death,516,302,74,22
T20I,JO Holder,Middle,373,330,39,19
T20I,JOP Scamans,Death,71,62,6,7
T20I,JP Duminy,Death,650,378,87,19
T20I,JP Duminy,Middle,1032,918,90,20
T20I,JP Duminy,Powerplay,198,238,27,8
T20I,JP Faulkner,Death,116,93,9,10
T20I,JP Inglis,Death,96,62,15,7
T20I,JP Inglis,Middle,608,383,76,19
T20I,JP Inglis,Powerplay,329,232,57,13
T20I,JP Kaltapau,Death,90,79,7,2
T20I,JP Kaltapau,Middle,225,237,18,13
T20I,JP Kaltapau,Powerplay,96,122,10,2
T20I,JP Kotze,Death,104,69,15,4
T20I,JP Kotze,Middle,322,286,35,17
T20I,JP Kotze,Powerplay,429,385,75,17
T20I,JP Netto,Middle,69,64,6,4
T20I,JR Barry,Death,73,93,5,5
T20I,JR Barry,Middle,77,141,6,2
T20I,JR Newton,Middle,51,65,3,2
T20I,JR Philippe,Middle,95,77,8,6
T20I,JR Philippe,Powerplay,91,99,10,8
T20I,JS Iggo,Powerplay,53,71,4,4
T20I,JS Kundi,Middle,88,106,8,6
T20I,JS Malhotra,Middle,97,98,7,6
T20I,JS Malhotra,Powerplay,94,91,13,4
T20I,JS Pooranakaran,Death,6,63,0,8
T20I,JT Smuts,Middle,61,60,6,3
T20I,JT Smuts,Powerplay,172,169,28,14
T20I,JV Chand,Death,126,88,17,6
T20I,JV Chand,Middle,158,180,12,5
T20I,JW Jenner,Death,195,121,22,8
T20I,JW Jenner,Middle,816,602,88,24
T20I,JW Jenner,Powerplay,344,234,56,6
T20I,Jagrat Dubey,Middle,55,154,3,6
T20I,Jahanara Alam,Death,86,98,5,10
T20I,Jai Sinh,Middle,115,110,14,8
T20I,Jaker Ali,Death,385,247,49,16
T20I,Jaker Ali,Middle,301,319,26,8
T20I,Jakir Patel,Middle,127,124,14,6
T20I,Jakir Patel,Powerplay,62,60,9,4
T20I,Jakob Gul,Death,126,89,17,11
T20I,Jamshid Nasiri,Middle,92,94,11,6
T20I,Janak Prakash,Death,271,188,33,14
T20I,Janak Prakash,Middle,218,211,15,12
T20I,Jasdeep Singh,Death,69,75,6,9
T20I,Jaspal Singh,Death,256,166,34,11
T20I,Jaspal Singh,Middle,385,360,46,17
T20I,Jaspal Singh,Powerplay,80,143,10,3
T20I,Jaswinder Singh,Death,65,80,5,8
T20I,Jatinder Singh,Middle,598,451,72,19
T20I,Jatinder Singh,Powerplay,828,747,121,37
T20I,Javed Hina,Death,100,94,13,5
T20I,Javed Hina,Middle,128,202,11,9
T20I,Javed Hina,Powerplay,41,87,4,2
T20I,Javeria Khan,Death,108,86,13,5
T20I,Javeria Khan,Middle,494,517,46,25
T20I,Javeria Khan,Powerplay,597,734,83,29
T20I,Javeria Rauf,Powerplay,75,107,10,6
T20I,Javid Patel,Middle,58,75,7,7
T20I,Jayasooriya,Death,51,68,3,5
T20I,Jiaping Li,Middle,43,92,1,5
T20I,Jiaping Li,Powerplay,87,189,6,10
T20I,Jing Yang,Powerplay,43,112,6,4
T20I,Jitin Singh,Middle,133,122,18,9
T20I,Jordan O'Brien,Middle,156,164,17,11
T20I,Juairiya Ferdous,Middle,113,80,15,6
T20I,Juairiya Ferdous,Powerplay,267,284,41,15
T20I,Junaid Aziz,Death,370,257,48,19
T20I,Junaid Aziz,Middle,294,352,27,12
T20I,Junaid Aziz,Powerplay,63,95,7,2
T20I,Junaid Mehmood,Middle,93,106,8,7
T20I,Junaid Siddique,Death,80,79,9,11
T20I,Junaid Siddique,Powerplay,108,77,18,4
T20I,K Abdulquadri,Powerplay,49,119,3,6
T20I,K Arua,Death,116,105,9,3
T20I,K Arua,Middle,95,168,7,6
T20I,K Awino,Death,153,186,11,11
T20I,K Awino,Middle,265,387,17,15
T20I,K Awino,Powerplay,271,515,29,18
T20I,K Bhurtel,Death,188,110,24,10
T20I,K Bhurtel,Middle,782,583,86,19
T20I,K Bhurtel,Powerplay,1320,1045,215,39
T20I,K Brock-Nielsen,Middle,27,64,1,5
T20I,K Brock-Nielsen,Powerplay,28,82,3,5
T20I,K Canavarci,Middle,46,63,4,7
T20I,K Canavarci,Powerplay,31,64,3,3
T20I,K Dema,Middle,51,105,2,8
T20I,K Dema,Powerplay,74,180,7,8
T20I,K Doriga,Death,142,111,15,12
T20I,K Doriga,Middle,102,129,5,6
T20I,K Fraser,Death,73,97,6,10
T20I,K Fraser,Middle,146,143,19,8
T20I,K Fraser,Powerplay,295,240,50,10
T20I,K Hinds,Middle,166,196,17,12
T20I,K Hinds,Powerplay,101,103,18,10
T20I,K Irakoze,Death,105,116,8,12
T20I,K Irakoze,Middle,173,168,20,18
T20I,K Jaikaran,Middle,44,62,6,7
T20I,K John,Powerplay,39,77,4,2
T20I,K Joshi,Death,186,181,23,15
T20I,K Joshi,Middle,134,254,11,14
T20I,K Kadowaki-Fleming,Death,122,65,14,6
T20I,K Kadowaki-Fleming,Middle,844,599,99,20
T20I,K Kadowaki-Fleming,Powerplay,813,670,112,19
T20I,K Klesse,Middle,112,108,10,4
T20I,K Krishnakumar,Middle,172,159,14,4
T20I,K Krishnakumar,Powerplay,58,63,7,3
T20I,K Kunwar,Death,127,118,13,8
T20I,K Kunwar,Middle,197,280,10,17
T20I,K Kunwar,Powerplay,176,246,24,13
T20I,K McGill,Middle,104,120,9,8
T20I,K Mendon,Middle,59,77,5,1
T20I,K Meso,Middle,40,61,2,2
T20I,K Mirpuri,Death,146,145,11,5
T20I,K Mirpuri,Middle,92,100,9,2
T20I,K Mishara,Middle,219,185,20,6
T20I,K Mishara,Powerplay,281,239,47,15
T20I,K Modise,Powerplay,55,62,9,6
T20I,K Motlanka,Death,112,78,14,6
T20I,K Motlanka,Middle,480,498,46,23
T20I,K Motlanka,Powerplay,651,636,90,14
T20I,K Nassoro,Death,256,173,30,13
T20I,K Nassoro,Middle,502,571,51,27
T20I,K Nassoro,Powerplay,114,146,16,3
T20I,K Ndlovu,Death,85,70,9,5
T20I,K Ndlovu,Middle,529,517,69,23
T20I,K Ndlovu,Powerplay,602,725,92,27
T20I,K Nestor,Death,62,65,6,9
T20I,K Nestor,Middle,126,144,16,10
T20I,K Oala,Middle,138,102,19,3
T20I,K Oala,Powerplay,216,218,39,13
T20I,K Ota,Death,54,88,3,5
T20I,K Ota,Middle,45,98,1,7
T20I,K Ota,Powerplay,30,60,2,2
T20I,K Pandya,Middle,53,98,1,3
T20I,K Peddrick,Death,77,82,8,5
T20I,K Peddrick,Middle,50,87,6,7
T20I,K Piet,Death,143,176,9,13
T20I,K Rabada,Death,151,133,19,10
T20I,K Reyneke,Death,166,98,25,2
T20I,K Robert,Middle,39,76,2,2
T20I,K Sathish,Powerplay,71,77,11,4
T20I,K Sequiera,Powerplay,72,88,4,1
T20I,K Shrestha,Middle,46,96,3,9
T20I,K Shrestha,Powerplay,163,235,18,13
T20I,K Srandeva,Middle,31,123,0,6
T20I,K Srandeva,Powerplay,18,75,0,4
T20I,K Tathgur,Middle,73,64,7,3
T20I,K Tereza,Death,34,73,3,2
T20I,K Tesarikova,Middle,148,151,19,9
T20I,K Tesarikova,Powerplay,185,193,28,9
T20I,K Vijayaraghavan,Death,64,98,4,3
T20I,K Vijayaraghavan,Middle,116,231,6,12
T20I,K Vijayaraghavan,Powerplay,136,244,10,8
T20I,K Waiswa,Death,196,146,23,10
T20I,K Waiswa,Middle,287,300,32,20
T20I,K Waiswa,Powerplay,147,183,20,8
T20I,K Winda Prastini,Middle,93,121,6,2
T20I,K Winda Prastini,Powerplay,63,140,5,5
T20I,KA Green,Death,163,171,16,11
T20I,KA Green,Middle,609,701,67,27
T20I,KA Green,Powerplay,430,583,53,28
T20I,KA Jamieson,Death,81,62,8,7
T20I,KA Maharaj,Death,89,90,9,7
T20I,KA Pollard,Death,730,451,98,30
T20I,KA Pollard,Middle,706,648,80,27
T20I,KA Pollard,Powerplay,83,79,11,3
T20I,KADA Kanchana,Death,154,156,15,16
T20I,KADA Kanchana,Middle,41,71,1,6
T20I,KB Patil,Middle,104,109,8,9
T20I,KB Patil,Powerplay,64,89,7,3
T20I,KC D'Souza,Death,191,106,26,6
T20I,KC D'Souza,Middle,299,210,35,7
T20I,KC Ramamoorthy,Middle,264,267,31,13
T20I,KC Ramamoorthy,Powerplay,108,109,15,6
T20I,KC Sangakkara,Death,249,161,31,7
T20I,KC Sangakkara,Middle,823,736,81,28
T20I,KC Sangakkara,Powerplay,310,296,47,7
T20I,KD Karthik,Death,413,252,60,15
T20I,KD Karthik,Middle,194,184,26,4
T20I,KD Karthik,Powerplay,79,67,13,5
T20I,KD Kesuma,Death,113,67,16,3
T20I,KD Kesuma,Middle,372,336,44,22
T20I,KD Kesuma,Powerplay,751,785,117,42
T20I,KD Mills,Death,97,81,10,7
T20I,KD Shah,Death,176,134,17,10
T20I,KD Shah,Middle,346,334,32,11
T20I,KD Shah,Powerplay,162,200,19,13
T20I,KDA Lukies,Death,102,99,10,7
T20I,KDU Prabodhani,Death,85,145,3,15
T20I,KE Bryce,Death,254,176,33,6
T20I,KE Bryce,Middle,857,780,104,24
T20I,KE Bryce,Powerplay,537,590,81,17
T20I,KH Abe,Middle,113,105,9,4
T20I,KH Abe,Powerplay,43,74,6,7
T20I,KH Brunt,Death,367,289,40,19
T20I,KH Brunt,Middle,138,140,10,5
T20I,KH Pandya,Death,89,61,11,3
T20I,KH Prajapati,Middle,220,210,19,4
T20I,KH Prajapati,Powerplay,543,537,83,32
T20I,KIC Asalanka,Death,336,241,41,23
T20I,KIC Asalanka,Middle,864,707,90,29
T20I,KIC Asalanka,Powerplay,246,227,38,9
T20I,KJ Coetzer,Middle,443,369,44,20
T20I,KJ Coetzer,Powerplay,739,583,124,26
T20I,KJ Ferrary,Death,81,63,9,4
T20I,KJ Ferrary,Middle,220,188,26,8
T20I,KJ Ferrary,Powerplay,47,74,4,0
T20I,KJ Garth,Death,220,217,19,13
T20I,KJ Garth,Middle,236,306,18,5
T20I,KJ Garth,Powerplay,101,157,9,3
T20I,KJ Martin,Death,366,280,49,20
T20I,KJ Martin,Middle,409,383,51,14
T20I,KJ O'Brien,Death,298,170,39,14
T20I,KJ O'Brien,Middle,679,598,66,27
T20I,KJ O'Brien,Powerplay,594,480,94,25
T20I,KJ Stagno,Middle,376,239,52,18
T20I,KJ Stagno,Powerplay,278,180,43,6
T20I,KK Donovan,Middle,216,251,24,10
T20I,KK Lin Thu,Middle,116,140,12,7
T20I,KK Lin Thu,Powerplay,159,282,16,16
T20I,KKN Egodage,Death,336,302,38,10
T20I,KKN Egodage,Middle,834,1047,67,29
T20I,KKN Egodage,Powerplay,473,633,60,13
T20I,KL Rahul,Death,134,79,17,3
T20I,KL Rahul,Middle,903,637,103,28
T20I,KL Rahul,Powerplay,1097,878,154,27
T20I,KM Awala,Middle,51,62,5,6
T20I,KM Molapo,Middle,37,83,2,3
T20I,KM Molapo,Powerplay,101,244,5,14
T20I,KM Myat,Death,82,95,8,3
T20I,KM Myat,Middle,192,295,16,10
T20I,KM Myat,Powerplay,232,351,26,9
T20I,KMA Aziz,Middle,23,86,1,4
T20I,KMA Paul,Death,128,107,15,5
T20I,KMDN Kulasekara,Death,187,169,19,19
T20I,KN Chaddha,Middle,234,231,20,9
T20I,KN Chaddha,Powerplay,147,167,21,3
T20I,KP Pietersen,Death,81,65,11,4
T20I,KP Pietersen,Middle,695,500,80,20
T20I,KP Pietersen,Powerplay,400,291,60,7
T20I,KR Jha,Middle,70,125,4,7
T20I,KR Mayers,Middle,251,186,32,15
T20I,KR Mayers,Powerplay,510,401,86,21
T20I,KS Bagabena,Death,107,121,6,8
T20I,KS Leverock,Death,121,63,18,7
T20I,KS Leverock,Middle,303,217,37,7
T20I,KS Leverock,Powerplay,277,199,47,7
T20I,KS Williamson,Death,348,208,51,21
T20I,KS Williamson,Middle,1391,1138,136,38
T20I,KS Williamson,Powerplay,787,722,112,15
T20I,KT Perkins,Death,65,71,4,8
T20I,KT Perkins,Middle,78,101,5,2
T20I,KTK Rodrigo,Middle,150,164,17,6
T20I,KY Chan,Death,275,229,26,25
T20I,KY Chan,Middle,818,960,75,37
T20I,KY Chan,Powerplay,312,403,41,9
T20I,KY Wilfried,Middle,21,87,1,4
T20I,KY Wilfried,Powerplay,17,83,0,4
T20I,Kaif Jamadar,Powerplay,70,67,10,4
T20I,Kainat Imtiaz,Death,63,63,6,4
T20I,Kainat Imtiaz,Middle,60,87,4,5
T20I,Kainat Qazi,Middle,31,75,3,5
T20I,Kaleemullah,Death,92,91,8,11
T20I,Kalhan Challu,Death,85,60,9,4
T20I,Kamran Ahmadzai,Death,225,137,28,8
T20I,Kamran Ahmadzai,Middle,119,88,16,4
T20I,Kamran Akmal,Death,130,95,17,9
T20I,Kamran Akmal,Middle,408,307,47,15
T20I,Kamran Akmal,Powerplay,426,427,64,19
T20I,Kamran Khan,Powerplay,259,212,44,14
T20I,Kanchan Rana,Middle,147,143,12,4
T20I,Kanchan Rana,Powerplay,107,140,12,5
T20I,Kapil Kumar,Middle,44,63,5,3
T20I,Karan KC,Death,429,256,57,25
T20I,Karanbir Singh,Middle,1264,665,191,18
T20I,Karanbir Singh,Powerplay,1177,885,212,26
T20I,Karri Gullem Keen,Death,53,60,6,3
T20I,Karri Gullem Keen,Middle,143,178,19,9
T20I,Karri Gullem Keen,Powerplay,47,74,8,3
T20I,Kashif Siddique,Middle,65,61,7,3
T20I,Kashif Siddique,Powerplay,189,131,38,8
T20I,Kasir Ahmed,Middle,65,79,1,5
T20I,Kaushal Kumar,Middle,79,77,11,2
T20I,Kaushal Kumar,Powerplay,88,105,13,6
T20I,Kazim Somani,Death,87,84,7,4
T20I,Kazim Somani,Middle,107,152,10,4
T20I,Khadeeja Fatima,Middle,41,69,2,0
T20I,Khadija Imtiaz,Death,33,69,1,4
T20I,Khadija Imtiaz,Middle,52,118,4,10
T20I,Khadija Imtiaz,Powerplay,34,88,3,4
T20I,Khadija Khalil,Death,79,119,2,8
T20I,Khadija Khalil,Middle,126,212,8,16
T20I,Khadija Khalil,Powerplay,26,66,1,5
T20I,Khaibar Deldar,Powerplay,102,94,15,6
T20I,Khalid Ahmadi,Death,206,111,31,10
T20I,Khalid Kail,Middle,194,177,21,8
T20I,Khalid Latif,Middle,116,100,14,3
T20I,Khalid Latif,Powerplay,104,118,15,4
T20I,Khalid Shah,Powerplay,88,84,13,4
T20I,Khalid Zahid,Death,75,61,8,6
T20I,Khalid Zahid,Middle,119,77,14,5
T20I,Khawar Ali,Middle,195,173,22,14
T20I,Khawar Ali,Powerplay,257,283,39,12
T20I,Khin Aye,Death,41,70,2,2
T20I,Khin Aye,Middle,90,166,7,10
T20I,Khin Aye,Powerplay,20,109,1,9
T20I,Khizar Hayat,Death,124,139,8,9
T20I,Khizar Hayat,Middle,77,96,4,8
T20I,Khizer Ahmed,Middle,152,152,13,15
T20I,Khizer Ahmed,Powerplay,600,521,85,20
T20I,Khurram Nawaz,Death,88,77,8,7
T20I,Khurram Nawaz,Middle,89,94,10,2
T20I,Khushdil Shah,Death,141,110,18,11
T20I,Khushdil Shah,Middle,252,270,24,11
T20I,Khushi Sharma,Death,110,119,9,12
T20I,Khushi Sharma,Middle,255,346,16,15
T20I,Khushi Sharma,Powerplay,48,72,4,4
T20I,Kim Daeyeon,Middle,36,60,3,4
T20I,Kim Daeyeon,Powerplay,41,61,5,4
T20I,Kuldeep,Powerplay,305,190,49,8
T20I,Kulwinderjeet Singh,Powerplay,93,68,16,6
T20I,Kushal Malla,Death,277,149,35,9
T20I,Kushal Malla,Middle,627,524,70,27
T20I,Kushal Malla,Powerplay,182,177,30,7
T20I,Kycia A Knight,Death,203,164,20,9
T20I,Kycia A Knight,Middle,201,261,15,9
T20I,Kycia A Knight,Powerplay,142,225,15,11
T20I,Kyshona A Knight,Death,80,87,10,10
T20I,Kyshona A Knight,Middle,206,268,17,13
T20I,Kyshona A Knight,Powerplay,81,169,6,6
T20I,Kyte Gullem Keen,Death,23,65,1,4
T20I,L Agatha,Middle,197,215,20,13
T20I,L Agatha,Powerplay,264,389,30,16
T20I,L Barnett,Middle,323,216,51,4
T20I,L Barnett,Powerplay,460,340,76,5
T20I,L Bonner,Powerplay,75,71,12,2
T20I,L Bruce,Death,112,89,13,6
T20I,L Bruce,Middle,487,420,48,16
T20I,L Bruce,Powerplay,667,653,97,22
T20I,L Bull,Death,50,76,3,3
T20I,L Bull,Middle,118,212,8,8
T20I,L Canessane,Death,99,60,13,9
T20I,L Canessane,Middle,318,284,37,15
T20I,L Canessane,Powerplay,53,74,5,5
T20I,L Cardoso,Middle,259,298,24,14
T20I,L Cardoso,Powerplay,140,227,16,9
T20I,L Dalbina,Middle,28,83,0,2
T20I,L Delany,Death,451,370,48,28
T20I,L Delany,Middle,866,1058,68,30
T20I,L Delany,Powerplay,170,244,23,6
T20I,L Denny,Middle,87,88,8,4
T20I,L Erdenebulgan,Middle,14,98,1,9
T20I,L Goodall,Middle,129,118,14,4
T20I,L Goodall,Powerplay,87,83,14,4
T20I,L Greig,Middle,53,69,6,3
T20I,L Idambo,Death,67,104,6,9
T20I,L Idambo,Middle,56,104,5,6
T20I,L Jack,Death,154,133,17,13
T20I,L Jack,Middle,237,310,17,10
T20I,L Jack,Powerplay,155,229,14,11
T20I,L Keny,Death,97,115,1,9
T20I,L Keny,Middle,76,137,5,9
T20I,L Keny,Powerplay,82,161,8,7
T20I,L Krvaric,Powerplay,34,60,2,6
T20I,L Lamin,Death,173,178,16,12
T20I,L Lamin,Middle,361,433,41,20
T20I,L Lamin,Powerplay,71,91,9,4
T20I,L Lee,Death,202,140,27,12
T20I,L Lee,Middle,635,545,82,17
T20I,L Lee,Powerplay,821,798,140,31
T20I,L Leisner,Middle,110,154,11,11
T20I,L Little,Death,97,83,12,9
T20I,L Little,Middle,70,80,8,5
T20I,L Mamba,Middle,8,72,0,2
T20I,L Maximo,Death,41,63,3,6
T20I,L Moises,Death,40,61,4,6
T20I,L Monanthane,Middle,34,69,1,5
T20I,L Moore,Powerplay,50,69,7,3
T20I,L Mophakedi,Death,87,102,4,14
T20I,L Mophakedi,Middle,475,629,43,20
T20I,L Mophakedi,Powerplay,478,742,51,19
T20I,L Ostergaard,Middle,101,207,6,9
T20I,L Ostergaard,Powerplay,73,136,4,6
T20I,L Paul,Death,262,219,30,16
T20I,L Paul,Middle,489,487,49,19
T20I,L Paul,Powerplay,85,126,11,6
T20I,L Phiri,Middle,57,78,6,3
T20I,L Pickard,Middle,38,65,2,1
T20I,L Pickard,Powerplay,100,195,3,7
T20I,L Piety,Death,91,73,13,3
T20I,L Piety,Middle,239,221,38,5
T20I,L Piety,Powerplay,150,144,23,6
T20I,L Ramjit,Middle,63,114,5,2
T20I,L Ronchi,Death,203,142,24,13
T20I,L Ronchi,Middle,120,95,13,4
T20I,L Siaka,Death,192,102,23,5
T20I,L Siaka,Middle,317,302,27,14
T20I,L Siaka,Powerplay,389,387,47,28
T20I,L Sormus,Middle,50,124,1,6
T20I,L Steenkamp,Middle,138,120,13,7
T20I,L Steenkamp,Powerplay,288,222,42,9
T20I,L Taylor,Powerplay,31,69,3,6
T20I,L Tshuma,Death,75,75,8,7
T20I,L Tshuma,Middle,134,170,15,12
T20I,L Tucker,Death,277,179,35,12
T20I,L Tucker,Middle,931,770,96,33
T20I,L Tucker,Powerplay,368,330,57,14
T20I,L Udeh,Middle,50,64,4,3
T20I,L Vincent,Powerplay,141,148,18,5
T20I,L Winfield,Death,99,78,12,6
T20I,L Winfield,Middle,184,152,21,7
T20I,L Winfield,Powerplay,148,136,24,5
T20I,L Wolvaardt,Death,481,282,70,10
T20I,L Wolvaardt,Middle,1222,1069,128,34
T20I,L Wolvaardt,Powerplay,1274,1119,197,30
T20I,L Wykes-Templeman,Powerplay,41,96,5,7
T20I,L Yamamoto-Lake,Middle,202,156,22,6
T20I,L Yamamoto-Lake,Powerplay,433,389,65,28
T20I,LA Burns,Middle,74,84,6,3
T20I,LA Dunbar,Death,254,123,39,6
T20I,LA Dunbar,Middle,527,531,67,16
T20I,LA Dunbar,Powerplay,162,193,23,6
T20I,LA Marsh,Middle,94,75,12,6
T20I,LA Marsh,Powerplay,209,231,38,9
T20I,LAR Bommareddy,Death,26,60,1,3
T20I,LAR Bommareddy,Powerplay,34,60,4,5
T20I,LB Ferbrache,Death,75,77,4,8
T20I,LB Ferbrache,Middle,184,216,13,5
T20I,LC Le Tissier,Powerplay,97,76,17,6
T20I,LC Sthalekar,Middle,87,84,7,2
T20I,LD Chandimal,Death,137,92,15,8
T20I,LD Chandimal,Middle,529,552,42,30
T20I,LD Chandimal,Powerplay,382,388,53,16
T20I,LE Bosman,Powerplay,173,144,27,8
T20I,LE Kaushalya,Death,209,160,25,16
T20I,LE Kaushalya,Middle,268,292,23,13
T20I,LF Muller,Middle,144,161,16,14
T20I,LF Muller,Powerplay,281,223,40,4
T20I,LG Pretorius,Middle,144,86,19,5
T20I,LG Pretorius,Powerplay,240,182,38,10
T20I,LH Rodrigues,Middle,132,135,14,6
T20I,LH Rodrigues,Powerplay,182,223,20,12
T20I,LI Salomone,Powerplay,122,126,22,11
T20I,LJ Barker,Powerplay,98,109,14,9
T20I,LJ Leokaoke,Middle,104,74,18,4
T20I,LJ Leokaoke,Powerplay,42,80,6,2
T20I,LJ Payas,Middle,52,65,6,2
T20I,LJ Poulton,Powerplay,75,69,14,1
T20I,LJ Wright,Death,179,111,22,13
T20I,LJ Wright,Middle,256,202,26,7
T20I,LJ Wright,Powerplay,225,202,37,20
T20I,LK O'Reilly,Death,51,82,1,6
T20I,LL Dimba,Death,64,60,8,4
T20I,LL Dimba,Middle,197,262,23,10
T20I,LL Dimba,Powerplay,100,141,15,6
T20I,LL Htun,Death,51,77,1,6
T20I,LL Htun,Middle,67,167,5,11
T20I,LL Htun,Powerplay,41,75,6,3
T20I,LM Babirye,Powerplay,42,96,4,7
T20I,LM Gabriel,Powerplay,100,155,17,12
T20I,LM Jongwe,Death,388,268,50,21
T20I,LM Jongwe,Middle,93,131,6,6
T20I,LM Kasperek,Death,70,79,5,12
T20I,LMM Tahuhu,Death,207,167,24,15
T20I,LMP Simmons,Death,134,98,16,6
T20I,LMP Simmons,Middle,645,577,77,25
T20I,LMP Simmons,Powerplay,703,585,110,22
T20I,LN Oluoch,Death,279,254,32,19
T20I,LN Oluoch,Middle,95,92,7,3
T20I,LN Shabalala,Middle,12,82,0,2
T20I,LPC Silva,Middle,98,104,12,5
T20I,LR Down,Middle,44,63,2,4
T20I,LRPL Taylor,Death,713,486,78,31
T20I,LRPL Taylor,Middle,1055,986,90,33
T20I,LRPL Taylor,Powerplay,186,200,29,10
T20I,LS Greenway,Death,148,132,16,6
T20I,LS Greenway,Middle,281,340,24,9
T20I,LS Livingstone,Death,365,216,47,21
T20I,LS Livingstone,Middle,493,400,51,14
T20I,LV Boas,Middle,81,93,7,4
T20I,LV Boas,Powerplay,316,398,39,28
T20I,LV van Beek,Death,80,77,5,7
T20I,LV van Beek,Middle,28,60,0,7
T20I,Lakshit Gupta,Middle,274,271,28,15
T20I,Lakshit Gupta,Powerplay,253,282,35,5
T20I,Lata Mondal,Death,80,109,4,10
T20I,Lata Mondal,Middle,96,162,4,6
T20I,Likitha Yadav,Middle,37,106,2,3
T20I,Likitha Yadav,Powerplay,38,89,4,3
T20I,Liton Das,Death,83,63,9,8
T20I,Liton Das,Middle,899,779,91,41
T20I,Liton Das,Powerplay,1485,1134,220,54
T20I,Lokesh Bam,Death,159,90,25,7
T20I,Lokesh Bam,Middle,65,66,8,4
T20I,Lopamudra,Death,13,65,0,8
T20I,Lucas Rossi,Middle,117,119,12,4
T20I,Lucas Rossi,Powerplay,113,126,13,6
T20I,Lucky Ali,Middle,84,110,3,7
T20I,Lucky Ali,Powerplay,55,71,6,2
T20I,Luis Hermida,Middle,146,198,7,6
T20I,Luis Hermida,Powerplay,36,67,2,2
T20I,Luka Woods,Middle,123,76,18,7
T20I,Luka Woods,Powerplay,218,172,35,4
T20I,Luqman Butt,Death,167,85,27,8
T20I,Luqman Butt,Middle,660,505,84,17
T20I,Luqman Butt,Powerplay,221,152,39,3
T20I,M Abadjieva,Middle,23,74,0,5
T20I,M Aboagye,Middle,52,95,1,6
T20I,M Akayezu,Death,342,279,40,39
T20I,M Akayezu,Middle,214,225,26,24
T20I,M Ariokot,Death,113,164,10,13
T20I,M Ariokot,Middle,62,91,5,2
T20I,M Batnasan,Middle,42,65,4,1
T20I,M Bayram,Powerplay,99,78,15,6
T20I,M Beitaki,Middle,56,65,6,7
T20I,M Beitaki,Powerplay,71,92,9,4
T20I,M Bestani,Middle,62,68,3,1
T20I,M Bhaiji,Middle,89,71,11,4
T20I,M Bhatia,Powerplay,95,74,14,6
T20I,M Bibi,Death,343,350,21,27
T20I,M Bibi,Middle,228,346,12,16
T20I,M Campopiano,Death,137,97,15,5
T20I,M Campopiano,Middle,244,213,26,8
T20I,M Campopiano,Powerplay,96,101,12,3
T20I,M Castineiras,Middle,215,210,30,10
T20I,M Castineiras,Powerplay,104,197,8,8
T20I,M Chabula,Middle,2,60,0,2
T20I,M Chadha,Middle,162,169,15,5
T20I,M Chadha,Powerplay,114,105,17,2
T20I,M Choamba,Death,59,76,4,9
T20I,M Choamba,Middle,90,139,6,6
T20I,M Coetzee,Middle,189,112,26,1
T20I,M Coetzee,Powerplay,317,270,56,19
T20I,M Corazon,Middle,250,211,33,9
T20I,M Corazon,Powerplay,289,287,49,11
T20I,M Dlamini,Middle,67,139,9,8
T20I,M Dlamini,Powerplay,105,209,13,9
T20I,M Gogev,Middle,365,262,50,13
T20I,M Gogev,Powerplay,252,208,40,11
T20I,M Gorases,Death,126,166,7,20
T20I,M Gorases,Middle,331,479,28,21
T20I,M Gorases,Powerplay,135,207,19,6
T20I,M Hill,Death,188,163,24,12
T20I,M Hill,Middle,971,930,107,25
T20I,M Hill,Powerplay,820,1044,114,38
T20I,M Jansen,Death,130,70,19,8
T20I,M Jansen,Middle,122,108,16,6
T20I,M Jenkinson,Middle,78,62,9,4
T20I,M Kanno,Powerplay,30,67,2,2
T20I,M Kapp,Death,370,288,37,27
T20I,M Kapp,Middle,863,836,79,31
T20I,M Kapp,Powerplay,265,294,40,12
T20I,M Kasselman,Middle,265,233,29,12
T20I,M Kasselman,Powerplay,379,281,61,11
T20I,M Kearvell,Middle,61,72,4,3
T20I,M Kearvell,Powerplay,76,89,6,0
T20I,M Khojbariya,Middle,104,89,14,4
T20I,M Koli,Death,97,92,8,8
T20I,M Kpaka,Middle,63,113,1,8
T20I,M Levitt,Middle,329,206,42,12
T20I,M Levitt,Powerplay,569,453,83,14
T20I,M Lollo,Middle,62,86,2,7
T20I,M Machado,Middle,57,60,6,4
T20I,M Magagula,Middle,53,93,5,6
T20I,M Maguire,Middle,36,82,0,5
T20I,M Martinez,Middle,73,102,10,7
T20I,M Mavunga,Middle,68,62,10,4
T20I,M McColl,Death,146,137,17,11
T20I,M McColl,Middle,240,244,24,15
T20I,M McColl,Powerplay,67,73,9,5
T20I,M Mooketsi,Death,49,91,2,9
T20I,M Mupachikwa,Death,172,156,16,10
T20I,M Mupachikwa,Middle,700,860,66,24
T20I,M Mupachikwa,Powerplay,483,692,56,11
T20I,M Musonda,Death,114,98,10,13
T20I,M Musonda,Middle,482,481,44,11
T20I,M Musonda,Powerplay,263,236,45,13
T20I,M Mwangi,Middle,54,80,5,5
T20I,M Mwangi,Powerplay,86,150,8,7
T20I,M Mwatile,Death,145,129,13,14
T20I,M Mwatile,Middle,348,425,37,19
T20I,M Mwatile,Powerplay,76,139,11,5
T20I,M Ndhambi,Powerplay,51,94,5,3
T20I,M Ngoche,Middle,62,70,8,3
T20I,M Ngoche,Powerplay,49,83,7,2
T20I,M Nikolic,Middle,60,114,7,5
T20I,M Nikolic,Powerplay,34,99,1,0
T20I,M Ozturk,Middle,60,78,7,2
T20I,M Pascal,Middle,153,161,18,4
T20I,M Pascal,Powerplay,63,97,7,4
T20I,M Perisic,Middle,38,96,1,5
T20I,M Perisic,Powerplay,89,231,6,10
T20I,M Phiase,Death,30,79,1,11
T20I,M Podosky,Death,104,84,13,9
T20I,M Podosky,Middle,225,213,26,12
T20I,M Podosky,Powerplay,222,211,34,7
T20I,M Polimeri,Middle,74,181,2,11
T20I,M Polimeri,Powerplay,36,101,0,3
T20I,M Raikes,Middle,107,78,13,2
T20I,M Raikes,Powerplay,100,71,17,2
T20I,M Raj,Death,193,156,23,7
T20I,M Raj,Middle,685,669,70,17
T20I,M Raj,Powerplay,402,544,57,8
T20I,M Rathnayake,Middle,101,120,12,5
T20I,M Rathnayake,Powerplay,221,327,31,18
T20I,M Robinson,Middle,37,61,3,1
T20I,M Sankoh,Powerplay,58,160,5,5
T20I,M Shumba,Death,222,153,23,7
T20I,M Shumba,Middle,155,182,12,11
T20I,M Simpson-Parker,Middle,196,151,20,3
T20I,M Simpson-Parker,Powerplay,125,139,16,9
T20I,M Smit,Death,98,61,14,1
T20I,M Smit,Middle,121,95,14,2
T20I,M Sohel Patel,Powerplay,71,82,10,9
T20I,M Spoors,Middle,120,102,13,2
T20I,M Spoors,Powerplay,89,99,13,5
T20I,M Stanikzai,Death,96,72,9,8
T20I,M Stanikzai,Middle,163,121,26,10
T20I,M Stevanovic,Middle,57,71,7,2
T20I,M Stevanovic,Powerplay,56,62,11,4
T20I,M Syahadat Ramli,Death,178,121,22,8
T20I,M Syahadat Ramli,Middle,345,384,31,15
T20I,M Syahadat Ramli,Powerplay,49,62,5,3
T20I,M Syrioti,Death,74,76,8,3
T20I,M Syrioti,Middle,224,404,14,13
T20I,M Syrioti,Powerplay,139,289,14,5
T20I,M Taniyama,Death,81,94,6,7
T20I,M Taylor,Middle,232,206,30,8
T20I,M Taylor,Powerplay,321,436,48,18
T20I,M Theekshana,Death,96,151,9,21
T20I,M Turay,Middle,105,185,6,12
T20I,M Turay,Powerplay,48,86,6,3
T20I,M Uwase,Death,143,98,19,5
T20I,M Uwase,Middle,270,312,27,13
T20I,M Uwase,Powerplay,237,369,30,24
T20I,M Vaik,Middle,35,60,1,2
T20I,M Valner,Death,19,61,1,1
T20I,M Valner,Middle,14,87,0,7
T20I,M Vandrasi,Middle,72,84,4,5
T20I,M Veringmeier,Middle,163,146,20,5
T20I,M Vervitsioti,Death,43,92,1,8
T20I,M Vervitsioti,Middle,41,105,1,4
T20I,M Vijay,Powerplay,92,89,14,5
T20I,M Vivekanandan,Powerplay,35,101,4,6
T20I,M Wai Siu,Death,72,157,1,6
T20I,M Whelan,Death,73,68,7,7
T20I,M Yanagida,Death,144,149,11,11
T20I,M Yanagida,Middle,383,512,32,18
T20I,M Yanagida,Powerplay,131,221,14,6
T20I,M Yunusu Issa,Death,139,96,16,9
T20I,M Yunusu Issa,Middle,64,77,7,7
T20I,M Zhu,Middle,181,221,14,8
T20I,M Zhu,Powerplay,51,90,7,7
T20I,M du Preez,Death,304,239,35,23
T20I,M du Preez,Middle,742,777,73,31
T20I,M du Preez,Powerplay,172,242,22,2
T20I,M van Lingen,Middle,110,101,10,8
T20I,M van Lingen,Powerplay,397,347,64,17
T20I,MA Baig,Death,58,66,5,2
T20I,MA Baig,Middle,122,142,10,5
T20I,MA Jones,Middle,125,94,14,4
T20I,MA Jones,Powerplay,210,165,33,8
T20I,MA Leask,Death,359,242,48,29
T20I,MA Leask,Middle,487,412,51,22
T20I,MA Nyabela,Middle,79,156,3,11
T20I,MA Starc,Death,89,90,6,8
T20I,MA Swedy,Middle,91,75,12,4
T20I,MAA Sanjeewani,Death,263,236,26,17
T20I,MAA Sanjeewani,Middle,270,358,19,16
T20I,MAA Sanjeewani,Powerplay,184,220,20,11
T20I,MADD Surangika,Death,83,83,10,5
T20I,MADD Surangika,Middle,163,204,13,11
T20I,MADD Surangika,Powerplay,109,135,11,3
T20I,MB Kruger,Middle,166,143,18,14
T20I,MB Kruger,Powerplay,278,284,44,13
T20I,MB Tambe,Death,75,95,5,8
T20I,MB Tambe,Middle,50,84,3,7
T20I,MBA Lamplough,Death,132,120,12,12
T20I,MBA Lamplough,Middle,181,232,17,12
T20I,MC Henriques,Death,127,82,12,7
T20I,MC Henriques,Middle,321,272,32,10
T20I,MC Henriques,Powerplay,103,60,17,1
T20I,MD Bimenyimana,Death,209,213,18,15
T20I,MD Bimenyimana,Middle,530,753,44,26
T20I,MD Bimenyimana,Powerplay,455,756,62,17
T20I,MD Botha,Middle,117,147,7,4
T20I,MD Dai,Middle,75,92,3,4
T20I,MD Gunathilaka,Middle,154,143,15,11
T20I,MD Gunathilaka,Powerplay,535,459,77,30
T20I,MD Patel,Middle,375,300,42,16
T20I,MD Patel,Powerplay,557,421,87,16
T20I,MD Shanaka,Death,1080,717,148,50
T20I,MD Shanaka,Middle,905,861,95,39
T20I,MDKJ Perera,Death,166,115,21,11
T20I,MDKJ Perera,Middle,1078,853,113,35
T20I,MDKJ Perera,Powerplay,1063,833,162,40
T20I,MDN Hansika,Powerplay,33,70,3,3
T20I,ME Bessala,Death,81,84,11,1
T20I,ME Bessala,Middle,77,136,9,13
T20I,ME Bessala,Powerplay,35,62,6,4
T20I,ME Bouchier,Death,86,72,10,9
T20I,ME Bouchier,Middle,317,276,35,9
T20I,ME Bouchier,Powerplay,397,352,62,16
T20I,ME Trescothick,Middle,83,69,9,2
T20I,ME Violleau,Middle,101,172,8,7
T20I,MEK Hussey,Death,355,207,46,8
T20I,MEK Hussey,Middle,288,240,27,7
T20I,MEK Hussey,Powerplay,78,95,10,3
T20I,MFI Assuncao,Middle,139,189,11,13
T20I,MG Bracewell,Death,247,171,30,11
T20I,MG Bracewell,Middle,173,158,21,6
T20I,MG Erasmus,Death,504,303,67,19
T20I,MG Erasmus,Middle,1471,1186,146,38
T20I,MG Erasmus,Powerplay,313,317,51,10
T20I,MG Johnson,Death,108,89,11,8
T20I,MH Cross,Death,328,261,36,22
T20I,MH Cross,Middle,558,540,42,22
T20I,MH Cross,Powerplay,367,304,62,11
T20I,MH Ushanga,Death,40,61,4,9
T20I,MI Khagoitsa,Middle,46,61,4,6
T20I,MI Khagoitsa,Powerplay,60,79,10,5
T20I,MJ Clarke,Middle,225,240,11,12
T20I,MJ Clarke,Powerplay,210,208,25,7
T20I,MJ Guptill,Death,217,117,26,8
T20I,MJ Guptill,Middle,1224,897,138,46
T20I,MJ Guptill,Powerplay,2062,1650,314,53
T20I,MJ Lumb,Middle,122,94,15,9
T20I,MJ Lumb,Powerplay,430,328,70,17
T20I,MJ Owen,Middle,154,108,18,8
T20I,MJ Prior,Powerplay,97,74,13,4
T20I,MJ Richardson,Middle,286,288,25,10
T20I,MJ Richardson,Powerplay,177,188,20,5
T20I,MJ Santner,Death,630,425,79,28
T20I,MJ Santner,Middle,393,376,40,20
T20I,MJ Santner,Powerplay,64,66,11,2
T20I,MJ Scotland,Powerplay,59,61,7,2
T20I,MJG Rippon,Middle,94,79,7,2
T20I,MK Amusa,Middle,119,163,11,7
T20I,MK Amusa,Powerplay,72,153,6,3
T20I,MK Pandey,Death,307,211,32,6
T20I,MK Pandey,Middle,374,336,32,8
T20I,MK Thakur,Death,90,68,11,6
T20I,MK Thakur,Middle,83,86,8,5
T20I,ML Castillo,Death,67,60,8,5
T20I,ML Castillo,Middle,103,122,10,3
T20I,ML Green,Death,555,402,64,27
T20I,ML Green,Middle,698,730,62,29
T20I,ML Green,Powerplay,87,126,9,5
T20I,ML Hayden,Middle,161,102,21,2
T20I,ML Hayden,Powerplay,147,116,29,4
T20I,ML Karlsen,Death,46,75,0,2
T20I,ML Karlsen,Middle,56,122,1,2
T20I,ML Karlsen,Powerplay,69,118,7,5
T20I,ML Kostic,Middle,61,82,4,3
T20I,MLG Silva,Middle,57,103,6,9
T20I,MLN Sissako,Middle,148,212,21,10
T20I,MLN Sissako,Powerplay,122,283,13,9
T20I,MM Ali,Death,428,274,56,23
T20I,MM Ali,Middle,644,487,78,27
T20I,MM Ali,Powerplay,108,105,17,7
T20I,MM Baig,Death,109,72,15,4
T20I,MM Baig,Middle,202,176,19,10
T20I,MM Lanning,Death,388,285,50,11
T20I,MM Lanning,Middle,1444,1261,179,34
T20I,MM Lanning,Powerplay,706,732,113,13
T20I,MM Mabathoana,Middle,11,76,0,10
T20I,MN Samuels,Death,299,201,42,16
T20I,MN Samuels,Middle,828,748,98,24
T20I,MN Samuels,Powerplay,333,331,54,11
T20I,MN Waller,Death,168,107,22,12
T20I,MN Waller,Middle,338,259,38,7
T20I,MN van Wyk,Powerplay,115,92,18,5
T20I,MNM Aslam,Death,254,178,36,23
T20I,MNM Aslam,Middle,495,472,48,15
T20I,MNM Aslam,Powerplay,52,64,7,1
T20I,MO Jones,Middle,58,72,3,5
T20I,MO Kitunda,Death,65,74,6,8
T20I,MO Kitunda,Middle,264,274,27,20
T20I,MO Kitunda,Powerplay,156,179,22,8
T20I,MP Ainsworth,Middle,155,192,10,9
T20I,MP Breetzke,Middle,58,60,4,4
T20I,MP O'Dowd,Death,234,165,30,11
T20I,MP O'Dowd,Middle,766,671,75,27
T20I,MP O'Dowd,Powerplay,1229,1073,184,38
T20I,MP Stoinis,Death,496,310,60,15
T20I,MP Stoinis,Middle,795,557,104,26
T20I,MP Stoinis,Powerplay,89,93,15,2
T20I,MPGT Ketiyage,Death,137,92,17,5
T20I,MPGT Ketiyage,Middle,377,341,47,16
T20I,MPGT Ketiyage,Powerplay,107,111,14,3
T20I,MPM Pathirannehelage,Death,65,72,8,5
T20I,MPP San,Middle,145,257,10,14
T20I,MPP San,Powerplay,68,138,8,7
T20I,MPS Cheema,Death,66,69,7,7
T20I,MR Adair,Death,554,397,65,36
T20I,MR Adair,Middle,250,246,27,10
T20I,MR Aguilleira,Death,148,139,13,11
T20I,MR Aguilleira,Middle,157,234,9,7
T20I,MR Aguilleira,Powerplay,37,70,4,2
T20I,MR Machado,Middle,123,169,12,7
T20I,MR Marsh,Death,280,210,31,16
T20I,MR Marsh,Middle,988,746,119,32
T20I,MR Marsh,Powerplay,988,699,166,19
T20I,MR Swart,Middle,243,217,20,8
T20I,MR Swart,Powerplay,250,219,35,8
T20I,MRJ Watt,Death,236,189,28,20
T20I,MRJ Watt,Middle,62,68,4,3
T20I,MS Chapman,Death,414,276,55,19
T20I,MS Chapman,Middle,1254,905,153,44
T20I,MS Chapman,Powerplay,264,269,37,9
T20I,MS Dhoni,Death,996,688,117,27
T20I,MS Dhoni,Middle,576,603,46,12
T20I,MS Maker,Death,152,85,19,3
T20I,MS Maker,Middle,143,136,14,2
T20I,MS Wade,Death,538,364,64,22
T20I,MS Wade,Middle,339,315,30,10
T20I,MS Wade,Powerplay,314,238,46,12
T20I,MSN Ekani,Middle,54,147,4,8
T20I,MSN Ekani,Powerplay,56,144,7,3
T20I,MT Renshaw,Middle,136,108,10,2
T20I,MT Waqanisau,Middle,57,94,6,4
T20I,MTMMJ Ave,Middle,257,243,24,7
T20I,MTMMJ Ave,Powerplay,164,189,26,8
T20I,MV Boucher,Death,88,80,8,7
T20I,MV Boucher,Middle,163,179,15,7
T20I,MV Pavlovic,Middle,57,122,4,12
T20I,MV Waldron,Death,114,127,9,13
T20I,MV Waldron,Middle,216,262,17,17
T20I,MV Waldron,Powerplay,85,142,12,5
T20I,MW Machan,Middle,76,64,8,1
T20I,MW Short,Middle,136,102,20,7
T20I,MW Short,Powerplay,241,159,36,11
T20I,MWR Stokes,Death,220,122,29,6
T20I,MWR Stokes,Middle,597,496,57,16
T20I,MWR Stokes,Powerplay,178,182,26,3
T20I,MY Bawa,Middle,84,96,8,4
T20I,MY Bawa,Powerplay,77,106,10,3
T20I,Ma Ruike,Death,47,78,4,4
T20I,Maaz Khan,Middle,222,147,34,11
T20I,Maaz Khan,Powerplay,105,88,17,8
T20I,Mahedi Hasan,Death,260,196,33,14
T20I,Mahedi Hasan,Middle,147,186,12,12
T20I,Mahedi Hasan,Powerplay,60,85,7,7
T20I,Mahirah Izzati Ismail,Death,144,196,9,19
T20I,Mahirah Izzati Ismail,Middle,471,721,33,28
T20I,Mahirah Izzati Ismail,Powerplay,87,150,6,11
T20I,Mahmud Jasat,Middle,93,136,3,8
T20I,Mahmud Jasat,Powerplay,99,149,12,4
T20I,Mahmudullah,Death,896,645,106,38
T20I,Mahmudullah,Middle,1200,1196,110,43
T20I,Mahmudullah,Powerplay,127,119,21,3
T20I,Maidul Islam,Middle,115,113,15,4
T20I,Maira Khan,Middle,29,114,3,2
T20I,Manan Ali,Death,238,140,28,9
T20I,Manan Ali,Middle,318,263,33,15
T20I,Manan Ali,Powerplay,141,94,23,4
T20I,Manan Bashir,Middle,313,151,47,10
T20I,Mandeep Singh,Middle,89,76,9,4
T20I,Manpreet Singh,Death,394,238,45,21
T20I,Manpreet Singh,Middle,879,761,78,26
T20I,Manpreet Singh,Powerplay,170,166,21,10
T20I,Marcelle Hanekom,Powerplay,99,106,14,5
T20I,Maria Jasvi,Death,42,126,1,12
T20I,Maria Jasvi,Middle,32,115,1,9
T20I,Mariamma Hyder,Death,112,169,9,12
T20I,Mariamma Hyder,Middle,86,187,11,9
T20I,Marina Iqbal,Middle,70,84,5,7
T20I,Marina Iqbal,Powerplay,138,190,16,4
T20I,Maryam Omar,Death,114,121,10,7
T20I,Maryam Omar,Middle,387,506,32,14
T20I,Maryam Omar,Powerplay,208,351,26,10
T20I,Maryyam Ashraf,Death,68,85,7,10
T20I,Mas Elysa,Death,341,275,33,19
T20I,Mas Elysa,Middle,858,1045,81,37
T20I,Mas Elysa,Powerplay,317,482,31,17
T20I,Mashael Waqas,Powerplay,37,135,1,5
T20I,Mashrafe Mortaza,Death,216,174,30,17
T20I,Mazharul Islam,Middle,134,148,14,5
T20I,Mazharul Islam,Powerplay,130,159,22,6
T20I,Md Ariyan,Death,200,129,29,9
T20I,Md Ariyan,Middle,282,215,39,9
T20I,Meet Bhavsar,Death,127,87,19,11
T20I,Meet Bhavsar,Middle,861,660,86,27
T20I,Meet Bhavsar,Powerplay,656,565,95,17
T20I,Meghna Rajan,Death,110,99,7,5
T20I,Meghna Rajan,Middle,280,314,19,1
T20I,Meghna Rajan,Powerplay,58,90,5,1
T20I,Mehboob Ali,Powerplay,316,184,59,9
T20I,Mehedi Hasan Miraz,Death,93,84,11,12
T20I,Mehedi Hasan Miraz,Middle,203,185,19,8
T20I,Mehedi Hasan Miraz,Powerplay,114,94,16,4
T20I,Mehran Khan,Death,182,137,19,17
T20I,Mehran Khan,Middle,79,119,7,10
T20I,Mengting Liu,Middle,45,132,3,8
T20I,Milind Kumar,Death,103,86,8,5
T20I,Milind Kumar,Middle,265,280,20,7
T20I,Mirab Razwan,Death,48,88,3,10
T20I,Mirab Sajjad,Powerplay,25,78,3,4
T20I,Mirza Ahsan,Middle,135,112,14,9
T20I,Misbah-ul-Haq,Death,366,269,43,14
T20I,Misbah-ul-Haq,Middle,369,393,26,5
T20I,Mohamed Arief,Middle,166,136,23,6
T20I,Mohamed Azzam,Death,59,64,5,8
T20I,Mohamed Azzam,Middle,149,226,8,14
T20I,Mohamed Coulibaly,Powerplay,20,69,1,7
T20I,Mohamed Rishwan,Middle,159,198,15,11
T20I,Mohamed Rishwan,Powerplay,129,155,21,9
T20I,Mohameed Taiwo,Death,89,101,8,9
T20I,Mohameed Taiwo,Middle,57,96,4,9
T20I,Mohammad Ahnaff,Death,69,60,7,2
T20I,Mohammad Ahnaff,Middle,245,220,26,8
T20I,Mohammad Ahnaff,Powerplay,129,124,21,4
T20I,Mohammad Amir,Death,65,75,6,8
T20I,Mohammad Ashraful,Middle,175,129,21,10
T20I,Mohammad Ashraful,Powerplay,195,149,30,8
T20I,Mohammad Boota,Middle,53,62,5,6
T20I,Mohammad Hafeez,Death,369,216,49,13
T20I,Mohammad Hafeez,Middle,1221,967,137,40
T20I,Mohammad Hafeez,Powerplay,847,856,134,37
T20I,Mohammad Haris,Middle,202,154,23,8
T20I,Mohammad Haris,Powerplay,225,167,37,12
T20I,Mohammad Ihsan,Death,133,87,17,3
T20I,Mohammad Ihsan,Middle,208,106,29,4
T20I,Mohammad Ihsan,Powerplay,460,304,77,15
T20I,Mohammad Kamran,Middle,74,70,7,5
T20I,Mohammad Khan Rafah,Middle,95,64,11,5
T20I,Mohammad Mithun,Powerplay,56,75,5,6
T20I,Mohammad Nadeem,Death,267,201,34,17
T20I,Mohammad Nadeem,Middle,412,446,24,14
T20I,Mohammad Nadeem,Powerplay,77,106,7,0
T20I,Mohammad Naim,Middle,333,302,28,12
T20I,Mohammad Naim,Powerplay,456,479,60,16
T20I,Mohammad Naveed,Death,129,100,18,7
T20I,Mohammad Nawaz,Death,495,342,66,31
T20I,Mohammad Nawaz,Middle,273,235,36,8
T20I,Mohammad Nawaz (3),Death,62,63,6,5
T20I,Mohammad Rizlan,Middle,232,180,28,14
T20I,Mohammad Rizlan,Powerplay,79,83,11,4
T20I,Mohammad Rizwan,Death,530,328,60,16
T20I,Mohammad Rizwan,Middle,1419,1175,120,25
T20I,Mohammad Rizwan,Powerplay,1437,1263,198,25
T20I,Mohammad Saifuddin,Death,205,136,27,10
T20I,Mohammad Saifuddin,Middle,93,120,8,3
T20I,Mohammad Shahzad,Middle,72,64,6,2
T20I,Mohammad Shahzad,Powerplay,99,99,16,9
T20I,Mohammed Al Balushi,Powerplay,111,111,21,1
T20I,Mohammed Irshad,Middle,59,74,5,4
T20I,Mohammed Jamadar,Powerplay,59,79,9,2
T20I,Mohammed Qasim,Middle,174,137,20,8
T20I,Mohammed Qasim,Powerplay,122,116,17,1
T20I,Mosaddek Hossain,Death,169,141,18,10
T20I,Mosaddek Hossain,Middle,120,136,10,9
T20I,Mudassar Bukhari,Death,92,74,7,8
T20I,Mudassir Iqbal,Middle,75,81,7,5
T20I,Muhammad Amin,Powerplay,49,62,9,6
T20I,Muhammad Amir,Death,83,93,7,12
T20I,Muhammad Amir,Middle,271,251,30,14
T20I,Muhammad Amir,Powerplay,218,227,31,13
T20I,Muhammad Arfan,Death,68,64,5,4
T20I,Muhammad Asim,Death,184,100,26,4
T20I,Muhammad Asim,Middle,480,362,64,16
T20I,Muhammad Asim,Powerplay,213,215,37,6
T20I,Muhammad Fahad,Middle,167,104,26,6
T20I,Muhammad Fahad,Powerplay,196,99,34,3
T20I,Muhammad Haziq Aiman,Powerplay,315,230,51,17
T20I,Muhammad Kaleem,Powerplay,39,66,5,5
T20I,Muhammad Kashif,Middle,69,78,6,4
T20I,Muhammad Muneeb,Middle,266,227,34,10
T20I,Muhammad Muneeb,Powerplay,364,341,61,14
T20I,Muhammad Nadir,Death,163,180,22,14
T20I,Muhammad Nadir,Middle,60,99,6,4
T20I,Muhammad Shoaib Ahmed,Powerplay,76,76,11,3
T20I,Muhammad Siddiqui,Powerplay,198,173,30,7
T20I,Muhammad Soban,Middle,115,99,13,3
T20I,Muhammad Soban,Powerplay,65,70,11,2
T20I,Muhammad Tanveer,Death,395,219,58,13
T20I,Muhammad Tanveer,Middle,773,638,87,17
T20I,Muhammad Tanveer,Powerplay,135,160,21,3
T20I,Muhammad Umar,Death,118,85,13,6
T20I,Muhammad Umar,Middle,171,161,15,8
T20I,Muhammad Usman,Death,246,158,34,18
T20I,Muhammad Usman,Middle,623,551,67,18
T20I,Muhammad Usman,Powerplay,90,98,12,6
T20I,Muhammad Wafiq,Death,67,85,7,11
T20I,Muhammad Yasin,Powerplay,110,107,16,7
T20I,Muhammad Younis,Powerplay,126,117,18,7
T20I,Muhammad Zohaib,Middle,73,99,2,6
T20I,Muhammad Zohaib,Powerplay,180,165,28,5
T20I,Muhammed Manga,Middle,51,83,3,3
T20I,Muhammed Manga,Powerplay,66,94,6,3
T20I,Mujeeb-ur-Rehman,Death,59,81,4,8
T20I,Mukhtar Ahmed,Middle,96,66,11,3
T20I,Mukhtar Ahmed,Powerplay,96,76,17,3
T20I,Mukhtar Ghulami,Middle,135,115,14,5
T20I,Mukhtar Ghulami,Powerplay,180,178,29,14
T20I,Muneeba Ali,Death,127,95,16,8
T20I,Muneeba Ali,Middle,676,670,65,37
T20I,Muneeba Ali,Powerplay,1057,1150,157,40
T20I,Murshida Khatun,Death,85,67,7,5
T20I,Murshida Khatun,Middle,379,405,40,14
T20I,Murshida Khatun,Powerplay,477,641,59,23
T20I,Musa Shaheen,Middle,209,207,20,13
T20I,Musa Shaheen,Powerplay,248,234,34,3
T20I,Musaddiq Ahmed,Middle,201,126,29,8
T20I,Musaddiq Ahmed,Powerplay,480,285,88,15
T20I,Mushfiqur Rahim,Death,339,222,41,13
T20I,Mushfiqur Rahim,Middle,803,739,82,38
T20I,Mushfiqur Rahim,Powerplay,165,207,20,13
T20I,Muslim Yar,Death,160,131,19,15
T20I,Muslim Yar,Middle,129,110,16,3
T20I,Mustafa Balkis,Middle,62,89,5,4
T20I,Mustafa Balkis,Powerplay,42,65,5,2
T20I,Mustafa Omer,Middle,124,139,10,4
T20I,Mustafa Omer,Powerplay,92,92,13,5
T20I,Mustafizur Rahman,Death,86,129,8,16
T20I,Myat Thu Aung,Middle,33,75,2,3
T20I,N Acawei,Powerplay,69,88,9,5
T20I,N Ahir,Middle,38,72,2,2
T20I,N Benjamin,Death,65,73,5,5
T20I,N Boochatham,Death,67,81,6,12
T20I,N Boochatham,Middle,357,452,25,28
T20I,N Boochatham,Powerplay,476,655,73,34
T20I,N Caruana,Middle,113,166,3,2
T20I,N Caruana,Powerplay,77,183,2,4
T20I,N Chabula,Middle,16,62,2,3
T20I,N Chabula,Powerplay,7,66,0,3
T20I,N Chaiwai,Death,468,408,45,25
T20I,N Chaiwai,Middle,918,1206,66,32
T20I,N Chaiwai,Powerplay,425,653,47,16
T20I,N Chantam,Death,411,251,57,10
T20I,N Chantam,Middle,848,880,100,31
T20I,N Chantam,Powerplay,950,1170,137,41
T20I,N Chejay,Middle,117,161,10,5
T20I,N Choden,Death,53,62,6,4
T20I,N Choden,Middle,237,331,20,13
T20I,N Choden,Powerplay,330,536,40,16
T20I,N Davin,Middle,296,222,34,12
T20I,N Davin,Powerplay,688,508,107,20
T20I,N Dickwella,Middle,170,140,21,7
T20I,N Dickwella,Powerplay,291,219,48,16
T20I,N Gwanzura,Death,105,108,11,11
T20I,N Gwanzura,Powerplay,56,64,10,6
T20I,N Joshi,Middle,122,126,10,7
T20I,N Joshi,Powerplay,253,304,30,14
T20I,N Khanna,Death,122,76,19,5
T20I,N Khanna,Middle,84,78,8,4
T20I,N Kingsley,Middle,69,69,7,6
T20I,N Knights,Powerplay,161,133,26,10
T20I,N Koncharoenkai,Death,465,337,56,18
T20I,N Koncharoenkai,Middle,1267,1414,120,37
T20I,N Koncharoenkai,Powerplay,918,1171,110,26
T20I,N Liyanage,Middle,30,67,1,1
T20I,N Mabila,Middle,38,95,2,7
T20I,N Mugabe,Middle,177,168,18,6
T20I,N Mugabe,Powerplay,232,235,31,7
T20I,N Naranbaatar,Middle,15,75,1,8
T20I,N Navaika,Middle,272,396,24,9
T20I,N Navaika,Powerplay,111,194,10,9
T20I,N Nipiko,Death,171,119,18,7
T20I,N Nipiko,Middle,343,336,25,11
T20I,N Nipiko,Powerplay,295,313,39,11
T20I,N Nojic,Death,40,61,3,2
T20I,N Nojic,Middle,109,192,11,6
T20I,N Nuntarach,Middle,118,157,8,12
T20I,N Nuntarach,Powerplay,54,121,3,12
T20I,N Pathan,Middle,103,93,11,2
T20I,N Pooran,Death,428,235,64,17
T20I,N Pooran,Middle,1092,991,113,43
T20I,N Pooran,Powerplay,657,468,110,25
T20I,N Salekar,Middle,52,63,1,2
T20I,N Senamontree,Death,84,146,3,12
T20I,N Senamontree,Middle,72,122,2,5
T20I,N Shangase,Middle,116,139,10,5
T20I,N Sibanda,Death,61,108,4,8
T20I,N Tanner,Death,90,63,9,4
T20I,N Tanner,Middle,148,189,6,9
T20I,N Tanner,Powerplay,58,87,6,5
T20I,N Vanua,Death,264,192,33,20
T20I,N Vanua,Middle,284,253,27,9
T20I,N Vare,Death,141,130,18,7
T20I,N Vare,Middle,275,388,28,8
T20I,N Vare,Powerplay,305,530,40,20
T20I,N Zholudz,Powerplay,18,65,1,4
T20I,N Zimonjic,Death,52,67,5,10
T20I,N Zimonjic,Middle,75,69,10,7
T20I,N de Klerk,Death,409,330,45,16
T20I,N de Klerk,Middle,357,410,36,17
T20I,N de Klerk,Powerplay,71,71,10,1
T20I,NA Greenwood,Death,126,69,17,4
T20I,NA Greenwood,Middle,353,269,33,15
T20I,NA Greenwood,Powerplay,544,390,86,14
T20I,NA Rock,Middle,102,105,10,7
T20I,ND Laegsgaard,Middle,201,123,27,7
T20I,ND Laegsgaard,Powerplay,234,190,36,12
T20I,NF Kelly,Middle,72,64,9,3
T20I,NG Collins,Middle,103,96,7,5
T20I,NG Collins,Powerplay,196,256,24,8
T20I,NH Berejo,Middle,208,215,18,3
T20I,NH Berejo,Powerplay,66,105,4,0
T20I,NJ Browne,Death,81,76,8,5
T20I,NJ Carey,Death,117,109,11,4
T20I,NJ Ferraby,Powerplay,119,123,19,10
T20I,NJ O'Brien,Middle,187,177,15,7
T20I,NJ O'Brien,Powerplay,129,146,16,6
T20I,NJ Pius,Death,121,109,10,3
T20I,NJ Pius,Middle,279,356,24,24
T20I,NJ Pius,Powerplay,263,380,33,9
T20I,NK Bagenda,Middle,66,87,3,4
T20I,NK Patel,Death,80,79,8,4
T20I,NK Tiwari,Middle,137,143,16,7
T20I,NK Tiwari,Powerplay,48,69,4,2
T20I,NKF Rada Rani,Death,139,147,9,7
T20I,NKF Rada Rani,Middle,112,185,2,6
T20I,NKF Rada Rani,Powerplay,50,82,3,2
T20I,NL McCullum,Death,221,206,23,23
T20I,NL McCullum,Middle,75,98,4,3
T20I,NLKWR Dewi,Death,110,84,10,4
T20I,NLKWR Dewi,Middle,345,359,39,14
T20I,NLKWR Dewi,Powerplay,253,326,26,8
T20I,NLTC Perera,Death,659,399,87,25
T20I,NLTC Perera,Middle,479,378,55,22
T20I,NM Anil,Middle,61,61,9,3
T20I,NM Cherriath,Middle,38,80,1,3
T20I,NM Coulter-Nile,Death,110,81,14,11
T20I,NM Odhiambo,Death,135,86,17,12
T20I,NM Odhiambo,Middle,188,215,16,10
T20I,NM Salonen,Death,130,72,17,6
T20I,NM Salonen,Middle,197,198,17,13
T20I,NMP Suwandewi,Death,67,91,5,3
T20I,NMP Suwandewi,Middle,48,106,1,6
T20I,NMS Param,Death,131,96,15,6
T20I,NMS Param,Middle,111,100,12,3
T20I,NN Odhiambo,Middle,70,69,10,4
T20I,NN Saidi,Death,139,140,12,8
T20I,NN Saidi,Middle,133,258,5,9
T20I,NND de Silva,Death,727,557,74,35
T20I,NND de Silva,Middle,682,830,41,24
T20I,NP Dalgaard,Death,76,94,8,10
T20I,NPAN Sakarini,Death,144,132,11,5
T20I,NPAN Sakarini,Middle,559,710,53,18
T20I,NPAN Sakarini,Powerplay,297,462,33,3
T20I,NR Kirton,Death,190,131,21,10
T20I,NR Kirton,Middle,433,359,40,12
T20I,NR Kirton,Powerplay,114,133,15,8
T20I,NR Kumar,Death,126,64,17,5
T20I,NR Kumar,Middle,379,341,32,20
T20I,NR Kumar,Powerplay,168,138,24,2
T20I,NR Sciver,Death,409,273,52,21
T20I,NR Sciver,Middle,1075,1011,104,39
T20I,NR Sciver,Powerplay,349,376,51,6
T20I,NR Sciver-Brunt,Death,290,177,44,10
T20I,NR Sciver-Brunt,Middle,689,538,92,12
T20I,NR Sciver-Brunt,Powerplay,249,208,39,4
T20I,NRJ Croes,Death,146,88,18,3
T20I,NRJ Croes,Middle,77,86,4,5
T20I,NS Dhaliwal,Death,149,76,20,8
T20I,NS Dhaliwal,Middle,571,423,60,11
T20I,NS Dhaliwal,Powerplay,537,471,78,17
T20I,NT Miles,Death,214,172,25,8
T20I,NT Miles,Middle,748,826,68,23
T20I,NT Miles,Powerplay,839,1136,98,30
T20I,NT Raghunandan,Powerplay,74,82,7,3
T20I,NY McLean,Death,69,61,8,6
T20I,NY McLean,Middle,215,210,21,7
T20I,NY McLean,Powerplay,74,117,10,4
T20I,Naeem Gull,Middle,67,102,9,5
T20I,Naeem Gull,Powerplay,62,62,11,3
T20I,Nahida Akter,Death,138,171,9,20
T20I,Nahida Akter,Middle,19,67,1,2
T20I,Nahida Khan,Middle,146,165,15,12
T20I,Nahida Khan,Powerplay,244,355,30,15
T20I,Nain Abidi,Death,100,106,6,7
T20I,Nain Abidi,Middle,263,371,16,11
T20I,Nain Abidi,Powerplay,115,177,10,9
T20I,Najjam Shahzad,Death,135,87,20,5
T20I,Najjam Shahzad,Middle,196,183,24,10
T20I,Najwa Akram,Powerplay,16,67,1,8
T20I,Namgay Thinley,Middle,154,170,14,10
T20I,Namgay Thinley,Powerplay,236,210,34,13
T20I,Naseem Khushi,Death,188,121,23,12
T20I,Naseem Khushi,Middle,125,98,15,8
T20I,Naseem Khushi,Powerplay,278,156,45,10
T20I,Nashra Sandhu,Death,58,104,2,12
T20I,Nasibullah Arab,Powerplay,219,128,38,8
T20I,Nasir Hossain,Death,158,138,16,10
T20I,Nasir Hossain,Middle,134,141,10,6
T20I,Nasir Jamshed,Middle,163,137,17,10
T20I,Nasir Jamshed,Powerplay,174,179,25,6
T20I,Nasrulla Rana,Death,175,150,19,16
T20I,Nasrulla Rana,Middle,80,75,11,5
T20I,Natalia Pervaiz,Death,79,74,8,8
T20I,Natalia Pervaiz,Middle,111,149,10,9
T20I,Natim Hassam,Middle,142,148,14,4
T20I,Naveed Ahmed,Death,94,102,10,6
T20I,Nayab Alizai,Powerplay,23,61,1,1
T20I,Nayab Razwan,Middle,64,105,3,7
T20I,Nazatul Hidayah Husna,Powerplay,30,62,5,5
T20I,Nazimuddin,Middle,65,71,4,4
T20I,Nazimuddin,Powerplay,113,93,19,3
T20I,Nazmul Hossain Shanto,Death,88,70,8,4
T20I,Nazmul Hossain Shanto,Middle,496,432,51,17
T20I,Nazmul Hossain Shanto,Powerplay,375,411,48,17
T20I,Nida Dar,Death,539,477,54,34
T20I,Nida Dar,Middle,1154,1141,121,48
T20I,Nida Dar,Powerplay,103,199,13,6
T20I,Nigar Sultana,Death,772,584,95,35
T20I,Nigar Sultana,Middle,1461,1708,137,39
T20I,Nigar Sultana,Powerplay,307,464,43,7
T20I,Nisha Ali,Middle,71,65,9,2
T20I,Nishat Sakib,Middle,76,72,9,6
T20I,Niv Nagavkar,Middle,194,177,22,11
T20I,Niv Nagavkar,Powerplay,97,96,7,1
T20I,Nizakat Khan,Death,232,176,26,18
T20I,Nizakat Khan,Middle,1004,815,95,35
T20I,Nizakat Khan,Powerplay,1152,1021,159,51
T20I,Noman Amjad,Death,185,157,13,12
T20I,Noman Amjad,Middle,149,158,12,6
T20I,Noman Amjad,Powerplay,56,62,9,6
T20I,Ntombizodwa Mkhatshwa,Powerplay,57,212,4,12
T20I,Ntombizonke MKhatshwa,Middle,18,68,1,7
T20I,Numan Ahmadzai,Powerplay,64,67,11,3
T20I,Nur Arianna Natsya,Death,89,151,3,15
T20I,Nur Arianna Natsya,Middle,93,181,2,15
T20I,Nur Dania Syuhada,Death,132,217,7,13
T20I,Nur Dania Syuhada,Middle,69,143,5,11
T20I,Nurul Hasan,Death,292,221,33,17
T20I,Nurul Hasan,Middle,203,220,13,15
T20I,O Amarjargal,Death,10,93,0,4
T20I,O Amarjargal,Middle,23,61,2,3
T20I,O Asika,Middle,75,110,6,5
T20I,O Asika,Powerplay,40,106,1,1
T20I,O Bascome,Powerplay,83,79,13,5
T20I,O Batisani,Middle,108,136,11,5
T20I,O Batisani,Powerplay,100,197,14,8
T20I,O Casasola,Powerplay,59,109,5,3
T20I,O Erdenebaatar,Middle,42,204,1,8
T20I,O Erdenebaatar,Powerplay,14,99,0,2
T20I,O Hamrikova,Middle,17,62,1,7
T20I,O Kamchomphu,Death,96,130,5,24
T20I,O Kamchomphu,Middle,57,65,7,8
T20I,O Kgeresi,Death,45,80,2,5
T20I,O Kgeresi,Middle,127,210,6,7
T20I,O Kgeresi,Powerplay,139,283,9,19
T20I,O Manishimwe,Death,187,169,19,15
T20I,O Manishimwe,Middle,499,573,41,22
T20I,O Manishimwe,Powerplay,451,575,70,24
T20I,O Matsolo,Middle,42,118,1,2
T20I,O Mondlane,Middle,121,165,13,10
T20I,O Mondlane,Powerplay,185,358,22,19
T20I,O Olaleye,Middle,220,231,21,9
T20I,O Olaleye,Powerplay,91,113,11,7
T20I,O Prendergast,Death,391,243,56,18
T20I,O Prendergast,Middle,1072,927,116,31
T20I,O Prendergast,Powerplay,584,527,93,15
T20I,O Ranedoumoun,Middle,39,68,4,9
T20I,O Tuyisenge,Middle,391,437,35,29
T20I,O Tuyisenge,Powerplay,533,534,76,26
T20I,OA Shah,Death,127,77,17,6
T20I,OA Shah,Middle,217,205,22,8
T20I,OB Nightingale,Death,146,114,13,7
T20I,OB Nightingale,Middle,246,255,16,10
T20I,OD Hald,Death,107,80,13,8
T20I,OF Smith,Death,169,115,22,7
T20I,OGL Bascome,Middle,226,173,29,10
T20I,OGL Bascome,Powerplay,282,191,46,9
T20I,OH Agbomadzie,Death,111,90,10,8
T20I,OH Agbomadzie,Middle,364,402,36,15
T20I,OH Agbomadzie,Powerplay,151,205,15,4
T20I,OJ Hairs,Middle,246,139,35,8
T20I,OJ Hairs,Powerplay,223,158,40,14
T20I,OJ Webster,Powerplay,102,71,16,4
T20I,OJR Groves,Middle,97,80,10,2
T20I,OK Mohamed,Powerplay,38,133,4,8
T20I,OU Ranasinghe,Death,175,208,16,17
T20I,OU Ranasinghe,Middle,131,204,7,13
T20I,Olipa Gerald,Middle,179,92,27,3
T20I,Omar Rassol,Middle,179,161,25,10
T20I,Omid Mailk Khel,Death,107,61,14,3
T20I,Omid Mailk Khel,Middle,239,209,27,9
T20I,Omid Mailk Khel,Powerplay,117,123,20,2
T20I,Osama Mahmood,Middle,77,90,4,4
T20I,Osama Mahmood,Powerplay,179,155,27,6
T20I,P Abanda,Powerplay,32,70,6,5
T20I,P Agboya,Powerplay,56,67,9,3
T20I,P Aho,Death,187,158,17,12
T20I,P Aho,Middle,100,121,10,7
T20I,P Alako,Death,266,240,33,15
T20I,P Alako,Middle,376,427,45,14
T20I,P Alako,Powerplay,198,289,26,15
T20I,P Baron,Middle,290,248,29,10
T20I,P Baron,Powerplay,521,441,84,13
T20I,P Cuinica,Middle,122,218,10,6
T20I,P Cuinica,Powerplay,100,200,12,13
T20I,P Jayeshbhai Patel,Powerplay,82,124,11,5
T20I,P Khadka,Middle,284,225,33,8
T20I,P Khadka,Powerplay,345,288,59,15
T20I,P Kurup,Middle,512,523,45,26
T20I,P Kurup,Powerplay,908,867,134,25
T20I,P Litchfield,Death,170,101,27,4
T20I,P Litchfield,Middle,351,268,51,15
T20I,P Litchfield,Powerplay,159,137,26,5
T20I,P Manning,Middle,49,81,2,5
T20I,P Manning,Powerplay,69,96,9,5
T20I,P Mapotsane,Death,143,136,17,10
T20I,P Mapotsane,Middle,207,283,19,11
T20I,P Mapotsane,Powerplay,95,166,12,4
T20I,P Marange,Death,95,118,11,6
T20I,P Maya,Death,154,160,12,17
T20I,P Maya,Middle,224,350,22,20
T20I,P Maya,Powerplay,180,168,21,5
T20I,P Maziya,Death,49,71,4,6
T20I,P Maziya,Middle,104,223,6,9
T20I,P Maziya,Powerplay,89,190,8,7
T20I,P Mishra,Death,181,136,24,14
T20I,P Mishra,Middle,240,249,33,14
T20I,P Molkenboer,Death,85,101,3,5
T20I,P Molkenboer,Middle,302,307,33,15
T20I,P Molkenboer,Powerplay,408,482,63,20
T20I,P Mujaji,Middle,70,86,6,7
T20I,P Murungi,Death,80,60,11,6
T20I,P Murungi,Middle,125,119,13,10
T20I,P Nissanka,Death,222,133,31,12
T20I,P Nissanka,Middle,926,764,92,27
T20I,P Nissanka,Powerplay,1455,1210,214,43
T20I,P Pheko,Middle,27,85,3,9
T20I,P Pheko,Powerplay,33,111,0,6
T20I,P Pushparajan,Middle,329,209,43,9
T20I,P Pushparajan,Powerplay,255,180,37,7
T20I,P Rathnayake,Middle,159,118,18,6
T20I,P Sabu,Middle,92,106,10,7
T20I,P Sabu,Powerplay,155,210,12,9
T20I,P Sarraf,Powerplay,77,76,14,8
T20I,P Sharma,Middle,90,95,8,10
T20I,P Sharma,Powerplay,250,261,36,12
T20I,P Shetty,Death,46,70,3,5
T20I,P Shetty,Middle,67,118,7,7
T20I,P Siaka,Death,189,134,25,12
T20I,P Siaka,Middle,178,213,15,14
T20I,P Silas,Death,213,173,21,13
T20I,P Silas,Middle,261,309,21,15
T20I,P Suanchuai,Middle,99,145,9,13
T20I,P Suanchuai,Powerplay,99,140,11,3
T20I,P Thongsa,Death,82,102,4,6
T20I,P Thongsa,Middle,76,121,5,5
T20I,P Useni,Death,274,190,30,20
T20I,P Useni,Middle,171,125,23,11
T20I,P Utseya,Death,73,88,6,8
T20I,P Vastrakar,Death,241,190,28,16
T20I,P Vastrakar,Middle,45,65,2,6
T20I,P Zuze,Death,49,60,5,7
T20I,PA Chatterji,Death,244,196,26,16
T20I,PA Chatterji,Middle,346,405,34,21
T20I,PA Chatterji,Powerplay,50,86,5,4
T20I,PA Raikes,Death,97,62,11,4
T20I,PA Raikes,Middle,259,234,29,11
T20I,PA Raikes,Powerplay,362,270,56,7
T20I,PA van Meekeren,Death,104,83,12,12
T20I,PB Gouge,Middle,116,78,11,6
T20I,PB Gouge,Powerplay,195,109,28,1
T20I,PBB Rajapaksa,Death,202,136,25,9
T20I,PBB Rajapaksa,Middle,358,299,41,17
T20I,PBB Rajapaksa,Powerplay,97,92,15,4
T20I,PC McGeown,Middle,83,153,4,8
T20I,PC McGeown,Powerplay,49,90,7,3
T20I,PD Collingwood,Death,183,94,27,12
T20I,PD Collingwood,Middle,375,332,32,16
T20I,PD Hennessy,Powerplay,64,84,3,5
T20I,PD Salt,Death,201,89,29,7
T20I,PD Salt,Middle,627,430,76,16
T20I,PD Salt,Powerplay,1024,654,169,29
T20I,PE Kulume,Death,127,163,13,12
T20I,PE Kulume,Middle,66,106,9,5
T20I,PE Mendonca,Death,127,121,12,6
T20I,PE Mendonca,Middle,324,394,30,15
T20I,PE Mendonca,Powerplay,60,99,8,6
T20I,PG Fulton,Middle,90,87,9,7
T20I,PG Raut,Middle,161,159,14,5
T20I,PG Raut,Powerplay,135,182,20,3
T20I,PHKD Mendis,Death,164,105,21,12
T20I,PHKD Mendis,Middle,382,355,39,23
T20I,PHKD Mendis,Powerplay,143,118,24,4
T20I,PJ Cummins,Death,127,92,15,11
T20I,PJ Moor,Middle,211,173,26,7
T20I,PJ Stahelin,Powerplay,23,87,0,2
T20I,PK Matautaava,Middle,210,186,19,13
T20I,PK Matautaava,Powerplay,195,163,30,7
T20I,PL Mommsen,Middle,152,125,16,3
T20I,PM Seelaar,Death,253,198,28,14
T20I,PM Seelaar,Middle,276,286,20,14
T20I,PM Weerakkody,Middle,64,89,5,4
T20I,PM Weerakkody,Powerplay,39,70,4,3
T20I,PN Agarwal,Middle,54,89,4,2
T20I,PN Agarwal,Powerplay,47,77,4,5
T20I,PR Stirling,Middle,864,690,98,40
T20I,PR Stirling,Powerplay,2197,1679,367,74
T20I,PR Surve,Death,245,157,26,8
T20I,PR Surve,Middle,489,486,45,12
T20I,PR Surve,Powerplay,175,164,28,3
T20I,PS Airee,Powerplay,45,77,4,6
T20I,PS Athavale,Middle,144,116,15,2
T20I,PS Athavale,Powerplay,175,153,27,9
T20I,PSR Gurusinghe,Death,71,116,3,11
T20I,PSR Gurusinghe,Middle,101,229,5,9
T20I,PSR Gurusinghe,Powerplay,18,69,1,8
T20I,PV Vuniwaqa,Middle,255,176,36,9
T20I,PV Vuniwaqa,Powerplay,211,164,37,4
T20I,PVD Chameera,Death,107,145,9,23
T20I,PW Borren,Death,158,104,23,10
T20I,PW Borren,Middle,269,223,29,9
T20I,PWA Mulder,Middle,81,74,7,2
T20I,PWH de Silva,Death,337,259,40,34
T20I,PWH de Silva,Middle,379,352,39,23
T20I,PZ Kamunya,Death,113,134,12,15
T20I,PZ Kamunya,Middle,145,208,12,11
T20I,PZ Kamunya,Powerplay,52,84,6,3
T20I,Paing Danu,Middle,91,110,9,7
T20I,Paing Danu,Powerplay,85,84,13,5
T20I,Pargat Singh,Middle,250,202,28,12
T20I,Pargat Singh,Powerplay,121,147,16,5
T20I,Parvez Hossain Emon,Middle,262,179,34,9
T20I,Parvez Hossain Emon,Powerplay,351,320,55,22
T20I,Pavandeep Singh,Death,36,66,0,0
T20I,Pen Samon,Powerplay,21,87,1,3
T20I,Pooja Ganesh,Death,129,115,10,6
T20I,Pooja Ganesh,Middle,117,138,9,9
T20I,Poorvaja Jagdeesha,Middle,49,124,3,10
T20I,Poorvaja Jagdeesha,Powerplay,21,83,2,3
T20I,Pratik Singh Bais,Death,39,71,0,7
T20I,Praveen Santhanakrishnan,Middle,73,85,9,8
T20I,Praveen Santhanakrishnan,Powerplay,76,106,11,6
T20I,Priyada Murali,Middle,247,338,20,19
T20I,Priyada Murali,Powerplay,439,710,56,22
T20I,Puja Mahato,Death,186,150,17,7
T20I,Puja Mahato,Middle,410,542,31,22
T20I,Puja Mahato,Powerplay,263,412,29,19
T20I,Pyae Phyo Wai,Middle,127,184,6,14
T20I,Pyae Phyo Wai,Powerplay,212,288,20,12
T20I,Q Abel,Death,89,78,9,5
T20I,Q Abel,Middle,430,358,62,12
T20I,Q Abel,Powerplay,484,546,72,19
T20I,Q Joseph,Middle,173,136,24,13
T20I,Q Joseph,Powerplay,346,328,60,17
T20I,Q de Kock,Middle,1008,761,115,37
T20I,Q de Kock,Powerplay,1924,1382,308,53
T20I,Qamar Mushtaque,Death,164,132,19,11
T20I,Qamar Mushtaque,Middle,99,128,8,6
T20I,Qanita Jalil,Powerplay,47,65,6,9
T20I,R Abdulkareem,Death,114,115,11,9
T20I,R Abdulkareem,Middle,153,204,17,10
T20I,R Andrew,Death,110,81,13,2
T20I,R Andrew,Middle,284,321,28,9
T20I,R Andrew,Powerplay,318,404,40,16
T20I,R Ankad,Middle,33,60,2,5
T20I,R Ashwin,Death,142,121,16,6
T20I,R Baaleri,Middle,100,119,6,5
T20I,R Baaleri,Powerplay,122,167,14,7
T20I,R Bakum,Middle,311,248,36,15
T20I,R Bakum,Powerplay,162,209,19,10
T20I,R Chopra,Death,184,112,24,11
T20I,R Chopra,Middle,411,397,38,14
T20I,R Chopra,Powerplay,60,86,9,1
T20I,R Coker,Middle,145,222,10,19
T20I,R Coker,Powerplay,156,275,20,11
T20I,R Davson,Middle,63,101,5,8
T20I,R Davson,Powerplay,72,81,11,1
T20I,R Dianish,Middle,120,111,16,7
T20I,R Dianish,Powerplay,269,249,38,11
T20I,R Escobar,Death,67,72,3,4
T20I,R Escobar,Middle,146,191,9,4
T20I,R Gaznavi,Middle,122,142,9,8
T20I,R Gaznavi,Powerplay,131,144,20,8
T20I,R Gnanaraj,Powerplay,35,73,3,4
T20I,R Gowthaman,Middle,53,75,3,2
T20I,R Gunasekera,Middle,74,73,6,3
T20I,R Gunasekera,Powerplay,116,113,19,3
T20I,R Haiong,Death,68,132,4,6
T20I,R Haiong,Middle,41,100,3,9
T20I,R Hashu,Death,83,62,6,3
T20I,R Hekure,Middle,55,70,7,7
T20I,R Hubbard,Middle,59,65,9,1
T20I,R Immadi,Death,61,87,2,5
T20I,R Immadi,Middle,167,281,13,9
T20I,R Kanoh,Death,119,122,11,13
T20I,R Kanoh,Middle,69,74,11,5
T20I,R Khullar,Powerplay,34,77,3,5
T20I,R Lutaaya,Middle,159,144,16,9
T20I,R Lutaaya,Powerplay,213,156,35,16
T20I,R Mazumder,Death,99,67,11,1
T20I,R Mazumder,Middle,302,303,30,10
T20I,R Mazumder,Powerplay,404,421,61,17
T20I,R Mupfudza,Powerplay,80,87,10,3
T20I,R Muriyalo,Middle,81,117,6,4
T20I,R Musamali,Death,369,353,35,21
T20I,R Musamali,Middle,802,1002,60,34
T20I,R Musamali,Powerplay,122,221,13,4
T20I,R Mutumbami,Death,85,68,10,5
T20I,R Mutumbami,Middle,143,113,16,9
T20I,R Nath,Middle,103,123,10,5
T20I,R Nehonde,Death,132,102,12,7
T20I,R Nehonde,Middle,418,439,39,18
T20I,R Nehonde,Powerplay,176,246,19,9
T20I,R Ngarava,Death,100,94,14,12
T20I,R Ntono,Powerplay,30,82,1,6
T20I,R Obuya,Middle,344,253,37,14
T20I,R Obuya,Powerplay,487,432,79,20
T20I,R Panchal,Middle,79,115,4,4
T20I,R Pathan,Middle,132,81,15,3
T20I,R Pathan,Powerplay,237,158,40,4
T20I,R Pavlickova,Middle,53,106,4,11
T20I,R Pavlickova,Powerplay,102,182,8,7
T20I,R Poddar,Middle,86,118,5,5
T20I,R Poddar,Powerplay,83,123,9,9
T20I,R Powell,Death,818,497,108,39
T20I,R Powell,Middle,1328,1084,160,45
T20I,R Powell,Powerplay,173,145,27,4
T20I,R Ravindra,Death,109,79,13,7
T20I,R Ravindra,Middle,409,286,45,16
T20I,R Ravindra,Powerplay,241,213,34,13
T20I,R Rijke,Death,300,251,32,14
T20I,R Rijke,Middle,926,956,95,44
T20I,R Rijke,Powerplay,260,315,32,8
T20I,R Rodrigo,Middle,49,73,3,4
T20I,R Rodrigo,Powerplay,111,176,15,11
T20I,R Rohan,Middle,119,101,14,11
T20I,R Rohan,Powerplay,295,331,41,15
T20I,R Sakurano-Thomas,Death,130,107,10,14
T20I,R Sakurano-Thomas,Middle,100,133,4,7
T20I,R Sandaruwan,Middle,472,298,59,23
T20I,R Sandaruwan,Powerplay,1045,834,160,42
T20I,R Satheesan,Middle,539,404,71,20
T20I,R Satheesan,Powerplay,880,654,143,20
T20I,R Sharma,Death,100,61,13,3
T20I,R Shepherd,Death,580,394,76,21
T20I,R Shepherd,Middle,327,269,42,10
T20I,R Slater,Death,84,80,8,12
T20I,R Slater,Middle,33,61,3,4
T20I,R Stokell,Death,371,284,35,13
T20I,R Stokell,Middle,275,328,28,21
T20I,R Stokell,Powerplay,262,312,38,11
T20I,R Tari,Death,168,129,16,10
T20I,R Tari,Middle,84,115,3,7
T20I,R Trumpelmann,Death,282,213,33,17
T20I,R Trumpelmann,Middle,64,70,7,5
T20I,R Walker,Middle,56,74,4,2
T20I,RA Herman,Middle,224,158,27,5
T20I,RA Herman,Powerplay,64,64,10,2
T20I,RA Jadeja,Death,344,239,40,15
T20I,RA Jadeja,Middle,160,173,12,7
T20I,RA Lister,Middle,12,65,0,3
T20I,RA Lister,Powerplay,14,63,0,2
T20I,RA Mair,Death,56,62,4,5
T20I,RA Reilly,Middle,47,64,6,3
T20I,RA Sealy,Middle,325,253,35,16
T20I,RA Sealy,Powerplay,106,107,19,6
T20I,RA Thomas,Powerplay,69,85,8,5
T20I,RB Patel,Death,132,88,22,4
T20I,RB Patel,Middle,420,406,44,14
T20I,RB Patel,Powerplay,229,292,34,11
T20I,RC Belbashi,Death,435,353,53,23
T20I,RC Belbashi,Middle,538,680,64,24
T20I,RC Belbashi,Powerplay,74,134,8,2
T20I,RD Atangana,Middle,47,63,4,3
T20I,RD Berrington,Death,535,331,66,17
T20I,RD Berrington,Middle,1230,946,134,39
T20I,RD Berrington,Powerplay,275,298,34,8
T20I,RD Gaikwad,Middle,254,170,32,5
T20I,RD Gaikwad,Powerplay,251,237,37,7
T20I,RD Pangestuti,Middle,39,74,4,4
T20I,RD Pangestuti,Powerplay,117,167,15,11
T20I,RD Rickelton,Middle,282,191,33,7
T20I,RD Rickelton,Powerplay,336,248,49,17
T20I,RD de Sousa,Middle,77,137,4,4
T20I,RDB Ahir,Middle,51,60,2,6
T20I,RE Levi,Powerplay,138,116,22,11
T20I,RE Nyangendo,Middle,31,61,3,1
T20I,RE van der Merwe,Death,307,205,38,11
T20I,RE van der Merwe,Middle,220,212,17,13
T20I,RG Aga,Death,92,60,11,5
T20I,RG Aga,Middle,60,74,5,4
T20I,RG Mukasa,Middle,348,259,47,12
T20I,RG Mukasa,Powerplay,590,518,91,24
T20I,RG Sharma,Death,334,181,46,10
T20I,RG Sharma,Middle,1524,1099,170,51
T20I,RG Sharma,Powerplay,2169,1665,342,68
T20I,RG Somashekhar,Middle,41,65,3,2
T20I,RGA Amah,Middle,59,97,5,7
T20I,RGA Amah,Powerplay,55,68,6,1
T20I,RH Priest,Middle,73,91,7,8
T20I,RH Priest,Powerplay,226,240,39,10
T20I,RJ Ainsworth,Middle,77,96,8,2
T20I,RJ Nicol,Middle,106,92,12,7
T20I,RJ Nicol,Powerplay,218,219,32,10
T20I,RJ Peterson,Death,74,66,9,5
T20I,RK Paudel,Death,390,229,54,15
T20I,RK Paudel,Middle,1061,927,103,41
T20I,RK Paudel,Powerplay,322,355,40,6
T20I,RK Singh,Death,383,219,57,12
T20I,RK Singh,Middle,181,159,21,6
T20I,RK Singh,Powerplay,63,76,10,5
T20I,RL Blake,Death,97,75,10,0
T20I,RL Blake,Middle,236,203,32,1
T20I,RL Blake,Powerplay,235,184,37,2
T20I,RL Chase,Death,188,126,23,10
T20I,RL Chase,Middle,483,453,46,18
T20I,RL Chase,Powerplay,175,166,27,8
T20I,RL Haynes,Death,337,217,42,11
T20I,RL Haynes,Middle,316,298,31,8
T20I,RM Dorji,Death,96,86,8,7
T20I,RM Dorji,Middle,403,387,46,16
T20I,RM Dorji,Powerplay,129,136,17,10
T20I,RM Ghosh,Death,921,579,141,38
T20I,RM Ghosh,Middle,451,406,63,14
T20I,RM Magare,Middle,68,66,7,5
T20I,RM Magare,Powerplay,90,87,14,5
T20I,RMAM Avery,Death,167,176,15,7
T20I,RMAM Avery,Middle,424,600,24,7
T20I,RMAM Avery,Powerplay,112,239,8,5
T20I,RMVD Gunaratne,Death,82,66,8,7
T20I,RMVD Gunaratne,Middle,380,419,39,15
T20I,RMVD Gunaratne,Powerplay,430,576,62,29
T20I,RN Patel,Middle,332,278,32,13
T20I,RN Patel,Powerplay,589,513,94,27
T20I,RN ten Doeschate,Death,187,120,20,3
T20I,RN ten Doeschate,Middle,224,190,16,7
T20I,RO Mazumba,Middle,46,94,3,3
T20I,ROC Dunka,Middle,62,62,5,5
T20I,RP Burl,Death,880,590,110,34
T20I,RP Burl,Middle,1008,951,103,33
T20I,RP Burl,Powerplay,91,78,13,2
T20I,RP Magar,Middle,25,73,0,3
T20I,RP Singh,Death,167,112,20,13
T20I,RP Singh,Middle,145,157,18,9
T20I,RP Yadav,Death,92,96,6,15
T20I,RR Hendricks,Death,138,84,23,14
T20I,RR Hendricks,Middle,1048,792,115,28
T20I,RR Hendricks,Powerplay,1289,1086,196,43
T20I,RR Pant,Death,281,195,40,15
T20I,RR Pant,Middle,678,583,77,28
T20I,RR Pant,Powerplay,183,176,27,8
T20I,RR Patel,Death,555,318,81,23
T20I,RR Patel,Middle,1194,978,149,32
T20I,RR Patel,Powerplay,208,189,34,4
T20I,RR Rossouw,Death,167,96,22,4
T20I,RR Rossouw,Middle,377,254,48,9
T20I,RR Rossouw,Powerplay,223,148,38,9
T20I,RR Sarwan,Middle,170,181,12,7
T20I,RR Sarwan,Powerplay,81,76,9,0
T20I,RR Seth,Death,128,155,12,8
T20I,RR Seth,Middle,298,403,30,17
T20I,RR Seth,Powerplay,142,256,13,11
T20I,RR Sharan,Middle,143,118,18,5
T20I,RR Sharan,Powerplay,116,159,17,8
T20I,RS Bopara,Death,261,174,33,7
T20I,RS Bopara,Middle,334,302,24,10
T20I,RS Bopara,Powerplay,116,143,14,8
T20I,RS Glen,Middle,140,132,17,8
T20I,RS Glen,Powerplay,52,67,5,5
T20I,RS Quyn,Death,32,63,3,7
T20I,RS Vandort,Middle,42,60,2,2
T20I,RS Williams,Middle,94,110,9,6
T20I,RS Williams,Powerplay,99,136,13,9
T20I,RSM Lili'i,Middle,92,80,13,0
T20I,RSM Lili'i,Powerplay,41,67,4,2
T20I,RT Ponting,Middle,231,171,26,5
T20I,RT Ponting,Powerplay,115,112,19,7
T20I,RV Uthappa,Middle,126,100,14,6
T20I,RV Uthappa,Powerplay,103,98,17,3
T20I,RW Chakabva,Middle,158,135,12,13
T20I,RW Chakabva,Powerplay,372,330,58,26
T20I,Rabbjyot Rajput,Death,42,78,3,5
T20I,Rabbjyot Rajput,Middle,16,61,0,4
T20I,Rabeya Khan,Death,114,141,7,11
T20I,Rabeya Khan,Middle,34,67,2,5
T20I,Rafiullah,Death,153,89,21,11
T20I,Rafiullah,Middle,112,71,18,8
T20I,Raghav Dhawan,Middle,238,241,15,8
T20I,Raghav Dhawan,Powerplay,270,250,38,6
T20I,Ragne Hallik,Middle,54,157,1,4
T20I,Ragne Hallik,Powerplay,41,94,3,3
T20I,Rahat Kazi,Powerplay,30,67,2,6
T20I,Rahel Khan,Powerplay,118,92,18,4
T20I,Rahmatullah Mangal,Death,65,74,5,10
T20I,Raihan Hossain,Powerplay,33,78,2,2
T20I,Raja Shoaib,Powerplay,74,93,12,2
T20I,Ramanjot Singh,Middle,48,63,4,1
T20I,Rameesha Shahid,Death,105,111,8,7
T20I,Rameesha Shahid,Middle,105,142,9,8
T20I,Rameez Shahzad,Middle,177,187,16,6
T20I,Rameez Shahzad,Powerplay,94,93,12,3
T20I,Rasheed Ali Mamadkhel,Middle,60,69,6,6
T20I,Ratul Khan,Powerplay,70,76,7,4
T20I,Ravinderpal Singh,Death,295,198,37,16
T20I,Ravinderpal Singh,Middle,325,237,41,9
T20I,Raza Iqbal,Powerplay,290,272,42,15
T20I,Razmal Shigiwal,Middle,525,366,60,16
T20I,Razmal Shigiwal,Powerplay,259,242,37,7
T20I,Regina Khan,Middle,45,73,4,0
T20I,Rhys Burinaga,Middle,48,65,1,6
T20I,Riazat Ali Shah,Death,587,333,86,20
T20I,Riazat Ali Shah,Middle,991,866,102,17
T20I,Riazat Ali Shah,Powerplay,119,154,17,8
T20I,Rinitha Rajith,Death,155,130,20,9
T20I,Rinitha Rajith,Middle,177,216,21,14
T20I,Rinitha Rajith,Powerplay,133,123,22,10
T20I,Rishad Hossain,Death,108,93,15,16
T20I,Rishad Hossain,Middle,113,101,14,10
T20I,Ritik Tomar,Death,132,87,16,9
T20I,Ritik Tomar,Middle,170,199,17,9
T20I,Ritu Moni,Death,288,309,22,27
T20I,Ritu Moni,Middle,192,304,16,14
T20I,Riyaa Bhasin,Death,41,64,0,3
T20I,Riyaa Bhasin,Middle,27,62,1,7
T20I,Riyaa Bhasin,Powerplay,16,60,0,4
T20I,Rizpha Bano,Middle,99,108,15,6
T20I,Rizpha Bano,Powerplay,151,195,21,5
T20I,Rizwan Butt,Death,228,191,23,25
T20I,Rizwan Cheema,Powerplay,116,97,18,11
T20I,Rizwan Mahmood,Middle,77,72,8,4
T20I,Robert Raina,Middle,66,89,9,5
T20I,Rohan Mustafa,Death,72,62,6,7
T20I,Rohan Mustafa,Middle,276,253,24,11
T20I,Rohan Mustafa,Powerplay,293,294,50,20
T20I,Rohit Kumar,Middle,59,64,7,4
T20I,Rohit Kumar,Powerplay,186,166,33,7
T20I,Roma Thapa,Death,56,65,4,8
T20I,Roma Thapa,Middle,59,100,4,5
T20I,Rony Talukdar,Powerplay,148,109,23,5
T20I,Rosine Irera,Death,64,92,5,3
T20I,Rubya Haider,Powerplay,47,63,7,4
T20I,Ruchitha Venkatesh,Death,108,146,4,7
T20I,Ruchitha Venkatesh,Middle,70,168,4,8
T20I,Rumana Ahmed,Death,212,192,22,15
T20I,Rumana Ahmed,Middle,372,430,39,15
T20I,Rumana Ahmed,Powerplay,39,72,3,6
T20I,S Austin,Middle,230,235,20,15
T20I,S Austin,Powerplay,87,103,9,2
T20I,S Bau,Death,177,148,22,11
T20I,S Bau,Middle,606,531,60,17
T20I,S Bau,Powerplay,349,362,49,16
T20I,S Bhardwaj,Middle,44,106,0,7
T20I,S Bhaskar,Powerplay,66,78,11,2
T20I,S Bodha,Death,66,60,7,6
T20I,S Burdekin,Middle,93,79,10,5
T20I,S Burdekin,Powerplay,67,86,10,5
T20I,S Chanderpaul,Middle,147,159,11,10
T20I,S Chanderpaul,Powerplay,151,166,22,5
T20I,S Chandramohan,Death,164,90,25,7
T20I,S Chandramohan,Middle,468,404,60,19
T20I,S Chandramohan,Powerplay,458,462,61,16
T20I,S Chaturongrattana,Powerplay,43,68,5,2
T20I,S Chilemanya,Powerplay,49,73,2,8
T20I,S Chinawa,Middle,71,113,3,6
T20I,S Chinawa,Powerplay,216,377,25,21
T20I,S Choden,Death,96,171,3,12
T20I,S Choden,Middle,156,275,9,10
T20I,S Conteh,Death,57,73,6,5
T20I,S Conteh,Middle,52,107,0,10
T20I,S Conteh,Powerplay,58,100,7,5
T20I,S Cotter,Middle,71,84,6,2
T20I,S Cotter,Powerplay,112,113,18,8
T20I,S Crowie,Middle,47,70,2,4
T20I,S Crowie,Powerplay,86,123,12,0
T20I,S Davizi,Death,112,69,18,1
T20I,S Davizi,Middle,425,309,57,15
T20I,S Davizi,Powerplay,481,393,76,13
T20I,S Desungnoen,Middle,146,183,14,14
T20I,S Desungnoen,Powerplay,234,281,32,15
T20I,S Dhadwal,Middle,127,222,9,7
T20I,S Dhadwal,Powerplay,43,137,2,7
T20I,S Dharnidharka,Death,195,226,17,19
T20I,S Dharnidharka,Middle,207,283,19,9
T20I,S Dharnidharka,Powerplay,72,105,11,4
T20I,S Dhawan,Middle,691,552,73,23
T20I,S Dhawan,Powerplay,1004,847,159,32
T20I,S Dube,Death,425,257,61,17
T20I,S Dube,Middle,558,424,63,13
T20I,S Dunukedeniya,Middle,54,78,5,2
T20I,S Ecclestone,Death,314,220,40,15
T20I,S Ecclestone,Middle,53,68,5,5
T20I,S Etim,Death,57,76,4,7
T20I,S Etim,Middle,127,185,11,11
T20I,S Foo-Ryland,Middle,60,76,7,1
T20I,S Foster,Death,75,65,6,7
T20I,S Foster,Middle,141,161,11,5
T20I,S Gajnabi,Death,195,221,16,19
T20I,S Gajnabi,Middle,134,196,11,7
T20I,S Gajnabi,Powerplay,25,63,3,3
T20I,S Galabova,Middle,86,196,8,7
T20I,S Galabova,Powerplay,23,63,2,6
T20I,S Georgota,Middle,126,237,4,15
T20I,S Georgota,Powerplay,46,113,4,4
T20I,S Gill,Death,220,125,27,8
T20I,S Gill,Middle,149,168,10,6
T20I,S Glenn,Death,124,99,16,4
T20I,S Gooch,Middle,172,189,13,7
T20I,S Gooch,Powerplay,236,233,35,4
T20I,S Grover,Death,101,71,15,6
T20I,S Grover,Middle,112,87,13,5
T20I,S Grover,Powerplay,140,114,20,8
T20I,S Heath,Middle,134,111,16,4
T20I,S Hojholt,Middle,53,105,4,4
T20I,S Hojholt,Powerplay,78,131,6,2
T20I,S Hook,Death,95,75,12,5
T20I,S Hook,Middle,223,220,26,11
T20I,S Hook,Powerplay,41,77,5,2
T20I,S Horley,Middle,141,115,17,4
T20I,S Horley,Powerplay,137,186,18,10
T20I,S Houghton,Middle,105,142,6,8
T20I,S Houghton,Powerplay,133,159,20,9
T20I,S Ingabire,Middle,41,85,0,6
T20I,S Ingabire,Powerplay,27,66,0,0
T20I,S Ismail,Death,113,141,10,19
T20I,S Ivetic,Middle,176,199,11,3
T20I,S Ivetic,Powerplay,170,190,23,5
T20I,S Jafta,Death,149,119,20,10
T20I,S Jayakodi,Powerplay,54,154,1,5
T20I,S Jegannathan,Middle,90,102,9,7
T20I,S Jegannathan,Powerplay,129,167,19,3
T20I,S Jimmy,Middle,172,176,20,11
T20I,S Jimmy,Powerplay,215,333,20,13
T20I,S Jora,Death,123,94,11,10
T20I,S Jora,Middle,334,285,36,14
T20I,S Juma,Middle,119,117,17,6
T20I,S Kambalapalli,Powerplay,88,91,16,6
T20I,S Kananji,Middle,272,308,33,17
T20I,S Kananji,Powerplay,162,170,29,7
T20I,S Kato,Death,66,84,5,7
T20I,S Kato,Middle,177,233,18,10
T20I,S Kato,Powerplay,46,73,6,2
T20I,S Kharvi,Middle,69,94,6,8
T20I,S Kharvi,Powerplay,75,75,10,4
T20I,S Khiaoto,Death,115,100,10,10
T20I,S Khiaoto,Middle,142,196,11,8
T20I,S Khiaoto,Powerplay,92,147,10,8
T20I,S Khurana,Death,100,95,10,6
T20I,S Khurana,Middle,84,109,6,7
T20I,S Kolcharam,Death,114,92,12,5
T20I,S Kolcharam,Middle,237,242,27,13
T20I,S Kolcharam,Powerplay,93,116,12,5
T20I,S Koppolu,Middle,76,99,7,8
T20I,S Krisheta,Death,84,90,4,6
T20I,S Krisheta,Middle,59,81,2,4
T20I,S Lamichhane,Death,72,76,5,10
T20I,S Laomi,Death,110,138,6,14
T20I,S Laomi,Middle,70,141,5,8
T20I,S Lita D'Sa,Middle,97,133,10,9
T20I,S Loday,Middle,62,84,5,4
T20I,S Lomani,Middle,53,86,6,4
T20I,S Lomani,Powerplay,42,99,7,2
T20I,S Lundell,Middle,43,62,1,1
T20I,S Lundell,Powerplay,100,115,16,3
T20I,S Luus,Death,536,405,68,27
T20I,S Luus,Middle,797,794,79,26
T20I,S Luus,Powerplay,466,454,71,16
T20I,S Maduranga,Death,56,78,6,6
T20I,S Maduranga,Middle,151,204,16,6
T20I,S Magar,Middle,44,87,2,5
T20I,S Mandhana,Death,250,149,40,18
T20I,S Mandhana,Middle,1786,1362,244,43
T20I,S Mandhana,Powerplay,2404,2088,417,72
T20I,S Mathur,Middle,150,165,10,8
T20I,S Matijevic,Middle,60,132,8,6
T20I,S Matijevic,Powerplay,60,120,9,1
T20I,S Mba,Middle,52,72,6,4
T20I,S Meghana,Middle,98,100,13,4
T20I,S Meghana,Powerplay,115,113,20,5
T20I,S Merican,Middle,23,76,0,4
T20I,S Merican,Powerplay,16,80,0,6
T20I,S Miyaji,Death,60,61,4,2
T20I,S Molineux,Death,92,69,12,12
T20I,S Mostary,Death,174,132,20,16
T20I,S Mostary,Middle,635,737,61,28
T20I,S Mostary,Powerplay,345,404,55,12
T20I,S Mosweu,Middle,241,259,34,9
T20I,S Mosweu,Powerplay,147,205,25,11
T20I,S Movva,Death,121,94,13,6
T20I,S Movva,Middle,218,222,20,10
T20I,S Mtae,Middle,254,282,25,21
T20I,S Mtae,Powerplay,666,688,96,26
T20I,S Muniandy,Death,440,301,50,30
T20I,S Muniandy,Middle,517,518,45,28
T20I,S Muniandy,Powerplay,187,195,25,7
T20I,S Nadigotla,Middle,239,205,29,11
T20I,S Nadigotla,Powerplay,122,130,14,7
T20I,S Naik,Powerplay,46,60,6,4
T20I,S Nampiina,Death,353,310,42,19
T20I,S Nampiina,Middle,475,624,51,31
T20I,S Nampiina,Powerplay,104,151,13,3
T20I,S Nitschke,Powerplay,73,61,9,1
T20I,S Niyomuhoza,Death,66,73,5,9
T20I,S Niyomuhoza,Middle,204,280,24,8
T20I,S Pakhrin,Powerplay,78,113,11,3
T20I,S Paldon,Middle,39,76,2,5
T20I,S Paldon,Powerplay,43,109,3,3
T20I,S Pandey,Death,95,118,8,9
T20I,S Periyalwar,Death,99,93,11,7
T20I,S Periyalwar,Middle,299,318,35,10
T20I,S Pillai,Middle,97,148,14,7
T20I,S Pradhan,Middle,120,137,11,13
T20I,S Pradhan,Powerplay,247,292,34,11
T20I,S Prasanna,Death,128,97,15,8
T20I,S Prasanna,Middle,77,70,9,5
T20I,S Ramakrishnan,Middle,97,95,8,3
T20I,S Rani,Powerplay,74,113,9,5
T20I,S Raveendrakumar,Middle,58,104,3,4
T20I,S Ravichandran,Death,264,154,35,13
T20I,S Ravichandran,Middle,605,580,59,22
T20I,S Ravichandran,Powerplay,83,96,13,7
T20I,S Ravikumar,Middle,48,72,1,5
T20I,S Ravikumar,Powerplay,46,111,4,5
T20I,S Rungrueang,Middle,47,85,0,2
T20I,S Sadarangani,Death,64,75,4,4
T20I,S Sadarangani,Middle,84,151,6,7
T20I,S Sadarangani,Powerplay,38,71,3,1
T20I,S Samarawickrama,Middle,104,107,9,7
T20I,S Samarawickrama,Powerplay,78,79,10,4
T20I,S Santhirakumaran,Powerplay,42,66,5,3
T20I,S Sarandeva,Middle,54,111,5,5
T20I,S Sarandeva,Powerplay,47,172,4,8
T20I,S Sesazi,Death,140,95,18,8
T20I,S Sesazi,Middle,738,582,81,22
T20I,S Sesazi,Powerplay,1092,999,176,35
T20I,S Sheridan,Powerplay,72,71,7,4
T20I,S Siegers,Death,61,86,3,10
T20I,S Sigaiwasa,Middle,36,60,4,4
T20I,S Sigaiwasa,Powerplay,23,64,3,3
T20I,S Singh,Death,130,86,16,8
T20I,S Singh,Middle,349,365,35,24
T20I,S Singh,Powerplay,275,292,42,8
T20I,S Sinha,Middle,72,95,7,4
T20I,S Sinha,Powerplay,115,127,13,3
T20I,S Solman,Death,104,96,10,2
T20I,S Solman,Middle,249,295,20,12
T20I,S Solman,Powerplay,45,83,5,2
T20I,S Sriharsha,Death,98,67,12,3
T20I,S Sriharsha,Middle,244,268,22,8
T20I,S Sriharsha,Powerplay,73,126,6,6
T20I,S Stephen,Middle,118,131,15,7
T20I,S Sunday,Death,204,151,25,9
T20I,S Sunday,Middle,401,514,48,22
T20I,S Sunday,Powerplay,90,127,13,7
T20I,S Talamarla,Middle,42,70,3,2
T20I,S Thakor,Death,209,141,30,18
T20I,S Thakor,Middle,205,166,31,13
T20I,S Thanikaithasan,Death,89,65,12,9
T20I,S Thanikaithasan,Middle,300,243,32,9
T20I,S Thanikaithasan,Powerplay,69,79,7,7
T20I,S Tippoch,Death,124,141,10,16
T20I,S Tippoch,Middle,117,220,8,7
T20I,S Tosic,Death,49,77,3,8
T20I,S Tosic,Middle,56,113,3,3
T20I,S Tosic,Powerplay,26,62,2,1
T20I,S Uwera,Middle,128,206,6,12
T20I,S Uwera,Powerplay,111,199,11,6
T20I,S Vaia,Middle,101,183,8,4
T20I,S Vashisht,Death,101,97,11,8
T20I,S Vashisht,Middle,58,82,5,5
T20I,S Veerapathiran,Death,181,137,20,11
T20I,S Veerapathiran,Middle,92,101,11,7
T20I,S Vesawkar,Death,113,77,15,5
T20I,S Vesawkar,Middle,142,176,10,5
T20I,S Vijay Unni,Death,172,187,15,13
T20I,S Vijay Unni,Middle,131,188,10,7
T20I,S Vuni,Middle,63,107,2,3
T20I,S Vuni,Powerplay,46,68,9,2
T20I,S Wetoto,Middle,49,61,7,3
T20I,S Wickramasekara,Death,197,102,27,9
T20I,S Wickramasekara,Middle,285,254,34,12
T20I,S Williams,Death,72,81,9,2
T20I,S Yenamandra,Middle,31,116,3,6
T20I,S Yeshi,Death,45,70,5,10
T20I,SA Ahmad,Death,143,105,18,10
T20I,SA Ahmad,Middle,325,323,27,14
T20I,SA Ahmad,Powerplay,249,237,38,8
T20I,SA Campbelle,Death,308,277,29,26
T20I,SA Campbelle,Middle,849,915,81,33
T20I,SA Campbelle,Powerplay,232,330,29,13
T20I,SA Edwards,Death,430,289,48,22
T20I,SA Edwards,Middle,721,618,69,30
T20I,SA Edwards,Powerplay,123,123,14,2
T20I,SA Engelbrecht,Middle,168,136,17,2
T20I,SA Jumbe,Death,267,205,34,16
T20I,SA Jumbe,Middle,178,244,18,17
T20I,SA Mohandas,Death,77,90,6,9
T20I,SA Okpe,Death,366,312,37,30
T20I,SA Okpe,Middle,451,498,41,21
T20I,SA Panayan,Middle,42,94,3,7
T20I,SA Wijeratne,Middle,76,70,8,3
T20I,SA Wijeratne,Powerplay,183,151,32,7
T20I,SA Wittmann,Death,91,99,8,8
T20I,SA Wittmann,Middle,489,525,61,27
T20I,SA Wittmann,Powerplay,901,970,146,43
T20I,SA Yadav,Death,616,287,100,17
T20I,SA Yadav,Middle,1917,1244,260,46
T20I,SA Yadav,Powerplay,680,519,107,23
T20I,SACA King,Death,83,77,6,9
T20I,SACA King,Middle,152,182,16,8
T20I,SACA King,Powerplay,70,82,12,4
T20I,SB Patel,Death,75,68,9,8
T20I,SB Patel,Middle,77,72,12,3
T20I,SB Styris,Death,107,70,13,9
T20I,SB Styris,Middle,428,382,45,16
T20I,SB Wagh,Middle,70,66,7,5
T20I,SB Wagh,Powerplay,60,95,4,1
T20I,SC Getkate,Middle,155,146,13,10
T20I,SC Selman,Death,46,73,2,3
T20I,SC Taylor,Middle,102,71,10,1
T20I,SC Williams,Death,276,174,37,15
T20I,SC Williams,Middle,1051,813,115,39
T20I,SC Williams,Powerplay,291,283,46,12
T20I,SC van Schalkwyk,Death,90,71,10,4
T20I,SCJ Broad,Death,109,99,10,12
T20I,SD Hope,Death,78,62,9,2
T20I,SD Hope,Middle,629,481,64,27
T20I,SD Hope,Powerplay,959,696,149,26
T20I,SD Hussein,Middle,23,73,1,4
T20I,SE Marsh,Middle,130,109,15,10
T20I,SE Marsh,Powerplay,125,145,10,3
T20I,SE Rutherford,Death,452,255,65,11
T20I,SE Rutherford,Middle,354,311,42,22
T20I,SF Daley,Death,60,82,4,8
T20I,SF Daley,Middle,57,94,3,1
T20I,SF Jerome,Death,80,109,7,7
T20I,SF Mire,Middle,100,70,12,1
T20I,SF Mire,Powerplay,86,81,14,3
T20I,SF Sirah,Middle,33,70,0,4
T20I,SF Tiai,Death,124,80,16,7
T20I,SF Tiai,Middle,130,139,17,8
T20I,SFM Devine,Death,481,300,58,24
T20I,SFM Devine,Middle,1370,1159,156,41
T20I,SFM Devine,Powerplay,1155,1023,177,31
T20I,SG Luijke,Powerplay,56,75,7,4
T20I,SG Mangela,Middle,159,166,10,8
T20I,SG Mangela,Powerplay,159,145,19,4
T20I,SH Lawlor,Middle,38,85,1,6
T20I,SH Lawlor,Powerplay,97,187,10,3
T20I,SH Mohamedi,Middle,80,116,8,10
T20I,SH Venugopal,Death,88,60,10,2
T20I,SH Venugopal,Middle,133,145,8,7
T20I,SI Galagedara,Powerplay,45,78,7,2
T20I,SIR Dunkley,Death,114,87,12,5
T20I,SIR Dunkley,Middle,474,428,48,18
T20I,SIR Dunkley,Powerplay,875,714,144,33
T20I,SJ Baard,Middle,247,234,17,10
T20I,SJ Baard,Powerplay,375,343,51,10
T20I,SJ Bryce,Death,257,178,31,8
T20I,SJ Bryce,Middle,989,857,111,31
T20I,SJ Bryce,Powerplay,624,699,87,21
T20I,SJ French,Middle,61,78,6,5
T20I,SJ McGlashan,Death,95,69,10,4
T20I,SJ McGlashan,Middle,206,201,15,8
T20I,SJ McGlashan,Powerplay,82,85,11,3
T20I,SJ Myburgh,Middle,155,159,12,13
T20I,SJ Myburgh,Powerplay,564,474,95,22
T20I,SJ Taylor,Death,188,140,23,10
T20I,SJ Taylor,Middle,766,659,79,19
T20I,SJ Taylor,Powerplay,369,382,51,12
T20I,SK Awiah,Middle,168,196,14,9
T20I,SK Awiah,Powerplay,166,246,19,10
T20I,SK Chandhrasekar,Middle,35,74,1,3
T20I,SK Raina,Death,469,296,66,18
T20I,SK Raina,Middle,728,611,74,23
T20I,SK Raina,Powerplay,352,301,55,11
T20I,SK Rana,Middle,84,120,5,9
T20I,SK Rana,Powerplay,159,263,16,11
T20I,SK Reddy,Middle,51,73,7,2
T20I,SK Reddy,Powerplay,49,94,3,0
T20I,SKDT Madusanka,Middle,155,167,22,6
T20I,SKDT Madusanka,Powerplay,64,96,9,2
T20I,SKS Gill,Death,113,83,12,7
T20I,SKS Gill,Middle,511,471,54,16
T20I,SKS Gill,Powerplay,222,322,21,12
T20I,SL Gomez,Death,68,107,2,9
T20I,SL Gomez,Middle,164,241,14,23
T20I,SL Kalis,Death,322,216,43,13
T20I,SL Kalis,Middle,943,884,111,19
T20I,SL Kalis,Powerplay,688,849,91,20
T20I,SL Malinga,Death,127,141,13,19
T20I,SL Verma,Middle,123,95,11,2
T20I,SM Curran,Death,365,262,40,22
T20I,SM Curran,Middle,340,307,31,13
T20I,SM Dhanusri,Death,77,106,2,4
T20I,SM Dhanusri,Middle,109,162,12,6
T20I,SM Kavanagh,Death,108,99,12,10
T20I,SM Kavanagh,Middle,156,199,12,16
T20I,SM Mayers,Death,80,66,11,6
T20I,SM Mayers,Middle,295,289,33,9
T20I,SM Mayers,Powerplay,303,357,40,11
T20I,SM Nash,Middle,42,72,3,6
T20I,SM Sharif,Death,152,139,11,9
T20I,SM Solia,Middle,122,116,11,3
T20I,SM Solia,Powerplay,181,149,27,5
T20I,SM Tupou,Middle,47,70,3,7
T20I,SN Shihepo,Death,179,206,16,18
T20I,SN Shihepo,Middle,83,153,6,12
T20I,SO Hetmyer,Death,226,157,29,16
T20I,SO Hetmyer,Middle,987,714,118,31
T20I,SO Hetmyer,Powerplay,360,286,57,13
T20I,SO Ngoche,Death,342,281,40,26
T20I,SO Ngoche,Middle,206,228,23,9
T20I,SO Tikolo,Powerplay,85,72,15,3
T20I,SP Fleming,Powerplay,105,81,19,3
T20I,SP Gomes,Middle,238,183,21,5
T20I,SP Gomes,Powerplay,262,223,38,7
T20I,SP Khakurel,Powerplay,47,70,4,4
T20I,SP Krishnamurthi,Middle,87,64,8,2
T20I,SP Narine,Death,116,98,14,8
T20I,SP Patil,Middle,110,114,10,5
T20I,SP Patil,Powerplay,56,76,9,4
T20I,SPD Smith,Death,274,188,33,12
T20I,SPD Smith,Middle,590,520,56,22
T20I,SPD Smith,Powerplay,226,191,33,6
T20I,SR Bhudia,Death,215,153,24,10
T20I,SR Bhudia,Middle,435,383,49,17
T20I,SR Magar,Death,142,133,15,7
T20I,SR Magar,Middle,347,440,30,22
T20I,SR Magar,Powerplay,381,594,42,17
T20I,SR Mohan,Middle,51,91,4,2
T20I,SR Mukkamalla,Middle,273,197,28,5
T20I,SR Mukkamalla,Powerplay,422,283,71,10
T20I,SR Patel,Death,73,63,7,8
T20I,SR Patel,Middle,99,101,12,4
T20I,SR Taylor,Death,386,268,50,19
T20I,SR Taylor,Middle,1493,1437,155,44
T20I,SR Taylor,Powerplay,1138,1192,170,26
T20I,SR Thompson,Death,72,64,4,6
T20I,SR Thompson,Middle,84,72,10,7
T20I,SR Watson,Death,120,61,16,3
T20I,SR Watson,Middle,661,415,85,21
T20I,SR Watson,Powerplay,681,564,98,25
T20I,SS Connell,Death,50,67,4,5
T20I,SS Grimmond,Middle,55,69,7,5
T20I,SS Iyer,Death,349,212,47,16
T20I,SS Iyer,Middle,833,626,85,18
T20I,SS Iyer,Powerplay,233,210,38,9
T20I,SS McKechnie,Death,148,116,17,9
T20I,SS McKechnie,Middle,104,126,4,4
T20I,SS Weerakkody,Middle,41,79,2,3
T20I,SSJ Brooks,Middle,93,96,9,5
T20I,SSJ Brooks,Powerplay,117,112,17,6
T20I,SSM Stanislaus,Death,94,70,11,5
T20I,SSM Stanislaus,Middle,268,249,27,13
T20I,SSM Stanislaus,Powerplay,159,206,19,8
T20I,ST Frohnmayer,Middle,63,96,4,3
T20I,ST Frohnmayer,Powerplay,30,91,2,3
T20I,ST Jayasuriya,Middle,174,138,23,9
T20I,ST Jayasuriya,Powerplay,431,346,73,16
T20I,STRA de Silva,Middle,84,116,4,3
T20I,SV Samson,Death,124,89,15,10
T20I,SV Samson,Middle,767,475,101,17
T20I,SV Samson,Powerplay,541,387,89,24
T20I,SV Shetty,Middle,52,60,6,2
T20I,SV Shetty,Powerplay,129,179,15,10
T20I,SW Bates,Death,338,222,43,11
T20I,SW Bates,Middle,1289,1150,121,51
T20I,SW Bates,Powerplay,1580,1603,216,40
T20I,SW Billings,Death,230,141,33,13
T20I,SW Billings,Middle,201,196,18,9
T20I,SW Poynter,Middle,48,60,2,5
T20I,SY Nihute,Middle,244,279,18,10
T20I,SY Nihute,Powerplay,44,63,4,2
T20I,SYD Chan,Middle,41,68,1,7
T20I,SZ Vayani,Death,146,138,15,11
T20I,SZ Vayani,Middle,60,89,7,8
T20I,Saad Bin Zafar,Death,276,180,37,10
T20I,Saad Bin Zafar,Middle,194,207,17,7
T20I,Saad Khan,Middle,65,67,4,3
T20I,Saad Khan,Powerplay,74,84,13,6
T20I,Sabbir Rahman,Death,109,78,15,8
T20I,Sabbir Rahman,Middle,508,445,52,17
T20I,Sabbir Rahman,Powerplay,322,293,50,13
T20I,Saber Zakhil,Death,329,178,49,15
T20I,Saber Zakhil,Middle,362,280,48,13
T20I,Sachin Mandy,Middle,99,101,11,7
T20I,Sadaf Shamas,Middle,47,78,4,8
T20I,Sadaf Shamas,Powerplay,50,61,9,5
T20I,Saee Parkhi,Middle,28,77,2,4
T20I,Saeed Ahmed,Middle,163,160,16,12
T20I,Saeed Ahmed,Powerplay,132,100,20,6
T20I,Saeed Ajmal,Death,86,87,8,10
T20I,Sagar Pun,Powerplay,78,87,11,3
T20I,Sageer Ahmad,Middle,75,64,10,4
T20I,Sageer Ahmad,Powerplay,87,91,16,2
T20I,Saghar Manzoor,Middle,120,128,17,7
T20I,Sahel Zadran,Death,118,88,17,12
T20I,Sahibzada Farhan,Middle,487,368,51,12
T20I,Sahibzada Farhan,Powerplay,675,528,106,21
T20I,Sahil Chauhan,Death,147,78,22,6
T20I,Sahil Chauhan,Middle,259,173,34,8
T20I,Sahir Naqash,Death,166,120,16,2
T20I,Sahir Naqash,Middle,121,95,13,9
T20I,Saif Hassan,Middle,214,186,21,4
T20I,Saif Hassan,Powerplay,259,241,38,16
T20I,Saif-Ul Islam,Powerplay,76,71,9,1
T20I,Saim Ayub,Middle,411,282,53,19
T20I,Saim Ayub,Powerplay,746,590,123,33
T20I,Saim Hussain,Middle,310,213,39,7
T20I,Saim Hussain,Powerplay,158,152,22,3
T20I,Saira Jabeen,Middle,78,73,9,1
T20I,Sajid Khan Afridi,Powerplay,124,86,19,6
T20I,Sajid Liaqat,Death,127,78,16,6
T20I,Salma Khatun,Death,128,145,7,9
T20I,Salma Khatun,Middle,133,163,10,8
T20I,Salman Butt,Middle,162,152,16,7
T20I,Salman Butt,Powerplay,284,285,44,9
T20I,Salvin Stanly,Middle,49,61,3,4
T20I,Salvin Stanly,Powerplay,53,66,9,9
T20I,Sameer Patel,Middle,40,64,2,5
T20I,Sameera Khan,Death,140,121,11,8
T20I,Sameera Khan,Middle,37,100,2,4
T20I,Sami Sohail,Death,239,154,29,7
T20I,Sami Sohail,Middle,514,446,49,18
T20I,Sami Sohail,Powerplay,562,490,82,11
T20I,Samiullah Rahmani,Death,218,127,34,10
T20I,Samiullah Rahmani,Middle,54,63,6,5
T20I,Samjhana Khadka,Middle,195,216,17,8
T20I,Samjhana Khadka,Powerplay,485,490,69,38
T20I,Sana Mir,Death,238,271,17,15
T20I,Sana Mir,Middle,268,393,15,13
T20I,Sana Mir,Powerplay,54,113,5,4
T20I,Sandeep Goud,Death,156,144,17,12
T20I,Sandeep Goud,Middle,84,144,4,12
T20I,Sanjida Islam,Death,107,90,10,5
T20I,Sanjida Islam,Middle,76,128,7,12
T20I,Sanjida Islam,Powerplay,137,197,17,8
T20I,Sapan Mehta,Powerplay,48,62,2,2
T20I,Saqlain Arshad,Middle,78,82,9,12
T20I,Saqlain Arshad,Powerplay,506,393,81,21
T20I,Sara,Middle,28,80,3,1
T20I,Sarfaraz Ali,Middle,178,131,22,11
T20I,Sarfaraz Ali,Powerplay,559,420,96,25
T20I,Sarfraz Ahmed,Death,268,202,29,17
T20I,Sarfraz Ahmed,Middle,432,369,48,9
T20I,Sarfraz Ahmed,Powerplay,118,100,18,3
T20I,Sasha Azmi,Death,37,65,1,1
T20I,Saud Islam,Middle,205,176,21,3
T20I,Saud Islam,Powerplay,197,229,25,9
T20I,Sayed Monib,Death,152,90,21,12
T20I,Sazib Bhuiyan,Middle,235,196,27,12
T20I,Sazib Bhuiyan,Powerplay,229,158,41,10
T20I,Seika Sumi,Death,64,66,3,6
T20I,Seika Sumi,Middle,37,69,2,5
T20I,Selim Salau,Middle,317,276,30,17
T20I,Selim Salau,Powerplay,525,523,72,14
T20I,Seungmin Song,Middle,33,65,4,3
T20I,Shadab Khan,Death,546,325,72,27
T20I,Shadab Khan,Middle,341,287,38,17
T20I,Shadnan Khan,Middle,105,83,11,3
T20I,Shafali Verma,Middle,995,789,132,41
T20I,Shafali Verma,Powerplay,2122,1556,363,60
T20I,Shafina Mahesh,Death,44,67,3,6
T20I,Shafina Mahesh,Middle,247,378,23,14
T20I,Shafina Mahesh,Powerplay,224,421,19,13
T20I,Shafiq Sharif,Middle,108,97,14,7
T20I,Shah Abrar Hussain,Middle,132,153,11,6
T20I,Shah Abrar Hussain,Powerplay,175,168,22,5
T20I,Shaheen Shah Afridi,Death,266,210,35,17
T20I,Shaheen Shah Afridi,Middle,76,70,9,6
T20I,Shaheryar Butt,Death,176,108,27,7
T20I,Shaheryar Butt,Middle,550,467,71,19
T20I,Shaheryar Butt,Powerplay,62,61,10,2
T20I,Shahid Afridi,Death,632,409,79,40
T20I,Shahid Afridi,Middle,721,500,87,37
T20I,Shahid Afridi,Powerplay,370,231,60,21
T20I,Shahid Arshad,Middle,86,117,10,11
T20I,Shahid Wasif,Death,162,136,17,8
T20I,Shahid Wasif,Middle,266,232,31,5
T20I,Shahid Wasif,Powerplay,124,118,17,5
T20I,Shahil Momin,Middle,132,165,5,7
T20I,Shahreeennawab,Death,58,80,4,3
T20I,Shahreeennawab,Middle,173,280,13,10
T20I,Shahreeennawab,Powerplay,144,281,21,7
T20I,Shahzaib Hasan,Powerplay,97,105,13,7
T20I,Shahzaib Jamil,Death,146,87,20,8
T20I,Shahzaib Jamil,Middle,208,174,22,7
T20I,Shaik Basha,Middle,70,60,6,5
T20I,Shaiman Anwar,Death,148,82,22,4
T20I,Shaiman Anwar,Middle,412,342,44,13
T20I,Shaiman Anwar,Powerplay,163,151,25,5
T20I,Shakeel Ahmed,Death,207,183,24,17
T20I,Shakeel Ahmed,Middle,36,79,1,0
T20I,Shakib Al Hasan,Death,490,346,66,25
T20I,Shakib Al Hasan,Middle,1291,1118,140,52
T20I,Shakib Al Hasan,Powerplay,514,465,77,19
T20I,Shamim Hossain,Death,259,170,37,14
T20I,Shamim Hossain,Middle,256,252,26,13
T20I,Shamima Sultana,Middle,198,216,21,11
T20I,Shamima Sultana,Powerplay,579,612,94,31
T20I,Shamsullah Ehsan,Powerplay,45,78,4,7
T20I,Shan Masood,Death,104,82,9,5
T20I,Shan Masood,Middle,242,196,23,5
T20I,Shan Masood,Powerplay,49,63,5,3
T20I,Shantanu Kaveri,Death,106,116,3,7
T20I,Shantanu Kaveri,Middle,124,179,9,10
T20I,Shantanu Kaveri,Powerplay,68,98,6,2
T20I,Shanzeen Shahzad,Death,101,118,5,9
T20I,Shanzeen Shahzad,Middle,300,405,29,29
T20I,Shanzeen Shahzad,Powerplay,322,532,35,24
T20I,Shariq Munir,Powerplay,75,67,11,4
T20I,Sharjeel Khan,Powerplay,315,250,57,12
T20I,Sharmin Akhter,Death,127,98,14,9
T20I,Sharmin Akhter,Middle,373,412,26,10
T20I,Sharmin Akhter,Powerplay,174,306,20,10
T20I,Shashikant Laxman,Powerplay,144,150,23,14
T20I,Shawaal Zulfiqar,Middle,115,95,16,6
T20I,Shawaal Zulfiqar,Powerplay,257,244,43,10
T20I,Shayan Jahangir,Middle,170,159,16,6
T20I,Shayan Jahangir,Powerplay,184,137,29,5
T20I,Sheikh Rasik,Middle,235,127,33,6
T20I,Sheikh Rasik,Powerplay,102,75,14,1
T20I,Sher Sahak,Death,233,135,33,11
T20I,Sher Sahak,Middle,217,207,19,9
T20I,Sheraz Sheikh,Death,90,65,13,6
T20I,Sheraz Sheikh,Middle,276,253,34,16
T20I,Sheraz Sheikh,Powerplay,75,84,12,3
T20I,Shiraz Khan,Death,175,146,19,10
T20I,Shiraz Khan,Middle,133,189,8,7
T20I,Shoaib Khan,Middle,238,265,25,16
T20I,Shoaib Khan,Powerplay,162,148,24,8
T20I,Shoaib Malik,Death,937,572,115,29
T20I,Shoaib Malik,Middle,1264,1116,121,36
T20I,Shoaib Malik,Powerplay,191,252,26,8
T20I,Shoriful Islam,Death,71,66,9,13
T20I,Shorna Akter,Death,432,321,47,24
T20I,Shorna Akter,Middle,230,323,12,12
T20I,Shuaib Al Balushi,Powerplay,53,60,8,2
T20I,Shubman Gill,Middle,275,217,27,6
T20I,Shubman Gill,Powerplay,491,381,80,21
T20I,Sidhant Singh,Middle,80,72,7,2
T20I,Sidra Ameen,Middle,355,416,33,21
T20I,Sidra Ameen,Powerplay,581,674,74,27
T20I,Sidra Nawaz,Death,83,97,9,12
T20I,Sidra Nawaz,Middle,81,133,5,6
T20I,Sikandar Raza,Death,691,380,97,30
T20I,Sikandar Raza,Middle,1650,1335,182,58
T20I,Sikandar Raza,Powerplay,444,407,70,19
T20I,Simi Singh,Death,119,102,11,6
T20I,Simi Singh,Middle,92,104,8,14
T20I,Siow Tzin Yee,Death,190,172,19,5
T20I,Siow Tzin Yee,Middle,324,351,33,14
T20I,Siow Tzin Yee,Powerplay,223,285,34,12
T20I,Sirajullah Khadim,Middle,56,68,5,4
T20I,Sohaib Maqsood,Middle,186,156,20,10
T20I,Sohail Ahmed,Death,568,346,66,9
T20I,Sohail Ahmed,Middle,1046,992,98,25
T20I,Sohail Ahmed,Powerplay,291,297,40,8
T20I,Sohail Tanvir,Death,154,137,20,15
T20I,Sohel Patel,Powerplay,46,62,7,4
T20I,Sompal Kami,Death,278,211,33,20
T20I,Sompal Kami,Middle,67,104,4,8
T20I,Sonam,Death,53,104,3,11
T20I,Sonam,Middle,26,77,3,4
T20I,Soumya Sarkar,Middle,583,473,69,31
T20I,Soumya Sarkar,Powerplay,798,718,121,43
T20I,Subham Patel,Powerplay,119,114,18,5
T20I,Sufyan Mehmood,Death,127,125,14,7
T20I,Sufyan Mehmood,Middle,110,172,6,5
T20I,Sulaiman Ali,Powerplay,75,89,10,5
T20I,Sulaimon Runsewe,Death,90,67,9,4
T20I,Sulaimon Runsewe,Middle,401,396,32,23
T20I,Sulaimon Runsewe,Powerplay,916,909,121,40
T20I,Sultan Ahmed,Death,84,86,9,12
T20I,Suman Ghimire,Middle,155,141,17,7
T20I,Suman Ghimire,Powerplay,82,69,14,0
T20I,Sumayya Abdul,Middle,27,80,5,1
T20I,Sun Meng Yao,Middle,58,77,4,3
T20I,Sun Meng Yao,Powerplay,45,97,3,2
T20I,Suraj Kumar,Middle,72,68,7,5
T20I,Surya Anand,Death,211,160,19,10
T20I,Surya Anand,Middle,174,202,10,5
T20I,Swann Htet Ko Ko,Middle,50,68,3,6
T20I,Sweeta Corda,Middle,69,115,5,5
T20I,Syed Aziz,Death,292,203,45,19
T20I,Syed Aziz,Middle,1152,916,130,40
T20I,Syed Aziz,Powerplay,1296,1022,205,36
T20I,Syed Faizan Tahir,Middle,42,60,3,5
T20I,Syed Haider,Middle,93,106,9,3
T20I,T Amarmend,Middle,46,108,5,7
T20I,T Ariuntsetseg,Middle,25,63,1,7
T20I,T Ariuntsetseg,Powerplay,14,61,1,3
T20I,T Banton,Middle,455,298,59,17
T20I,T Banton,Powerplay,260,200,37,9
T20I,T Bavuma,Middle,304,226,33,7
T20I,T Bavuma,Powerplay,317,310,40,21
T20I,T Bharaj,Death,151,101,18,8
T20I,T Bharaj,Middle,375,355,29,12
T20I,T Bharaj,Powerplay,230,206,36,10
T20I,T Brits,Death,277,202,31,8
T20I,T Brits,Middle,951,805,112,27
T20I,T Brits,Powerplay,905,1017,124,30
T20I,T Brown,Middle,33,70,2,3
T20I,T Chetty,Death,55,72,4,10
T20I,T Chetty,Middle,217,269,9,4
T20I,T Chetty,Powerplay,253,294,33,18
T20I,T De Silva,Middle,42,123,2,7
T20I,T Dissanayake,Powerplay,71,76,8,3
T20I,T Gedarage,Powerplay,31,102,1,5
T20I,T Iosefo,Middle,59,78,7,3
T20I,T Jamtsho,Death,86,75,13,11
T20I,T Jamtsho,Middle,282,255,34,13
T20I,T Jamtsho,Powerplay,156,146,24,10
T20I,T Khabo,Death,19,63,1,2
T20I,T Khabo,Middle,37,101,0,2
T20I,T Khabo,Powerplay,29,131,1,9
T20I,T Kobeli,Powerplay,31,104,4,9
T20I,T Kolcunova,Middle,96,120,9,5
T20I,T Kolcunova,Powerplay,44,112,3,4
T20I,T Legaabile,Middle,39,84,1,3
T20I,T Luka,Middle,71,158,1,8
T20I,T Luka,Powerplay,80,168,9,10
T20I,T Manders,Middle,331,254,39,8
T20I,T Manders,Powerplay,382,319,62,9
T20I,T Marumani,Death,119,96,13,4
T20I,T Marumani,Middle,510,381,57,23
T20I,T Marumani,Powerplay,869,734,140,43
T20I,T Mishra,Middle,131,137,10,6
T20I,T Mishra,Powerplay,55,87,7,4
T20I,T Modise,Middle,28,74,2,4
T20I,T Mulepati,Middle,52,146,3,3
T20I,T Mulepati,Powerplay,23,100,2,1
T20I,T Munyonga,Death,127,106,16,11
T20I,T Munyonga,Middle,239,246,20,14
T20I,T Musekiwa,Death,201,141,25,15
T20I,T Musekiwa,Middle,113,105,11,5
T20I,T Nightingale,Death,103,64,14,6
T20I,T Nightingale,Middle,380,283,46,12
T20I,T Nightingale,Powerplay,171,166,26,14
T20I,T Parima,Middle,162,116,22,8
T20I,T Parima,Powerplay,252,224,38,10
T20I,T Parisi-mesimeri,Death,28,65,3,6
T20I,T Perera,Middle,269,260,29,15
T20I,T Perera,Powerplay,235,233,35,4
T20I,T Putthawong,Death,93,115,6,6
T20I,T Putthawong,Middle,81,114,8,4
T20I,T Rajiv,Powerplay,81,68,13,4
T20I,T Rossi,Middle,140,155,14,9
T20I,T Ruma,Death,149,150,16,10
T20I,T Ruma,Middle,386,437,40,9
T20I,T Ruma,Powerplay,131,200,13,3
T20I,T Sandeep,Middle,124,131,14,7
T20I,T Sandeep,Powerplay,173,151,28,4
T20I,T Shadrack,Death,113,185,4,13
T20I,T Shadrack,Middle,214,358,11,12
T20I,T Shadrack,Powerplay,92,219,2,8
T20I,T Smith,Middle,123,151,11,8
T20I,T Stubbs,Death,336,210,45,12
T20I,T Stubbs,Middle,537,430,56,15
T20I,T Stubbs,Powerplay,93,104,11,4
T20I,T Suri,Middle,97,75,10,4
T20I,T Suri,Powerplay,147,136,21,7
T20I,T Taibu,Middle,66,76,5,3
T20I,T Taylor,Death,69,93,5,9
T20I,T Trajkovic,Middle,54,82,7,3
T20I,T Trajkovic,Powerplay,60,108,4,4
T20I,T Tshose,Death,255,187,27,19
T20I,T Tshose,Middle,196,241,19,17
T20I,T Wangchuk,Death,94,128,8,20
T20I,T Wangchuk,Middle,44,64,3,2
T20I,T Zangmo,Death,83,109,2,6
T20I,T Zangmo,Middle,210,359,15,12
T20I,T Zangmo,Powerplay,102,173,11,7
T20I,T de Zorzi,Powerplay,76,88,12,4
T20I,T van der Gugten,Death,130,88,14,7
T20I,TA Dudnath,Middle,39,64,2,3
T20I,TAM Siriwardana,Death,72,63,7,7
T20I,TAM Siriwardana,Middle,180,136,17,5
T20I,TB Pawde,Middle,82,106,9,4
T20I,TB Pawde,Powerplay,81,90,15,3
T20I,TB Robinson,Middle,183,146,18,9
T20I,TB Robinson,Powerplay,417,317,58,14
T20I,TC Barker,Middle,289,196,37,11
T20I,TC Barker,Powerplay,521,508,69,28
T20I,TC Bruce,Death,82,62,9,4
T20I,TC Bruce,Middle,202,173,18,11
T20I,TC Mataora,Middle,57,68,6,1
T20I,TE Britton,Middle,35,111,1,8
T20I,TE Britton,Powerplay,29,108,0,3
T20I,TG Southee,Death,141,123,17,15
T20I,TG Southee,Middle,162,100,21,11
T20I,TH David,Death,476,249,71,14
T20I,TH David,Middle,932,600,125,26
T20I,TH David,Powerplay,269,177,43,6
T20I,TH Tector,Powerplay,98,63,18,4
T20I,TI Gajanayake,Middle,176,244,19,9
T20I,TI Gajanayake,Powerplay,279,484,37,13
T20I,TJG Pringle,Death,90,82,8,8
T20I,TK Joseph,Death,77,75,7,9
T20I,TK Joseph,Middle,54,76,3,7
T20I,TKP Rajapaksha,Middle,74,77,8,3
T20I,TKP Rajapaksha,Powerplay,76,136,10,9
T20I,TL Seifert,Death,151,108,23,8
T20I,TL Seifert,Middle,801,559,94,29
T20I,TL Seifert,Powerplay,1262,891,196,33
T20I,TLW Cooper,Death,141,79,24,4
T20I,TLW Cooper,Middle,381,315,42,15
T20I,TLW Cooper,Powerplay,70,81,10,5
T20I,TM Dilshan,Death,275,159,41,8
T20I,TM Dilshan,Middle,574,565,52,22
T20I,TM Dilshan,Powerplay,898,772,146,33
T20I,TM Head,Death,151,91,19,10
T20I,TM Head,Middle,309,252,31,11
T20I,TM Head,Powerplay,875,530,159,25
T20I,TM Macalou,Middle,44,97,4,1
T20I,TM Macalou,Powerplay,48,123,4,10
T20I,TM McGrath,Death,300,204,43,8
T20I,TM McGrath,Middle,643,504,94,14
T20I,TM McGrath,Powerplay,211,182,38,4
T20I,TMA Leslie,Middle,23,73,1,6
T20I,TN de Grooth,Middle,89,92,9,6
T20I,TP Ura,Death,141,61,17,1
T20I,TP Ura,Middle,731,423,90,25
T20I,TP Ura,Powerplay,839,628,122,22
T20I,TP Visee,Middle,121,68,18,4
T20I,TP Visee,Powerplay,370,283,66,23
T20I,TS Erichsen,Middle,59,67,7,5
T20I,TS Erichsen,Powerplay,77,164,5,4
T20I,TS Fray,Middle,208,222,14,13
T20I,TS Fray,Powerplay,310,380,33,16
T20I,TS Kamunhukamwe,Middle,76,71,8,6
T20I,TS Kamunhukamwe,Powerplay,183,185,27,6
T20I,TT Aung,Death,48,62,5,2
T20I,TT Aung,Middle,133,213,12,7
T20I,TT Aung,Powerplay,114,255,11,13
T20I,TT Beaumont,Death,208,153,25,19
T20I,TT Beaumont,Middle,810,731,90,26
T20I,TT Beaumont,Powerplay,875,857,139,28
T20I,TT Bresnan,Death,156,112,18,9
T20I,TT Bresnan,Middle,60,60,4,3
T20I,TT Soe,Death,46,61,5,6
T20I,TT Soe,Middle,189,243,14,11
T20I,TT Soe,Powerplay,138,209,15,11
T20I,TWM Latham,Death,114,82,13,6
T20I,TWM Latham,Middle,315,296,25,11
T20I,TWM Latham,Powerplay,168,184,24,4
T20I,Tafseer Ali,Middle,59,84,5,6
T20I,Taher Muhammad,Middle,45,70,3,8
T20I,Taher Muhammad,Powerplay,98,144,10,4
T20I,Talha Khan,Middle,222,198,18,9
T20I,Talha Khan,Powerplay,250,270,31,11
T20I,Tamim Iqbal,Death,161,87,22,3
T20I,Tamim Iqbal,Middle,447,367,45,16
T20I,Tamim Iqbal,Powerplay,1016,952,150,41
T20I,Tamoor Sajjad,Middle,119,105,12,3
T20I,Tanwir Afzal,Death,105,78,12,7
T20I,Tanzid Hasan,Middle,457,336,50,10
T20I,Tanzid Hasan,Powerplay,683,594,103,28
T20I,Tanzim Hasan Sakib,Death,119,105,13,10
T20I,Tanzim Hasan Sakib,Middle,73,75,8,3
T20I,Taranjeet Singh,Middle,401,291,55,13
T20I,Taranjeet Singh,Powerplay,1174,786,210,29
T20I,Taranjit Singh,Death,253,125,41,12
T20I,Tarun Sharma,Powerplay,68,109,6,9
T20I,Tashi Phuntsho,Middle,78,130,2,5
T20I,Taskin Ahmed,Death,175,178,20,16
T20I,Tenjin Rabgey,Middle,126,173,8,11
T20I,Tenjin Rabgey,Powerplay,314,412,41,19
T20I,Thae Thae Po,Death,52,65,5,2
T20I,Theertha Satish,Death,332,235,39,11
T20I,Theertha Satish,Middle,995,988,107,26
T20I,Theertha Satish,Powerplay,998,988,144,23
T20I,Thuya Aung,Death,83,134,7,9
T20I,Thuya Aung,Middle,146,289,9,13
T20I,Thuya Aung,Powerplay,62,95,9,4
T20I,Tilak Varma,Death,431,252,52,8
T20I,Tilak Varma,Middle,802,633,92,20
T20I,Tilak Varma,Powerplay,386,269,64,7
T20I,Towhid Hridoy,Death,322,219,38,12
T20I,Towhid Hridoy,Middle,809,677,78,25
T20I,Towhid Hridoy,Powerplay,172,179,18,8
T20I,Tuba Hassan,Death,135,124,16,8
T20I,Tuba Hassan,Middle,58,71,5,5
T20I,U Aryaman Sunil,Death,130,102,14,8
T20I,UCKA Dona,Death,73,78,4,4
T20I,UCKA Dona,Middle,60,112,4,8
T20I,US Hathinjar,Middle,175,135,23,7
T20I,US Hathinjar,Powerplay,275,288,39,16
T20I,UT Khawaja,Middle,74,68,6,4
T20I,UT Khawaja,Powerplay,167,117,30,4
T20I,Umaima Sohail,Middle,222,256,16,16
T20I,Umaima Sohail,Powerplay,199,260,24,16
T20I,Umair Qasim,Death,102,80,13,7
T20I,Umair Qasim,Middle,98,121,10,7
T20I,Umair Tariq,Death,86,66,13,5
T20I,Umar Adam,Middle,122,121,8,12
T20I,Umar Adam,Powerplay,510,358,80,20
T20I,Umar Akmal,Death,565,387,68,26
T20I,Umar Akmal,Middle,1005,875,96,29
T20I,Umar Akmal,Powerplay,92,120,11,6
T20I,Umar Amin,Powerplay,67,64,11,2
T20I,Umar Gul,Death,140,124,18,16
T20I,Umar Nawaz,Middle,53,64,5,3
T20I,Umar Nawaz,Powerplay,131,125,20,5
T20I,Umer Imtiaz,Middle,129,103,14,6
T20I,Umer Imtiaz,Powerplay,324,319,47,24
T20I,Umm-e-Hani,Middle,33,61,1,3
T20I,Usman Khalid,Middle,233,191,23,11
T20I,Usman Khalid,Powerplay,134,144,19,4
T20I,Usman Khan,Death,304,241,36,19
T20I,Usman Khan,Middle,536,473,58,24
T20I,Usman Khan,Powerplay,137,136,19,7
T20I,Usman Najeeb,Death,133,98,14,11
T20I,Usman Patel,Death,98,62,14,4
T20I,Usman Patel,Middle,780,581,101,26
T20I,Usman Patel,Powerplay,215,213,32,12
T20I,Uswa Syed,Middle,46,74,1,4
T20I,Utkarsh Jain,Death,60,61,5,2
T20I,V Abuga,Death,85,69,12,6
T20I,V Abuga,Middle,196,240,23,9
T20I,V Abuga,Powerplay,104,149,15,8
T20I,V Aravind,Death,195,125,27,8
T20I,V Aravind,Middle,336,353,27,11
T20I,V Aravind,Powerplay,290,258,47,8
T20I,V Balakrishnan,Death,110,92,12,6
T20I,V Balakrishnan,Middle,369,349,41,19
T20I,V Balakrishnan,Powerplay,468,431,73,14
T20I,V Ganesan,Death,75,74,4,6
T20I,V Ganesan,Middle,188,214,13,10
T20I,V Ganesan,Powerplay,229,203,35,7
T20I,V Hirlal,Middle,39,61,2,3
T20I,V Hirlal,Powerplay,68,122,8,7
T20I,V Igbinedion,Middle,49,90,5,6
T20I,V Igbinedion,Powerplay,107,142,16,3
T20I,V Jesrani,Middle,44,114,0,6
T20I,V Jesrani,Powerplay,25,70,1,3
T20I,V Kohli,Death,967,531,129,18
T20I,V Kohli,Middle,1953,1574,186,39
T20I,V Kohli,Powerplay,1043,900,148,24
T20I,V Krishnamurthy,Death,224,173,26,10
T20I,V Krishnamurthy,Middle,233,247,23,14
T20I,V Langiatu,Middle,233,258,22,16
T20I,V Langiatu,Powerplay,361,530,50,13
T20I,V Mahajan,Middle,81,134,6,6
T20I,V Mbazo,Death,72,65,6,9
T20I,V Mbazo,Middle,202,276,13,22
T20I,V Mbazo,Powerplay,151,176,21,5
T20I,V Mwansa,Middle,3,66,0,2
T20I,V Nikolova,Middle,70,88,9,3
T20I,V Nikolova,Powerplay,104,143,13,12
T20I,V Ooko,Death,103,130,9,9
T20I,V Ooko,Middle,282,345,34,18
T20I,V Ooko,Powerplay,43,104,5,2
T20I,V Ravindran,Middle,213,192,26,12
T20I,V Ravindran,Powerplay,597,401,104,16
T20I,V Redkar,Middle,36,74,2,0
T20I,V Saini,Death,357,240,47,15
T20I,V Saini,Middle,855,722,90,20
T20I,V Saini,Powerplay,205,211,26,7
T20I,V Sehwag,Middle,119,74,17,4
T20I,V Sehwag,Powerplay,267,200,41,11
T20I,V Shaw,Middle,60,77,7,5
T20I,V Shukla,Death,241,150,33,12
T20I,V Shukla,Middle,155,137,17,5
T20I,V Sibanda,Middle,160,169,11,12
T20I,V Sibanda,Powerplay,314,315,50,10
T20I,V Stolle,Death,58,75,1,6
T20I,V Sukumaran,Middle,91,67,13,3
T20I,V Sukumaran,Powerplay,60,62,9,3
T20I,V Suryavanshi,Powerplay,145,79,25,4
T20I,V Vasquez,Middle,53,71,6,3
T20I,V Vasquez,Powerplay,111,163,9,5
T20I,V Vijh,Death,259,186,30,17
T20I,V Vijh,Middle,535,521,55,18
T20I,V Vijh,Powerplay,44,68,4,2
T20I,V Vira,Death,36,72,2,4
T20I,V Zanko,Middle,45,125,4,7
T20I,V Zimonjic,Death,170,156,20,17
T20I,V Zimonjic,Middle,91,95,9,2
T20I,VB Chikkannaiah,Middle,169,166,17,8
T20I,VB Chikkannaiah,Powerplay,215,259,20,10
T20I,VB Viyala,Death,76,114,3,8
T20I,VD Adewoye,Death,196,161,22,19
T20I,VD Adewoye,Middle,259,210,34,14
T20I,VE Tembo,Middle,91,93,11,8
T20I,VE Tembo,Powerplay,50,63,7,4
T20I,VP Thamotharam,Death,353,201,49,15
T20I,VP Thamotharam,Middle,743,565,90,25
T20I,VP Thamotharam,Powerplay,83,94,13,5
T20I,VS Padhaal,Death,82,61,8,7
T20I,VS Padhaal,Middle,232,261,16,10
T20I,VS Padhaal,Powerplay,255,253,40,14
T20I,Vaishnave Mahesh,Death,101,127,7,15
T20I,Vaishnave Mahesh,Middle,14,61,1,7
T20I,Vamshi Reddy,Powerplay,56,85,8,3
T20I,Vani Dhanuka,Middle,75,73,7,2
T20I,Vathana Sreemurugavel,Powerplay,31,88,3,1
T20I,Vichanath Singh,Middle,45,63,1,5
T20I,Vikramjit Singh,Middle,184,140,21,10
T20I,Vikramjit Singh,Powerplay,188,209,25,13
T20I,Viktoria Frey,Middle,82,123,6,3
T20I,Viktoria Frey,Powerplay,45,60,5,4
T20I,Vinay Ravi,Death,124,112,14,16
T20I,Vinay Ravi,Middle,91,95,9,2
T20I,Vineet Shah,Middle,75,82,5,6
T20I,Vinu Kumar,Death,90,96,4,6
T20I,Vinu Kumar,Middle,326,493,24,20
T20I,Vinu Kumar,Powerplay,155,274,17,7
T20I,Viola Komeda,Middle,20,60,1,2
T20I,Virandeep Singh,Death,484,301,59,17
T20I,Virandeep Singh,Middle,1449,1227,156,45
T20I,Virandeep Singh,Powerplay,1214,1074,186,26
T20I,Virk Ali,Middle,67,72,7,2
T20I,Virk Ali,Powerplay,189,197,27,10
T20I,W Barresi,Death,146,111,17,5
T20I,W Barresi,Middle,341,323,30,12
T20I,W Barresi,Powerplay,263,227,39,11
T20I,W Boshoff,Death,188,126,23,7
T20I,W Boshoff,Middle,349,346,31,11
T20I,W Boshoff,Powerplay,82,116,7,4
T20I,W Ginindza,Powerplay,18,75,1,10
T20I,W Hornero-Garcia,Middle,204,213,18,11
T20I,W Hornero-Garcia,Powerplay,387,465,42,12
T20I,W Liengprasert,Death,71,100,2,9
T20I,W Liengprasert,Middle,41,66,2,2
T20I,W Madhevere,Death,180,126,24,13
T20I,W Madhevere,Middle,516,472,48,22
T20I,W Madhevere,Powerplay,557,536,81,29
T20I,W Maximo,Middle,42,71,1,7
T20I,W Maximo,Powerplay,150,184,16,6
T20I,W Miyauchi,Death,107,102,9,9
T20I,W Miyauchi,Middle,202,217,16,8
T20I,W Miyauchi,Powerplay,114,120,14,4
T20I,W Moutswi,Death,52,78,1,8
T20I,W Moutswi,Middle,73,110,3,5
T20I,W Moutswi,Powerplay,46,83,3,1
T20I,W Mwatile,Death,418,383,46,29
T20I,W Mwatile,Middle,481,688,47,23
T20I,W Mwatile,Powerplay,74,121,9,8
T20I,W Niyitanga,Middle,338,371,31,17
T20I,W Niyitanga,Powerplay,157,251,15,13
T20I,W Wotu,Middle,70,88,7,10
T20I,WA Duraisingam,Death,114,161,8,14
T20I,WA Duraisingam,Middle,603,847,48,30
T20I,WA Duraisingam,Powerplay,643,1111,66,33
T20I,WA Young,Middle,193,166,23,9
T20I,WA Young,Powerplay,126,162,18,8
T20I,WAE Burton,Middle,128,134,16,13
T20I,WAE Burton,Powerplay,335,230,61,11
T20I,WD Parnell,Death,121,114,13,6
T20I,WD Parnell,Middle,40,61,2,3
T20I,WG Jacks,Death,221,125,30,7
T20I,WG Jacks,Middle,196,184,21,15
T20I,WG Jacks,Powerplay,267,176,43,9
T20I,WIA Fernando,Middle,149,151,10,13
T20I,WIA Fernando,Powerplay,214,250,26,20
T20I,WJ Cope,Middle,135,132,15,9
T20I,WJ Cope,Powerplay,178,139,31,11
T20I,WK Dilhari,Death,289,233,31,18
T20I,WK Dilhari,Middle,473,475,51,30
T20I,WK Lai,Death,50,82,2,15
T20I,WL Madsen,Middle,120,99,13,3
T20I,WNA Bucuane,Middle,76,119,6,9
T20I,WNA Bucuane,Powerplay,38,91,3,5
T20I,WP Masakadza,Death,173,163,16,17
T20I,WP Masakadza,Middle,53,92,4,7
T20I,WSLK Narayana,Powerplay,92,96,14,6
T20I,WTS Porterfield,Middle,237,241,21,11
T20I,WTS Porterfield,Powerplay,456,454,69,20
T20I,WU Tharanga,Middle,78,72,7,7
T20I,WU Tharanga,Powerplay,272,245,37,17
T20I,Wahab Riaz,Death,139,93,17,10
T20I,Wahidullah Sahak,Middle,160,119,20,5
T20I,Wahidullah Sahak,Powerplay,112,92,19,5
T20I,Wahidullah Usmani,Middle,73,90,7,3
T20I,Waji Ul Hassan,Death,184,114,23,10
T20I,Waji Ul Hassan,Middle,347,311,35,8
T20I,Walid Ghauri,Middle,447,338,53,13
T20I,Walid Ghauri,Powerplay,350,364,44,13
T20I,Walid Sahibzada,Powerplay,94,73,15,2
T20I,Wan Julia,Death,73,79,1,7
T20I,Wan Julia,Middle,205,333,14,20
T20I,Wan Julia,Powerplay,433,648,40,30
T20I,Wang Huiying,Death,45,80,4,4
T20I,Wang Huiying,Middle,90,109,11,8
T20I,Waqar Khan,Middle,51,66,4,4
T20I,Waqar Ul Hassan,Middle,62,65,6,2
T20I,Waqar Zalmai,Death,90,73,9,7
T20I,Waqar Zalmai,Middle,83,67,14,6
T20I,Waqas Ahmad,Death,111,68,16,5
T20I,Waqas Barkat,Death,69,66,6,10
T20I,Waqas Barkat,Middle,143,149,7,7
T20I,Waqas Barkat,Powerplay,47,71,7,5
T20I,Waqas Khan,Middle,99,122,7,8
T20I,Waseem Muhammad,Death,148,92,17,9
T20I,Waseem Muhammad,Middle,1101,700,133,26
T20I,Waseem Muhammad,Powerplay,1433,1058,228,43
T20I,Waseem Yaqoob,Middle,120,154,13,11
T20I,Washeem Abbas,Death,121,100,16,13
T20I,Washington Sundar,Death,160,125,22,12
T20I,Washington Sundar,Middle,116,100,13,5
T20I,Wasim Ali,Middle,172,135,20,4
T20I,Wei Guo Lei,Powerplay,53,103,8,7
T20I,Wei Haiting,Middle,50,125,1,12
T20I,Wei Haiting,Powerplay,77,202,2,5
T20I,XM Marshall,Middle,79,89,4,8
T20I,XM Marshall,Powerplay,174,172,24,7
T20I,XSD Smith,Death,85,79,6,3
T20I,XSD Smith,Middle,94,92,8,6
T20I,Xu Qian,Middle,44,88,4,4
T20I,Xu Qian,Powerplay,21,64,3,5
T20I,Y Anggraeni,Powerplay,60,63,9,0
T20I,Y Choden,Middle,83,165,4,9
T20I,Y Choden,Powerplay,80,143,10,7
T20I,Y Daswani,Death,450,356,51,19
T20I,Y Daswani,Middle,732,923,57,23
T20I,Y Daswani,Powerplay,232,423,26,6
T20I,Y Jalloh,Middle,111,106,9,6
T20I,Y Jalloh,Powerplay,149,221,16,13
T20I,Y Konate,Middle,34,70,4,6
T20I,Y Naing Tun,Death,49,62,5,6
T20I,Y Naing Tun,Middle,37,81,4,4
T20I,Y Saranonnakkun,Middle,117,152,9,16
T20I,Y Saranonnakkun,Powerplay,132,179,18,17
T20I,YBK Jaiswal,Middle,179,118,25,4
T20I,YBK Jaiswal,Powerplay,458,286,81,13
T20I,YH Bhatia,Middle,176,175,22,11
T20I,YH Bhatia,Powerplay,184,180,32,3
T20I,YK Pathan,Death,119,82,13,7
T20I,YK Pathan,Middle,102,82,13,5
T20I,YP Dayal,Middle,64,89,3,5
T20I,YS Chauhan,Death,79,63,7,6
T20I,YS Chauhan,Middle,363,302,43,10
T20I,YS Chauhan,Powerplay,78,76,14,0
T20I,YS Samra,Middle,170,123,19,7
T20I,YS Samra,Powerplay,327,208,55,6
T20I,YS To,Middle,58,97,2,5
T20I,YS To,Powerplay,39,81,3,3
T20I,YSD Seneveratne,Middle,268,255,25,9
T20I,YSD Seneveratne,Powerplay,388,362,56,11
T20I,Yahya Suhail,Middle,31,65,3,3
T20I,Yahya Suhail,Powerplay,27,91,2,3
T20I,Yasar Haroon,Middle,181,223,22,10
T20I,Yasar Haroon,Powerplay,31,65,3,2
T20I,Yasim Murtaza,Death,375,267,46,29
T20I,Yasim Murtaza,Middle,387,400,34,17
T20I,Yasim Murtaza,Powerplay,131,116,22,5
T20I,Yasin Patel,Death,116,119,11,9
T20I,Yasin Patel,Middle,122,161,5,6
T20I,Yasir Ali,Middle,520,490,48,16
T20I,Yasir Ali,Powerplay,204,259,27,7
T20I,Yasir Ali Chowdhury,Death,99,64,14,4
T20I,Yasmeen Khan,Death,287,220,29,11
T20I,Yasmeen Khan,Middle,791,871,84,38
T20I,Yasmeen Khan,Powerplay,733,824,108,28
T20I,Yasser Nazir,Middle,65,85,6,7
T20I,Yogev Nagavkar,Powerplay,97,129,15,2
T20I,Younis Khan,Middle,299,246,27,11
T20I,Younis Khan,Powerplay,71,63,12,2
T20I,Yusrina Yaakop,Powerplay,73,137,6,11
T20I,Yusuf Ebrahim,Middle,95,129,5,7
T20I,Yusuf Ebrahim,Powerplay,39,65,3,4
T20I,Yuvraj Singh,Death,383,224,58,18
T20I,Yuvraj Singh,Middle,684,545,81,19
T20I,Yuvraj Singh,Powerplay,69,89,10,3
T20I,Yves Cyusa,Death,52,72,5,5
T20I,Yves Cyusa,Middle,165,199,17,13
T20I,Z Bimenyimana,Death,209,181,23,23
T20I,Z Franova,Middle,56,150,3,5
T20I,Z Franova,Powerplay,59,110,6,6
T20I,Z James,Death,103,100,11,8
T20I,Z Kamara,Death,87,117,7,6
T20I,Z Kamara,Middle,126,143,12,11
T20I,ZB Lion-Cachet,Middle,79,88,5,5
T20I,ZE Green,Death,348,242,47,18
T20I,ZE Green,Middle,343,356,30,19
T20I,ZE Green,Powerplay,58,84,6,4
T20I,ZGF Foulkes,Death,88,62,11,4
T20I,ZL Win,Death,74,84,5,8
T20I,ZL Win,Middle,107,170,11,11
T20I,ZM Tribe,Middle,262,249,25,12
T20I,ZM Tribe,Powerplay,124,138,16,7
T20I,ZN Shabalala,Middle,19,108,0,8
T20I,ZN Shabalala,Powerplay,21,67,1,0
T20I,ZP Ikiua,Middle,94,107,10,5
T20I,ZP Ikiua,Powerplay,107,156,16,6
T20I,ZT Kyaw,Death,60,68,6,6
T20I,ZT Kyaw,Middle,107,169,8,9
T20I,ZXM Vukusic,Middle,109,79,13,4
T20I,ZXM Vukusic,Powerplay,86,73,11,3
T20I,Zada Sher,Middle,153,111,18,7
T20I,Zaheer Zahiri,Death,99,82,13,5
T20I,Zahidullah Kamal,Middle,87,103,5,7
T20I,Zahir Mohammed,Middle,191,146,24,15
T20I,Zahir Mohammed,Powerplay,187,145,30,8
T20I,Zaid Ahmad,Middle,96,102,7,3
T20I,Zaid Soulat,Middle,71,63,10,2
T20I,Zain Ahmad,Middle,77,69,9,5
T20I,Zain Ahmad,Powerplay,109,104,18,8
T20I,Zain Ul Abidin,Death,269,209,30,16
T20I,Zain Ul Abidin,Middle,66,96,5,3
T20I,Zameer Khan,Powerplay,42,65,5,1
T20I,Zeefa Jilani,Middle,220,248,24,14
T20I,Zeefa Jilani,Powerplay,345,495,50,21
T20I,Zeerak Chughtai,Middle,65,66,8,7
T20I,Zeerak Chughtai,Powerplay,84,109,9,0
T20I,Zeeshan Ali,Death,296,203,40,17
T20I,Zeeshan Ali,Middle,572,520,61,22
T20I,Zeeshan Ali,Powerplay,729,530,122,17
T20I,Zeeshan Khan,Death,99,69,11,5
T20I,Zeeshan Khan,Middle,391,316,43,13
T20I,Zeeshan Khan,Powerplay,511,472,80,22
T20I,Zeeshan Kukikhel,Middle,283,185,42,7
T20I,Zeeshan Kukikhel,Powerplay,266,217,45,11
T20I,Zeeshan Maqsood,Death,233,130,32,6
T20I,Zeeshan Maqsood,Middle,640,588,74,27
T20I,Zeeshan Maqsood,Powerplay,318,303,55,12
T20I,Zeshan Arif,Middle,116,118,13,13
T20I,Zeshan Arif,Powerplay,195,118,35,4
T20I,Zhang Chan,Powerplay,40,65,3,5
T20I,Zhang Mei,Middle,70,84,8,1
T20I,Zhang Mei,Powerplay,41,68,3,3
T20I,Zi Mei,Middle,48,99,0,5
T20I,Zi Mei,Powerplay,67,210,3,7
T20I,Zishan Shah,Middle,65,64,5,2
T20I,Zon Lin,Death,90,74,7,2
T20I,Zon Lin,Middle,253,310,24,13
T20I,Zon Lin,Powerplay,295,323,39,9
T20I,Zong Yuechao,Middle,26,69,1,4
T20I,Zubaidi Zulkifle,Middle,293,202,35,20
T20I,Zubaidi Zulkifle,Powerplay,745,558,121,36
T20I,Zubair Ali,Middle,162,146,14,4
T20I,Zubair Ali,Powerplay,210,172,31,3
WPL,A Capsey,Middle,248,185,36,7
WPL,A Capsey,Powerplay,119,97,22,4
WPL,A Gardner,Death,213,114,35,14
WPL,A Gardner,Middle,538,410,74,13
WPL,A Gardner,Powerplay,60,65,8,5
WPL,A Sutherland,Middle,95,73,10,6
WPL,AB Kaur,Death,143,109,18,11
WPL,AB Kaur,Middle,164,127,23,3
WPL,AB Sharma,Middle,81,60,13,4
WPL,AB Sharma,Powerplay,93,74,17,2
WPL,AC Kerr,Death,203,130,29,7
WPL,AC Kerr,Middle,268,240,31,7
WPL,AC Kerr,Powerplay,40,68,5,5
WPL,AJ Healy,Middle,154,105,25,4
WPL,AJ Healy,Powerplay,269,223,50,11
WPL,BL Mooney,Middle,325,233,41,8
WPL,BL Mooney,Powerplay,349,325,51,14
WPL,BS Fulmali,Death,166,102,26,8
WPL,BS Fulmali,Middle,150,118,20,1
WPL,CA Henry,Death,164,92,26,7
WPL,CA Henry,Middle,107,70,17,3
WPL,D Hemalatha,Middle,157,111,24,5
WPL,D Hemalatha,Powerplay,71,98,7,8
WPL,D Vrinda,Powerplay,77,83,13,6
WPL,DB Sharma,Death,206,143,29,10
WPL,DB Sharma,Middle,322,296,39,11
WPL,DB Sharma,Powerplay,110,119,19,2
WPL,DJS Dottin,Middle,95,91,14,4
WPL,DN Wyatt,Powerplay,91,76,15,4
WPL,EA Perry,Death,228,130,32,5
WPL,EA Perry,Middle,532,442,69,8
WPL,EA Perry,Powerplay,212,177,33,1
WPL,G Voll,Middle,177,125,27,3
WPL,G Voll,Powerplay,104,79,21,3
WPL,G Wareham,Death,242,139,32,8
WPL,G Wareham,Middle,163,146,19,6
WPL,GM Harris,Middle,400,289,61,14
WPL,GM Harris,Powerplay,309,230,59,8
WPL,H Deol,Death,140,91,22,4
WPL,H Deol,Middle,347,308,45,11
WPL,H Deol,Powerplay,162,181,28,6
WPL,H Kaur,Death,399,203,68,11
WPL,H Kaur,Middle,756,579,110,14
WPL,H Kaur,Powerplay,38,68,5,1
WPL,HK Matthews,Middle,310,237,47,13
WPL,HK Matthews,Powerplay,520,487,92,18
WPL,JI Rodrigues,Death,245,130,38,6
WPL,JI Rodrigues,Middle,451,358,54,17
WPL,JI Rodrigues,Powerplay,75,75,13,3
WPL,JL Jonassen,Death,125,66,19,3
WPL,JL Jonassen,Middle,133,122,18,8
WPL,KP Navgire,Middle,160,102,22,14
WPL,KP Navgire,Powerplay,274,236,49,15
WPL,KS Ahuja,Middle,176,140,23,10
WPL,L Lee,Middle,131,86,19,5
WPL,L Lee,Powerplay,189,155,38,5
WPL,L Wolvaardt,Death,127,61,19,4
WPL,L Wolvaardt,Middle,293,241,31,5
WPL,L Wolvaardt,Powerplay,239,216,45,9
WPL,M Kapp,Death,211,128,33,5
WPL,M Kapp,Middle,197,198,23,8
WPL,MM Lanning,Middle,522,382,79,20
WPL,MM Lanning,Powerplay,649,589,110,9
WPL,NR Sciver-Brunt,Death,193,116,30,3
WPL,NR Sciver-Brunt,Middle,857,585,134,20
WPL,NR Sciver-Brunt,Powerplay,298,245,56,2
WPL,NS Prasad,Middle,51,62,6,2
WPL,P Litchfield,Middle,266,190,39,11
WPL,P Litchfield,Powerplay,136,114,24,3
WPL,P Vastrakar,Middle,65,67,8,2
WPL,RM Ghosh,Death,377,185,65,16
WPL,RM Ghosh,Middle,420,343,61,7
WPL,RP Yadav,Death,124,70,17,7
WPL,S Ecclestone,Death,202,177,26,16
WPL,S Mandhana,Middle,396,251,62,9
WPL,S Mandhana,Powerplay,584,492,104,20
WPL,S Meghana,Middle,100,81,13,2
WPL,S Meghana,Powerplay,183,166,31,9
WPL,S Pandey,Death,113,89,13,4
WPL,S Rana,Middle,55,60,7,5
WPL,S Sajana,Death,138,88,24,7
WPL,S Sajana,Powerplay,67,60,12,4
WPL,S Sehrawat,Middle,209,207,25,12
WPL,SFM Devine,Middle,238,156,31,9
WPL,SFM Devine,Powerplay,365,254,67,14
WPL,SIR Dunkley,Powerplay,110,64,20,5
WPL,Shafali Verma,Middle,342,234,46,15
WPL,Shafali Verma,Powerplay,766,536,136,18
WPL,Simran Shaikh,Middle,54,60,7,6
WPL,TM McGrath,Middle,207,170,34,8
WPL,TP Kanwar,Death,138,112,20,11
WPL,YH Bhatia,Middle,96,88,14,8
WPL,YH Bhatia,Powerplay,383,354,71,17
Women's BBL,A Capsey,Middle,425,353,55,24
Women's BBL,A Capsey,Powerplay,313,299,49,15
Women's BBL,A Gardner,Death,345,203,48,23
Women's BBL,A Gardner,Middle,1433,1196,179,56
Women's BBL,A Gardner,Powerplay,635,668,96,27
Women's BBL,A King,Death,569,461,65,34
Women's BBL,A King,Middle,78,132,3,5
Women's BBL,A Lanning,Middle,113,146,8,9
Women's BBL,A Lanning,Powerplay,111,116,19,5
Women's BBL,A Learoyd,Death,212,155,28,11
Women's BBL,A Learoyd,Middle,313,385,28,17
Women's BBL,A Price,Death,57,65,5,6
Women's BBL,A Smith,Death,59,74,1,10
Women's BBL,A Sutherland,Death,481,343,51,30
Women's BBL,A Sutherland,Middle,792,780,83,31
Women's BBL,A Sutherland,Powerplay,219,307,27,15
Women's BBL,A Wellington,Death,482,328,64,35
Women's BBL,A Wellington,Middle,195,190,21,11
Women's BBL,AC Jayangani,Death,93,63,12,4
Women's BBL,AC Jayangani,Middle,630,546,90,29
Women's BBL,AC Jayangani,Powerplay,561,660,87,21
Women's BBL,AC Kerr,Death,282,204,39,16
Women's BBL,AC Kerr,Middle,608,547,67,18
Women's BBL,AC Kerr,Powerplay,125,134,16,4
Women's BBL,AE Jones,Death,190,133,22,17
Women's BBL,AE Jones,Middle,812,654,92,30
Women's BBL,AE Jones,Powerplay,500,515,69,18
Women's BBL,AE Satterthwaite,Death,299,249,33,12
Women's BBL,AE Satterthwaite,Middle,652,657,63,22
Women's BBL,AE Satterthwaite,Powerplay,211,296,31,6
Women's BBL,AJ Blackwell,Death,250,146,34,9
Women's BBL,AJ Blackwell,Middle,657,666,70,21
Women's BBL,AJ Blackwell,Powerplay,233,256,32,4
Women's BBL,AJ Healy,Death,131,81,19,7
Women's BBL,AJ Healy,Middle,975,616,145,30
Women's BBL,AJ Healy,Powerplay,1469,1284,234,66
Women's BBL,AL Edgar,Death,190,161,23,13
Women's BBL,AL Edgar,Middle,72,117,7,4
Women's BBL,AR Reakes,Death,238,212,24,20
Women's BBL,AR Reakes,Middle,86,137,6,9
Women's BBL,AR Reakes,Powerplay,195,197,30,8
Women's BBL,B Hepburn,Death,60,76,3,13
Women's BBL,B Vakarewa,Death,72,80,7,8
Women's BBL,BAM Heath,Middle,89,64,15,4
Women's BBL,BAM Heath,Powerplay,58,60,10,3
Women's BBL,BE Patterson,Death,764,526,87,31
Women's BBL,BE Patterson,Middle,955,1016,91,46
Women's BBL,BE Patterson,Powerplay,152,240,17,8
Women's BBL,BF Smith,Powerplay,72,103,10,6
Women's BBL,BL Mooney,Death,632,387,85,18
Women's BBL,BL Mooney,Middle,2150,1686,230,42
Women's BBL,BL Mooney,Powerplay,2224,1960,318,42
Women's BBL,C Leeson,Death,174,153,16,15
Women's BBL,C Leeson,Middle,164,161,17,6
Women's BBL,C Piparo,Death,181,150,18,11
Women's BBL,C Piparo,Middle,366,399,37,25
Women's BBL,C Piparo,Powerplay,266,305,33,18
Women's BBL,C Webb,Death,337,298,33,17
Women's BBL,C Webb,Middle,806,806,84,26
Women's BBL,C Webb,Powerplay,401,395,59,18
Women's BBL,CA Henry,Middle,91,72,14,3
Women's BBL,CC Ainsworth,Death,101,109,7,8
Women's BBL,CJ Koski,Death,143,120,15,9
Women's BBL,CJ Koski,Middle,134,141,11,6
Women's BBL,CL Hall,Death,250,202,21,18
Women's BBL,CL Hall,Middle,465,486,29,27
Women's BBL,CL Hall,Powerplay,50,81,4,4
Women's BBL,CL Tryon,Death,359,207,51,23
Women's BBL,CL Tryon,Middle,421,420,52,16
Women's BBL,CL Tryon,Powerplay,60,65,9,3
Women's BBL,CM Edwards,Middle,168,160,19,4
Women's BBL,CM Edwards,Powerplay,133,155,17,1
Women's BBL,CR Knott,Death,350,228,51,19
Women's BBL,CR Knott,Middle,342,329,37,17
Women's BBL,CR Knott,Powerplay,83,110,12,6
Women's BBL,D van Niekerk,Death,330,257,43,17
Women's BBL,D van Niekerk,Middle,408,410,41,12
Women's BBL,D van Niekerk,Powerplay,223,248,35,16
Women's BBL,DB Sharma,Death,167,132,18,7
Women's BBL,DB Sharma,Middle,102,127,8,5
Women's BBL,DJS Dottin,Death,110,72,15,6
Women's BBL,DJS Dottin,Middle,472,436,66,27
Women's BBL,DJS Dottin,Powerplay,233,272,36,9
Women's BBL,DM Kimmince,Death,190,157,19,16
Women's BBL,DM Kimmince,Middle,208,206,20,7
Women's BBL,DN Wyatt,Death,90,74,11,8
Women's BBL,DN Wyatt,Middle,885,647,116,27
Women's BBL,DN Wyatt,Powerplay,840,802,121,27
Women's BBL,DR Gibson,Death,186,111,31,7
Women's BBL,DR Gibson,Middle,99,89,14,5
Women's BBL,E Johnston,Middle,100,68,13,4
Women's BBL,E Johnston,Powerplay,80,69,12,4
Women's BBL,E Jones,Middle,97,101,9,4
Women's BBL,E Jones,Powerplay,118,138,20,7
Women's BBL,E Kershaw,Death,67,71,9,7
Women's BBL,E Kershaw,Middle,106,120,12,9
Women's BBL,E Thompson,Death,71,60,4,7
Women's BBL,E de Broughe,Middle,90,70,13,5
Women's BBL,E de Broughe,Powerplay,69,89,9,5
Women's BBL,EA Burns,Death,373,270,50,21
Women's BBL,EA Burns,Middle,862,749,100,40
Women's BBL,EA Burns,Powerplay,253,259,39,13
Women's BBL,EA Osborne,Death,367,325,27,24
Women's BBL,EA Osborne,Middle,417,483,30,13
Women's BBL,EA Perry,Death,799,510,109,21
Women's BBL,EA Perry,Middle,2057,1842,245,39
Women's BBL,EA Perry,Powerplay,1568,1732,232,28
Women's BBL,EG Fazackerley,Middle,117,111,12,7
Women's BBL,EG Fazackerley,Powerplay,327,243,54,18
Women's BBL,EJ Inglis,Death,86,68,10,7
Women's BBL,EJ Inglis,Middle,205,214,25,17
Women's BBL,EJ Inglis,Powerplay,181,220,23,10
Women's BBL,EJ Villani,Death,364,262,45,11
Women's BBL,EJ Villani,Middle,1399,1181,172,41
Women's BBL,EJ Villani,Powerplay,1582,1572,253,45
Women's BBL,FC Wilson,Middle,143,152,14,6
Women's BBL,FG Kemp,Middle,111,90,14,5
Women's BBL,G Prestwidge,Death,101,84,13,12
Women's BBL,G Redmayne,Death,374,297,43,22
Women's BBL,G Redmayne,Middle,1164,1032,127,36
Women's BBL,G Redmayne,Powerplay,1059,1192,137,40
Women's BBL,G Voll,Death,232,187,26,17
Women's BBL,G Voll,Middle,673,593,84,22
Women's BBL,G Voll,Powerplay,502,456,82,21
Women's BBL,G Wareham,Death,482,299,65,18
Women's BBL,G Wareham,Middle,550,474,65,16
Women's BBL,G Wareham,Powerplay,59,67,7,0
Women's BBL,GA Elwiss,Middle,182,214,14,6
Women's BBL,GM Harris,Death,220,132,29,10
Women's BBL,GM Harris,Middle,926,716,122,34
Women's BBL,GM Harris,Powerplay,1462,1257,242,54
Women's BBL,H Graham,Death,558,398,63,29
Women's BBL,H Graham,Middle,860,934,82,47
Women's BBL,H Graham,Powerplay,49,102,4,5
Women's BBL,H Kaur,Death,443,266,63,13
Women's BBL,H Kaur,Middle,761,756,78,20
Women's BBL,H Kaur,Powerplay,114,141,17,2
Women's BBL,H Silver-holmes,Death,62,73,7,7
Women's BBL,H Silver-holmes,Middle,52,64,5,3
Women's BBL,HC Knight,Death,517,295,81,21
Women's BBL,HC Knight,Middle,1171,987,134,30
Women's BBL,HC Knight,Powerplay,410,497,53,13
Women's BBL,HJ Armitage,Middle,82,79,11,6
Women's BBL,HJ Darlington,Death,225,213,21,23
Women's BBL,HJ Darlington,Middle,46,61,3,2
Women's BBL,HK Matthews,Death,88,69,12,6
Women's BBL,HK Matthews,Middle,552,465,75,21
Women's BBL,HK Matthews,Powerplay,706,752,99,35
Women's BBL,HNK Jensen,Death,114,136,5,12
Women's BBL,IY Mckeon,Powerplay,75,75,13,4
Women's BBL,JE Cameron,Middle,175,199,15,3
Women's BBL,JE Dooley,Death,255,206,26,14
Women's BBL,JE Dooley,Middle,425,405,35,18
Women's BBL,JE Dooley,Powerplay,155,190,19,8
Women's BBL,JE Duffin,Death,444,282,60,19
Women's BBL,JE Duffin,Middle,726,659,91,19
Women's BBL,JE Duffin,Powerplay,129,186,19,4
Women's BBL,JI Rodrigues,Middle,257,194,33,14
Women's BBL,JI Rodrigues,Powerplay,373,356,51,12
Women's BBL,JL Barsby,Death,186,193,19,24
Women's BBL,JL Barsby,Middle,57,65,6,3
Women's BBL,JL Jonassen,Death,574,411,71,29
Women's BBL,JL Jonassen,Middle,1167,1010,141,41
Women's BBL,JL Jonassen,Powerplay,229,249,33,8
Women's BBL,K Peterson,Death,59,72,4,3
Women's BBL,KH Brunt,Death,188,160,20,7
Women's BBL,KH Brunt,Middle,104,143,6,5
Women's BBL,KJ Garth,Death,308,261,34,20
Women's BBL,KJ Garth,Middle,214,267,12,8
Women's BBL,KL Britt,Middle,183,185,18,9
Women's BBL,KL Britt,Powerplay,70,92,8,2
Women's BBL,KL Short,Middle,454,474,39,24
Women's BBL,KL Short,Powerplay,316,385,31,7
Women's BBL,KM Mack,Death,338,256,34,12
Women's BBL,KM Mack,Middle,1108,1057,105,50
Women's BBL,KM Mack,Powerplay,1280,1328,172,38
Women's BBL,L Cheatle,Death,70,75,5,7
Women's BBL,L Harris,Death,595,336,93,32
Women's BBL,L Harris,Middle,633,423,101,38
Women's BBL,L Lee,Death,177,102,23,7
Women's BBL,L Lee,Middle,944,645,139,26
Women's BBL,L Lee,Powerplay,1593,1390,268,54
Women's BBL,L Mills,Death,54,75,6,13
Women's BBL,L Winfield,Death,73,71,7,5
Women's BBL,L Winfield,Middle,86,108,2,5
Women's BBL,L Winfield-Hill,Middle,154,142,16,11
Women's BBL,L Winfield-Hill,Powerplay,334,347,48,12
Women's BBL,L Wolvaardt,Death,349,205,48,17
Women's BBL,L Wolvaardt,Middle,964,921,104,36
Women's BBL,L Wolvaardt,Powerplay,730,772,96,23
Women's BBL,LG Smith,Death,236,227,24,21
Women's BBL,LK Ebsary,Death,224,168,25,8
Women's BBL,LK Ebsary,Middle,254,278,23,9
Women's BBL,LMM Tahuhu,Death,50,64,3,10
Women's BBL,M Brown,Death,412,337,53,35
Women's BBL,M Brown,Middle,234,245,23,12
Women's BBL,M Brown,Powerplay,38,61,3,4
Women's BBL,M Carmichael,Death,259,229,27,18
Women's BBL,M Carmichael,Middle,128,158,9,7
Women's BBL,M Darke,Middle,208,202,22,12
Women's BBL,M Darke,Powerplay,108,120,15,8
Women's BBL,M Hinkley,Death,192,164,18,16
Women's BBL,M Hinkley,Middle,261,308,24,18
Women's BBL,M Kapp,Death,487,362,60,23
Women's BBL,M Kapp,Middle,701,703,77,37
Women's BBL,M Kapp,Powerplay,83,110,12,3
Women's BBL,M Penna,Death,548,398,76,19
Women's BBL,M Penna,Middle,485,498,61,14
Women's BBL,M Penna,Powerplay,102,120,16,3
Women's BBL,M Strano,Death,241,220,19,16
Women's BBL,M Strano,Middle,154,171,14,12
Women's BBL,M du Preez,Death,375,258,43,26
Women's BBL,M du Preez,Middle,1585,1323,181,46
Women's BBL,M du Preez,Powerplay,494,561,69,14
Women's BBL,ME Bouchier,Death,88,62,13,6
Women's BBL,ME Bouchier,Middle,297,280,37,13
Women's BBL,ME Bouchier,Powerplay,86,99,13,5
Women's BBL,ML Gibson,Death,118,131,8,11
Women's BBL,ML Green,Middle,350,317,44,19
Women's BBL,ML Green,Powerplay,247,258,32,9
Women's BBL,ML Schutt,Death,233,199,22,20
Women's BBL,MM Lanning,Death,407,261,52,13
Women's BBL,MM Lanning,Middle,1426,1073,195,28
Women's BBL,MM Lanning,Powerplay,1227,1273,176,37
Women's BBL,N Faltum,Death,341,308,28,22
Women's BBL,N Faltum,Middle,218,204,24,10
Women's BBL,N de Klerk,Death,147,93,21,9
Women's BBL,N de Klerk,Middle,168,166,19,9
Women's BBL,NE Bolton,Death,335,271,42,18
Women's BBL,NE Bolton,Middle,766,826,64,32
Women's BBL,NE Bolton,Powerplay,410,502,54,10
Women's BBL,NE Stalenberg,Death,353,279,45,23
Women's BBL,NE Stalenberg,Middle,556,589,63,29
Women's BBL,NE Stalenberg,Powerplay,417,474,63,25
Women's BBL,NJ Carey,Death,407,310,53,25
Women's BBL,NJ Carey,Middle,951,978,92,40
Women's BBL,NJ Carey,Powerplay,231,272,27,10
Women's BBL,NM Hancock,Death,270,222,32,19
Women's BBL,NR Sciver,Death,213,162,28,10
Women's BBL,NR Sciver,Middle,653,578,75,18
Women's BBL,NR Sciver,Powerplay,112,132,17,3
Women's BBL,NR Sciver-Brunt,Middle,284,207,40,10
Women's BBL,NR Sciver-Brunt,Powerplay,76,88,11,4
Women's BBL,Nida Dar,Middle,59,68,5,2
Women's BBL,P Cleary,Death,116,112,11,8
Women's BBL,P Litchfield,Death,284,190,40,12
Women's BBL,P Litchfield,Middle,1014,860,135,40
Women's BBL,P Litchfield,Powerplay,524,519,76,16
Women's BBL,PJ Scholfield,Death,92,65,12,2
Women's BBL,R Johnston,Death,77,60,9,11
Women's BBL,R Johnston,Middle,185,187,21,8
Women's BBL,R Johnston,Powerplay,124,150,19,11
Women's BBL,R McKenna,Death,117,79,17,10
Women's BBL,R McKenna,Middle,105,79,18,6
Women's BBL,R McKenna,Powerplay,124,134,21,10
Women's BBL,R Trenaman,Death,99,82,12,8
Women's BBL,R Trenaman,Middle,155,172,13,11
Women's BBL,R Trenaman,Powerplay,186,235,30,12
Women's BBL,RH Priest,Middle,462,352,70,17
Women's BBL,RH Priest,Powerplay,976,941,177,49
Women's BBL,RK O'Donnell,Middle,68,76,6,5
Women's BBL,RL Haynes,Death,204,137,25,12
Women's BBL,RL Haynes,Middle,758,737,82,29
Women's BBL,RL Haynes,Powerplay,558,623,75,19
Women's BBL,RM Farrell,Death,198,151,27,11
Women's BBL,RM Ghosh,Middle,104,103,12,9
Women's BBL,S Daffara,Middle,105,105,9,12
Women's BBL,S Daffara,Powerplay,184,204,24,10
Women's BBL,S Ecclestone,Death,182,125,24,11
Women's BBL,S Ismail,Death,29,63,1,10
Women's BBL,S Mandhana,Middle,266,230,31,10
Women's BBL,S Mandhana,Powerplay,592,453,98,19
Women's BBL,S Molineux,Death,186,125,27,5
Women's BBL,S Molineux,Middle,532,469,65,21
Women's BBL,S Molineux,Powerplay,796,823,118,45
Women's BBL,S Nitschke,Middle,65,87,8,4
Women's BBL,S Reid,Death,48,61,6,7
Women's BBL,S Reid,Middle,41,65,2,4
Women's BBL,S Reid,Powerplay,78,70,9,4
Women's BBL,SE Aley,Death,99,101,7,8
Women's BBL,SFM Devine,Death,574,323,80,24
Women's BBL,SFM Devine,Middle,1909,1515,229,40
Women's BBL,SFM Devine,Powerplay,1315,1317,195,38
Women's BBL,SIR Dunkley,Middle,220,196,24,7
Women's BBL,SIR Dunkley,Powerplay,318,265,56,10
Women's BBL,SJ Bryce,Middle,93,76,10,1
Women's BBL,SJ Coyte,Death,322,263,34,25
Women's BBL,SJ Coyte,Middle,56,77,4,6
Women's BBL,SJ Johnson,Death,255,217,32,23
Women's BBL,SJ Johnson,Middle,322,330,38,27
Women's BBL,SJ Johnson,Powerplay,359,294,56,20
Women's BBL,SJ McGlashan,Death,166,144,20,11
Women's BBL,SJ McGlashan,Middle,315,352,30,18
Women's BBL,SK Moloney,Death,308,274,29,34
Women's BBL,SK Moloney,Middle,245,274,24,16
Women's BBL,SL Bates,Death,35,78,1,7
Women's BBL,SR Taylor,Death,240,181,29,9
Women's BBL,SR Taylor,Middle,378,417,37,11
Women's BBL,SR Taylor,Powerplay,117,146,16,6
Women's BBL,SW Bates,Death,159,111,20,9
Women's BBL,SW Bates,Middle,684,633,62,30
Women's BBL,SW Bates,Powerplay,884,988,122,37
Women's BBL,Shafali Verma,Middle,90,89,9,2
Women's BBL,Shafali Verma,Powerplay,55,66,7,4
Women's BBL,T Flintoff,Death,240,204,26,17
Women's BBL,T Flintoff,Middle,144,120,14,7
Women's BBL,T Peschel,Death,100,100,8,9
Women's BBL,T Saville,Death,131,128,11,9
Women's BBL,T Saville,Middle,105,128,7,6
Women's BBL,T Wilson,Death,254,202,28,17
Women's BBL,T Wilson,Middle,443,464,45,14
Women's BBL,T Wilson,Powerplay,349,429,46,17
Women's BBL,TJ McPharlin,Death,273,233,28,19
Women's BBL,TJ McPharlin,Middle,121,127,13,5
Women's BBL,TM McGrath,Death,439,317,55,17
Women's BBL,TM McGrath,Middle,1351,1251,161,55
Women's BBL,TM McGrath,Powerplay,545,653,77,29
Women's BBL,TT Beaumont,Death,90,68,10,7
Women's BBL,TT Beaumont,Middle,686,627,81,32
Women's BBL,TT Beaumont,Powerplay,900,961,132,39
Women's BBL,V Krishnamurthy,Middle,81,74,10,4
Women's BBL,V Pyke,Death,193,159,21,13
Women's BBL,V Pyke,Middle,54,77,2,3
Women's BBL,YH Bhatia,Powerplay,87,100,12,2
Women's CPL,A Hunter,Middle,70,83,5,4
Women's CPL,A Hunter,Powerplay,113,107,17,2
Women's CPL,AA Alleyne,Middle,60,87,5,6
Women's CPL,AC Jayangani,Middle,105,139,13,4
Women's CPL,AC Jayangani,Powerplay,194,189,36,3
Women's CPL,CA Henry,Death,128,97,18,5
Women's CPL,CA Henry,Middle,96,113,13,5
Women's CPL,CL Tryon,Middle,100,75,13,4
Women's CPL,CN Nation,Death,85,62,10,2
Women's CPL,DJS Dottin,Middle,249,235,30,9
Women's CPL,DJS Dottin,Powerplay,126,147,19,5
Women's CPL,EA Burns,Death,96,69,13,3
Women's CPL,EA Burns,Middle,171,161,13,5
Women's CPL,GH Lewis,Powerplay,75,81,14,2
Women's CPL,HK Matthews,Middle,196,168,26,7
Women's CPL,HK Matthews,Powerplay,281,268,42,6
Women's CPL,JL Jonassen,Middle,118,102,14,3
Women's CPL,JL Jonassen,Powerplay,57,65,7,2
Women's CPL,Kycia A Knight,Death,57,60,5,4
Women's CPL,Kycia A Knight,Middle,92,116,8,5
Women's CPL,Kycia A Knight,Powerplay,58,73,5,2
Women's CPL,L Harris,Middle,123,64,22,9
Women's CPL,L Winfield-Hill,Powerplay,43,70,4,3
Women's CPL,LAGL Kirby,Powerplay,46,70,8,1
Women's CPL,NY McLean,Death,108,69,13,3
Women's CPL,Q Joseph,Middle,99,105,11,6
Women's CPL,Q Joseph,Powerplay,147,150,27,7
Women's CPL,RMAU Grimmond,Middle,104,97,12,4
Women's CPL,RMAU Grimmond,Powerplay,61,95,9,3
Women's CPL,RS Williams,Middle,110,121,14,7
Women's CPL,RS Williams,Powerplay,66,100,9,2
Women's CPL,S Pandey,Death,96,77,11,8
Women's CPL,S Pandey,Middle,69,86,6,2
Women's CPL,SA Campbelle,Death,80,65,9,7
Women's CPL,SA Campbelle,Middle,253,245,26,5
Women's CPL,SFM Devine,Middle,87,76,8,2
Women's CPL,SFM Devine,Powerplay,125,94,21,1
Women's CPL,SR Taylor,Middle,194,197,21,5
Women's CPL,SW Bates,Middle,58,60,3,5
Women's CPL,SW Bates,Powerplay,87,80,12,2
Women's CPL,T Brits,Powerplay,81,87,11,2
