format,player,phase,balls,runs,wickets,dots
BBL,A Zampa,Death,484,695,42,139
BBL,A Zampa,Middle,1704,2055,74,504
BBL,A Zampa,Powerplay,418,444,14,165
BBL,AB McDonald,Middle,67,109,3,15
BBL,AC Agar,Death,235,276,19,82
BBL,AC Agar,Middle,1397,1730,51,412
BBL,AC Agar,Powerplay,297,339,3,100
BBL,AC McDermott,Death,113,192,9,23
BBL,AC McDermott,Powerplay,124,151,7,62
BBL,AC Thomas,Death,147,206,9,34
BBL,AC Thomas,Middle,91,91,5,32
BBL,AC Thomas,Powerplay,204,209,5,91
BBL,AC Voges,Middle,61,70,3,15
BBL,AD Mascarenhas,Powerplay,87,117,5,35
BBL,AD Russell,Death,213,371,11,45
BBL,AD Russell,Middle,180,224,8,62
BBL,AD Russell,Powerplay,166,194,6,71
BBL,AF Milne,Death,78,96,2,36
BBL,AF Milne,Middle,99,149,2,29
BBL,AF Milne,Powerplay,165,190,4,77
BBL,AJ Finch,Middle,111,150,4,26
BBL,AJ Hosein,Middle,163,167,10,58
BBL,AJ Hosein,Powerplay,133,159,6,58
BBL,AJ Nair,Middle,364,449,14,99
BBL,AJ Turner,Middle,177,217,9,48
BBL,AJ Turner,Powerplay,134,165,5,45
BBL,AJ Tye,Death,937,1403,81,300
BBL,AJ Tye,Middle,1315,1636,64,468
BBL,AJ Tye,Powerplay,353,401,15,146
BBL,AK Heal,Middle,66,86,3,22
BBL,AL Fekete,Death,76,129,7,19
BBL,AL Fekete,Powerplay,129,220,3,48
BBL,AM Hardie,Death,161,250,9,45
BBL,AM Hardie,Middle,437,571,25,133
BBL,AM Hardie,Powerplay,147,185,4,57
BBL,AU Rashid,Middle,151,172,10,57
BBL,AW O'Brien,Middle,263,297,12,77
BBL,AW O'Brien,Powerplay,167,200,6,65
BBL,B Doggett,Death,168,242,14,51
BBL,B Doggett,Middle,389,550,15,109
BBL,B Doggett,Powerplay,434,574,15,182
BBL,B Laughlin,Death,812,1260,57,227
BBL,B Laughlin,Middle,817,966,36,255
BBL,B Laughlin,Powerplay,324,413,12,132
BBL,B Lee,Death,307,440,14,72
BBL,B Lee,Middle,115,134,5,43
BBL,B Lee,Powerplay,424,402,14,222
BBL,B Stanlake,Death,127,197,12,35
BBL,B Stanlake,Middle,541,729,23,175
BBL,B Stanlake,Powerplay,667,859,23,296
BBL,BAD Manenti,Middle,368,423,16,101
BBL,BAD Manenti,Powerplay,206,261,4,74
BBL,BCJ Cutting,Death,427,675,25,80
BBL,BCJ Cutting,Middle,1085,1479,36,272
BBL,BCJ Cutting,Powerplay,135,168,10,48
BBL,BJ Dwarshuis,Death,766,1146,65,237
BBL,BJ Dwarshuis,Middle,1057,1427,56,339
BBL,BJ Dwarshuis,Powerplay,986,1161,43,475
BBL,BJ Webster,Death,108,150,7,25
BBL,BJ Webster,Middle,361,409,12,96
BBL,BJ Webster,Powerplay,132,183,1,40
BBL,BL Couch,Death,126,180,11,37
BBL,BL Couch,Middle,217,310,5,52
BBL,BL Couch,Powerplay,119,185,8,40
BBL,BM Edmondson,Death,102,150,7,27
BBL,BM Edmondson,Powerplay,85,126,3,32
BBL,BW Hilfenhaus,Death,171,251,13,44
BBL,BW Hilfenhaus,Middle,208,257,6,63
BBL,BW Hilfenhaus,Powerplay,327,432,17,132
BBL,C Connolly,Death,64,84,4,15
BBL,C Connolly,Middle,267,295,17,100
BBL,C Connolly,Powerplay,111,127,6,44
BBL,C Stow,Middle,72,83,5,20
BBL,C Valente,Middle,142,209,3,25
BBL,C de Grandhomme,Middle,122,163,3,27
BBL,CA Rose,Death,120,182,9,34
BBL,CA Rose,Middle,348,479,7,88
BBL,CA Rose,Powerplay,493,666,12,189
BBL,CD Hinchliffe,Middle,261,369,14,69
BBL,CD Hinchliffe,Powerplay,66,72,3,18
BBL,CH Gayle,Middle,80,81,3,29
BBL,CH Morris,Death,125,176,13,39
BBL,CH Morris,Middle,107,125,5,40
BBL,CH Morris,Powerplay,99,129,4,42
BBL,CJ Boyce,Death,316,451,26,91
BBL,CJ Boyce,Middle,1777,2167,81,500
BBL,CJ Boyce,Powerplay,127,166,4,33
BBL,CJ Gannon,Death,190,328,19,37
BBL,CJ Gannon,Middle,188,247,8,51
BBL,CJ Gannon,Powerplay,147,193,4,55
BBL,CJ Green,Death,311,454,27,88
BBL,CJ Green,Middle,1249,1515,38,353
BBL,CJ Green,Powerplay,721,766,21,289
BBL,CJ Jordan,Death,488,796,23,114
BBL,CJ Jordan,Middle,432,568,23,126
BBL,CJ Jordan,Powerplay,408,549,13,141
BBL,CJ McKay,Death,239,355,15,71
BBL,CJ McKay,Middle,241,294,8,63
BBL,CJ McKay,Powerplay,284,367,18,130
BBL,CJ Rocchiccioli,Middle,86,121,5,21
BBL,CP Tremain,Death,154,251,7,31
BBL,CP Tremain,Middle,473,615,13,150
BBL,CP Tremain,Powerplay,435,543,21,202
BBL,CR Brathwaite,Death,170,239,13,48
BBL,CR Brathwaite,Middle,192,219,11,64
BBL,CR Brathwaite,Powerplay,98,132,4,37
BBL,DA Payne,Death,163,254,15,58
BBL,DA Payne,Middle,122,142,11,49
BBL,DA Payne,Powerplay,197,243,7,92
BBL,DE Bollinger,Death,169,288,10,41
BBL,DE Bollinger,Middle,275,352,11,78
BBL,DE Bollinger,Powerplay,370,483,10,169
BBL,DJ Bravo,Death,446,644,32,100
BBL,DJ Bravo,Middle,406,500,13,91
BBL,DJ Bravo,Powerplay,141,180,4,57
BBL,DJ Hussey,Middle,66,80,4,18
BBL,DJ Hussey,Powerplay,73,92,3,25
BBL,DJ Pattinson,Powerplay,62,66,1,31
BBL,DJ Willey,Death,129,177,9,41
BBL,DJ Willey,Middle,166,216,4,56
BBL,DJ Willey,Powerplay,276,348,15,133
BBL,DJ Worrall,Death,202,349,17,52
BBL,DJ Worrall,Middle,139,179,4,40
BBL,DJ Worrall,Powerplay,631,764,17,303
BBL,DJG Sammy,Middle,102,144,2,25
BBL,DJM Moody,Middle,85,93,5,32
BBL,DJM Moody,Powerplay,66,105,2,28
BBL,DJM Short,Death,78,170,5,18
BBL,DJM Short,Middle,803,1076,34,217
BBL,DJM Short,Powerplay,82,116,1,24
BBL,DL Vettori,Middle,195,229,5,59
BBL,DL Vettori,Powerplay,92,86,2,40
BBL,DP Nannes,Death,144,189,12,42
BBL,DP Nannes,Middle,73,92,4,21
BBL,DP Nannes,Powerplay,331,357,12,160
BBL,DR Briggs,Middle,183,217,7,52
BBL,DR Sams,Death,616,947,61,157
BBL,DR Sams,Middle,779,1077,37,222
BBL,DR Sams,Powerplay,647,838,30,276
BBL,DT Christian,Death,508,792,34,111
BBL,DT Christian,Middle,1039,1309,46,309
BBL,DT Christian,Powerplay,309,401,12,122
BBL,EP Gulbis,Death,76,130,3,17
BBL,EP Gulbis,Middle,242,290,8,70
BBL,F O'Neill,Middle,80,100,1,36
BBL,F O'Neill,Powerplay,138,159,8,63
BBL,Faheem Ashraf,Middle,92,108,0,23
BBL,Faheem Ashraf,Powerplay,62,73,5,28
BBL,Fawad Ahmed,Death,198,288,13,65
BBL,Fawad Ahmed,Middle,1715,1964,72,555
BBL,Fawad Ahmed,Powerplay,194,256,5,50
BBL,GB Hogg,Death,190,210,19,67
BBL,GB Hogg,Middle,1052,1205,36,339
BBL,GD Putland,Powerplay,65,60,1,36
BBL,GHS Garton,Death,61,123,5,14
BBL,GJ Maxwell,Middle,554,762,20,108
BBL,GJ Maxwell,Powerplay,625,722,21,221
BBL,GS Sandhu,Death,441,672,34,119
BBL,GS Sandhu,Middle,475,688,21,137
BBL,GS Sandhu,Powerplay,744,859,37,311
BBL,H Kerr,Death,259,404,21,60
BBL,H Kerr,Middle,501,667,28,143
BBL,H Kerr,Powerplay,213,294,9,82
BBL,H McKenzie,Middle,61,75,3,15
BBL,HF Gurney,Death,141,185,9,38
BBL,HF Gurney,Middle,86,105,2,23
BBL,HF Gurney,Powerplay,74,102,2,21
BBL,HNA Conway,Death,119,176,8,29
BBL,HNA Conway,Middle,206,295,8,51
BBL,HNA Conway,Powerplay,177,226,4,65
BBL,HTRY Thornton,Death,165,297,13,42
BBL,HTRY Thornton,Middle,267,340,14,86
BBL,HTRY Thornton,Powerplay,312,419,24,139
BBL,HWR Cartwright,Middle,72,142,1,13
BBL,Haris Rauf,Death,255,354,29,83
BBL,Haris Rauf,Middle,282,340,14,94
BBL,Haris Rauf,Powerplay,194,264,13,70
BBL,Hasan Ali,Middle,79,107,3,25
BBL,Hassan Khan,Middle,105,138,5,29
BBL,IS Sodhi,Middle,61,59,6,27
BBL,Imad Wasim,Middle,190,227,10,57
BBL,Imad Wasim,Powerplay,133,156,1,55
BBL,Izharulhaq Naveed,Middle,135,166,6,35
BBL,J Botha,Death,185,285,10,41
BBL,J Botha,Middle,727,845,22,224
BBL,J Botha,Powerplay,325,359,9,142
BBL,J Edwards,Death,174,272,17,51
BBL,J Edwards,Middle,268,333,10,85
BBL,J Edwards,Powerplay,249,299,11,119
BBL,J Overton,Death,182,241,14,63
BBL,J Overton,Middle,247,347,16,73
BBL,J Overton,Powerplay,181,226,9,78
BBL,JA Chohan,Middle,76,89,2,18
BBL,JA Davies,Middle,209,227,12,59
BBL,JA Prestwidge,Death,123,182,10,37
BBL,JA Prestwidge,Middle,223,253,5,74
BBL,JA Richardson,Death,504,759,39,159
BBL,JA Richardson,Middle,494,606,36,178
BBL,JA Richardson,Powerplay,863,1036,38,421
BBL,JA Thompson,Middle,68,84,3,22
BBL,JC Archer,Death,227,299,17,74
BBL,JC Archer,Middle,115,127,7,41
BBL,JC Archer,Powerplay,301,376,10,135
BBL,JD Cook,Middle,219,269,12,61
BBL,JD Cook,Powerplay,210,264,9,86
BBL,JD Wildermuth,Death,193,290,16,47
BBL,JD Wildermuth,Middle,539,772,20,140
BBL,JD Wildermuth,Powerplay,458,578,15,200
BBL,JH Kallis,Middle,97,125,3,32
BBL,JH Kallis,Powerplay,84,85,2,45
BBL,JJ Bazley,Death,157,278,13,40
BBL,JJ Bazley,Middle,411,572,14,117
BBL,JJ Bazley,Powerplay,149,181,6,59
BBL,JJ Krejza,Middle,106,143,5,36
BBL,JJS Sangha,Middle,83,118,5,21
BBL,JK Lalor,Death,402,677,26,83
BBL,JK Lalor,Middle,255,340,5,74
BBL,JK Lalor,Powerplay,636,752,33,295
BBL,JK Reed,Powerplay,82,115,2,33
BBL,JL Denly,Middle,67,81,2,16
BBL,JL Pattinson,Death,79,146,7,18
BBL,JL Pattinson,Middle,203,280,7,48
BBL,JL Pattinson,Powerplay,407,523,21,172
BBL,JM Bird,Death,131,186,11,40
BBL,JM Bird,Middle,490,585,16,158
BBL,JM Bird,Powerplay,1140,1390,57,517
BBL,JM Holland,Middle,194,269,8,52
BBL,JM Holland,Powerplay,73,108,1,22
BBL,JM Mennie,Death,81,140,7,16
BBL,JM Mennie,Powerplay,144,260,2,50
BBL,JM Muirhead,Middle,121,148,4,32
BBL,JP Behrendorff,Death,333,528,24,93
BBL,JP Behrendorff,Middle,528,669,37,176
BBL,JP Behrendorff,Powerplay,1647,1756,84,813
BBL,JP Faulkner,Death,259,382,29,78
BBL,JP Faulkner,Middle,432,528,23,148
BBL,JP Faulkner,Powerplay,614,758,28,270
BBL,JR Coleman,Middle,68,68,6,24
BBL,JR Coleman,Powerplay,84,102,3,36
BBL,JR Hazlewood,Death,118,176,14,28
BBL,JR Hazlewood,Middle,129,133,5,53
BBL,JR Hazlewood,Powerplay,168,202,6,71
BBL,JR Hopes,Death,92,128,3,22
BBL,JR Hopes,Middle,319,410,12,85
BBL,JR Hopes,Powerplay,155,140,5,77
BBL,JS Floros,Middle,118,180,3,30
BBL,JS Floros,Powerplay,66,87,0,25
BBL,JS Paris,Death,250,392,17,74
BBL,JS Paris,Middle,312,420,19,103
BBL,JS Paris,Powerplay,474,647,13,204
BBL,JT Ball,Death,79,151,6,17
BBL,JW Hastings,Death,263,392,23,71
BBL,JW Hastings,Middle,274,313,9,106
BBL,JW Hastings,Powerplay,251,317,16,114
BBL,KA Pollard,Middle,150,217,8,33
BBL,KAJ Roach,Powerplay,76,79,1,39
BBL,KW Richardson,Death,932,1452,83,288
BBL,KW Richardson,Middle,510,654,29,178
BBL,KW Richardson,Powerplay,1099,1213,26,500
BBL,L Bowe,Middle,210,289,11,64
BBL,L Gregory,Middle,118,162,6,27
BBL,L Guthrie,Middle,83,133,1,16
BBL,L Pope,Death,175,259,19,58
BBL,L Pope,Middle,723,942,36,198
BBL,L Pope,Powerplay,124,191,7,31
BBL,L Scott,Powerplay,74,103,4,25
BBL,L Wood,Death,150,237,14,43
BBL,L Wood,Middle,114,175,3,30
BBL,L Wood,Powerplay,228,318,11,100
BBL,LA Doran,Middle,132,187,6,32
BBL,LC Hatcher,Death,172,236,13,52
BBL,LC Hatcher,Middle,201,303,7,56
BBL,LC Hatcher,Powerplay,181,225,7,72
BBL,LE Plunkett,Middle,68,86,6,20
BBL,LH Ferguson,Death,62,82,5,19
BBL,LH Ferguson,Powerplay,65,63,3,33
BBL,LJ Wright,Middle,113,152,4,28
BBL,LN O'Connor,Middle,364,449,15,103
BBL,LN O'Connor,Powerplay,60,83,0,17
BBL,LR Morris,Death,143,206,14,49
BBL,LR Morris,Middle,309,405,10,102
BBL,LR Morris,Powerplay,250,326,16,114
BBL,LS Livingstone,Middle,73,106,6,19
BBL,LW Feldman,Middle,163,184,9,68
BBL,LW Feldman,Powerplay,62,78,3,27
BBL,M Beardman,Middle,126,153,7,51
BBL,M Beardman,Powerplay,75,111,2,31
BBL,M Kelly,Death,260,404,24,78
BBL,M Kelly,Middle,267,332,14,80
BBL,M Kelly,Powerplay,344,410,17,149
BBL,M Labuschagne,Middle,153,221,9,48
BBL,M Morkel,Middle,74,97,2,17
BBL,M Muralitharan,Death,67,83,2,20
BBL,M Muralitharan,Middle,294,262,16,97
BBL,MA Beer,Death,133,158,6,42
BBL,MA Beer,Middle,500,584,14,139
BBL,MA Beer,Powerplay,505,519,20,235
BBL,MA Starc,Death,103,149,12,38
BBL,MA Starc,Middle,76,99,5,27
BBL,MA Starc,Powerplay,183,218,13,87
BBL,MC Henriques,Death,118,203,8,24
BBL,MC Henriques,Middle,416,496,12,126
BBL,MG Hogan,Powerplay,102,136,4,39
BBL,MG Johnson,Death,69,87,2,24
BBL,MG Johnson,Middle,153,168,6,57
BBL,MG Johnson,Powerplay,242,218,12,132
BBL,MG Neser,Death,407,626,38,98
BBL,MG Neser,Middle,653,900,24,178
BBL,MG Neser,Powerplay,998,1332,50,437
BBL,MJ McClenaghan,Death,112,183,4,23
BBL,MJ McClenaghan,Powerplay,112,136,5,48
BBL,MJ Owen,Middle,162,251,5,40
BBL,MJ Swepson,Death,275,397,17,68
BBL,MJ Swepson,Middle,1500,1842,60,438
BBL,MJ Swepson,Powerplay,230,294,3,64
BBL,MN Samuels,Death,67,95,4,18
BBL,MP Kuhnemann,Death,212,314,16,58
BBL,MP Kuhnemann,Middle,754,899,28,187
BBL,MP Kuhnemann,Powerplay,287,357,9,88
BBL,MP Stoinis,Death,285,456,23,71
BBL,MP Stoinis,Middle,553,707,28,167
BBL,MP Stoinis,Powerplay,201,276,7,74
BBL,MR Marsh,Death,108,174,8,23
BBL,MR Marsh,Middle,457,673,15,136
BBL,MR Marsh,Powerplay,84,102,2,34
BBL,MT Renshaw,Middle,176,213,7,42
BBL,MT Renshaw,Powerplay,121,154,6,45
BBL,MT Steketee,Death,468,804,44,140
BBL,MT Steketee,Middle,414,607,20,126
BBL,MT Steketee,Powerplay,809,1029,40,350
BBL,MW Short,Death,103,168,5,25
BBL,MW Short,Middle,482,585,19,131
BBL,MW Short,Powerplay,424,514,14,155
BBL,Mohammad Hasnain,Powerplay,88,87,4,42
BBL,Mohammad Nabi,Death,71,78,5,22
BBL,Mohammad Nabi,Middle,374,477,16,106
BBL,Mohammad Nabi,Powerplay,201,243,7,73
BBL,Mujeeb Ur Rahman,Death,140,160,13,52
BBL,Mujeeb Ur Rahman,Middle,643,683,22,241
BBL,Mujeeb Ur Rahman,Powerplay,454,482,17,218
BBL,N McAndrew,Death,346,585,24,92
BBL,N McAndrew,Middle,567,786,21,161
BBL,N McAndrew,Powerplay,530,745,23,225
BBL,NJ Maddinson,Middle,134,164,9,31
BBL,NJ Rimmington,Death,304,443,20,84
BBL,NJ Rimmington,Middle,217,271,7,63
BBL,NJ Rimmington,Powerplay,279,360,10,120
BBL,NLTC Perera,Death,80,142,6,18
BBL,NLTC Perera,Middle,82,104,4,15
BBL,NM Coulter-Nile,Death,404,589,28,107
BBL,NM Coulter-Nile,Middle,689,841,35,221
BBL,NM Coulter-Nile,Powerplay,556,633,27,252
BBL,NM Hauritz,Middle,202,319,7,49
BBL,NM Hauritz,Powerplay,116,131,3,54
BBL,NM Lyon,Death,82,112,7,20
BBL,NM Lyon,Middle,477,561,25,151
BBL,NM Lyon,Powerplay,216,259,11,93
BBL,NP Winter,Powerplay,63,63,2,28
BBL,NT Ellis,Death,793,1173,58,191
BBL,NT Ellis,Middle,627,806,23,194
BBL,NT Ellis,Powerplay,434,513,19,165
BBL,Naved-ul-Hasan,Death,91,111,11,27
BBL,Naved-ul-Hasan,Middle,81,110,3,25
BBL,Nikhil Chaudhary,Middle,195,247,4,49
BBL,Nikhil Chaudhary,Powerplay,73,74,4,29
BBL,Noor Ahmad,Middle,74,97,1,24
BBL,P Hatzoglou,Death,140,225,10,44
BBL,P Hatzoglou,Middle,622,785,28,185
BBL,P Hatzoglou,Powerplay,235,251,3,69
BBL,PG Dooley,Middle,241,304,14,74
BBL,PG Dooley,Powerplay,184,210,6,63
BBL,PI Walter,Death,97,170,9,21
BBL,PI Walter,Middle,203,261,12,61
BBL,PJ Cummins,Death,96,135,8,28
BBL,PJ Cummins,Middle,82,138,2,21
BBL,PJ Cummins,Powerplay,170,242,6,73
BBL,PM Siddle,Death,687,1028,68,206
BBL,PM Siddle,Middle,780,969,34,247
BBL,PM Siddle,Powerplay,724,764,25,337
BBL,Qais Ahmad,Death,72,98,6,22
BBL,Qais Ahmad,Middle,431,552,21,118
BBL,Qais Ahmad,Powerplay,117,135,5,45
BBL,RJ Gleeson,Powerplay,72,126,1,17
BBL,RJW Topley,Death,62,128,9,15
BBL,RJW Topley,Middle,67,99,1,18
BBL,RJW Topley,Powerplay,115,138,4,56
BBL,RM Duffield,Powerplay,91,100,4,43
BBL,RP Meredith,Death,466,714,38,128
BBL,RP Meredith,Middle,678,888,34,211
BBL,RP Meredith,Powerplay,914,1194,45,399
BBL,RS Bopara,Middle,65,78,1,16
BBL,Rashid Khan,Death,311,403,20,106
BBL,Rashid Khan,Middle,967,997,66,360
BBL,Rashid Khan,Powerplay,344,337,12,154
BBL,Rehan Ahmed,Middle,111,147,3,24
BBL,Rishad Hossain,Middle,141,191,11,47
BBL,Rishad Hossain,Powerplay,72,91,2,14
BBL,S Badree,Middle,145,160,2,46
BBL,S Badree,Powerplay,155,151,11,72
BBL,S Lamichhane,Death,116,204,8,28
BBL,S Lamichhane,Middle,704,795,32,230
BBL,S Lamichhane,Powerplay,151,218,8,44
BBL,S Mahmood,Powerplay,69,86,6,37
BBL,SA Abbott,Death,757,1252,66,202
BBL,SA Abbott,Middle,1112,1460,65,358
BBL,SA Abbott,Powerplay,876,1063,54,406
BBL,SCG MacGill,Middle,146,158,7,57
BBL,SCJ Broad,Middle,75,95,4,25
BBL,SCJ Broad,Powerplay,77,103,1,29
BBL,SH Johnson,Death,189,259,15,61
BBL,SH Johnson,Middle,217,262,15,98
BBL,SH Johnson,Powerplay,250,308,11,128
BBL,SJ Coyte,Middle,117,112,3,45
BBL,SJ Coyte,Powerplay,69,70,2,27
BBL,SK Warne,Middle,214,252,5,71
BBL,SL Malinga,Death,91,94,5,32
BBL,SL Malinga,Middle,83,58,6,36
BBL,SL Malinga,Powerplay,88,81,3,45
BBL,SL Rainbird,Death,92,136,7,17
BBL,SL Rainbird,Middle,128,205,3,24
BBL,SL Rainbird,Powerplay,254,347,7,93
BBL,SM Boland,Death,390,658,23,81
BBL,SM Boland,Middle,499,653,26,171
BBL,SM Boland,Powerplay,451,561,23,213
BBL,SNJ O'Keefe,Death,200,261,13,49
BBL,SNJ O'Keefe,Middle,1195,1271,53,382
BBL,SNJ O'Keefe,Powerplay,649,694,33,280
BBL,SP Narine,Death,96,137,11,28
BBL,SP Narine,Middle,118,135,2,40
BBL,SP Narine,Powerplay,81,94,1,37
BBL,SPD Smith,Middle,73,89,2,23
BBL,SR Patel,Middle,90,92,4,23
BBL,SR Patel,Powerplay,61,86,2,21
BBL,SR Watson,Death,105,148,5,30
BBL,SR Watson,Middle,160,223,4,45
BBL,SR Watson,Powerplay,120,140,6,51
BBL,SW Tait,Death,219,323,24,68
BBL,SW Tait,Middle,278,364,11,87
BBL,SW Tait,Powerplay,233,327,7,102
BBL,Shadab Khan,Death,68,79,4,18
BBL,Shadab Khan,Middle,213,302,11,57
BBL,Shadab Khan,Powerplay,92,112,6,33
BBL,Shahid Afridi,Middle,109,138,7,36
BBL,Shakib Al Hasan,Middle,67,60,4,23
BBL,Shoaib Malik,Middle,90,111,3,23
BBL,Shoaib Malik,Powerplay,78,88,4,38
BBL,T Murphy,Middle,228,289,14,68
BBL,T Murphy,Powerplay,139,139,6,54
BBL,T Sangha,Death,114,149,15,37
BBL,T Sangha,Middle,687,854,32,210
BBL,T Sangha,Powerplay,226,246,8,72
BBL,TA Boult,Powerplay,99,114,3,43
BBL,TD Andrews,Middle,249,313,11,80
BBL,TD Andrews,Powerplay,73,104,2,26
BBL,TH David,Middle,147,224,1,19
BBL,TH David,Powerplay,115,136,2,44
BBL,TK Curran,Death,339,513,33,92
BBL,TK Curran,Middle,411,499,20,128
BBL,TK Curran,Powerplay,366,499,19,146
BBL,TL O'Connell,Middle,74,90,4,18
BBL,TLW Cooper,Middle,72,82,3,21
BBL,TLW Cooper,Powerplay,192,253,7,80
BBL,TM Head,Middle,186,220,11,52
BBL,TM Head,Powerplay,142,213,7,46
BBL,TS Mills,Death,129,195,8,42
BBL,TS Mills,Middle,157,202,8,55
BBL,TS Mills,Powerplay,183,241,5,74
BBL,TS Rogers,Death,316,470,25,87
BBL,TS Rogers,Middle,431,659,18,124
BBL,TS Rogers,Powerplay,573,701,33,266
BBL,TT Bresnan,Death,101,153,10,27
BBL,TT Bresnan,Middle,148,186,9,45
BBL,Usama Mir,Middle,193,223,10,61
BBL,Usman Qadir,Death,61,97,3,16
BBL,Usman Qadir,Middle,268,378,10,68
BBL,Usman Shinwari,Powerplay,86,74,4,42
BBL,W Parker,Middle,81,125,0,16
BBL,W Sutherland,Death,210,344,12,65
BBL,W Sutherland,Middle,603,831,21,186
BBL,W Sutherland,Powerplay,350,507,10,125
BBL,WA Agar,Death,423,716,33,110
BBL,WA Agar,Middle,551,689,34,194
BBL,WA Agar,Powerplay,463,711,20,179
BBL,WD Sheridan,Powerplay,96,130,1,45
BBL,WER Somerville,Middle,78,91,2,26
BBL,XC Bartlett,Death,342,557,33,87
BBL,XC Bartlett,Middle,282,431,16,85
BBL,XC Bartlett,Powerplay,624,789,26,279
BBL,XJ Doherty,Death,74,86,9,26
BBL,XJ Doherty,Middle,349,465,11,92
BBL,XJ Doherty,Powerplay,190,243,5,72
BBL,Yasir Arafat,Death,162,228,15,47
BBL,Yasir Arafat,Middle,114,129,6,40
BBL,Yasir Arafat,Powerplay,87,87,5,46
BBL,Yasir Shah,Middle,97,104,4,28
BBL,Yasir Shah,Powerplay,74,81,1,26
BBL,Z Evans,Middle,60,81,6,23
BBL,Zahir Khan,Middle,399,473,12,117
BBL,Zahir Khan,Powerplay,234,293,13,88
BBL,Zaman Khan,Death,65,90,9,18
BBL,Zaman Khan,Middle,77,103,1,16
CPL,A Dananjaya,Middle,111,138,5,41
CPL,A Nortje,Death,79,101,4,22
CPL,A Nortje,Powerplay,102,150,5,44
CPL,A Phillip,Middle,125,172,2,34
CPL,A Phillip,Powerplay,110,162,4,46
CPL,A Zampa,Middle,273,382,13,82
CPL,AD Russell,Death,597,1024,47,163
CPL,AD Russell,Middle,860,1127,36,262
CPL,AD Russell,Powerplay,524,695,26,236
CPL,AJ Hosein,Death,91,137,6,30
CPL,AJ Hosein,Middle,832,899,37,324
CPL,AJ Hosein,Powerplay,964,1065,34,516
CPL,AM Ghazanfar,Powerplay,62,84,4,28
CPL,AP Devcich,Middle,64,84,0,18
CPL,AP Devcich,Powerplay,109,127,3,47
CPL,AR Nedd,Middle,248,279,8,91
CPL,AR Nedd,Powerplay,182,244,11,93
CPL,AR Nurse,Death,75,121,10,28
CPL,AR Nurse,Middle,488,561,11,173
CPL,AR Nurse,Powerplay,137,203,4,64
CPL,AS Joseph,Death,517,835,37,166
CPL,AS Joseph,Middle,502,564,21,198
CPL,AS Joseph,Powerplay,749,967,36,365
CPL,Ali Khan,Death,389,601,20,105
CPL,Ali Khan,Middle,149,222,7,35
CPL,Ali Khan,Powerplay,455,536,25,209
CPL,B Laughlin,Death,73,122,9,21
CPL,B Laughlin,Middle,127,150,5,42
CPL,BCJ Cutting,Death,92,150,4,25
CPL,BCJ Cutting,Middle,122,154,7,41
CPL,BMAJ Mendis,Middle,115,91,11,57
CPL,BW Hilfenhaus,Powerplay,71,110,2,23
CPL,C Bosch,Middle,69,121,3,15
CPL,C Bosch,Powerplay,82,120,2,30
CPL,C Hemraj,Middle,72,72,4,31
CPL,C Hemraj,Powerplay,154,196,7,84
CPL,CD Barnwell,Middle,103,168,4,24
CPL,CH Gayle,Middle,174,199,6,61
CPL,CJ Green,Death,168,216,10,49
CPL,CJ Green,Middle,824,857,29,302
CPL,CJ Green,Powerplay,1092,1164,46,565
CPL,CJ Jordan,Death,115,167,8,33
CPL,CJ Jordan,Middle,62,83,4,19
CPL,CK Holder,Middle,73,104,1,24
CPL,CR Brathwaite,Death,414,647,30,110
CPL,CR Brathwaite,Middle,637,751,24,208
CPL,CR Brathwaite,Powerplay,358,502,8,144
CPL,D Bishoo,Middle,194,217,7,71
CPL,D Jansen,Powerplay,94,107,3,46
CPL,D Pretorius,Death,338,528,27,88
CPL,D Pretorius,Middle,182,210,8,57
CPL,D Pretorius,Powerplay,627,737,33,291
CPL,D Wiese,Death,306,516,25,85
CPL,D Wiese,Middle,370,481,21,118
CPL,D Wiese,Powerplay,185,272,7,66
CPL,DC Drakes,Death,242,442,18,74
CPL,DC Drakes,Middle,324,497,9,82
CPL,DC Drakes,Powerplay,165,233,5,64
CPL,DE Bernard,Powerplay,216,235,10,98
CPL,DE Johnson,Middle,89,119,5,27
CPL,DE Johnson,Powerplay,103,139,8,50
CPL,DJ Bravo,Death,901,1455,73,246
CPL,DJ Bravo,Middle,959,1179,43,296
CPL,DJ Bravo,Powerplay,287,370,13,120
CPL,DJG Sammy,Middle,385,516,18,109
CPL,DJG Sammy,Powerplay,86,109,1,36
CPL,DL Vettori,Middle,175,172,5,66
CPL,DL Vettori,Powerplay,242,225,6,123
CPL,DM Dupavillon,Powerplay,74,85,3,38
CPL,DR Sams,Death,169,229,10,56
CPL,DR Sams,Middle,145,164,12,40
CPL,DR Sams,Powerplay,134,159,7,57
CPL,DR Smith,Middle,129,153,5,42
CPL,DR Smith,Powerplay,99,123,3,44
CPL,DW Steyn,Powerplay,69,66,3,39
CPL,DYA Davis,Middle,140,171,9,38
CPL,E Bosch,Powerplay,102,123,3,41
CPL,E Leie,Middle,65,69,2,30
CPL,FA Allen,Death,99,155,10,37
CPL,FA Allen,Middle,512,647,21,179
CPL,FA Allen,Powerplay,215,291,8,106
CPL,FH Edwards,Death,220,362,11,50
CPL,FH Edwards,Middle,94,150,4,30
CPL,FH Edwards,Powerplay,418,474,19,204
CPL,Fawad Ahmed,Death,103,123,11,44
CPL,Fawad Ahmed,Middle,700,749,37,292
CPL,Fawad Ahmed,Powerplay,129,128,8,66
CPL,G Motie,Death,189,276,20,70
CPL,G Motie,Middle,849,1002,45,298
CPL,G Motie,Powerplay,279,336,12,133
CPL,GB Hogg,Middle,75,103,1,26
CPL,GC Tonge,Powerplay,62,74,3,33
CPL,GC Viljoen,Middle,62,76,2,20
CPL,GE Mathurin,Middle,176,206,7,57
CPL,GE Mathurin,Powerplay,129,146,6,57
CPL,GF Linde,Middle,107,135,5,44
CPL,HF Gurney,Death,91,112,9,40
CPL,HF Gurney,Middle,65,52,1,27
CPL,HR Walsh,Death,62,107,9,28
CPL,HR Walsh,Middle,550,692,26,215
CPL,Hasan Ali,Death,64,98,3,13
CPL,Hassan Khan,Middle,164,216,3,49
CPL,Hassan Khan,Powerplay,84,78,4,44
CPL,Hunain Shah,Death,89,141,8,19
CPL,Hunain Shah,Middle,79,88,2,24
CPL,Hunain Shah,Powerplay,76,78,5,34
CPL,I Khan,Middle,338,334,14,135
CPL,I Khan,Powerplay,84,91,6,48
CPL,I Udana,Death,68,109,4,24
CPL,IS Sodhi,Middle,110,161,4,30
CPL,Imad Wasim,Death,171,289,9,49
CPL,Imad Wasim,Middle,758,711,39,317
CPL,Imad Wasim,Powerplay,596,645,23,281
CPL,Imran Tahir,Death,342,466,24,127
CPL,Imran Tahir,Middle,1559,1622,94,643
CPL,Imran Tahir,Powerplay,433,472,26,217
CPL,Izharulhaq Naveed,Middle,72,108,1,22
CPL,J Bishop,Middle,277,347,13,96
CPL,J Bishop,Powerplay,165,194,5,90
CPL,J Blades,Powerplay,84,130,5,35
CPL,J Botha,Middle,87,98,5,30
CPL,J Royal,Middle,181,240,9,66
CPL,J Royal,Powerplay,168,201,8,87
CPL,J Theron,Death,122,197,11,34
CPL,J Theron,Middle,251,304,9,71
CPL,J Theron,Powerplay,63,82,1,24
CPL,JA Sinclair,Middle,87,98,4,34
CPL,JA Sinclair,Powerplay,104,141,2,50
CPL,JA Warrican,Middle,155,223,5,41
CPL,JB Lintott,Middle,84,99,4,28
CPL,JDS Neesham,Death,90,168,12,30
CPL,JDS Neesham,Middle,177,238,6,62
CPL,JE Taylor,Death,329,565,18,88
CPL,JE Taylor,Middle,182,221,4,57
CPL,JE Taylor,Powerplay,451,535,20,208
CPL,JH Kallis,Powerplay,122,134,5,67
CPL,JJ Pollard,Middle,67,80,1,28
CPL,JL Carter,Middle,130,187,4,30
CPL,JL Jaggesar,Middle,231,295,14,79
CPL,JL Jaggesar,Powerplay,139,158,2,68
CPL,JM James,Death,60,71,3,23
CPL,JM James,Middle,72,83,6,27
CPL,JNT Seales,Death,174,293,15,65
CPL,JNT Seales,Middle,161,253,7,46
CPL,JNT Seales,Powerplay,452,603,10,193
CPL,JO Holder,Death,529,916,45,132
CPL,JO Holder,Middle,659,749,21,238
CPL,JO Holder,Powerplay,1390,1675,55,651
CPL,JPR Scantlebury-Searles,Death,71,129,5,15
CPL,JPR Scantlebury-Searles,Middle,96,160,5,25
CPL,JPR Scantlebury-Searles,Powerplay,103,132,4,49
CPL,JS Louis,Middle,70,76,6,20
CPL,JU Goolie,Middle,110,143,6,40
CPL,K Gaston,Death,93,186,3,18
CPL,K Pierre,Death,93,157,3,28
CPL,K Pierre,Middle,744,850,31,279
CPL,K Pierre,Powerplay,739,799,37,391
CPL,K Santokie,Death,506,758,51,134
CPL,K Santokie,Middle,195,224,10,60
CPL,K Santokie,Powerplay,622,682,23,291
CPL,K Sinclair,Middle,92,114,2,37
CPL,K Sinclair,Powerplay,106,98,5,63
CPL,KA Maharaj,Middle,135,182,6,38
CPL,KA Pollard,Death,360,536,37,105
CPL,KA Pollard,Middle,813,932,24,239
CPL,KAJ Roach,Death,69,118,5,12
CPL,KAJ Roach,Middle,115,134,2,42
CPL,KAJ Roach,Powerplay,174,231,5,75
CPL,KAR Hodge,Middle,64,103,3,15
CPL,KAR Hodge,Powerplay,84,107,1,34
CPL,KHM James,Middle,74,120,1,18
CPL,KJ Cottoy,Middle,73,67,7,27
CPL,KK Cooper,Death,410,644,24,101
CPL,KK Cooper,Middle,426,471,27,144
CPL,KK Cooper,Powerplay,232,292,6,97
CPL,KMA Paul,Death,378,585,22,102
CPL,KMA Paul,Middle,547,691,22,174
CPL,KMA Paul,Powerplay,280,446,14,100
CPL,KOK Williams,Death,487,714,43,143
CPL,KOK Williams,Middle,520,683,24,156
CPL,KOK Williams,Powerplay,361,508,16,143
CPL,KR Mayers,Death,135,249,8,31
CPL,KR Mayers,Middle,180,251,5,50
CPL,KR Mayers,Powerplay,613,713,26,290
CPL,LAS Sebastien,Middle,96,129,1,28
CPL,M Deyal,Middle,172,220,8,56
CPL,M Matthew,Middle,62,67,2,23
CPL,M Morkel,Powerplay,62,64,1,25
CPL,M Muralitharan,Middle,119,97,7,64
CPL,M Pretorius,Death,142,282,9,31
CPL,M Pretorius,Middle,166,191,6,55
CPL,M Pretorius,Powerplay,134,213,7,49
CPL,M Theekshana,Death,93,144,6,28
CPL,M Theekshana,Middle,173,163,9,77
CPL,M Theekshana,Powerplay,260,309,11,134
CPL,M de Lange,Death,63,82,5,17
CPL,M de Lange,Powerplay,123,140,4,61
CPL,MJ McClenaghan,Death,78,151,5,14
CPL,MJ McClenaghan,Middle,82,97,3,31
CPL,MJ McClenaghan,Powerplay,144,219,4,61
CPL,MJ Santner,Powerplay,87,66,3,56
CPL,MM Ali,Middle,244,239,14,114
CPL,MM Ali,Powerplay,103,140,4,55
CPL,MN Samuels,Middle,249,254,10,89
CPL,MN Samuels,Powerplay,91,99,1,46
CPL,MW Forde,Death,126,208,10,29
CPL,MW Forde,Powerplay,427,507,20,211
CPL,Mahmudullah,Middle,126,158,5,47
CPL,Mohammad Amir,Death,327,485,24,99
CPL,Mohammad Amir,Middle,132,155,5,42
CPL,Mohammad Amir,Powerplay,578,549,33,319
CPL,Mohammad Hafeez,Middle,410,407,17,151
CPL,Mohammad Hafeez,Powerplay,306,316,9,159
CPL,Mohammad Irfan,Middle,85,114,2,26
CPL,Mohammad Irfan,Powerplay,142,145,10,80
CPL,Mohammad Nabi,Death,105,116,11,38
CPL,Mohammad Nabi,Middle,368,328,19,153
CPL,Mohammad Nabi,Powerplay,194,209,10,102
CPL,Mohammad Sami,Death,75,133,5,16
CPL,Mohammad Sami,Middle,76,78,4,29
CPL,Mohammad Sami,Powerplay,122,153,3,52
CPL,Mujeeb Ur Rahman,Death,111,147,10,43
CPL,Mujeeb Ur Rahman,Middle,282,271,17,128
CPL,Mujeeb Ur Rahman,Powerplay,229,233,11,121
CPL,N Bidaisee,Middle,152,176,9,59
CPL,N Edward,Death,64,123,6,11
CPL,NA Gordon,Death,84,149,5,22
CPL,NA Gordon,Middle,173,230,8,46
CPL,ND Stewart,Middle,97,158,1,22
CPL,NL McCullum,Middle,83,95,4,26
CPL,NLTC Perera,Death,61,100,5,18
CPL,NLTC Perera,Middle,63,83,1,19
CPL,NO Miller,Middle,449,485,14,157
CPL,NO Miller,Powerplay,114,148,1,49
CPL,NRJ Young,Death,114,189,8,27
CPL,NRJ Young,Middle,210,271,6,70
CPL,Naseem Shah,Death,152,243,10,46
CPL,Naseem Shah,Middle,136,137,8,52
CPL,Naseem Shah,Powerplay,184,233,6,86
CPL,Naveen-ul-Haq,Death,237,361,16,69
CPL,Naveen-ul-Haq,Middle,148,160,7,56
CPL,Naveen-ul-Haq,Powerplay,243,292,7,117
CPL,Noor Ahmad,Middle,175,176,10,85
CPL,Noor Ahmad,Powerplay,67,75,6,39
CPL,O Thomas,Death,260,399,17,77
CPL,O Thomas,Middle,317,430,17,120
CPL,O Thomas,Powerplay,391,567,19,176
CPL,OC McCoy,Death,448,759,35,121
CPL,OC McCoy,Middle,609,735,19,196
CPL,OC McCoy,Powerplay,322,421,16,133
CPL,OF Smith,Death,302,526,25,92
CPL,OF Smith,Middle,605,861,23,183
CPL,OF Smith,Powerplay,112,182,1,40
CPL,P Hatzoglou,Middle,113,111,3,46
CPL,PA van Meekeren,Powerplay,111,127,2,49
CPL,PWH de Silva,Middle,151,168,8,60
CPL,Qais Ahmad,Middle,350,433,17,124
CPL,R Powell,Death,145,245,10,38
CPL,R Powell,Middle,345,564,7,71
CPL,R Rampaul,Death,392,658,29,116
CPL,R Rampaul,Middle,227,246,11,80
CPL,R Rampaul,Powerplay,560,699,32,258
CPL,R Shepherd,Death,452,720,32,137
CPL,R Shepherd,Middle,396,499,19,141
CPL,R Shepherd,Powerplay,555,734,35,253
CPL,RA Lewis,Middle,88,103,5,30
CPL,RA Reifer,Death,272,453,25,73
CPL,RA Reifer,Middle,424,544,20,125
CPL,RA Reifer,Powerplay,150,203,9,68
CPL,RE van der Merwe,Middle,85,112,3,26
CPL,RJ Peterson,Middle,129,142,7,57
CPL,RJ Peterson,Powerplay,91,72,6,52
CPL,RL Chase,Death,134,193,8,45
CPL,RL Chase,Middle,855,923,38,316
CPL,RL Chase,Powerplay,383,449,25,198
CPL,RR Beaton,Death,312,497,21,81
CPL,RR Beaton,Middle,217,266,8,69
CPL,RR Beaton,Powerplay,350,433,4,160
CPL,RR Emrit,Death,537,797,43,151
CPL,RR Emrit,Middle,906,1050,33,315
CPL,RR Emrit,Powerplay,260,291,12,124
CPL,RR Simmonds,Death,142,239,10,32
CPL,RR Simmonds,Middle,238,336,7,55
CPL,RR Simmonds,Powerplay,150,192,9,59
CPL,RRS Cornwall,Death,77,148,1,23
CPL,RRS Cornwall,Middle,628,767,30,221
CPL,RRS Cornwall,Powerplay,250,311,15,130
CPL,RS Primus,Death,132,223,8,37
CPL,RS Primus,Middle,243,313,12,78
CPL,Rashid Khan,Death,164,183,12,74
CPL,Rashid Khan,Middle,334,300,9,170
CPL,Rashid Khan,Powerplay,135,161,8,65
CPL,S Badree,Middle,415,424,20,167
CPL,S Badree,Powerplay,509,614,21,253
CPL,S Descarte,Middle,97,120,3,29
CPL,S Joseph,Death,146,176,16,57
CPL,S Joseph,Middle,237,322,8,75
CPL,S Joseph,Powerplay,116,177,3,48
CPL,S Lamichhane,Middle,353,344,22,176
CPL,S Lamichhane,Powerplay,67,58,3,37
CPL,S Prasanna,Middle,98,105,2,37
CPL,S Shillingford,Death,80,152,4,20
CPL,S Shillingford,Middle,378,410,12,138
CPL,S Shillingford,Powerplay,106,109,7,60
CPL,SA Jacobs,Middle,304,359,13,101
CPL,SA Jacobs,Powerplay,180,246,4,75
CPL,SC Kuggeleijn,Death,105,179,9,31
CPL,SC Kuggeleijn,Powerplay,153,167,12,75
CPL,SC van Schalkwyk,Death,67,107,2,15
CPL,SE Rutherford,Middle,81,93,2,21
CPL,SJ Benn,Middle,510,574,16,188
CPL,SJ Benn,Powerplay,116,156,5,62
CPL,SK Springer,Death,267,434,17,65
CPL,SK Springer,Middle,283,348,17,82
CPL,SK Springer,Powerplay,114,196,5,45
CPL,SN Netravalkar,Powerplay,91,128,6,42
CPL,SP Narine,Death,697,786,39,297
CPL,SP Narine,Middle,1586,1319,72,771
CPL,SP Narine,Powerplay,926,793,32,531
CPL,SR Patel,Middle,93,100,3,41
CPL,SR Watson,Death,94,148,7,28
CPL,SR Watson,Middle,100,128,1,26
CPL,SR Watson,Powerplay,63,88,3,29
CPL,SS Cottrell,Death,402,638,27,113
CPL,SS Cottrell,Middle,281,341,14,92
CPL,SS Cottrell,Powerplay,944,1051,44,471
CPL,ST Gabriel,Middle,141,167,7,48
CPL,ST Gabriel,Powerplay,236,295,9,111
CPL,Salman Irshad,Death,96,122,8,32
CPL,Salman Irshad,Middle,107,136,2,31
CPL,Salman Irshad,Powerplay,77,102,4,33
CPL,Shadab Khan,Middle,307,272,16,137
CPL,Shahid Afridi,Middle,176,221,6,69
CPL,Shakib Al Hasan,Death,108,162,13,40
CPL,Shakib Al Hasan,Middle,419,454,22,161
CPL,Shakib Al Hasan,Powerplay,237,288,7,119
CPL,Shoaib Malik,Middle,221,235,9,92
CPL,Shoaib Malik,Powerplay,90,108,4,43
CPL,Sikandar Raza,Middle,164,189,6,55
CPL,Sikandar Raza,Powerplay,61,65,2,32
CPL,Sohail Tanvir,Death,364,555,26,92
CPL,Sohail Tanvir,Middle,143,166,8,52
CPL,Sohail Tanvir,Powerplay,745,720,28,396
CPL,T Hinds,Death,145,267,8,38
CPL,T Hinds,Middle,188,231,10,55
CPL,T Shamsi,Death,165,225,11,61
CPL,T Shamsi,Middle,823,926,50,327
CPL,TL Best,Death,66,93,5,20
CPL,TL Best,Middle,103,124,4,33
CPL,TL Best,Powerplay,100,147,1,47
CPL,TM Dilshan,Middle,67,72,2,23
CPL,Usama Mir,Middle,227,317,8,83
CPL,Usman Tariq,Death,62,91,8,23
CPL,Usman Tariq,Middle,338,353,20,136
CPL,V Permaul,Death,72,100,2,26
CPL,V Permaul,Middle,781,903,22,273
CPL,V Permaul,Powerplay,571,581,23,278
CPL,VD Philander,Death,81,128,6,14
CPL,VD Philander,Powerplay,93,79,3,53
CPL,VO Lawes,Middle,177,285,9,58
CPL,WD Parnell,Death,75,103,7,30
CPL,WD Parnell,Middle,86,117,4,24
CPL,WD Parnell,Powerplay,151,190,5,79
CPL,Wahab Riaz,Death,218,323,8,63
CPL,Wahab Riaz,Middle,172,164,12,74
CPL,Wahab Riaz,Powerplay,261,335,10,111
CPL,Waqar Salamkheil,Death,110,198,10,42
CPL,Waqar Salamkheil,Middle,621,791,31,246
CPL,Y Cariah,Middle,66,111,2,28
CPL,Zahir Khan,Middle,200,225,11,82
CSA T20 Challenge,A Gqamane,Death,163,294,9,34
CSA T20 Challenge,A Gqamane,Middle,356,483,18,102
CSA T20 Challenge,A Gqamane,Powerplay,187,225,10,88
CSA T20 Challenge,A Mgijima,Middle,149,189,8,37
CSA T20 Challenge,A Mnyaka,Middle,86,115,3,20
CSA T20 Challenge,A Myoli,Middle,116,174,1,26
CSA T20 Challenge,A Nortje,Middle,61,57,2,30
CSA T20 Challenge,A Nortje,Powerplay,78,96,1,33
CSA T20 Challenge,A Simelane,Middle,89,135,7,26
CSA T20 Challenge,AC Thomas,Death,177,264,10,35
CSA T20 Challenge,AC Thomas,Powerplay,187,165,9,107
CSA T20 Challenge,ACR Birch,Death,293,432,26,72
CSA T20 Challenge,ACR Birch,Middle,159,196,7,43
CSA T20 Challenge,ACR Birch,Powerplay,632,784,24,279
CSA T20 Challenge,AD Russell,Death,165,237,11,53
CSA T20 Challenge,AD Russell,Powerplay,190,146,14,108
CSA T20 Challenge,AJ Pienaar,Middle,73,98,2,18
CSA T20 Challenge,AJA Gray,Middle,147,172,10,43
CSA T20 Challenge,AK Markram,Middle,91,85,5,36
CSA T20 Challenge,AL Phehlukwayo,Death,173,222,12,47
CSA T20 Challenge,AL Phehlukwayo,Middle,307,383,8,120
CSA T20 Challenge,AL Phehlukwayo,Powerplay,161,222,7,61
CSA T20 Challenge,AM Phangiso,Death,117,148,7,37
CSA T20 Challenge,AM Phangiso,Middle,1559,1587,74,534
CSA T20 Challenge,AM Phangiso,Powerplay,147,145,3,67
CSA T20 Challenge,AN Petersen,Middle,60,56,3,18
CSA T20 Challenge,AR Swanepoel,Death,79,178,5,15
CSA T20 Challenge,AR Swanepoel,Middle,299,391,11,72
CSA T20 Challenge,Azhar Mahmood,Death,102,153,7,18
CSA T20 Challenge,Azhar Mahmood,Middle,81,83,2,29
CSA T20 Challenge,Azhar Mahmood,Powerplay,73,80,2,37
CSA T20 Challenge,B Parsons,Middle,78,91,4,17
CSA T20 Challenge,B Swanepoel,Powerplay,80,117,4,32
CSA T20 Challenge,B Xenxe,Death,72,92,12,24
CSA T20 Challenge,B Xenxe,Middle,108,135,7,31
CSA T20 Challenge,BC Fortuin,Death,91,122,5,27
CSA T20 Challenge,BC Fortuin,Middle,422,443,21,133
CSA T20 Challenge,BC Fortuin,Powerplay,392,393,21,181
CSA T20 Challenge,BD Walters,Death,121,185,6,30
CSA T20 Challenge,BD Walters,Middle,107,130,2,35
CSA T20 Challenge,BD Walters,Powerplay,474,594,16,208
CSA T20 Challenge,BE Hendricks,Death,362,556,17,95
CSA T20 Challenge,BE Hendricks,Middle,116,118,6,46
CSA T20 Challenge,BE Hendricks,Powerplay,626,689,37,300
CSA T20 Challenge,BS Makhanya,Middle,135,181,2,35
CSA T20 Challenge,C Bosch,Death,109,152,5,26
CSA T20 Challenge,C Bosch,Middle,118,147,2,45
CSA T20 Challenge,C Bosch,Powerplay,142,184,5,60
CSA T20 Challenge,C Seleka,Death,60,87,2,15
CSA T20 Challenge,C Seleka,Middle,333,369,16,99
CSA T20 Challenge,CA Ingram,Middle,200,227,7,58
CSA T20 Challenge,CH Morris,Death,377,561,30,114
CSA T20 Challenge,CH Morris,Middle,199,195,14,87
CSA T20 Challenge,CH Morris,Powerplay,622,667,34,324
CSA T20 Challenge,CJ Alexander,Death,99,180,7,31
CSA T20 Challenge,CJ Alexander,Middle,103,114,7,36
CSA T20 Challenge,CJ Alexander,Powerplay,314,403,10,141
CSA T20 Challenge,CJ Dala,Death,390,553,34,116
CSA T20 Challenge,CJ Dala,Middle,372,481,12,109
CSA T20 Challenge,CJ Dala,Powerplay,451,583,19,185
CSA T20 Challenge,CK Langeveldt,Death,112,231,6,19
CSA T20 Challenge,CK Langeveldt,Powerplay,120,111,4,55
CSA T20 Challenge,CN Ackermann,Middle,337,409,9,94
CSA T20 Challenge,CS Delport,Middle,300,370,15,86
CSA T20 Challenge,Codi Yusuf,Middle,139,191,5,36
CSA T20 Challenge,Codi Yusuf,Powerplay,123,147,6,57
CSA T20 Challenge,D Brevis,Death,60,75,2,19
CSA T20 Challenge,D Brevis,Middle,153,189,9,56
CSA T20 Challenge,D Elgar,Middle,235,267,13,61
CSA T20 Challenge,D Ferreira,Middle,69,92,1,16
CSA T20 Challenge,D Jansen,Death,99,135,6,27
CSA T20 Challenge,D Jansen,Middle,87,117,1,25
CSA T20 Challenge,D Jansen,Powerplay,167,218,7,70
CSA T20 Challenge,D Olivier,Middle,66,93,3,20
CSA T20 Challenge,D Olivier,Powerplay,139,151,3,70
CSA T20 Challenge,D Paterson,Death,285,422,26,69
CSA T20 Challenge,D Paterson,Middle,144,214,7,43
CSA T20 Challenge,D Paterson,Powerplay,387,465,14,190
CSA T20 Challenge,D Potgieter,Middle,136,165,7,45
CSA T20 Challenge,D Potgieter,Powerplay,76,104,4,30
CSA T20 Challenge,D Pretorius,Death,150,228,10,29
CSA T20 Challenge,D Pretorius,Middle,507,721,17,138
CSA T20 Challenge,D Pretorius,Powerplay,259,355,7,95
CSA T20 Challenge,D Smit,Middle,195,237,7,55
CSA T20 Challenge,D Wiese,Death,175,259,15,51
CSA T20 Challenge,D Wiese,Middle,266,371,11,77
CSA T20 Challenge,D Wiese,Powerplay,235,246,9,110
CSA T20 Challenge,D du Preez,Death,93,160,7,24
CSA T20 Challenge,D du Preez,Middle,143,186,8,53
CSA T20 Challenge,D du Preez,Powerplay,302,345,7,162
CSA T20 Challenge,DJ Bravo,Death,126,196,7,40
CSA T20 Challenge,DJ Bravo,Middle,119,131,1,37
CSA T20 Challenge,DJ Bravo,Powerplay,69,71,3,35
CSA T20 Challenge,DJG Sammy,Middle,86,110,2,15
CSA T20 Challenge,DL Piedt,Middle,389,449,14,119
CSA T20 Challenge,DM Dupavillon,Death,135,233,5,31
CSA T20 Challenge,DM Dupavillon,Middle,76,110,2,20
CSA T20 Challenge,DM Dupavillon,Powerplay,254,307,14,117
CSA T20 Challenge,DP Nannes,Powerplay,88,110,6,44
CSA T20 Challenge,DW Steyn,Powerplay,68,60,4,36
CSA T20 Challenge,Dayyaan Galiem,Death,63,89,4,25
CSA T20 Challenge,Dayyaan Galiem,Middle,74,79,4,27
CSA T20 Challenge,Dayyaan Galiem,Powerplay,191,222,11,95
CSA T20 Challenge,E Bosch,Death,74,81,8,30
CSA T20 Challenge,E Bosch,Middle,73,86,4,24
CSA T20 Challenge,E Bosch,Powerplay,202,193,8,100
CSA T20 Challenge,E Jones,Death,85,125,6,23
CSA T20 Challenge,E Jones,Middle,190,207,4,68
CSA T20 Challenge,E Leie,Death,100,145,8,24
CSA T20 Challenge,E Leie,Middle,610,710,25,203
CSA T20 Challenge,E O'Reilly,Powerplay,122,137,2,61
CSA T20 Challenge,EL Hawken,Death,101,183,3,21
CSA T20 Challenge,EL Hawken,Powerplay,132,173,3,60
CSA T20 Challenge,ER Links,Middle,186,229,3,59
CSA T20 Challenge,ER Links,Powerplay,79,83,1,39
CSA T20 Challenge,F du Plessis,Middle,76,75,6,39
CSA T20 Challenge,FD Adams,Death,259,367,19,64
CSA T20 Challenge,FD Adams,Middle,214,244,6,53
CSA T20 Challenge,FD Adams,Powerplay,188,249,7,70
CSA T20 Challenge,G Coetzee,Death,123,160,12,44
CSA T20 Challenge,G Coetzee,Middle,130,174,8,36
CSA T20 Challenge,G Coetzee,Powerplay,235,258,10,120
CSA T20 Challenge,G Mahlokwana,Middle,86,101,4,26
CSA T20 Challenge,G Mahlokwana,Powerplay,131,154,5,41
CSA T20 Challenge,GA Stuurman,Powerplay,125,166,6,57
CSA T20 Challenge,GC Viljoen,Death,317,466,26,85
CSA T20 Challenge,GC Viljoen,Middle,291,303,14,107
CSA T20 Challenge,GC Viljoen,Powerplay,621,725,23,294
CSA T20 Challenge,GF Linde,Death,96,134,4,25
CSA T20 Challenge,GF Linde,Middle,947,1156,44,280
CSA T20 Challenge,GF Linde,Powerplay,142,190,3,61
CSA T20 Challenge,GJ Snyman,Middle,195,217,9,67
CSA T20 Challenge,GJ Snyman,Powerplay,68,81,0,23
CSA T20 Challenge,GL van Buuren,Middle,67,74,0,15
CSA T20 Challenge,GM Thomson,Middle,64,78,1,11
CSA T20 Challenge,H Davids,Middle,260,345,8,67
CSA T20 Challenge,I Manack,Middle,293,328,7,92
CSA T20 Challenge,I Manack,Powerplay,244,232,9,111
CSA T20 Challenge,Imran Tahir,Death,109,143,4,33
CSA T20 Challenge,Imran Tahir,Middle,504,653,18,140
CSA T20 Challenge,J Coetzee,Death,60,62,8,18
CSA T20 Challenge,J Coetzee,Middle,80,99,4,24
CSA T20 Challenge,J Dawood,Middle,308,376,19,105
CSA T20 Challenge,J Louw,Middle,104,109,3,43
CSA T20 Challenge,J Symes,Middle,131,155,8,42
CSA T20 Challenge,J Theron,Death,313,399,25,87
CSA T20 Challenge,J Theron,Middle,109,87,3,44
CSA T20 Challenge,J Theron,Powerplay,273,261,8,134
CSA T20 Challenge,J de Klerk,Middle,114,179,2,22
CSA T20 Challenge,JA Morkel,Death,66,134,3,11
CSA T20 Challenge,JA Morkel,Middle,362,375,18,124
CSA T20 Challenge,JA Morkel,Powerplay,318,306,18,169
CSA T20 Challenge,JF Smith,Middle,93,127,7,23
CSA T20 Challenge,JJ van der Wath,Death,138,191,6,32
CSA T20 Challenge,JJ van der Wath,Middle,91,117,4,28
CSA T20 Challenge,JJ van der Wath,Powerplay,284,304,10,142
CSA T20 Challenge,JL Ontong,Middle,137,184,6,35
CSA T20 Challenge,JM Kemp,Middle,210,248,8,66
CSA T20 Challenge,JN Diseko,Powerplay,72,83,3,31
CSA T20 Challenge,JP Duminy,Middle,155,187,4,42
CSA T20 Challenge,JP Duminy,Powerplay,60,75,3,17
CSA T20 Challenge,JT Smuts,Death,163,215,10,41
CSA T20 Challenge,JT Smuts,Middle,1154,1237,45,364
CSA T20 Challenge,JT Smuts,Powerplay,256,272,7,114
CSA T20 Challenge,K Mungroo,Death,118,190,9,30
CSA T20 Challenge,K Mungroo,Middle,96,108,5,27
CSA T20 Challenge,K Mungroo,Powerplay,200,222,8,93
CSA T20 Challenge,K Rabada,Death,106,132,6,30
CSA T20 Challenge,K Rabada,Middle,96,107,4,31
CSA T20 Challenge,K Rabada,Powerplay,166,150,9,91
CSA T20 Challenge,K Zondo,Middle,168,224,7,46
CSA T20 Challenge,KA Maharaj,Death,62,86,1,20
CSA T20 Challenge,KA Maharaj,Middle,727,773,34,250
CSA T20 Challenge,KA Maharaj,Powerplay,262,273,11,133
CSA T20 Challenge,KA Pollard,Death,87,114,10,26
CSA T20 Challenge,KA Pollard,Middle,183,202,6,48
CSA T20 Challenge,KI Simmonds,Middle,158,175,6,51
CSA T20 Challenge,KI Simmonds,Powerplay,62,60,4,32
CSA T20 Challenge,KJ Abbott,Death,226,323,12,53
CSA T20 Challenge,KJ Abbott,Powerplay,268,250,9,143
CSA T20 Challenge,KJ Dudgeon,Powerplay,88,110,3,37
CSA T20 Challenge,KT Maphaka,Powerplay,108,108,7,51
CSA T20 Challenge,L Makhosi,Middle,127,186,5,26
CSA T20 Challenge,L Mbane,Death,159,273,12,38
CSA T20 Challenge,L Mbane,Middle,176,215,6,33
CSA T20 Challenge,L Mbane,Powerplay,68,94,3,30
CSA T20 Challenge,L Ngidi,Death,90,90,8,34
CSA T20 Challenge,L Ngidi,Middle,203,238,17,83
CSA T20 Challenge,L Ngidi,Powerplay,201,261,8,93
CSA T20 Challenge,L Sipamla,Death,96,169,7,24
CSA T20 Challenge,L Sipamla,Middle,92,114,8,30
CSA T20 Challenge,L Sipamla,Powerplay,111,146,7,48
CSA T20 Challenge,LB Williams,Death,142,208,12,34
CSA T20 Challenge,LB Williams,Powerplay,261,288,11,136
CSA T20 Challenge,LL Tsotsobe,Death,81,119,12,24
CSA T20 Challenge,LL Tsotsobe,Powerplay,164,200,2,75
CSA T20 Challenge,LM Zuma,Middle,119,164,5,37
CSA T20 Challenge,LM Zuma,Powerplay,65,116,3,20
CSA T20 Challenge,M Budaza,Death,66,76,6,27
CSA T20 Challenge,M Budaza,Middle,205,242,12,64
CSA T20 Challenge,M Budaza,Powerplay,157,225,7,65
CSA T20 Challenge,M Copeland,Middle,66,89,1,18
CSA T20 Challenge,M Jansen,Death,87,121,5,25
CSA T20 Challenge,M Jansen,Powerplay,125,155,4,53
CSA T20 Challenge,M Morkel,Death,92,88,9,34
CSA T20 Challenge,M Morkel,Powerplay,138,139,6,76
CSA T20 Challenge,M Mpongwana,Death,66,73,8,26
CSA T20 Challenge,M Mpongwana,Middle,134,173,8,41
CSA T20 Challenge,M Mpongwana,Powerplay,61,90,3,28
CSA T20 Challenge,M Nabe,Death,92,115,9,22
CSA T20 Challenge,M Nabe,Middle,275,374,19,69
CSA T20 Challenge,M Nabe,Powerplay,92,160,2,27
CSA T20 Challenge,M Ntini,Powerplay,128,163,7,58
CSA T20 Challenge,M Pretorius,Death,157,276,10,34
CSA T20 Challenge,M Pretorius,Middle,103,125,5,41
CSA T20 Challenge,M Pretorius,Powerplay,280,323,11,138
CSA T20 Challenge,M Shezi,Death,283,480,16,59
CSA T20 Challenge,M Shezi,Middle,161,227,5,36
CSA T20 Challenge,M Shezi,Powerplay,498,536,18,226
CSA T20 Challenge,M de Lange,Death,138,231,12,39
CSA T20 Challenge,M de Lange,Middle,96,109,1,38
CSA T20 Challenge,M de Lange,Powerplay,228,293,9,108
CSA T20 Challenge,MP Siboto,Death,615,892,46,164
CSA T20 Challenge,MP Siboto,Middle,616,733,33,208
CSA T20 Challenge,MP Siboto,Powerplay,448,576,9,183
CSA T20 Challenge,MY Vallie,Middle,78,100,3,19
CSA T20 Challenge,N Boje,Middle,335,388,14,99
CSA T20 Challenge,N Brand,Middle,72,67,5,31
CSA T20 Challenge,N Burger,Powerplay,69,64,6,39
CSA T20 Challenge,N van Heerden,Middle,75,98,1,20
CSA T20 Challenge,NE Mbhalati,Death,111,180,6,21
CSA T20 Challenge,NE Mbhalati,Middle,103,129,3,41
CSA T20 Challenge,NE Mbhalati,Powerplay,299,377,13,138
CSA T20 Challenge,NM Serame,Middle,114,168,5,32
CSA T20 Challenge,O Cele,Death,75,108,5,18
CSA T20 Challenge,O Cele,Middle,61,67,1,26
CSA T20 Challenge,O Cele,Powerplay,95,111,5,45
CSA T20 Challenge,OEG Baartman,Death,210,281,15,56
CSA T20 Challenge,OEG Baartman,Middle,154,178,7,54
CSA T20 Challenge,OEG Baartman,Powerplay,211,231,6,101
CSA T20 Challenge,P Matshikwe,Powerplay,117,149,4,54
CSA T20 Challenge,P Subrayen,Death,164,209,8,48
CSA T20 Challenge,P Subrayen,Middle,879,967,43,304
CSA T20 Challenge,P Subrayen,Powerplay,292,276,9,130
CSA T20 Challenge,PD Collingwood,Middle,84,116,2,28
CSA T20 Challenge,PE Kruger,Death,99,175,5,21
CSA T20 Challenge,PE Kruger,Middle,171,225,9,45
CSA T20 Challenge,PWA Mulder,Death,105,204,8,20
CSA T20 Challenge,PWA Mulder,Middle,184,221,6,57
CSA T20 Challenge,PWA Mulder,Powerplay,158,182,5,60
CSA T20 Challenge,Q Friend,Powerplay,122,111,2,62
CSA T20 Challenge,R Frylinck,Death,386,649,21,75
CSA T20 Challenge,R Frylinck,Middle,268,307,11,80
CSA T20 Challenge,R Frylinck,Powerplay,556,614,28,250
CSA T20 Challenge,R McLaren,Death,153,228,9,38
CSA T20 Challenge,R McLaren,Middle,219,302,9,59
CSA T20 Challenge,R McLaren,Powerplay,382,453,11,174
CSA T20 Challenge,R Meyer,Middle,81,85,4,28
CSA T20 Challenge,RE van der Merwe,Death,114,198,5,28
CSA T20 Challenge,RE van der Merwe,Middle,427,459,21,144
CSA T20 Challenge,RE van der Merwe,Powerplay,184,188,7,94
CSA T20 Challenge,RJ Engelbrecht,Powerplay,99,147,5,49
CSA T20 Challenge,RJ Peterson,Middle,255,283,15,86
CSA T20 Challenge,RK Kleinveldt,Death,154,268,11,36
CSA T20 Challenge,RK Kleinveldt,Middle,155,185,9,54
CSA T20 Challenge,RK Kleinveldt,Powerplay,530,599,19,269
CSA T20 Challenge,RS Bopara,Middle,112,98,1,42
CSA T20 Challenge,S Langa,Middle,88,117,4,25
CSA T20 Challenge,S Muthusamy,Death,62,93,6,16
CSA T20 Challenge,S Muthusamy,Middle,259,259,10,96
CSA T20 Challenge,S Simetu,Middle,239,273,12,78
CSA T20 Challenge,S Simetu,Powerplay,62,58,1,31
CSA T20 Challenge,S von Berg,Middle,686,789,33,181
CSA T20 Challenge,SA Engelbrecht,Middle,124,139,7,36
CSA T20 Challenge,SA Mothoa,Death,125,193,4,32
CSA T20 Challenge,SA Mothoa,Middle,163,183,7,53
CSA T20 Challenge,SA Mothoa,Powerplay,139,137,4,68
CSA T20 Challenge,SC van Schalkwyk,Death,311,445,27,87
CSA T20 Challenge,SC van Schalkwyk,Middle,402,463,11,141
CSA T20 Challenge,SC van Schalkwyk,Powerplay,228,286,9,102
CSA T20 Challenge,SF Mofokeng,Middle,66,72,3,21
CSA T20 Challenge,SP Narine,Death,61,56,5,34
CSA T20 Challenge,SR Harmer,Middle,669,726,22,194
CSA T20 Challenge,SR Harmer,Powerplay,116,121,4,58
CSA T20 Challenge,SR Patel,Middle,110,100,4,39
CSA T20 Challenge,SSB Magala,Death,380,588,26,80
CSA T20 Challenge,SSB Magala,Middle,284,368,13,70
CSA T20 Challenge,SSB Magala,Powerplay,421,511,14,170
CSA T20 Challenge,SSN Nqweni,Middle,81,111,6,20
CSA T20 Challenge,Siyabonga Mahima,Middle,151,185,4,36
CSA T20 Challenge,Siyabonga Mahima,Powerplay,156,174,5,72
CSA T20 Challenge,Sohail Tanvir,Death,155,215,13,40
CSA T20 Challenge,Sohail Tanvir,Powerplay,175,185,4,85
CSA T20 Challenge,T Bokako,Death,61,95,4,14
CSA T20 Challenge,T Bokako,Middle,119,155,5,37
CSA T20 Challenge,T Bokako,Powerplay,91,104,3,44
CSA T20 Challenge,T Ntuli,Middle,196,261,7,54
CSA T20 Challenge,T Shamsi,Death,100,116,12,37
CSA T20 Challenge,T Shamsi,Middle,780,972,37,251
CSA T20 Challenge,T van Vuuren,Death,69,106,0,16
CSA T20 Challenge,T van Vuuren,Powerplay,96,144,2,31
CSA T20 Challenge,TL Moreki,Death,90,151,5,24
CSA T20 Challenge,TL Moreki,Middle,113,163,4,30
CSA T20 Challenge,TL Moreki,Powerplay,132,158,6,60
CSA T20 Challenge,Tsepo Ndwandwa,Middle,163,212,9,45
CSA T20 Challenge,Tsepo Ndwandwa,Powerplay,68,96,2,25
CSA T20 Challenge,VD Philander,Death,134,212,5,27
CSA T20 Challenge,VD Philander,Middle,81,99,2,24
CSA T20 Challenge,VD Philander,Powerplay,392,433,14,191
CSA T20 Challenge,W Bedja,Middle,61,70,4,27
CSA T20 Challenge,WD Parnell,Death,277,453,14,67
CSA T20 Challenge,WD Parnell,Middle,152,154,6,61
CSA T20 Challenge,WD Parnell,Powerplay,430,449,14,218
CSA T20 Challenge,WJ Lubbe,Middle,118,124,6,41
CSA T20 Challenge,WJ Lubbe,Powerplay,82,123,2,30
CSA T20 Challenge,WL Coetsee,Middle,537,654,14,163
CSA T20 Challenge,YA Abdulla,Powerplay,67,66,2,37
CSA T20 Challenge,Z Abrahams,Death,85,123,12,24
CSA T20 Challenge,Z Abrahams,Middle,77,98,5,18
CSA T20 Challenge,Z Abrahams,Powerplay,77,122,4,23
CSA T20 Challenge,Z Pongolo,Death,83,137,3,14
CSA T20 Challenge,Z Pongolo,Middle,92,109,3,25
IPL,A Ashish Reddy,Death,105,169,11,27
IPL,A Ashish Reddy,Middle,159,211,7,50
IPL,A Chandila,Middle,84,100,1,32
IPL,A Chandila,Powerplay,144,139,10,70
IPL,A Kamboj,Death,140,242,14,44
IPL,A Kamboj,Middle,84,130,4,25
IPL,A Kamboj,Powerplay,289,451,13,117
IPL,A Kumble,Death,174,217,17,58
IPL,A Kumble,Middle,700,782,25,252
IPL,A Kumble,Powerplay,109,90,3,64
IPL,A Mishra,Death,543,831,42,167
IPL,A Mishra,Middle,2758,3188,126,952
IPL,A Mishra,Powerplay,143,174,6,66
IPL,A Mithun,Death,85,155,4,23
IPL,A Mithun,Middle,156,217,2,41
IPL,A Mithun,Powerplay,71,105,1,26
IPL,A Nehra,Death,546,794,54,160
IPL,A Nehra,Middle,297,356,12,101
IPL,A Nehra,Powerplay,1131,1387,40,537
IPL,A Nortje,Death,463,756,27,135
IPL,A Nortje,Middle,247,346,12,83
IPL,A Nortje,Powerplay,459,638,22,204
IPL,A Singh,Death,162,272,16,46
IPL,A Singh,Powerplay,276,308,11,125
IPL,A Symonds,Death,85,147,5,22
IPL,A Symonds,Middle,337,437,11,106
IPL,A Symonds,Powerplay,118,110,4,62
IPL,A Zampa,Death,90,166,13,27
IPL,A Zampa,Middle,342,442,16,95
IPL,AA Chavan,Middle,92,143,2,24
IPL,AA Chavan,Powerplay,149,164,3,72
IPL,AB Agarkar,Death,191,311,7,40
IPL,AB Agarkar,Middle,435,568,16,137
IPL,AB Agarkar,Powerplay,194,295,6,77
IPL,AB Dinda,Death,428,767,26,107
IPL,AB Dinda,Middle,306,326,10,112
IPL,AB Dinda,Powerplay,855,1010,33,408
IPL,AB McDonald,Middle,115,148,5,27
IPL,AC Thomas,Death,118,193,4,20
IPL,AC Thomas,Powerplay,185,196,7,98
IPL,AD Mascarenhas,Middle,115,117,5,38
IPL,AD Mascarenhas,Powerplay,168,206,12,80
IPL,AD Mathews,Death,155,225,9,38
IPL,AD Mathews,Middle,523,685,12,136
IPL,AD Mathews,Powerplay,129,185,6,50
IPL,AD Russell,Death,611,1066,51,174
IPL,AD Russell,Middle,847,1259,49,256
IPL,AD Russell,Powerplay,427,584,23,182
IPL,AF Milne,Death,67,110,4,18
IPL,AF Milne,Powerplay,113,181,2,40
IPL,AG Murtaza,Middle,165,216,7,51
IPL,AG Murtaza,Powerplay,79,52,2,47
IPL,AJ Hosein,Middle,78,101,5,19
IPL,AJ Hosein,Powerplay,86,124,3,41
IPL,AJ Tye,Death,305,463,24,77
IPL,AJ Tye,Middle,211,282,7,44
IPL,AJ Tye,Powerplay,198,260,11,87
IPL,AK Markram,Middle,171,269,5,36
IPL,AM Ghazanfar,Middle,140,208,4,30
IPL,AM Ghazanfar,Powerplay,61,108,7,24
IPL,AM Nayar,Middle,227,304,8,65
IPL,AM Salvi,Powerplay,67,79,1,30
IPL,AN Ahmed,Death,102,177,6,24
IPL,AN Ahmed,Middle,117,151,3,33
IPL,AN Ahmed,Powerplay,143,187,3,63
IPL,AR Patel,Death,391,559,22,118
IPL,AR Patel,Middle,2544,3016,96,778
IPL,AR Patel,Powerplay,698,921,21,269
IPL,AS Joseph,Death,138,215,12,38
IPL,AS Joseph,Middle,203,310,7,70
IPL,AS Joseph,Powerplay,113,182,2,54
IPL,AS Rajpoot,Death,110,203,9,18
IPL,AS Rajpoot,Middle,171,222,6,58
IPL,AS Rajpoot,Powerplay,286,419,9,116
IPL,AS Roy,Middle,195,242,10,57
IPL,AS Roy,Powerplay,117,184,2,39
IPL,Abhishek Sharma,Middle,264,370,10,67
IPL,Abhishek Sharma,Powerplay,86,128,0,27
IPL,Akash Deep,Middle,117,212,3,35
IPL,Akash Deep,Powerplay,134,225,5,45
IPL,Akash Madhwal,Death,155,260,9,38
IPL,Akash Madhwal,Middle,142,233,9,30
IPL,Akash Madhwal,Powerplay,79,105,5,37
IPL,Akash Singh,Middle,70,117,4,15
IPL,Akash Singh,Powerplay,174,262,8,75
IPL,Anand Rajan,Middle,72,79,3,20
IPL,Ankit Sharma,Middle,203,252,6,63
IPL,Ankit Sharma,Powerplay,146,152,6,68
IPL,Ankit Soni,Middle,105,138,2,33
IPL,Anureet Singh,Death,137,243,9,35
IPL,Anureet Singh,Middle,127,194,2,29
IPL,Anureet Singh,Powerplay,166,199,7,75
IPL,Arjun Tendulkar,Powerplay,60,57,1,27
IPL,Arshad Khan,Death,105,205,6,26
IPL,Arshad Khan,Middle,89,144,5,34
IPL,Arshad Khan,Powerplay,206,326,7,73
IPL,Arshdeep Singh,Death,723,1132,53,196
IPL,Arshdeep Singh,Middle,381,549,15,99
IPL,Arshdeep Singh,Powerplay,1063,1485,43,419
IPL,Ashwani Kumar,Middle,108,159,8,29
IPL,Auqib Nabi,Powerplay,78,141,0,22
IPL,Avesh Khan,Death,689,1072,44,179
IPL,Avesh Khan,Middle,530,722,27,179
IPL,Avesh Khan,Powerplay,621,981,22,252
IPL,Azhar Mahmood,Death,214,339,17,56
IPL,Azhar Mahmood,Middle,190,205,6,76
IPL,Azhar Mahmood,Powerplay,148,163,6,67
IPL,Azmatullah Omarzai,Death,66,117,4,16
IPL,Azmatullah Omarzai,Middle,103,143,7,28
IPL,Azmatullah Omarzai,Powerplay,200,319,4,74
IPL,B Akhil,Middle,136,141,4,47
IPL,B Kumar,Death,1683,2543,118,419
IPL,B Kumar,Middle,463,650,11,121
IPL,B Kumar,Powerplay,2623,2852,97,1357
IPL,B Laughlin,Death,78,140,5,18
IPL,B Laughlin,Middle,64,83,2,15
IPL,B Lee,Death,328,465,10,92
IPL,B Lee,Middle,82,81,4,31
IPL,B Lee,Powerplay,506,580,11,251
IPL,B Stanlake,Powerplay,89,111,2,41
IPL,BA Bhatt,Death,65,98,2,15
IPL,BA Bhatt,Middle,141,194,6,37
IPL,BA Bhatt,Powerplay,97,116,4,41
IPL,BA Stokes,Death,218,345,14,56
IPL,BA Stokes,Middle,314,388,6,94
IPL,BA Stokes,Powerplay,191,290,8,78
IPL,BAW Mendis,Middle,135,161,4,37
IPL,BB Sran,Death,96,141,7,20
IPL,BB Sran,Middle,178,269,6,50
IPL,BB Sran,Powerplay,242,357,5,98
IPL,BCJ Cutting,Death,78,147,2,14
IPL,BCJ Cutting,Middle,166,215,8,53
IPL,BE Hendricks,Powerplay,64,108,1,21
IPL,BJ Hodge,Middle,183,231,14,53
IPL,BW Hilfenhaus,Death,101,183,7,28
IPL,BW Hilfenhaus,Powerplay,252,260,12,133
IPL,Basil Thampi,Death,180,336,13,35
IPL,Basil Thampi,Middle,192,269,7,52
IPL,Basil Thampi,Powerplay,167,257,2,65
IPL,Bipul Sharma,Middle,325,418,11,86
IPL,Bipul Sharma,Powerplay,75,77,5,37
IPL,Brijesh Sharma,Death,103,164,8,34
IPL,Brijesh Sharma,Middle,115,157,5,25
IPL,Brijesh Sharma,Powerplay,79,131,1,25
IPL,C Bosch,Middle,101,137,6,38
IPL,C Green,Death,113,220,5,30
IPL,C Green,Middle,321,430,13,101
IPL,C Green,Powerplay,169,266,5,61
IPL,C Sakariya,Death,145,237,8,28
IPL,C Sakariya,Middle,128,185,6,30
IPL,C Sakariya,Powerplay,206,227,6,88
IPL,C de Grandhomme,Middle,202,280,6,50
IPL,CH Gayle,Death,161,234,9,46
IPL,CH Gayle,Middle,295,352,6,84
IPL,CH Gayle,Powerplay,128,169,3,50
IPL,CH Morris,Death,672,959,58,183
IPL,CH Morris,Middle,412,518,16,150
IPL,CH Morris,Powerplay,710,885,21,333
IPL,CJ Anderson,Death,99,201,5,19
IPL,CJ Anderson,Middle,142,203,4,29
IPL,CJ Anderson,Powerplay,74,121,2,31
IPL,CJ Jordan,Death,296,542,15,70
IPL,CJ Jordan,Middle,262,326,12,76
IPL,CJ Jordan,Powerplay,151,232,3,59
IPL,CK Langeveldt,Powerplay,90,99,6,47
IPL,CR Brathwaite,Middle,185,259,7,47
IPL,CR Woakes,Death,169,290,16,46
IPL,CR Woakes,Middle,125,135,8,46
IPL,CR Woakes,Powerplay,169,249,6,69
IPL,CRD Fernando,Death,90,132,5,24
IPL,CRD Fernando,Middle,77,84,5,36
IPL,CRD Fernando,Powerplay,82,90,7,39
IPL,CV Varun,Death,336,487,19,116
IPL,CV Varun,Middle,1456,1790,77,501
IPL,CV Varun,Powerplay,395,518,15,156
IPL,D Pretorius,Death,81,149,2,21
IPL,D Pretorius,Middle,85,93,4,21
IPL,D Wiese,Death,65,108,7,16
IPL,D Wiese,Middle,167,252,3,33
IPL,D Wiese,Powerplay,75,87,6,33
IPL,DE Bollinger,Death,242,297,23,88
IPL,DE Bollinger,Powerplay,339,404,11,158
IPL,DJ Bravo,Death,1463,2198,115,398
IPL,DJ Bravo,Middle,1590,1934,58,488
IPL,DJ Bravo,Powerplay,243,304,10,112
IPL,DJ Hooda,Middle,274,359,7,64
IPL,DJ Hooda,Powerplay,74,96,2,29
IPL,DJ Hussey,Middle,230,310,6,62
IPL,DJ Muthuswami,Powerplay,72,99,3,35
IPL,DJ Willey,Powerplay,139,155,3,60
IPL,DJG Sammy,Middle,165,208,9,58
IPL,DL Chahar,Death,218,348,16,53
IPL,DL Chahar,Middle,277,363,8,74
IPL,DL Chahar,Powerplay,1676,2179,72,744
IPL,DL Vettori,Death,166,223,7,49
IPL,DL Vettori,Middle,528,573,19,182
IPL,DL Vettori,Powerplay,91,98,2,39
IPL,DP Nannes,Death,218,313,13,70
IPL,DP Nannes,Middle,103,125,0,31
IPL,DP Nannes,Powerplay,368,377,15,184
IPL,DP Vijaykumar,Powerplay,104,126,3,53
IPL,DR Sams,Death,70,151,1,15
IPL,DR Sams,Middle,127,163,5,39
IPL,DR Sams,Powerplay,192,214,8,88
IPL,DR Smith,Death,75,158,6,17
IPL,DR Smith,Middle,415,544,15,127
IPL,DR Smith,Powerplay,67,123,5,24
IPL,DS Kulkarni,Death,381,596,22,103
IPL,DS Kulkarni,Middle,451,626,20,140
IPL,DS Kulkarni,Powerplay,1044,1291,44,499
IPL,DS Rathi,Death,90,149,5,21
IPL,DS Rathi,Middle,328,468,10,85
IPL,DS Rathi,Powerplay,143,217,4,43
IPL,DT Christian,Death,219,380,12,51
IPL,DT Christian,Middle,509,582,18,165
IPL,DT Christian,Powerplay,194,256,8,80
IPL,DW Steyn,Death,662,895,50,218
IPL,DW Steyn,Middle,425,459,13,177
IPL,DW Steyn,Powerplay,1189,1214,34,624
IPL,E Malinga,Death,164,264,15,51
IPL,E Malinga,Middle,200,255,13,63
IPL,E Malinga,Powerplay,152,235,5,53
IPL,FA Allen,Middle,72,104,1,17
IPL,FH Edwards,Powerplay,82,61,3,50
IPL,Fazalhaq Farooqi,Middle,76,119,2,19
IPL,Fazalhaq Farooqi,Powerplay,138,197,3,55
IPL,G Coetzee,Death,106,183,7,28
IPL,G Coetzee,Middle,113,187,5,32
IPL,G Coetzee,Powerplay,73,120,3,30
IPL,GB Hogg,Death,93,121,7,36
IPL,GB Hogg,Middle,324,410,12,98
IPL,GC Viljoen,Middle,64,82,3,20
IPL,GD McGrath,Death,79,120,3,17
IPL,GD McGrath,Powerplay,226,218,8,127
IPL,GHS Garton,Powerplay,66,108,1,18
IPL,GJ Maxwell,Death,64,95,3,12
IPL,GJ Maxwell,Middle,715,948,27,218
IPL,GJ Maxwell,Powerplay,268,379,11,98
IPL,Gurjapneet Singh,Middle,101,147,2,31
IPL,Gurkeerat Singh,Middle,70,78,5,23
IPL,HF Gurney,Powerplay,70,66,2,28
IPL,HH Pandya,Death,344,648,32,96
IPL,HH Pandya,Middle,1071,1442,37,312
IPL,HH Pandya,Powerplay,450,712,13,176
IPL,HR Shokeen,Middle,152,229,2,45
IPL,HV Patel,Death,926,1465,81,264
IPL,HV Patel,Middle,1315,1720,56,392
IPL,HV Patel,Powerplay,413,616,14,151
IPL,Harbhajan Singh,Death,282,382,26,91
IPL,Harbhajan Singh,Middle,2426,2791,94,792
IPL,Harbhajan Singh,Powerplay,788,928,30,380
IPL,Harmeet Singh,Death,135,178,10,46
IPL,Harmeet Singh,Middle,336,422,11,107
IPL,Harmeet Singh,Powerplay,103,147,6,48
IPL,Harpreet Brar,Middle,659,803,31,217
IPL,Harpreet Brar,Powerplay,159,255,3,58
IPL,Harsh Dubey,Middle,114,190,7,30
IPL,Harshit Rana,Death,166,257,14,53
IPL,Harshit Rana,Middle,205,309,10,62
IPL,Harshit Rana,Powerplay,308,481,16,132
IPL,I Sharma,Death,499,871,22,114
IPL,I Sharma,Middle,456,652,17,127
IPL,I Sharma,Powerplay,1591,1942,57,758
IPL,I Udana,Death,63,95,3,12
IPL,I Udana,Middle,62,87,3,17
IPL,IC Pandey,Middle,162,230,5,53
IPL,IC Pandey,Powerplay,269,312,11,151
IPL,IK Pathan,Death,505,776,28,116
IPL,IK Pathan,Middle,650,831,24,212
IPL,IK Pathan,Powerplay,958,1104,28,507
IPL,IS Sodhi,Middle,163,179,7,52
IPL,Imran Tahir,Death,326,493,25,88
IPL,Imran Tahir,Middle,959,1151,54,335
IPL,Iqbal Abdulla,Death,124,174,6,39
IPL,Iqbal Abdulla,Middle,539,658,20,161
IPL,Iqbal Abdulla,Powerplay,280,293,14,131
IPL,J Botha,Death,108,138,8,35
IPL,J Botha,Middle,405,425,13,142
IPL,J Botha,Powerplay,196,255,4,77
IPL,J Little,Middle,99,129,8,35
IPL,J Little,Powerplay,80,122,3,34
IPL,J Overton,Death,70,112,5,21
IPL,J Overton,Middle,112,150,9,37
IPL,J Suchith,Middle,347,473,15,105
IPL,J Suchith,Powerplay,75,104,3,31
IPL,J Syed Mohammad,Middle,160,239,6,31
IPL,J Theron,Death,107,152,5,20
IPL,J Theron,Powerplay,64,93,1,25
IPL,J Yadav,Middle,214,220,4,80
IPL,J Yadav,Powerplay,165,205,3,65
IPL,JA Duffy,Powerplay,84,159,6,34
IPL,JA Morkel,Death,338,512,31,84
IPL,JA Morkel,Middle,522,597,20,176
IPL,JA Morkel,Powerplay,947,1300,34,386
IPL,JC Archer,Death,584,945,32,157
IPL,JC Archer,Middle,285,328,15,115
IPL,JC Archer,Powerplay,789,948,37,405
IPL,JD Ryder,Middle,209,251,7,70
IPL,JD Unadkat,Death,696,1229,56,180
IPL,JD Unadkat,Middle,853,1176,30,226
IPL,JD Unadkat,Powerplay,869,1136,28,351
IPL,JDP Oram,Death,76,111,5,21
IPL,JDP Oram,Powerplay,113,173,3,41
IPL,JDS Neesham,Middle,173,235,7,46
IPL,JEC Franklin,Middle,119,163,5,30
IPL,JH Kallis,Death,371,617,24,89
IPL,JH Kallis,Middle,893,1091,23,281
IPL,JH Kallis,Powerplay,535,640,18,231
IPL,JJ Bumrah,Death,1481,1991,102,444
IPL,JJ Bumrah,Middle,970,1059,45,371
IPL,JJ Bumrah,Powerplay,1317,1502,40,637
IPL,JL Pattinson,Middle,75,112,3,20
IPL,JL Pattinson,Powerplay,107,149,4,43
IPL,JO Holder,Death,357,545,33,88
IPL,JO Holder,Middle,552,697,28,174
IPL,JO Holder,Powerplay,376,539,9,151
IPL,JP Behrendorff,Death,64,127,5,18
IPL,JP Behrendorff,Middle,70,99,3,18
IPL,JP Behrendorff,Powerplay,245,337,11,103
IPL,JP Duminy,Middle,478,553,17,151
IPL,JP Duminy,Powerplay,166,207,3,69
IPL,JP Faulkner,Death,493,802,32,115
IPL,JP Faulkner,Middle,412,551,13,128
IPL,JP Faulkner,Powerplay,371,474,14,154
IPL,JR Hazlewood,Death,347,571,27,100
IPL,JR Hazlewood,Middle,215,284,14,73
IPL,JR Hazlewood,Powerplay,652,870,31,321
IPL,JR Hopes,Death,113,216,6,19
IPL,JR Hopes,Middle,238,320,7,77
IPL,Joginder Sharma,Middle,189,267,10,49
IPL,K Goel,Middle,67,94,0,19
IPL,K Gowtham,Middle,300,381,11,94
IPL,K Gowtham,Powerplay,275,393,10,106
IPL,K Kartikeya,Middle,258,347,11,76
IPL,K Khejroliya,Middle,99,150,3,25
IPL,K Rabada,Death,726,1139,69,229
IPL,K Rabada,Middle,546,686,28,201
IPL,K Rabada,Powerplay,1114,1613,51,472
IPL,KA Jamieson,Death,67,138,3,12
IPL,KA Jamieson,Powerplay,194,296,8,78
IPL,KA Pollard,Death,365,613,26,88
IPL,KA Pollard,Middle,1182,1526,42,305
IPL,KC Cariappa,Middle,168,260,6,43
IPL,KH Pandya,Death,225,315,18,76
IPL,KH Pandya,Middle,1987,2392,72,553
IPL,KH Pandya,Powerplay,567,744,17,216
IPL,KK Ahmed,Death,450,769,37,128
IPL,KK Ahmed,Middle,274,372,16,87
IPL,KK Ahmed,Powerplay,1017,1380,38,468
IPL,KK Cooper,Death,274,402,17,72
IPL,KK Cooper,Middle,226,272,12,69
IPL,KK Cooper,Powerplay,100,115,4,43
IPL,KL Nagarkoti,Middle,123,184,4,26
IPL,KM Asif,Middle,71,96,4,20
IPL,KMA Paul,Middle,119,145,5,34
IPL,KMDN Kulasekara,Powerplay,71,82,3,35
IPL,KP Appanna,Middle,189,237,9,60
IPL,KP Pietersen,Middle,136,159,4,36
IPL,KR Sen,Death,65,138,4,18
IPL,KR Sen,Middle,146,192,8,51
IPL,KV Sharma,Death,125,217,10,36
IPL,KV Sharma,Middle,1326,1855,67,410
IPL,KV Sharma,Powerplay,160,191,6,61
IPL,KW Richardson,Death,115,206,9,28
IPL,KW Richardson,Powerplay,174,196,9,87
IPL,Kamran Khan,Powerplay,84,118,4,40
IPL,Karanveer Singh,Middle,175,244,8,49
IPL,Kartik Tyagi,Death,256,437,16,72
IPL,Kartik Tyagi,Middle,282,387,8,96
IPL,Kartik Tyagi,Powerplay,237,400,9,87
IPL,Kuldeep Yadav,Death,387,544,30,116
IPL,Kuldeep Yadav,Middle,1885,2557,82,549
IPL,Kuldeep Yadav,Powerplay,64,88,0,19
IPL,L Balaji,Death,523,877,33,110
IPL,L Balaji,Middle,580,668,28,198
IPL,L Balaji,Powerplay,471,538,15,229
IPL,L Ngidi,Death,265,388,22,80
IPL,L Ngidi,Middle,129,169,7,41
IPL,L Ngidi,Powerplay,251,326,13,117
IPL,LE Plunkett,Middle,61,85,1,19
IPL,LH Ferguson,Death,358,616,17,94
IPL,LH Ferguson,Middle,479,619,18,174
IPL,LH Ferguson,Powerplay,308,462,17,126
IPL,LR Shukla,Death,82,123,9,26
IPL,LR Shukla,Middle,217,284,6,76
IPL,LS Livingstone,Middle,277,426,11,62
IPL,Lalit Yadav,Middle,168,229,7,43
IPL,Lalit Yadav,Powerplay,98,155,2,32
IPL,M Ashwin,Death,131,190,7,38
IPL,M Ashwin,Middle,673,852,26,203
IPL,M Ashwin,Powerplay,94,140,2,42
IPL,M Jansen,Death,185,334,13,41
IPL,M Jansen,Middle,356,546,13,90
IPL,M Jansen,Powerplay,540,792,19,230
IPL,M Kartik,Death,155,207,6,29
IPL,M Kartik,Middle,843,997,18,268
IPL,M Kartik,Powerplay,184,214,7,85
IPL,M Markande,Death,100,179,3,31
IPL,M Markande,Middle,668,978,34,184
IPL,M Morkel,Death,402,603,31,112
IPL,M Morkel,Middle,339,426,10,118
IPL,M Morkel,Powerplay,958,1107,36,478
IPL,M Muralitharan,Death,284,380,22,103
IPL,M Muralitharan,Middle,1143,1224,39,422
IPL,M Muralitharan,Powerplay,150,151,2,73
IPL,M Ntini,Powerplay,158,182,5,80
IPL,M Pathirana,Death,444,637,33,126
IPL,M Pathirana,Middle,343,410,14,110
IPL,M Prasidh Krishna,Death,607,1009,42,184
IPL,M Prasidh Krishna,Middle,578,771,31,208
IPL,M Prasidh Krishna,Powerplay,646,865,17,295
IPL,M Siddharth,Middle,91,146,4,18
IPL,M Siddharth,Powerplay,77,96,2,34
IPL,M Theekshana,Death,166,238,12,48
IPL,M Theekshana,Middle,416,536,14,111
IPL,M Theekshana,Powerplay,320,452,10,101
IPL,M Tiwari,Middle,62,83,2,15
IPL,M de Lange,Powerplay,65,82,2,28
IPL,MA Starc,Death,375,552,37,113
IPL,MA Starc,Middle,170,215,13,56
IPL,MA Starc,Powerplay,713,1035,26,299
IPL,MC Henriques,Death,103,159,5,27
IPL,MC Henriques,Middle,666,863,28,191
IPL,MC Henriques,Powerplay,210,280,9,88
IPL,MF Maharoof,Death,105,155,10,29
IPL,MF Maharoof,Middle,160,165,9,57
IPL,MF Maharoof,Powerplay,176,212,8,79
IPL,MG Johnson,Death,318,487,29,108
IPL,MG Johnson,Middle,326,421,7,122
IPL,MG Johnson,Powerplay,653,826,25,303
IPL,MJ Clarke,Middle,60,63,2,21
IPL,MJ Henry,Powerplay,115,208,2,32
IPL,MJ McClenaghan,Death,400,603,32,109
IPL,MJ McClenaghan,Middle,262,369,8,92
IPL,MJ McClenaghan,Powerplay,684,867,31,306
IPL,MJ Santner,Middle,488,563,22,158
IPL,MJ Santner,Powerplay,159,225,3,69
IPL,MK Lomror,Middle,82,116,0,15
IPL,MM Ali,Middle,716,875,34,228
IPL,MM Ali,Powerplay,96,89,5,47
IPL,MM Patel,Death,314,542,23,86
IPL,MM Patel,Middle,398,407,22,156
IPL,MM Patel,Powerplay,670,784,29,348
IPL,MM Sharma,Death,840,1393,63,205
IPL,MM Sharma,Middle,757,976,35,221
IPL,MM Sharma,Powerplay,874,1168,36,387
IPL,MN Samuels,Middle,86,116,2,27
IPL,MN Samuels,Powerplay,80,81,2,38
IPL,MP Stoinis,Death,183,390,15,40
IPL,MP Stoinis,Middle,624,931,22,159
IPL,MP Stoinis,Powerplay,168,254,9,50
IPL,MP Yadav,Middle,135,221,4,52
IPL,MR Marsh,Death,129,224,12,35
IPL,MR Marsh,Middle,355,424,19,99
IPL,MR Marsh,Powerplay,109,155,6,47
IPL,MS Gony,Death,124,213,7,35
IPL,MS Gony,Middle,296,382,12,98
IPL,MS Gony,Powerplay,505,722,18,215
IPL,Mayank Dagar,Middle,109,154,2,34
IPL,Mohammad Asif,Death,63,106,4,11
IPL,Mohammad Asif,Powerplay,94,147,3,39
IPL,Mohammad Hafeez,Middle,63,71,2,22
IPL,Mohammad Nabi,Middle,230,313,6,65
IPL,Mohammad Nabi,Powerplay,168,179,7,76
IPL,Mohammed Shami,Death,758,1335,68,190
IPL,Mohammed Shami,Middle,548,772,17,158
IPL,Mohammed Shami,Powerplay,1720,2187,60,816
IPL,Mohammed Siraj,Death,810,1311,47,228
IPL,Mohammed Siraj,Middle,496,619,21,175
IPL,Mohammed Siraj,Powerplay,1528,2074,60,708
IPL,Mohsin Khan,Death,174,281,12,52
IPL,Mohsin Khan,Middle,176,222,11,61
IPL,Mohsin Khan,Powerplay,328,430,15,159
IPL,Mujeeb Ur Rahman,Death,77,142,5,24
IPL,Mujeeb Ur Rahman,Middle,240,302,10,68
IPL,Mujeeb Ur Rahman,Powerplay,148,182,5,59
IPL,Mukesh Choudhary,Death,90,170,4,17
IPL,Mukesh Choudhary,Middle,77,106,4,25
IPL,Mukesh Choudhary,Powerplay,345,504,17,156
IPL,Mukesh Kumar,Death,304,601,19,66
IPL,Mukesh Kumar,Middle,191,284,12,55
IPL,Mukesh Kumar,Powerplay,384,590,11,149
IPL,Mustafizur Rahman,Death,606,892,35,183
IPL,Mustafizur Rahman,Middle,337,426,16,107
IPL,Mustafizur Rahman,Powerplay,476,561,14,197
IPL,N Burger,Death,69,86,6,28
IPL,N Burger,Middle,86,148,4,24
IPL,N Burger,Powerplay,228,383,11,94
IPL,N Rana,Middle,161,236,8,40
IPL,N Thushara,Death,74,107,2,14
IPL,N Thushara,Powerplay,104,149,7,40
IPL,NLTC Perera,Death,238,439,17,56
IPL,NLTC Perera,Middle,295,369,8,91
IPL,NLTC Perera,Powerplay,182,223,6,80
IPL,NM Coulter-Nile,Death,259,398,22,80
IPL,NM Coulter-Nile,Middle,254,286,11,102
IPL,NM Coulter-Nile,Powerplay,379,441,15,186
IPL,NT Ellis,Death,142,250,9,33
IPL,NT Ellis,Middle,145,182,6,39
IPL,NT Ellis,Powerplay,103,121,4,45
IPL,Navdeep Saini,Death,188,280,11,64
IPL,Navdeep Saini,Middle,215,308,4,78
IPL,Navdeep Saini,Powerplay,292,411,8,133
IPL,Naveen-ul-Haq,Death,174,266,12,47
IPL,Naveen-ul-Haq,Middle,88,104,8,32
IPL,Naveen-ul-Haq,Powerplay,145,232,5,54
IPL,Nithish Kumar Reddy,Middle,209,342,6,49
IPL,Nithish Kumar Reddy,Powerplay,89,144,3,31
IPL,Noor Ahmad,Death,161,217,13,61
IPL,Noor Ahmad,Middle,918,1218,46,274
IPL,Noor Ahmad,Powerplay,62,96,2,23
IPL,OC McCoy,Death,71,97,8,26
IPL,OC McCoy,Middle,97,144,3,18
IPL,P Amarnath,Middle,108,189,6,23
IPL,P Awana,Death,183,313,14,52
IPL,P Awana,Middle,315,370,12,118
IPL,P Awana,Powerplay,276,363,13,123
IPL,P Dubey,Middle,73,101,2,22
IPL,P Kumar,Death,624,1058,36,138
IPL,P Kumar,Middle,371,471,14,125
IPL,P Kumar,Powerplay,1642,1813,40,812
IPL,P Negi,Death,85,152,8,25
IPL,P Negi,Middle,606,738,24,193
IPL,P Parameswaran,Middle,81,97,2,34
IPL,P Sahu,Middle,82,110,3,19
IPL,P Suyal,Powerplay,65,93,1,25
IPL,PC Valthaty,Middle,133,176,5,39
IPL,PD Collingwood,Middle,67,80,2,16
IPL,PJ Cummins,Death,514,849,27,127
IPL,PJ Cummins,Middle,553,703,29,181
IPL,PJ Cummins,Powerplay,816,1194,31,337
IPL,PJ Sangwan,Death,139,222,6,41
IPL,PJ Sangwan,Middle,387,524,19,117
IPL,PJ Sangwan,Powerplay,379,521,13,161
IPL,PP Chawla,Death,452,657,39,150
IPL,PP Chawla,Middle,3000,3946,132,979
IPL,PP Chawla,Powerplay,443,576,21,196
IPL,PP Hinge,Powerplay,70,126,6,32
IPL,PP Ojha,Death,297,458,20,70
IPL,PP Ojha,Middle,1405,1617,63,494
IPL,PP Ojha,Powerplay,243,324,6,103
IPL,PV Tambe,Death,79,143,5,15
IPL,PV Tambe,Middle,515,609,20,158
IPL,PV Tambe,Powerplay,80,114,3,31
IPL,PVD Chameera,Death,111,197,5,32
IPL,PVD Chameera,Middle,93,129,1,25
IPL,PVD Chameera,Powerplay,216,332,7,94
IPL,PWH de Silva,Death,122,170,12,45
IPL,PWH de Silva,Middle,626,865,30,193
IPL,PWH de Silva,Powerplay,60,99,4,26
IPL,Pankaj Singh,Middle,105,167,2,31
IPL,Pankaj Singh,Powerplay,155,195,8,72
IPL,Parvez Rasool,Middle,134,172,3,36
IPL,Parvez Rasool,Powerplay,66,101,1,24
IPL,Prince Yadav,Death,142,252,4,33
IPL,Prince Yadav,Middle,186,241,9,58
IPL,Prince Yadav,Powerplay,146,198,6,65
IPL,R Ashwin,Death,626,834,36,178
IPL,R Ashwin,Middle,2951,3385,101,893
IPL,R Ashwin,Powerplay,1291,1502,50,535
IPL,R Bhatia,Death,236,336,19,61
IPL,R Bhatia,Middle,1413,1698,52,371
IPL,R Dhawan,Death,101,168,4,16
IPL,R Dhawan,Middle,432,533,16,125
IPL,R Dhawan,Powerplay,160,221,5,64
IPL,R McLaren,Death,88,156,5,16
IPL,R McLaren,Middle,126,182,3,33
IPL,R McLaren,Powerplay,158,220,4,67
IPL,R Parag,Middle,307,469,8,65
IPL,R Rampaul,Powerplay,160,152,7,91
IPL,R Sai Kishore,Death,84,145,9,19
IPL,R Sai Kishore,Middle,375,523,23,110
IPL,R Sathish,Middle,117,154,3,28
IPL,R Sharma,Death,156,230,8,45
IPL,R Sharma,Middle,689,769,30,253
IPL,R Sharma,Powerplay,90,101,2,36
IPL,R Shepherd,Death,93,196,6,21
IPL,R Shepherd,Middle,263,486,9,65
IPL,R Tewatia,Middle,808,1047,28,241
IPL,R Vinay Kumar,Death,686,1172,47,166
IPL,R Vinay Kumar,Middle,730,939,28,248
IPL,R Vinay Kumar,Powerplay,763,910,30,349
IPL,RA Jadeja,Death,542,785,30,165
IPL,RA Jadeja,Middle,3640,4541,144,1119
IPL,RA Jadeja,Powerplay,147,199,6,58
IPL,RD Chahar,Death,177,237,14,55
IPL,RD Chahar,Middle,1478,1888,58,490
IPL,RD Chahar,Powerplay,73,95,3,35
IPL,RE van der Merwe,Death,98,133,7,17
IPL,RE van der Merwe,Middle,319,322,11,116
IPL,RG Sharma,Middle,246,322,6,53
IPL,RJ Harris,Death,281,434,25,78
IPL,RJ Harris,Middle,135,171,6,50
IPL,RJ Harris,Powerplay,449,480,14,236
IPL,RJW Topley,Powerplay,61,91,2,27
IPL,RN ten Doeschate,Middle,76,82,2,22
IPL,RP Meredith,Death,144,244,12,44
IPL,RP Meredith,Middle,157,219,5,55
IPL,RP Meredith,Powerplay,114,158,2,48
IPL,RP Singh,Death,556,837,45,146
IPL,RP Singh,Middle,258,343,10,80
IPL,RP Singh,Powerplay,1060,1237,35,518
IPL,RR Powar,Middle,279,332,7,84
IPL,RR Powar,Powerplay,140,171,4,72
IPL,RR Raje,Middle,99,141,5,27
IPL,RS Bopara,Middle,171,231,9,51
IPL,RV Gomez,Middle,85,105,4,32
IPL,Raghu Sharma,Middle,84,116,1,21
IPL,Rashid Khan,Death,639,934,43,216
IPL,Rashid Khan,Middle,2579,2979,121,901
IPL,Rashid Khan,Powerplay,354,457,15,137
IPL,Rasikh Salam,Death,158,257,13,44
IPL,Rasikh Salam,Middle,199,322,11,45
IPL,Rasikh Salam,Powerplay,160,240,5,62
IPL,Ravi Bishnoi,Death,273,420,21,97
IPL,Ravi Bishnoi,Middle,1436,1898,56,444
IPL,Ravi Bishnoi,Powerplay,148,204,6,58
IPL,S Aravind,Death,154,244,15,43
IPL,S Aravind,Middle,192,270,10,60
IPL,S Aravind,Powerplay,442,543,20,187
IPL,S Badree,Middle,97,129,4,30
IPL,S Badree,Powerplay,160,196,7,77
IPL,S Dube,Middle,119,211,3,22
IPL,S Gopal,Middle,830,1144,38,252
IPL,S Gopal,Powerplay,114,151,8,50
IPL,S Kaul,Death,425,622,30,106
IPL,S Kaul,Middle,459,619,16,144
IPL,S Kaul,Powerplay,354,531,12,137
IPL,S Kaushik,Middle,167,204,6,57
IPL,S Ladda,Middle,87,125,1,29
IPL,S Lamichhane,Middle,108,141,7,33
IPL,S Lamichhane,Powerplay,72,104,5,34
IPL,S Nadeem,Death,117,181,6,28
IPL,S Nadeem,Middle,1017,1205,34,312
IPL,S Nadeem,Powerplay,310,414,8,113
IPL,S Narwal,Powerplay,69,106,3,27
IPL,S Randiv,Middle,148,175,3,50
IPL,S Sandeep Warrier,Powerplay,144,212,8,67
IPL,S Sreesanth,Death,141,256,8,36
IPL,S Sreesanth,Middle,182,226,5,73
IPL,S Sreesanth,Powerplay,624,739,27,290
IPL,S Tyagi,Powerplay,174,234,5,77
IPL,SB Bangar,Middle,111,151,2,42
IPL,SB Jakati,Death,131,209,10,38
IPL,SB Jakati,Middle,873,1126,37,263
IPL,SB Jakati,Powerplay,97,139,0,36
IPL,SB Styris,Death,66,115,6,21
IPL,SB Styris,Middle,111,118,1,44
IPL,SB Wagh,Powerplay,92,120,4,44
IPL,SC Ganguly,Middle,249,305,10,68
IPL,SE Bond,Powerplay,92,95,4,42
IPL,SH Johnson,Powerplay,131,222,1,52
IPL,SJ Srivastava,Death,60,88,5,19
IPL,SJ Srivastava,Middle,104,145,4,30
IPL,SJ Srivastava,Powerplay,142,211,5,54
IPL,SK Raina,Death,135,192,6,36
IPL,SK Raina,Middle,729,864,17,222
IPL,SK Raina,Powerplay,66,83,2,22
IPL,SK Trivedi,Death,315,465,20,88
IPL,SK Trivedi,Middle,1106,1281,39,344
IPL,SK Trivedi,Powerplay,136,198,6,60
IPL,SK Warne,Death,223,327,18,70
IPL,SK Warne,Middle,963,1079,38,345
IPL,SL Malinga,Death,1174,1526,108,350
IPL,SL Malinga,Middle,636,750,25,212
IPL,SL Malinga,Powerplay,1164,1210,37,582
IPL,SM Curran,Death,412,747,34,95
IPL,SM Curran,Middle,306,516,14,73
IPL,SM Curran,Powerplay,590,796,11,226
IPL,SM Pollock,Middle,66,86,3,24
IPL,SM Pollock,Powerplay,208,213,8,105
IPL,SMSM Senanayake,Powerplay,129,111,4,56
IPL,SN Thakur,Death,818,1354,55,215
IPL,SN Thakur,Middle,784,1047,35,241
IPL,SN Thakur,Powerplay,753,1153,29,279
IPL,SP Narine,Death,1128,1365,84,413
IPL,SP Narine,Middle,2582,2844,94,903
IPL,SP Narine,Powerplay,1011,1158,29,468
IPL,SR Watson,Death,631,961,42,180
IPL,SR Watson,Middle,634,766,16,206
IPL,SR Watson,Powerplay,872,1015,34,417
IPL,SS Cottrell,Powerplay,92,108,4,48
IPL,ST Jayasuriya,Death,61,87,3,16
IPL,ST Jayasuriya,Middle,234,299,10,65
IPL,STR Binny,Death,61,97,3,10
IPL,STR Binny,Middle,390,472,14,123
IPL,STR Binny,Powerplay,160,194,5,66
IPL,SW Tait,Death,159,216,13,50
IPL,SW Tait,Middle,110,148,3,37
IPL,SW Tait,Powerplay,265,304,7,113
IPL,Sakib Hussain,Death,86,118,7,25
IPL,Sakib Hussain,Middle,120,171,5,34
IPL,Sakib Hussain,Powerplay,68,110,3,27
IPL,Sandeep Sharma,Death,839,1400,63,193
IPL,Sandeep Sharma,Middle,661,858,24,180
IPL,Sandeep Sharma,Powerplay,1791,2088,64,832
IPL,Shahbaz Ahmed,Middle,465,747,18,108
IPL,Shahbaz Ahmed,Powerplay,153,246,2,46
IPL,Shahid Afridi,Middle,123,152,6,38
IPL,Shakib Al Hasan,Death,205,312,13,47
IPL,Shakib Al Hasan,Middle,855,981,32,254
IPL,Shakib Al Hasan,Powerplay,455,571,18,203
IPL,Shashank Singh,Middle,75,98,4,17
IPL,Shivam Mavi,Death,209,352,12,53
IPL,Shivam Mavi,Middle,167,185,9,71
IPL,Shivam Mavi,Powerplay,311,421,9,130
IPL,Shivam Sharma,Middle,90,127,4,32
IPL,Shivang Kumar,Middle,219,328,7,56
IPL,Shoaib Ahmed,Middle,67,75,4,23
IPL,Sikandar Raza,Middle,75,118,3,17
IPL,Simarjeet Singh,Middle,85,132,5,35
IPL,Simarjeet Singh,Powerplay,131,215,5,57
IPL,Sohail Tanvir,Death,107,122,16,38
IPL,Sohail Tanvir,Powerplay,146,145,6,76
IPL,Suyash Sharma,Death,98,147,4,29
IPL,Suyash Sharma,Middle,706,1046,20,213
IPL,Swapnil Singh,Middle,122,179,2,20
IPL,T Natarajan,Death,664,1082,47,167
IPL,T Natarajan,Middle,564,776,11,128
IPL,T Natarajan,Powerplay,403,553,15,170
IPL,T Shamsi,Middle,102,143,2,24
IPL,T Thushara,Powerplay,63,60,3,30
IPL,TA Boult,Death,779,1329,57,191
IPL,TA Boult,Middle,397,576,16,90
IPL,TA Boult,Powerplay,1712,2074,72,854
IPL,TG Southee,Death,368,622,18,83
IPL,TG Southee,Middle,232,289,11,73
IPL,TG Southee,Powerplay,662,863,18,291
IPL,TK Curran,Death,119,233,7,19
IPL,TK Curran,Middle,89,132,5,21
IPL,TL Suman,Middle,121,144,5,36
IPL,TM Dilshan,Middle,206,275,4,59
IPL,TS Mills,Death,67,110,4,20
IPL,TS Mills,Middle,73,133,1,15
IPL,TS Mills,Powerplay,78,106,6,34
IPL,TU Deshpande,Death,407,715,29,102
IPL,TU Deshpande,Middle,247,399,9,48
IPL,TU Deshpande,Powerplay,540,785,17,227
IPL,UT Yadav,Death,777,1312,52,196
IPL,UT Yadav,Middle,901,1204,34,289
IPL,UT Yadav,Powerplay,1506,1911,58,700
IPL,Umran Malik,Death,75,127,6,29
IPL,Umran Malik,Middle,412,563,23,170
IPL,V Kohli,Middle,237,315,3,46
IPL,V Nigam,Middle,205,358,7,47
IPL,V Pratap Singh,Middle,68,89,2,22
IPL,V Pratap Singh,Powerplay,100,140,3,40
IPL,V Puthur,Middle,60,85,6,22
IPL,V Sehwag,Middle,102,139,4,39
IPL,V Shankar,Middle,196,264,7,62
IPL,V Viyaskanth,Middle,60,90,1,16
IPL,VG Arora,Death,249,399,19,65
IPL,VG Arora,Middle,112,198,6,25
IPL,VG Arora,Powerplay,570,828,22,216
IPL,VR Aaron,Death,231,406,15,60
IPL,VR Aaron,Middle,427,552,15,151
IPL,VR Aaron,Powerplay,407,569,14,176
IPL,VRV Singh,Death,111,163,7,28
IPL,VRV Singh,Middle,179,250,4,54
IPL,VRV Singh,Powerplay,81,136,1,32
IPL,VS Malik,Middle,75,99,2,22
IPL,VS Malik,Powerplay,130,157,4,60
IPL,VY Mahesh,Death,64,81,10,29
IPL,VY Mahesh,Middle,213,281,7,61
IPL,VY Mahesh,Powerplay,82,149,4,30
IPL,Vijaykumar Vyshak,Death,134,254,11,38
IPL,Vijaykumar Vyshak,Middle,336,509,13,77
IPL,Vijaykumar Vyshak,Powerplay,80,147,2,27
IPL,WD Parnell,Death,243,337,16,76
IPL,WD Parnell,Middle,122,141,3,44
IPL,WD Parnell,Powerplay,393,490,16,176
IPL,WG Jacks,Middle,128,185,7,37
IPL,WG Jacks,Powerplay,63,111,3,21
IPL,WPUJC Vaas,Powerplay,200,211,15,113
IPL,Washington Sundar,Death,88,148,5,21
IPL,Washington Sundar,Middle,707,836,22,204
IPL,Washington Sundar,Powerplay,391,547,13,160
IPL,XC Bartlett,Death,76,127,2,17
IPL,XC Bartlett,Powerplay,139,254,5,53
IPL,Y Nagar,Middle,66,115,4,14
IPL,Y Venugopal Rao,Middle,156,218,4,37
IPL,YA Abdulla,Death,64,116,6,16
IPL,YA Abdulla,Middle,69,92,2,24
IPL,YA Abdulla,Powerplay,89,103,7,48
IPL,YK Pathan,Death,81,127,3,21
IPL,YK Pathan,Middle,735,914,25,207
IPL,YK Pathan,Powerplay,368,402,14,165
IPL,YS Chahal,Death,704,1078,66,188
IPL,YS Chahal,Middle,3054,3885,149,960
IPL,YS Chahal,Powerplay,409,538,18,171
IPL,Yash Dayal,Death,252,422,16,59
IPL,Yash Dayal,Middle,214,289,9,69
IPL,Yash Dayal,Powerplay,454,701,16,179
IPL,Yash Raj Punja,Middle,162,250,8,41
IPL,Yash Thakur,Death,204,368,14,54
IPL,Yash Thakur,Middle,171,263,5,39
IPL,Yash Thakur,Powerplay,126,206,8,53
IPL,Yudhvir Singh,Powerplay,88,148,6,40
IPL,Yuvraj Singh,Death,114,158,6,31
IPL,Yuvraj Singh,Middle,768,933,30,227
IPL,Z Khan,Death,620,946,37,149
IPL,Z Khan,Middle,310,422,13,87
IPL,Z Khan,Powerplay,1346,1492,52,637
IPL,Zeeshan Ansari,Middle,184,284,6,42
ODI,A Ashok,Middle,85,104,1,30
ODI,A Athanaze,Middle,117,60,3,77
ODI,A Bosch,Middle,146,123,1,69
ODI,A Brindle,Death,111,118,5,48
ODI,A Brindle,Middle,492,318,11,268
ODI,A Canning,Middle,423,320,9,218
ODI,A Canning,Powerplay,461,288,6,300
ODI,A Capsey,Middle,475,377,13,222
ODI,A Codrington,Middle,131,94,5,81
ODI,A Dalzell,Middle,191,191,1,76
ODI,A Dalzell,Powerplay,171,142,5,99
ODI,A Dananjaya,Death,167,177,3,60
ODI,A Dananjaya,Middle,1532,1196,41,782
ODI,A Dananjaya,Powerplay,325,367,11,155
ODI,A Das,Middle,108,63,1,70
ODI,A Dercksen,Middle,276,256,10,120
ODI,A Dercksen,Powerplay,116,103,4,65
ODI,A Dutt,Death,372,456,17,156
ODI,A Dutt,Middle,1909,1341,46,1127
ODI,A Dutt,Powerplay,547,406,10,372
ODI,A Flintoff,Death,723,670,44,324
ODI,A Flintoff,Middle,2715,1830,65,1684
ODI,A Flintoff,Powerplay,456,287,10,304
ODI,A Gardner,Death,593,533,30,268
ODI,A Gardner,Middle,2930,1966,82,1696
ODI,A Gardner,Powerplay,288,218,7,187
ODI,A Hartley,Death,152,128,6,68
ODI,A Hartley,Middle,860,597,17,503
ODI,A Hlubi,Death,75,103,3,22
ODI,A Hlubi,Middle,176,205,4,77
ODI,A Hlubi,Powerplay,243,192,3,157
ODI,A Khaka,Death,864,892,45,341
ODI,A Khaka,Middle,2488,1646,61,1490
ODI,A Khaka,Powerplay,1654,1047,31,1135
ODI,A King,Death,155,147,11,76
ODI,A King,Middle,2068,1449,72,1157
ODI,A Kumble,Death,157,179,2,60
ODI,A Kumble,Middle,1330,978,26,719
ODI,A Martin,Middle,324,221,7,174
ODI,A Martin,Powerplay,73,49,0,46
ODI,A Mazvishaya,Death,104,95,4,41
ODI,A Mazvishaya,Middle,384,288,5,216
ODI,A Mazvishaya,Powerplay,136,93,1,86
ODI,A McGrath,Middle,210,156,3,114
ODI,A Mishra,Death,342,383,20,137
ODI,A Mishra,Middle,1439,1032,41,817
ODI,A Mithun,Middle,100,110,1,44
ODI,A Mithun,Powerplay,69,57,2,44
ODI,A Mohammed,Death,282,283,13,122
ODI,A Mohammed,Middle,1666,1210,35,868
ODI,A Mohammed,Powerplay,67,40,1,45
ODI,A Munisar,Death,88,67,2,52
ODI,A Munisar,Middle,209,157,4,103
ODI,A Nao,Death,195,245,7,66
ODI,A Nao,Middle,320,222,3,176
ODI,A Nao,Powerplay,356,257,8,232
ODI,A Ndlovu,Middle,84,65,0,50
ODI,A Nehra,Death,661,816,32,200
ODI,A Nehra,Middle,1635,1268,41,897
ODI,A Nehra,Powerplay,1449,1279,32,862
ODI,A Neill,Death,74,77,6,35
ODI,A Neill,Middle,241,202,6,138
ODI,A Neill,Powerplay,133,66,2,93
ODI,A Nel,Death,515,606,17,204
ODI,A Nel,Middle,1904,1234,52,1210
ODI,A Nel,Powerplay,522,414,15,333
ODI,A Nortje,Death,176,206,13,64
ODI,A Nortje,Middle,618,564,21,326
ODI,A Nortje,Powerplay,229,234,2,132
ODI,A Phillip,Middle,93,97,1,37
ODI,A Phillip,Powerplay,74,73,1,47
ODI,A Reddy,Death,81,82,2,26
ODI,A Reddy,Middle,337,286,11,159
ODI,A Reddy,Powerplay,146,128,2,88
ODI,A Roy,Middle,143,98,3,85
ODI,A Roy,Powerplay,105,46,2,76
ODI,A Shahzad,Death,123,137,1,47
ODI,A Shahzad,Middle,205,155,7,109
ODI,A Shahzad,Powerplay,231,177,7,145
ODI,A Sharma,Middle,112,104,2,68
ODI,A Sharma,Powerplay,141,50,2,111
ODI,A Shrubsole,Death,492,499,23,197
ODI,A Shrubsole,Middle,876,656,18,497
ODI,A Shrubsole,Powerplay,1862,1079,40,1315
ODI,A Sutherland,Death,310,303,22,124
ODI,A Sutherland,Middle,1269,907,34,738
ODI,A Sutherland,Powerplay,266,216,7,154
ODI,A Symonds,Death,456,443,18,200
ODI,A Symonds,Middle,3020,2502,51,1422
ODI,A Tector,Middle,61,48,2,34
ODI,A Tector,Powerplay,90,108,0,47
ODI,A Vala,Death,153,164,7,59
ODI,A Vala,Middle,1743,1080,38,1010
ODI,A Vala,Powerplay,121,76,1,84
ODI,A Wellington,Middle,510,392,17,273
ODI,A Zampa,Death,908,986,49,381
ODI,A Zampa,Middle,5320,4734,143,2381
ODI,A Zimunu,Death,70,118,1,13
ODI,A Zimunu,Middle,232,208,5,110
ODI,A Zimunu,Powerplay,237,159,4,145
ODI,A van der Merwe,Middle,120,73,1,73
ODI,AA Alleyne,Death,388,417,21,148
ODI,AA Alleyne,Middle,828,705,17,418
ODI,AA Alleyne,Powerplay,398,299,10,240
ODI,AA Donald,Middle,124,99,1,77
ODI,AA Paradkar,Middle,122,122,5,64
ODI,AAP Atkinson,Death,70,89,7,24
ODI,AAP Atkinson,Middle,376,396,5,178
ODI,AAP Atkinson,Powerplay,142,128,4,87
ODI,AB Agarkar,Death,653,781,36,218
ODI,AB Agarkar,Middle,1439,979,30,910
ODI,AB Agarkar,Powerplay,1319,1028,34,835
ODI,AB Dinda,Death,109,153,6,31
ODI,AB Dinda,Middle,298,311,5,134
ODI,AB Dinda,Powerplay,206,154,1,132
ODI,AB Kaur,Death,92,123,5,29
ODI,AB Kaur,Middle,384,370,10,189
ODI,AB Kaur,Powerplay,218,192,4,129
ODI,AB de Villiers,Middle,155,155,6,68
ODI,AC Agar,Death,72,76,0,32
ODI,AC Agar,Middle,954,826,20,416
ODI,AC Agar,Powerplay,81,68,1,45
ODI,AC Botha,Death,90,89,6,34
ODI,AC Botha,Middle,477,313,8,281
ODI,AC Cummins,Powerplay,127,78,3,84
ODI,AC Dawson,Middle,197,167,0,85
ODI,AC Evans,Death,178,215,10,77
ODI,AC Evans,Middle,648,536,21,356
ODI,AC Evans,Powerplay,473,414,5,298
ODI,AC Jayangani,Death,451,529,17,152
ODI,AC Jayangani,Middle,1700,1349,34,857
ODI,AC Jayangani,Powerplay,158,120,3,93
ODI,AC Kerr,Death,569,472,33,263
ODI,AC Kerr,Middle,3831,2952,85,1984
ODI,AC Kerr,Powerplay,108,91,0,57
ODI,AC Voges,Middle,235,229,4,87
ODI,AD Mascarenhas,Death,75,79,3,25
ODI,AD Mascarenhas,Middle,735,552,10,412
ODI,AD Mathews,Death,503,582,19,173
ODI,AD Mathews,Middle,3236,2498,73,1681
ODI,AD Mathews,Powerplay,1466,988,28,970
ODI,AD Nath,Middle,121,135,2,51
ODI,AD Russell,Death,415,600,29,146
ODI,AD Russell,Middle,1436,1193,27,701
ODI,AD Russell,Powerplay,511,442,14,308
ODI,AE Satterthwaite,Death,186,172,7,78
ODI,AE Satterthwaite,Middle,849,652,18,454
ODI,AE Smith,Powerplay,63,25,1,49
ODI,AF Giles,Death,207,195,4,83
ODI,AF Giles,Middle,1513,1023,30,780
ODI,AF Milne,Death,341,379,16,157
ODI,AF Milne,Middle,1292,1152,27,653
ODI,AF Milne,Powerplay,628,492,13,397
ODI,AG Cremer,Death,239,254,10,106
ODI,AG Cremer,Middle,2979,2368,57,1475
ODI,AG Wharf,Death,95,95,3,37
ODI,AG Wharf,Middle,367,257,12,233
ODI,AG Wharf,Powerplay,100,51,2,73
ODI,AGC Vimukthi,Middle,97,88,1,43
ODI,AGC Vimukthi,Powerplay,89,79,3,48
ODI,AH Maqsood,Middle,576,420,23,327
ODI,AI Chudasama,Death,71,46,6,43
ODI,AI Chudasama,Middle,335,232,3,198
ODI,AI Chudasama,Powerplay,103,50,4,80
ODI,AJ Bichel,Death,172,164,10,80
ODI,AJ Bichel,Middle,1012,703,19,593
ODI,AJ Bichel,Powerplay,113,76,2,70
ODI,AJ Burger,Middle,86,90,3,33
ODI,AJ Finch,Middle,283,257,3,119
ODI,AJ Hall,Death,610,590,33,252
ODI,AJ Hall,Middle,1808,1255,39,1074
ODI,AJ Hall,Powerplay,203,144,4,126
ODI,AJ Hosein,Death,187,168,10,93
ODI,AJ Hosein,Middle,1791,1430,45,920
ODI,AJ Hosein,Powerplay,277,194,8,164
ODI,AJ Ireland,Death,134,167,4,39
ODI,AJ Ireland,Middle,247,203,6,146
ODI,AJ Ireland,Powerplay,293,242,5,168
ODI,AJ Kenealy,Powerplay,157,116,2,96
ODI,AJ McKay,Death,139,129,8,72
ODI,AJ McKay,Middle,637,520,14,351
ODI,AJ McKay,Powerplay,197,170,5,122
ODI,AJ Turner,Middle,86,60,2,54
ODI,AJ Tye,Death,105,115,6,38
ODI,AJ Tye,Middle,265,256,6,125
ODI,AK Maguire,Middle,667,664,21,270
ODI,AK Markram,Death,96,87,4,50
ODI,AK Markram,Middle,937,919,12,384
ODI,AK Markram,Powerplay,138,123,2,72
ODI,AL Phehlukwayo,Death,640,742,34,223
ODI,AL Phehlukwayo,Middle,2448,2168,56,1161
ODI,AL Phehlukwayo,Powerplay,101,93,2,53
ODI,AM Bacher,Middle,96,59,2,51
ODI,AM Blignaut,Death,186,207,10,68
ODI,AM Blignaut,Middle,685,535,10,370
ODI,AM Blignaut,Powerplay,565,459,9,334
ODI,AM Ellis,Middle,413,337,9,225
ODI,AM Fernando,Death,164,242,2,42
ODI,AM Fernando,Middle,401,371,12,182
ODI,AM Fernando,Powerplay,599,537,20,357
ODI,AM Guruge,Powerplay,116,80,4,84
ODI,AM Hardie,Middle,291,260,2,151
ODI,AM Hardie,Powerplay,126,112,8,82
ODI,AM Peterson,Death,127,117,6,61
ODI,AM Peterson,Middle,316,197,10,178
ODI,AM Peterson,Powerplay,150,57,2,112
ODI,AM Phangiso,Death,139,149,6,67
ODI,AM Phangiso,Middle,903,654,18,483
ODI,AM Phangiso,Powerplay,61,44,2,43
ODI,AN Davidson-Richards,Middle,132,128,5,66
ODI,AN Kelly,Death,360,378,26,142
ODI,AN Kelly,Middle,1005,820,15,537
ODI,AN Kelly,Powerplay,400,241,4,269
ODI,AO Suji,Death,64,78,4,24
ODI,AO Suji,Middle,158,140,1,76
ODI,AP Devcich,Middle,317,281,4,135
ODI,APC Kilowan,Powerplay,129,37,2,106
ODI,AR Adams,Death,195,229,7,78
ODI,AR Adams,Middle,441,337,14,287
ODI,AR Adams,Powerplay,198,164,4,125
ODI,AR Bisht,Middle,62,56,0,29
ODI,AR Caddick,Death,86,69,6,43
ODI,AR Caddick,Middle,187,131,2,126
ODI,AR Caddick,Powerplay,331,189,9,244
ODI,AR Cusack,Death,183,239,11,58
ODI,AR Cusack,Middle,646,514,18,334
ODI,AR Cusack,Powerplay,180,113,3,123
ODI,AR McBrine,Death,232,242,9,105
ODI,AR McBrine,Middle,2955,2351,52,1512
ODI,AR McBrine,Powerplay,211,160,8,128
ODI,AR Nurse,Death,136,161,6,41
ODI,AR Nurse,Middle,1929,1741,36,827
ODI,AR Nurse,Powerplay,122,107,2,69
ODI,AR Patel,Death,388,407,16,174
ODI,AR Patel,Middle,2931,2129,59,1598
ODI,AR Patel,Powerplay,168,122,5,108
ODI,AR White,Death,68,43,4,35
ODI,AR White,Middle,260,210,3,111
ODI,AS Hansra,Middle,252,243,0,102
ODI,AS Joseph,Death,791,951,47,245
ODI,AS Joseph,Middle,2184,1763,54,1168
ODI,AS Joseph,Powerplay,1306,1131,35,788
ODI,AS Tanke,Middle,68,58,1,34
ODI,AS van Beuge,Middle,124,115,3,55
ODI,ASS Fletcher,Death,307,285,20,132
ODI,ASS Fletcher,Middle,2769,2105,73,1440
ODI,AT Rayudu,Middle,105,102,2,44
ODI,ATS Silva,Powerplay,74,55,1,51
ODI,AU Rashid,Death,835,1004,46,297
ODI,AU Rashid,Middle,7177,6486,185,3229
ODI,AY Karim,Middle,123,58,3,84
ODI,Aakash Chand,Middle,69,65,2,28
ODI,Aamer Jamal,Middle,68,51,3,44
ODI,Aamer Yamin,Powerplay,96,78,0,60
ODI,Aamir Kaleem,Middle,629,349,15,414
ODI,Aarif Sheikh,Middle,836,621,7,439
ODI,Aarif Sheikh,Powerplay,84,79,1,47
ODI,Aaron Jones,Middle,159,140,0,77
ODI,Aayan Afzal Khan,Death,170,177,12,76
ODI,Aayan Afzal Khan,Middle,1531,1036,35,868
ODI,Aayan Afzal Khan,Powerplay,487,299,9,339
ODI,Abdul Razzaq,Death,404,462,24,156
ODI,Abdul Razzaq,Middle,3558,2751,66,1948
ODI,Abdul Razzaq,Powerplay,556,481,6,340
ODI,Abdur Rauf,Middle,64,55,3,36
ODI,Abdur Rauf,Powerplay,118,107,3,65
ODI,Abdur Razzak,Death,1045,1072,51,439
ODI,Abdur Razzak,Middle,4439,3182,91,2486
ODI,Abdur Razzak,Powerplay,924,669,21,585
ODI,Abdur Rehman,Death,206,233,11,75
ODI,Abdur Rehman,Middle,1237,815,17,686
ODI,Abdur Rehman,Powerplay,145,82,1,97
ODI,Abrar Ahmed,Death,109,119,4,48
ODI,Abrar Ahmed,Middle,759,503,25,425
ODI,Abrar Ahmed,Powerplay,185,133,6,116
ODI,Abul Hasan,Middle,80,105,0,24
ODI,Abul Hasan,Powerplay,116,118,0,67
ODI,Adeel Raja,Middle,175,164,1,73
ODI,Adhitya Shetty,Middle,60,56,1,29
ODI,Afif Hossain,Middle,102,99,3,49
ODI,Aftab Ahmed,Middle,398,361,4,158
ODI,Agha Salman,Middle,991,943,17,442
ODI,Agha Salman,Powerplay,78,72,2,51
ODI,Ahmed Raza,Death,260,224,7,110
ODI,Ahmed Raza,Middle,2112,1449,47,1186
ODI,Ahmed Raza,Powerplay,151,84,3,107
ODI,Ahmed Shehzad,Middle,110,129,2,34
ODI,Ahsan Malik,Middle,128,126,3,60
ODI,Aiman Anwer,Powerplay,226,157,1,147
ODI,Aizaz Cheema,Death,162,163,12,56
ODI,Aizaz Cheema,Middle,342,270,6,175
ODI,Aizaz Cheema,Powerplay,169,176,5,104
ODI,Aizaz Khan,Death,108,133,6,33
ODI,Aizaz Khan,Middle,234,204,5,122
ODI,Aizaz Khan,Powerplay,165,144,2,98
ODI,Ajay Kumar,Middle,117,91,4,62
ODI,Ajay Kumar,Powerplay,69,53,3,48
ODI,Akhil Kumar,Middle,270,225,3,133
ODI,Akif Javed,Middle,114,104,5,58
ODI,Akif Raja,Middle,80,61,0,47
ODI,Akif Raja,Powerplay,106,74,3,73
ODI,Al-Amin Hossain,Death,98,136,4,30
ODI,Al-Amin Hossain,Middle,341,309,11,179
ODI,Al-Amin Hossain,Powerplay,242,176,7,163
ODI,Ali Khan,Death,169,187,8,56
ODI,Ali Khan,Middle,226,142,7,134
ODI,Ali Khan,Powerplay,372,267,18,241
ODI,Ali Naseer,Death,162,196,9,65
ODI,Ali Naseer,Middle,330,317,8,167
ODI,Ali Naseer,Powerplay,209,154,3,135
ODI,Aliya Riaz,Death,115,133,4,33
ODI,Aliya Riaz,Middle,698,603,4,322
ODI,Aliya Riaz,Powerplay,81,70,2,52
ODI,Alok Kapali,Death,79,47,4,43
ODI,Alok Kapali,Middle,659,593,12,287
ODI,Amir Hayat,Death,71,108,5,21
ODI,Amir Hayat,Middle,257,175,6,139
ODI,Amir Hayat,Powerplay,140,109,0,86
ODI,Amjad Javed,Death,91,145,2,25
ODI,Amjad Javed,Middle,255,230,5,129
ODI,Amjad Javed,Powerplay,180,147,0,112
ODI,Ammar Khalid,Middle,60,24,2,39
ODI,Ammar Khalid,Powerplay,99,80,1,64
ODI,Anam Amin,Death,145,144,10,62
ODI,Anam Amin,Middle,546,340,11,329
ODI,Anam Amin,Powerplay,448,246,8,320
ODI,Ansh Patel,Middle,208,222,4,99
ODI,Anshuman Rath,Middle,248,104,12,175
ODI,Anwar Ali,Death,188,281,7,55
ODI,Anwar Ali,Middle,371,308,6,157
ODI,Anwar Ali,Powerplay,358,341,5,201
ODI,Aqib Ilyas,Death,153,157,9,66
ODI,Aqib Ilyas,Middle,736,549,14,391
ODI,Arafat Minhas,Middle,97,50,6,61
ODI,Arafat Sunny,Death,125,96,7,58
ODI,Arafat Sunny,Middle,548,426,13,290
ODI,Arafat Sunny,Powerplay,103,58,2,70
ODI,Arshad Ali,Middle,60,47,0,26
ODI,Arshad Khan,Middle,296,206,4,153
ODI,Arshdeep Singh,Death,142,167,9,48
ODI,Arshdeep Singh,Middle,255,235,3,118
ODI,Arshdeep Singh,Powerplay,380,296,13,245
ODI,Aryan Lakra,Middle,214,182,4,111
ODI,Aryan Lakra,Powerplay,78,64,1,49
ODI,Asad Ali,Middle,73,44,0,50
ODI,Asad Ali,Powerplay,84,39,1,66
ODI,Ashfaq Ahmed,Middle,192,160,3,93
ODI,Asmavia Iqbal,Death,154,216,8,47
ODI,Asmavia Iqbal,Middle,475,419,6,228
ODI,Asmavia Iqbal,Powerplay,536,384,11,348
ODI,Avesh Khan,Middle,215,163,6,120
ODI,Avesh Khan,Powerplay,116,106,0,73
ODI,Ayan Khan,Death,146,134,6,68
ODI,Ayan Khan,Middle,1017,799,18,555
ODI,Ayesha Zafar,Middle,157,141,3,81
ODI,Azhar Ali,Middle,222,213,3,86
ODI,Azhar Mahmood,Middle,308,210,4,182
ODI,Azhar Mahmood,Powerplay,60,57,0,32
ODI,B Biza,Middle,356,270,4,177
ODI,B Evans,Death,128,195,4,26
ODI,B Evans,Middle,526,449,12,275
ODI,B Evans,Powerplay,230,175,6,157
ODI,B Fernando,Middle,80,61,0,35
ODI,B Fernando,Powerplay,64,55,1,36
ODI,B Geeves,Middle,62,34,3,38
ODI,B Kumar,Death,1164,1428,52,386
ODI,B Kumar,Middle,1384,1145,32,734
ODI,B Kumar,Powerplay,3402,2477,57,2210
ODI,B Laughlin,Middle,154,135,3,79
ODI,B Lee,Death,1220,1334,58,488
ODI,B Lee,Middle,3005,2226,82,1713
ODI,B Lee,Powerplay,3937,2787,117,2538
ODI,B Mavuta,Middle,408,369,9,202
ODI,B Muzarabani,Death,476,581,23,153
ODI,B Muzarabani,Middle,965,810,15,489
ODI,B Muzarabani,Powerplay,1168,782,21,775
ODI,B Shikongo,Death,100,157,6,22
ODI,B Shikongo,Middle,378,362,9,193
ODI,B Shikongo,Powerplay,387,329,9,241
ODI,B Siddharth,Middle,221,169,6,127
ODI,B Stanlake,Middle,227,204,3,114
ODI,B Stanlake,Powerplay,158,146,4,100
ODI,B Ward,Middle,141,137,3,67
ODI,B White,Middle,104,112,1,40
ODI,BA Carse,Death,97,134,7,36
ODI,BA Carse,Middle,948,961,16,448
ODI,BA Carse,Powerplay,310,294,11,195
ODI,BA Langston,Powerplay,84,37,0,64
ODI,BA Murphy,Middle,164,127,5,89
ODI,BA Stokes,Death,655,764,28,222
ODI,BA Stokes,Middle,2486,2384,43,1074
ODI,BA Stokes,Powerplay,76,58,3,43
ODI,BA Westdijk,Powerplay,82,76,0,51
ODI,BA Williams,Death,151,134,6,67
ODI,BA Williams,Middle,404,289,10,250
ODI,BA Williams,Powerplay,446,243,15,309
ODI,BAW Mendis,Death,687,721,43,273
ODI,BAW Mendis,Middle,3129,2420,87,1578
ODI,BAW Mendis,Powerplay,188,137,6,117
ODI,BB Seebaran,Middle,84,95,1,30
ODI,BB Sran,Middle,100,112,1,40
ODI,BB Sran,Powerplay,175,114,5,111
ODI,BC Fortuin,Middle,587,519,17,288
ODI,BC Fortuin,Powerplay,67,50,1,39
ODI,BCJ Cutting,Middle,171,113,5,106
ODI,BD Glover,Death,66,90,2,25
ODI,BD Glover,Middle,286,228,3,146
ODI,BE Hendricks,Middle,170,132,3,83
ODI,BE Hendricks,Powerplay,161,146,3,98
ODI,BFW de Leede,Death,269,358,20,92
ODI,BFW de Leede,Middle,1209,1057,23,615
ODI,BFW de Leede,Powerplay,78,89,1,39
ODI,BG Illing,Death,80,94,4,32
ODI,BG Illing,Middle,201,147,4,110
ODI,BG Illing,Powerplay,404,295,8,247
ODI,BG Lister,Middle,116,122,0,47
ODI,BG Rogers,Middle,117,130,3,39
ODI,BJ Bennett,Middle,66,81,1,23
ODI,BJ Currie,Middle,276,199,12,156
ODI,BJ Currie,Powerplay,447,335,18,291
ODI,BJ Dwarshuis,Middle,110,92,2,47
ODI,BJ Dwarshuis,Powerplay,138,122,4,81
ODI,BJ Hodge,Middle,66,51,1,30
ODI,BJ McCarthy,Death,339,452,18,123
ODI,BJ McCarthy,Middle,746,695,16,350
ODI,BJ McCarthy,Powerplay,750,639,21,469
ODI,BJ McMullen,Death,170,233,5,50
ODI,BJ McMullen,Middle,721,567,26,407
ODI,BJ McMullen,Powerplay,1116,728,37,780
ODI,BL Kotze,Death,67,87,2,17
ODI,BL Kotze,Middle,193,194,1,86
ODI,BM Halliday,Middle,308,281,8,144
ODI,BM Scholtz,Death,307,215,9,165
ODI,BM Scholtz,Middle,3029,1667,83,1992
ODI,BM Scholtz,Powerplay,350,207,10,253
ODI,BM Tickner,Death,145,210,9,51
ODI,BM Tickner,Middle,629,593,20,318
ODI,BM Tickner,Powerplay,118,124,0,61
ODI,BM Wheeler,Death,65,74,4,27
ODI,BM Wheeler,Middle,98,118,2,45
ODI,BM Wheeler,Powerplay,156,129,2,104
ODI,BMAJ Mendis,Death,67,51,4,25
ODI,BMAJ Mendis,Middle,1321,1142,24,539
ODI,BMSM Kumari,Death,352,396,17,109
ODI,BMSM Kumari,Middle,920,693,11,441
ODI,BMSM Kumari,Powerplay,420,359,5,236
ODI,BO van Rooi,Middle,65,59,0,30
ODI,BP Loots,Middle,124,108,2,54
ODI,BR Dorey,Middle,117,98,0,72
ODI,BRM Taylor,Death,96,112,3,35
ODI,BRM Taylor,Middle,166,167,1,60
ODI,BTJ Wheal,Death,66,68,5,29
ODI,BTJ Wheal,Middle,315,212,10,192
ODI,BTJ Wheal,Powerplay,249,134,3,183
ODI,BV Sears,Middle,174,146,9,92
ODI,BV Vitori,Death,212,322,9,49
ODI,BV Vitori,Middle,349,294,8,172
ODI,BV Vitori,Powerplay,502,410,12,301
ODI,BW Hilfenhaus,Death,172,217,9,65
ODI,BW Hilfenhaus,Middle,445,391,8,226
ODI,BW Hilfenhaus,Powerplay,658,484,12,425
ODI,Basil Hameed,Death,151,116,10,77
ODI,Basil Hameed,Middle,1170,809,31,647
ODI,Basil Hameed,Powerplay,78,64,2,50
ODI,Basir Ahamad,Middle,103,80,1,57
ODI,Bikram Sob,Powerplay,109,86,4,69
ODI,Bilal Asif,Middle,121,83,5,63
ODI,Bilal Khan,Death,652,730,39,236
ODI,Bilal Khan,Middle,637,537,24,335
ODI,Bilal Khan,Powerplay,1226,809,35,828
ODI,Bilawal Bhatti,Middle,297,274,1,147
ODI,Bilawal Bhatti,Powerplay,68,65,2,42
ODI,Bismah Maroof,Death,121,123,0,45
ODI,Bismah Maroof,Middle,545,375,9,285
ODI,C Abel,Middle,217,141,10,124
ODI,C Abel,Powerplay,103,81,1,56
ODI,C Bosch,Death,135,200,5,37
ODI,C Bosch,Middle,361,392,5,149
ODI,C Bosch,Powerplay,166,146,3,105
ODI,C Campher,Death,95,129,2,36
ODI,C Campher,Middle,976,855,27,498
ODI,C Cassell,Middle,226,196,7,125
ODI,C Chatonzwa,Middle,220,180,8,117
ODI,C Connolly,Middle,150,129,6,64
ODI,C Floyd,Middle,325,273,2,159
ODI,C Green,Death,97,109,9,39
ODI,C Green,Middle,649,595,12,309
ODI,C Green,Powerplay,189,178,0,113
ODI,C Karunaratne,Death,147,203,9,44
ODI,C Karunaratne,Middle,550,462,11,251
ODI,C Karunaratne,Powerplay,140,122,4,82
ODI,C Munro,Middle,521,433,6,242
ODI,C Murray,Death,171,200,12,65
ODI,C Murray,Middle,1670,1587,47,745
ODI,C Overton,Middle,245,209,5,128
ODI,C Prasad,Middle,68,56,0,28
ODI,C Raack,Middle,193,108,6,111
ODI,C Sutthiruang,Middle,201,116,6,123
ODI,C Sutthiruang,Powerplay,215,174,4,129
ODI,C White,Middle,255,159,9,163
ODI,C de Grandhomme,Middle,1444,1114,27,740
ODI,C de Grandhomme,Powerplay,81,66,1,47
ODI,C de Lange,Middle,564,370,11,328
ODI,C de Lange,Powerplay,62,57,0,37
ODI,CA Henry,Death,176,237,9,51
ODI,CA Henry,Middle,471,375,13,242
ODI,CA Henry,Powerplay,948,705,10,596
ODI,CA Soper,Death,403,436,17,159
ODI,CA Soper,Middle,1493,1001,24,913
ODI,CA Soper,Powerplay,484,337,23,335
ODI,CA Young,Death,340,427,17,129
ODI,CA Young,Middle,996,793,32,550
ODI,CA Young,Powerplay,755,649,24,476
ODI,CAH Stevenson,Death,139,170,8,50
ODI,CAH Stevenson,Middle,484,416,13,260
ODI,CAH Stevenson,Powerplay,106,84,2,64
ODI,CAK Rajitha,Death,162,221,9,45
ODI,CAK Rajitha,Middle,454,491,11,205
ODI,CAK Rajitha,Powerplay,582,515,9,370
ODI,CB Mpofu,Death,715,915,32,219
ODI,CB Mpofu,Middle,913,785,11,495
ODI,CB Mpofu,Powerplay,1530,1198,13,954
ODI,CB Sole,Death,169,187,13,80
ODI,CB Sole,Middle,723,602,17,399
ODI,CB Sole,Powerplay,611,438,22,406
ODI,CBRLS Kumara,Death,144,241,6,39
ODI,CBRLS Kumara,Middle,612,558,14,300
ODI,CBRLS Kumara,Powerplay,441,489,16,249
ODI,CD Collymore,Death,246,298,8,64
ODI,CD Collymore,Middle,1083,671,17,673
ODI,CD Collymore,Powerplay,539,342,5,346
ODI,CD McMillan,Death,186,180,7,80
ODI,CD McMillan,Middle,273,241,4,133
ODI,CD de Lange,Middle,228,189,8,122
ODI,CE Dean,Death,185,144,11,98
ODI,CE Dean,Middle,2505,1918,73,1354
ODI,CE Dean,Powerplay,97,70,5,61
ODI,CE McConchie,Middle,169,136,4,76
ODI,CG Williams,Middle,207,155,0,110
ODI,CH Gayle,Death,915,901,29,357
ODI,CH Gayle,Middle,3569,2638,66,1652
ODI,CH Morris,Death,240,306,13,79
ODI,CH Morris,Middle,1178,1056,24,589
ODI,CH Morris,Powerplay,508,421,8,307
ODI,CJ Anderson,Death,302,379,17,110
ODI,CJ Anderson,Middle,1156,1083,39,543
ODI,CJ Chibhabha,Death,188,295,12,53
ODI,CJ Chibhabha,Middle,1072,963,11,553
ODI,CJ Chibhabha,Powerplay,157,121,5,102
ODI,CJ Dala,Middle,95,108,1,36
ODI,CJ Jordan,Death,364,436,16,127
ODI,CJ Jordan,Middle,1044,953,22,468
ODI,CJ Jordan,Powerplay,320,319,6,174
ODI,CJ McKay,Death,483,611,28,158
ODI,CJ McKay,Middle,1295,996,39,718
ODI,CJ McKay,Powerplay,1205,812,29,803
ODI,CJ Metcalfe,Middle,312,218,2,209
ODI,CJA Amini,Death,133,150,5,53
ODI,CJA Amini,Middle,1445,1115,24,766
ODI,CK Kapugedera,Middle,265,216,2,114
ODI,CK Langeveldt,Death,719,840,29,269
ODI,CK Langeveldt,Middle,1756,1336,40,1007
ODI,CK Langeveldt,Powerplay,617,484,11,391
ODI,CKB Kulasekara,Middle,79,82,0,24
ODI,CL Cairns,Death,149,178,6,40
ODI,CL Cairns,Middle,732,559,12,435
ODI,CL Cairns,Powerplay,67,45,2,47
ODI,CL Hooper,Middle,184,143,3,88
ODI,CL Tryon,Death,250,239,11,110
ODI,CL Tryon,Middle,2388,1839,32,1255
ODI,CL Tryon,Powerplay,142,98,3,92
ODI,CL White,Middle,304,320,9,113
ODI,CM McBride,Middle,193,138,3,102
ODI,CM Wright,Middle,287,186,7,183
ODI,CN Ackermann,Death,105,100,4,60
ODI,CN Ackermann,Middle,454,320,7,254
ODI,CN Ackermann,Powerplay,60,50,2,34
ODI,CN Greaves,Death,108,118,7,50
ODI,CN Greaves,Middle,555,483,21,274
ODI,CO Obuya,Death,133,152,2,45
ODI,CO Obuya,Middle,727,545,19,387
ODI,CP Tremain,Middle,105,104,1,44
ODI,CP Tremain,Powerplay,93,93,2,47
ODI,CR Brathwaite,Death,375,532,21,102
ODI,CR Brathwaite,Middle,1173,949,15,578
ODI,CR Brathwaite,Powerplay,177,166,3,98
ODI,CR Seneviratna,Death,76,72,3,27
ODI,CR Seneviratna,Middle,231,117,4,167
ODI,CR Seneviratna,Powerplay,85,45,4,64
ODI,CR Woakes,Death,1034,1329,57,336
ODI,CR Woakes,Middle,2069,1830,41,991
ODI,CR Woakes,Powerplay,2664,2032,75,1757
ODI,CRD Fernando,Death,556,653,16,192
ODI,CRD Fernando,Middle,2640,2041,68,1479
ODI,CRD Fernando,Powerplay,951,836,24,559
ODI,CS Fraser,Middle,148,158,5,67
ODI,CS Fraser,Powerplay,325,276,4,178
ODI,CS MacLeod,Death,76,75,2,29
ODI,CS MacLeod,Middle,624,502,5,307
ODI,CS MacLeod,Powerplay,74,58,1,44
ODI,CS Martin,Middle,244,186,1,144
ODI,CS Martin,Powerplay,237,170,4,158
ODI,CT Mumba,Death,61,93,6,16
ODI,CT Mumba,Middle,81,96,1,37
ODI,CT Mumba,Powerplay,141,140,0,82
ODI,CT Mutombodzi,Middle,253,221,5,116
ODI,CT Tremlett,Death,70,102,3,17
ODI,CT Tremlett,Middle,467,403,5,248
ODI,CT Tremlett,Powerplay,232,190,3,132
ODI,CV Varun,Middle,152,104,5,84
ODI,CW Perchard,Middle,123,94,1,72
ODI,CZ Harris,Middle,557,357,6,335
ODI,D Bishoo,Death,137,121,9,53
ODI,D Bishoo,Middle,1871,1494,29,929
ODI,D Brown,Middle,503,398,11,253
ODI,D Brown,Powerplay,651,520,14,377
ODI,D Devnarain,Middle,91,90,1,46
ODI,D Elgar,Middle,92,68,2,44
ODI,D Ferreira,Middle,92,66,2,54
ODI,D Foxcroft,Middle,111,69,1,66
ODI,D Gough,Death,349,388,20,128
ODI,D Gough,Middle,561,409,15,327
ODI,D Gough,Powerplay,1094,707,19,727
ODI,D Hazell,Death,241,221,13,106
ODI,D Hazell,Middle,1078,657,17,624
ODI,D Hemalatha,Middle,187,169,3,100
ODI,D Heyliger,Death,229,265,11,87
ODI,D Heyliger,Middle,550,350,17,313
ODI,D Heyliger,Powerplay,322,293,9,187
ODI,D Jansen,Powerplay,64,20,2,48
ODI,D Joseph,Middle,65,47,1,40
ODI,D Joseph,Powerplay,125,108,3,76
ODI,D Langford-Smith,Middle,180,112,4,110
ODI,D Langford-Smith,Powerplay,283,212,4,173
ODI,D Lohia,Middle,129,122,4,61
ODI,D Madushanka,Death,135,159,9,36
ODI,D Madushanka,Middle,409,440,16,180
ODI,D Madushanka,Powerplay,550,475,21,342
ODI,D Mohammed,Middle,183,124,4,102
ODI,D Mongia,Death,95,121,5,30
ODI,D Mongia,Middle,414,303,6,224
ODI,D Olivier,Middle,69,80,2,28
ODI,D Parashar,Middle,357,268,7,178
ODI,D Parashar,Powerplay,174,114,3,111
ODI,D Paterson,Middle,79,66,1,44
ODI,D Paterson,Powerplay,105,108,2,59
ODI,D Pretorius,Middle,909,748,25,472
ODI,D Pretorius,Powerplay,193,141,7,122
ODI,D Ravu,Death,80,110,0,22
ODI,D Ravu,Middle,313,205,8,178
ODI,D Ravu,Powerplay,215,188,0,134
ODI,D Tucker,Middle,289,239,4,156
ODI,D Vihanga,Death,84,70,2,33
ODI,D Vihanga,Middle,413,320,12,212
ODI,D Vihanga,Powerplay,111,77,3,73
ODI,D Wiese,Death,103,129,3,34
ODI,D Wiese,Middle,373,355,9,178
ODI,D Wiese,Powerplay,213,163,3,139
ODI,D van Niekerk,Death,231,162,8,121
ODI,D van Niekerk,Middle,2290,1331,53,1408
ODI,DA Marillier,Death,62,54,3,30
ODI,DA Marillier,Middle,307,215,2,152
ODI,DAJ Bracewell,Death,145,180,5,51
ODI,DAJ Bracewell,Middle,564,432,12,310
ODI,DAJ Bracewell,Powerplay,330,238,9,236
ODI,DAS Gunaratne,Death,102,106,4,31
ODI,DAS Gunaratne,Middle,726,613,18,310
ODI,DB Kotze,Middle,267,242,2,119
ODI,DB Sharma,Death,956,922,49,378
ODI,DB Sharma,Middle,4205,3133,88,2309
ODI,DB Sharma,Powerplay,474,270,9,338
ODI,DBL Powell,Death,176,236,4,54
ODI,DBL Powell,Middle,797,619,16,447
ODI,DBL Powell,Powerplay,1163,822,29,773
ODI,DC Drakes,Powerplay,72,58,1,50
ODI,DCC Borden,Middle,82,95,3,25
ODI,DDP D'Silva,Middle,91,60,2,52
ODI,DDP D'Silva,Powerplay,103,61,4,69
ODI,DE Bernard,Middle,397,329,10,183
ODI,DE Bernard,Powerplay,140,105,0,83
ODI,DE Bollinger,Death,296,295,18,131
ODI,DE Bollinger,Middle,853,580,21,474
ODI,DE Bollinger,Powerplay,866,655,23,566
ODI,DE Budge,Middle,153,112,1,74
ODI,DEM Carter,Middle,375,259,6,228
ODI,DG Blampied,Middle,73,69,0,33
ODI,DJ Bravo,Death,1355,1576,70,483
ODI,DJ Bravo,Middle,4248,3365,95,2137
ODI,DJ Bravo,Powerplay,449,389,12,232
ODI,DJ Cullen,Middle,197,133,0,105
ODI,DJ Hooda,Middle,142,117,2,69
ODI,DJ Hussey,Death,85,98,4,32
ODI,DJ Hussey,Middle,694,578,13,299
ODI,DJ Mitchell,Middle,325,306,12,137
ODI,DJ Reekers,Powerplay,125,98,3,80
ODI,DJ Willey,Death,570,679,32,200
ODI,DJ Willey,Middle,840,758,20,368
ODI,DJ Willey,Powerplay,1862,1524,48,1125
ODI,DJ Worrall,Middle,65,72,1,33
ODI,DJ Worrall,Powerplay,85,83,0,48
ODI,DJG Sammy,Death,387,439,13,119
ODI,DJG Sammy,Middle,3847,2956,51,1953
ODI,DJG Sammy,Powerplay,657,447,13,430
ODI,DJM Short,Middle,72,95,0,23
ODI,DJS Dottin,Death,424,398,25,193
ODI,DJS Dottin,Middle,763,617,18,383
ODI,DJS Dottin,Powerplay,567,432,4,348
ODI,DK Butler,Middle,144,123,0,74
ODI,DK Butler,Powerplay,63,39,2,43
ODI,DL Chahar,Death,65,89,0,19
ODI,DL Chahar,Middle,150,147,7,63
ODI,DL Chahar,Powerplay,291,225,8,191
ODI,DL Vettori,Death,778,680,35,368
ODI,DL Vettori,Middle,7018,4501,146,3951
ODI,DL Vettori,Powerplay,200,141,3,120
ODI,DLS van Bunge,Middle,148,173,6,70
ODI,DM Braat,Middle,62,41,0,36
ODI,DM Dupavillon,Middle,67,53,1,34
ODI,DM Kimmince,Middle,105,60,2,65
ODI,DM de Silva,Death,97,86,6,42
ODI,DM de Silva,Middle,1689,1459,29,734
ODI,DM de Silva,Powerplay,285,233,6,147
ODI,DN Wellalage,Death,109,127,1,36
ODI,DN Wellalage,Middle,1109,930,32,545
ODI,DN Wellalage,Powerplay,187,131,4,125
ODI,DN Wyatt,Death,202,210,10,67
ODI,DN Wyatt,Middle,335,237,4,178
ODI,DNT Zoysa,Middle,328,241,9,199
ODI,DNT Zoysa,Powerplay,443,329,13,282
ODI,DO Leicher,Middle,65,63,1,26
ODI,DP Vaidya,Death,64,37,4,37
ODI,DP Vaidya,Middle,247,151,7,136
ODI,DR Brown,Middle,109,100,3,57
ODI,DR Gibson,Middle,128,94,1,63
ODI,DR Smith,Death,250,322,13,79
ODI,DR Smith,Middle,1721,1359,33,895
ODI,DR Smith,Powerplay,286,207,6,187
ODI,DR Tuffey,Death,210,292,10,58
ODI,DR Tuffey,Middle,756,539,17,482
ODI,DR Tuffey,Powerplay,1003,788,19,622
ODI,DS Airee,Death,347,315,17,153
ODI,DS Airee,Middle,2086,1293,37,1183
ODI,DS Airee,Powerplay,232,205,5,140
ODI,DS Kulkarni,Death,132,141,6,47
ODI,DS Kulkarni,Middle,209,158,5,104
ODI,DS Kulkarni,Powerplay,286,228,8,183
ODI,DS Lehmann,Death,81,75,9,45
ODI,DS Lehmann,Middle,509,422,12,212
ODI,DT Christian,Death,132,121,8,48
ODI,DT Christian,Middle,595,479,12,279
ODI,DT Hondo,Death,240,321,9,66
ODI,DT Hondo,Middle,580,437,8,341
ODI,DT Hondo,Powerplay,573,428,13,365
ODI,DT Johnston,Death,227,260,9,87
ODI,DT Johnston,Middle,633,473,8,356
ODI,DT Johnston,Powerplay,648,400,20,437
ODI,DT Tiripano,Death,220,323,11,68
ODI,DT Tiripano,Middle,790,661,15,386
ODI,DT Tiripano,Powerplay,290,259,1,166
ODI,DW Steyn,Death,1183,1267,76,517
ODI,DW Steyn,Middle,2445,1832,67,1371
ODI,DW Steyn,Powerplay,2760,2103,50,1797
ODI,Danish Kaneria,Death,63,72,2,31
ODI,Danish Kaneria,Middle,560,441,8,313
ODI,Diana Baig,Death,443,512,16,162
ODI,Diana Baig,Middle,845,806,20,399
ODI,Diana Baig,Powerplay,1593,1069,22,1070
ODI,Dolar Mahmud,Middle,119,131,4,56
ODI,Dolar Mahmud,Powerplay,90,111,4,46
ODI,E Bisht,Death,258,267,14,93
ODI,E Bisht,Middle,1439,890,32,896
ODI,E Bisht,Powerplay,273,136,8,205
ODI,E Bosch,Powerplay,62,41,3,39
ODI,E Chigumbura,Death,459,628,18,118
ODI,E Chigumbura,Middle,2350,2093,40,1154
ODI,E Chigumbura,Powerplay,944,830,22,574
ODI,E Malinga,Middle,147,160,3,59
ODI,E Malinga,Powerplay,89,70,1,55
ODI,E Marx,Middle,231,209,5,120
ODI,E Marx,Powerplay,96,70,1,59
ODI,E Mbofana,Middle,112,92,3,50
ODI,E Mbofana,Powerplay,102,70,1,62
ODI,E Otieno,Death,106,161,3,24
ODI,E Otieno,Middle,151,146,1,80
ODI,E Otieno,Powerplay,206,172,8,130
ODI,E Schiferli,Middle,99,95,1,47
ODI,E Schiferli,Powerplay,253,195,4,160
ODI,EA Osborne,Death,228,178,11,104
ODI,EA Osborne,Middle,725,545,21,381
ODI,EA Osborne,Powerplay,73,46,1,52
ODI,EA Perry,Death,359,367,14,147
ODI,EA Perry,Middle,1365,921,22,771
ODI,EA Perry,Powerplay,1506,1094,40,969
ODI,EAJ Richardson,Middle,203,198,4,90
ODI,EC Rainsford,Death,110,147,5,32
ODI,EC Rainsford,Middle,373,300,5,217
ODI,EC Rainsford,Powerplay,587,358,6,406
ODI,EH Hutchinson,Middle,103,79,1,58
ODI,EH Hutchinson,Powerplay,87,55,0,54
ODI,EJ Carson,Death,146,126,5,74
ODI,EJ Carson,Middle,771,627,11,371
ODI,EJ Carson,Powerplay,92,76,2,54
ODI,EJ Villani,Middle,188,167,3,79
ODI,EL Arlott,Powerplay,68,48,3,47
ODI,EL Lamb,Middle,128,116,3,54
ODI,EM Bermingham,Death,60,59,2,26
ODI,EM Bermingham,Middle,583,412,11,348
ODI,EM Bermingham,Powerplay,69,62,2,33
ODI,EN Lynch,Death,85,53,4,51
ODI,EN Lynch,Middle,407,294,9,236
ODI,ER Oza,Middle,346,160,11,234
ODI,Ebadat Hossain,Death,62,86,4,23
ODI,Ebadat Hossain,Middle,323,310,13,155
ODI,Ebadat Hossain,Powerplay,120,57,4,87
ODI,Ehsan Adil,Middle,223,191,5,119
ODI,Ehsan Adil,Powerplay,131,89,2,88
ODI,Ehsan Khan,Death,78,48,6,44
ODI,Ehsan Khan,Middle,573,408,13,336
ODI,Ehsan Khan,Powerplay,60,75,4,29
ODI,Ehsan Nawaz,Death,91,76,4,46
ODI,Ehsan Nawaz,Middle,167,136,4,92
ODI,Ehsan Nawaz,Powerplay,140,122,3,85
ODI,Ehsanul Haque,Middle,61,37,2,29
ODI,Elias Sunny,Middle,177,140,2,102
ODI,Enamul Haque jnr,Middle,462,293,11,252
ODI,F Behardien,Death,78,81,3,29
ODI,F Behardien,Middle,626,599,9,237
ODI,F Chipare,Middle,117,67,3,68
ODI,F Chipare,Powerplay,129,101,2,77
ODI,F Overdijk,Middle,199,176,4,97
ODI,F Overdijk,Powerplay,92,56,2,59
ODI,F du Plessis,Middle,191,181,2,71
ODI,FA Allen,Death,66,61,0,30
ODI,FA Allen,Middle,576,534,7,246
ODI,FA Sargent,Death,103,134,6,34
ODI,FA Sargent,Middle,600,555,11,248
ODI,FA Sargent,Powerplay,73,64,2,39
ODI,FC Jonas,Death,128,107,7,57
ODI,FC Jonas,Middle,918,697,13,480
ODI,FC Jonas,Powerplay,98,57,0,64
ODI,FG Kemp,Middle,91,55,3,56
ODI,FH Edwards,Death,250,250,16,86
ODI,FH Edwards,Middle,737,637,14,376
ODI,FH Edwards,Powerplay,863,638,19,533
ODI,FJ Klaassen,Death,147,171,6,51
ODI,FJ Klaassen,Middle,293,211,5,151
ODI,FJ Klaassen,Powerplay,470,286,11,320
ODI,FL Mackay,Death,127,129,7,49
ODI,FL Mackay,Middle,379,286,3,195
ODI,FL Mackay,Powerplay,108,60,4,69
ODI,FR Davies,Middle,263,195,4,153
ODI,FR Davies,Powerplay,120,67,2,84
ODI,Fahad Alhashmi,Middle,63,62,2,24
ODI,Faheem Ashraf,Death,191,254,6,53
ODI,Faheem Ashraf,Middle,1148,937,20,580
ODI,Faheem Ashraf,Powerplay,378,295,5,240
ODI,Fahima Khatun,Death,238,243,8,98
ODI,Fahima Khatun,Middle,1318,928,26,676
ODI,Faisal Akram,Middle,178,122,7,97
ODI,Faisal Hossain,Middle,66,48,1,28
ODI,Fakhar Zaman,Middle,135,112,1,66
ODI,Farhad Reza,Death,86,110,2,24
ODI,Farhad Reza,Middle,545,523,10,277
ODI,Farhad Reza,Powerplay,199,160,2,128
ODI,Fariha Trisna,Powerplay,169,126,1,113
ODI,Fatima Sana,Death,517,609,30,177
ODI,Fatima Sana,Middle,987,884,24,483
ODI,Fatima Sana,Powerplay,1248,966,31,802
ODI,Fawad Ahmed,Middle,66,77,0,19
ODI,Fawad Alam,Middle,354,322,4,129
ODI,Fayyaz Ahmed,Middle,102,69,0,57
ODI,Fayyaz Butt,Death,369,517,17,112
ODI,Fayyaz Butt,Middle,695,533,14,382
ODI,Fayyaz Butt,Powerplay,285,216,4,187
ODI,G Coetzee,Death,89,89,3,49
ODI,G Coetzee,Middle,493,511,23,248
ODI,G Dempsey,Death,107,119,3,44
ODI,G Dempsey,Middle,543,476,8,269
ODI,G Dempsey,Powerplay,297,220,5,186
ODI,G Fontenla,Powerplay,81,53,1,48
ODI,G Hoey,Middle,90,105,1,30
ODI,G Kodali,Death,80,90,2,28
ODI,G Kodali,Middle,174,151,4,95
ODI,G Kodali,Powerplay,132,108,1,84
ODI,G Motie,Death,90,108,5,31
ODI,G Motie,Middle,1800,1380,42,950
ODI,G Motie,Powerplay,124,103,4,72
ODI,G Onions,Middle,101,85,0,55
ODI,G Onions,Powerplay,108,91,4,66
ODI,G Singh,Middle,107,85,6,57
ODI,G Snyman,Death,80,104,6,17
ODI,G Snyman,Middle,62,62,0,23
ODI,G Snyman,Powerplay,172,127,0,103
ODI,G Sultana,Death,106,97,3,50
ODI,G Sultana,Middle,400,236,7,261
ODI,G Toka,Middle,84,68,3,46
ODI,G Wareham,Death,213,175,4,121
ODI,G Wareham,Middle,1730,1255,49,948
ODI,GA Elwiss,Death,97,101,4,48
ODI,GA Elwiss,Middle,494,297,11,301
ODI,GA Elwiss,Powerplay,248,131,4,187
ODI,GA Lamb,Death,62,70,3,20
ODI,GA Lamb,Middle,561,366,8,315
ODI,GA Rogers,Middle,142,131,3,82
ODI,GB Brent,Death,156,167,10,53
ODI,GB Brent,Middle,665,510,10,408
ODI,GB Brent,Powerplay,319,223,2,213
ODI,GB Hogg,Death,469,359,31,256
ODI,GB Hogg,Middle,3840,2921,98,1968
ODI,GC Smith,Death,147,137,4,61
ODI,GC Smith,Middle,694,595,11,277
ODI,GC Tonge,Middle,130,88,3,69
ODI,GC Tonge,Powerplay,139,88,2,91
ODI,GD Drummond,Middle,104,87,0,63
ODI,GD Elliott,Death,98,142,7,33
ODI,GD Elliott,Middle,1110,961,27,504
ODI,GD McGrath,Death,427,429,18,154
ODI,GD McGrath,Middle,1311,820,39,868
ODI,GD McGrath,Powerplay,1544,836,41,1129
ODI,GD Phillips,Death,75,93,1,26
ODI,GD Phillips,Middle,733,726,15,283
ODI,GF Linde,Middle,134,134,2,60
ODI,GH Dockrell,Death,358,397,11,141
ODI,GH Dockrell,Middle,2795,2177,54,1436
ODI,GH Dockrell,Powerplay,102,103,0,61
ODI,GH Lewis,Middle,328,303,4,144
ODI,GI Hume,Death,168,206,11,58
ODI,GI Hume,Middle,342,290,12,180
ODI,GI Hume,Powerplay,366,298,4,224
ODI,GJ Batty,Middle,230,163,4,108
ODI,GJ Delany,Middle,309,313,5,125
ODI,GJ Maxwell,Death,363,431,15,139
ODI,GJ Maxwell,Middle,3341,2973,53,1434
ODI,GJ Maxwell,Powerplay,211,153,6,116
ODI,GJ Whittall,Middle,122,102,4,69
ODI,GJP Kruger,Middle,62,54,0,34
ODI,GJP Kruger,Powerplay,62,57,1,34
ODI,GM Ewing,Middle,267,180,5,132
ODI,GM Harris,Middle,219,143,6,127
ODI,GP Swann,Death,374,376,20,167
ODI,GP Swann,Middle,3212,2410,76,1581
ODI,GP Swann,Powerplay,98,79,2,60
ODI,GP Tom,Middle,176,108,3,107
ODI,GP Tom,Powerplay,121,82,4,75
ODI,GR Codrington,Death,84,96,6,28
ODI,GR Codrington,Middle,217,163,1,109
ODI,GSNFG Jayasuriya,Middle,218,210,2,90
ODI,GSNFG Jayasuriya,Powerplay,60,48,0,29
ODI,GT Main,Death,102,103,7,38
ODI,GT Main,Middle,408,335,22,242
ODI,GT Main,Powerplay,185,171,4,111
ODI,GW Flower,Death,66,58,2,24
ODI,GW Flower,Middle,547,401,7,249
ODI,Ghulam Fatima,Death,94,51,4,59
ODI,Ghulam Fatima,Middle,703,548,23,343
ODI,Gulsan Jha,Death,202,269,7,67
ODI,Gulsan Jha,Middle,1030,910,26,518
ODI,Gulsan Jha,Powerplay,202,198,7,118
ODI,Gurkeerat Singh,Middle,60,69,0,21
ODI,Gurnoor Brar,Middle,131,143,4,57
ODI,H Carlyon,Middle,145,115,2,78
ODI,H Deol,Middle,87,69,2,39
ODI,H Dhami,Powerplay,63,57,2,34
ODI,H Durham,Middle,62,48,2,34
ODI,H Hiri,Middle,97,98,3,41
ODI,H Kaur,Death,235,259,4,96
ODI,H Kaur,Middle,951,756,16,466
ODI,H Kaushik,Middle,105,83,0,48
ODI,H Masakadza,Death,151,180,3,41
ODI,H Masakadza,Middle,1082,981,15,471
ODI,H Osinde,Middle,229,203,4,129
ODI,H Osinde,Powerplay,456,296,17,302
ODI,H Patel,Middle,107,102,2,47
ODI,H Thaker,Death,99,102,3,43
ODI,H Thaker,Middle,1094,812,19,561
ODI,H Thaker,Powerplay,78,41,3,54
ODI,HA Varaiya,Death,74,68,5,40
ODI,HA Varaiya,Middle,556,435,8,297
ODI,HAM Samuddika,Middle,231,140,1,138
ODI,HAM Samuddika,Powerplay,68,39,3,41
ODI,HASD Siriwardene,Death,233,243,10,96
ODI,HASD Siriwardene,Middle,1394,1050,20,715
ODI,HASD Siriwardene,Powerplay,68,48,0,40
ODI,HB Shipley,Death,62,69,3,16
ODI,HB Shipley,Middle,176,163,6,88
ODI,HB Shipley,Powerplay,166,128,6,108
ODI,HC Knight,Death,222,195,13,103
ODI,HC Knight,Middle,1170,825,29,637
ODI,HDPK Dharmasena,Death,62,52,1,25
ODI,HDPK Dharmasena,Middle,325,208,3,186
ODI,HDRL Thirimanne,Middle,106,94,3,46
ODI,HDRS Silva,Middle,80,83,2,29
ODI,HF Gurney,Death,77,106,5,18
ODI,HF Gurney,Middle,183,176,3,86
ODI,HF Gurney,Powerplay,220,160,3,135
ODI,HH Pandya,Death,324,367,14,117
ODI,HH Pandya,Middle,2513,2193,61,1213
ODI,HH Pandya,Powerplay,656,636,12,372
ODI,HH Streak,Death,296,283,12,103
ODI,HH Streak,Middle,342,271,10,192
ODI,HH Streak,Powerplay,912,514,19,634
ODI,HHC Gunaratne,Middle,69,65,3,36
ODI,HHC Gunaratne,Powerplay,112,58,3,80
ODI,HJ Thomas,Middle,474,301,12,283
ODI,HJ Thomas,Powerplay,266,151,9,178
ODI,HJC Mol,Middle,68,49,3,38
ODI,HK Bennett,Death,176,209,14,65
ODI,HK Bennett,Middle,518,401,14,280
ODI,HK Bennett,Powerplay,240,228,5,137
ODI,HK Matthews,Death,534,467,24,251
ODI,HK Matthews,Middle,2866,2074,76,1620
ODI,HK Matthews,Powerplay,648,423,16,419
ODI,HL Colvin,Death,111,81,7,59
ODI,HL Colvin,Middle,511,301,12,314
ODI,HL Ferling,Death,69,55,3,34
ODI,HL Ferling,Middle,356,259,5,189
ODI,HL Ferling,Powerplay,148,89,7,100
ODI,HL Tau,Middle,89,76,1,40
ODI,HM Rowe,Death,266,255,15,127
ODI,HM Rowe,Middle,1216,908,31,663
ODI,HM Rowe,Powerplay,705,504,14,429
ODI,HMCM Bandara,Death,163,164,4,65
ODI,HMCM Bandara,Middle,1021,819,24,460
ODI,HMRKB Herath,Death,286,294,13,116
ODI,HMRKB Herath,Middle,2652,1888,50,1321
ODI,HMRKB Herath,Powerplay,115,81,5,68
ODI,HN Ya France,Middle,659,506,10,387
ODI,HNK Jensen,Death,196,209,9,81
ODI,HNK Jensen,Middle,654,533,10,346
ODI,HNK Jensen,Powerplay,255,188,7,158
ODI,HP Rinke,Middle,66,71,0,32
ODI,HR Huddleston,Death,123,104,12,62
ODI,HR Huddleston,Middle,586,416,15,357
ODI,HR Huddleston,Powerplay,411,288,6,277
ODI,HR Walsh,Death,160,156,7,67
ODI,HR Walsh,Middle,819,739,17,385
ODI,HRA Rainey,Middle,170,162,7,86
ODI,HS Baidwan,Death,138,185,7,37
ODI,HS Baidwan,Middle,405,324,10,231
ODI,HS Baidwan,Powerplay,277,222,6,170
ODI,HT Tector,Middle,178,187,2,66
ODI,HWA Landheer,Middle,135,109,5,69
ODI,HWA Landheer,Powerplay,140,94,3,83
ODI,Haider Ali,Middle,403,281,4,235
ODI,Haider Ali,Powerplay,91,29,2,70
ODI,Hammad Azam,Middle,135,119,2,57
ODI,Hamza Tahir,Death,181,184,2,77
ODI,Hamza Tahir,Middle,1067,721,31,573
ODI,Hamza Tahir,Powerplay,175,115,5,115
ODI,Harbhajan Singh,Death,886,880,35,343
ODI,Harbhajan Singh,Middle,6992,4937,126,3771
ODI,Harbhajan Singh,Powerplay,228,163,5,138
ODI,Haris Rauf,Death,527,566,44,211
ODI,Haris Rauf,Middle,1617,1469,43,792
ODI,Haris Rauf,Powerplay,673,666,15,385
ODI,Haris Sohail,Middle,582,538,11,244
ODI,Harmeet Singh,Death,174,157,9,78
ODI,Harmeet Singh,Middle,1219,813,28,713
ODI,Harshit Rana,Death,134,155,6,49
ODI,Harshit Rana,Middle,287,306,13,126
ODI,Harshit Rana,Powerplay,287,265,7,169
ODI,Hasan Ali,Death,657,842,32,213
ODI,Hasan Ali,Middle,1897,1610,54,979
ODI,Hasan Ali,Powerplay,700,709,14,396
ODI,Hasan Mahmud,Death,127,165,5,43
ODI,Hasan Mahmud,Middle,415,460,12,194
ODI,Hasan Mahmud,Powerplay,387,291,11,262
ODI,Hasibul Hossain,Powerplay,87,89,1,52
ODI,Hassnain Shah,Death,122,164,8,40
ODI,Hassnain Shah,Middle,266,189,7,138
ODI,Hassnain Shah,Powerplay,133,120,4,81
ODI,Hazrat Bilal,Middle,141,127,2,71
ODI,Hazrat Bilal,Powerplay,126,78,6,88
ODI,I Nandakumar,Middle,103,74,4,59
ODI,I Ranaweera,Death,446,400,19,182
ODI,I Ranaweera,Middle,2846,2073,54,1553
ODI,I Ranaweera,Powerplay,205,188,7,122
ODI,I Sharma,Death,759,964,36,249
ODI,I Sharma,Middle,2002,1719,58,1083
ODI,I Sharma,Powerplay,1073,913,20,658
ODI,I Toua,Death,80,65,1,40
ODI,I Toua,Middle,581,380,14,352
ODI,I Udana,Death,218,305,9,70
ODI,I Udana,Middle,489,446,6,199
ODI,I Udana,Powerplay,201,177,2,117
ODI,I Wardlaw,Death,79,97,3,36
ODI,I Wardlaw,Middle,241,230,7,119
ODI,I Wardlaw,Powerplay,302,269,7,191
ODI,I van der Woning,Powerplay,130,120,2,70
ODI,ID Blackwell,Death,96,79,2,46
ODI,ID Blackwell,Middle,750,488,11,415
ODI,IDR Bradshaw,Death,217,300,12,61
ODI,IDR Bradshaw,Middle,1230,798,24,757
ODI,IDR Bradshaw,Powerplay,1090,679,25,697
ODI,IE O'Brien,Death,79,104,6,23
ODI,IE O'Brien,Middle,252,244,6,123
ODI,IE O'Brien,Powerplay,131,148,2,62
ODI,IECM Wong,Middle,80,64,6,46
ODI,IECM Wong,Powerplay,115,107,2,67
ODI,IG Butler,Death,113,156,7,39
ODI,IG Butler,Middle,420,345,7,222
ODI,IG Butler,Powerplay,89,75,1,54
ODI,IG Holland,Death,143,139,3,48
ODI,IG Holland,Middle,370,257,12,221
ODI,IG Holland,Powerplay,125,93,4,85
ODI,IJ Harvey,Death,121,135,9,47
ODI,IJ Harvey,Middle,788,574,17,451
ODI,IJL Trott,Middle,176,166,2,69
ODI,IJR Zwilling,Death,63,37,11,32
ODI,IJR Zwilling,Middle,269,183,9,169
ODI,IJR Zwilling,Powerplay,390,195,7,286
ODI,IK Pathan,Death,835,989,41,248
ODI,IK Pathan,Middle,2207,1823,52,1194
ODI,IK Pathan,Powerplay,2008,1607,51,1247
ODI,IM Vaghela,Middle,147,111,2,79
ODI,IM Vaghela,Powerplay,105,81,2,64
ODI,IMHC Joyce,Middle,123,81,2,68
ODI,IMHC Joyce,Powerplay,205,95,2,152
ODI,IS Sodhi,Death,302,288,16,124
ODI,IS Sodhi,Middle,2253,2055,47,1013
ODI,IT Guha,Powerplay,96,53,4,69
ODI,Iftikhar Ahmed,Middle,633,568,16,293
ODI,Iftikhar Ahmed,Powerplay,75,78,0,40
ODI,Iftikhar Anjum,Death,354,433,18,117
ODI,Iftikhar Anjum,Middle,1818,1368,41,1061
ODI,Iftikhar Anjum,Powerplay,551,444,8,359
ODI,Imad Wasim,Death,205,198,6,84
ODI,Imad Wasim,Middle,1860,1492,33,861
ODI,Imad Wasim,Powerplay,323,246,3,175
ODI,Imran Haider,Middle,779,659,25,398
ODI,Imran Tahir,Death,725,750,34,319
ODI,Imran Tahir,Middle,4675,3453,129,2475
ODI,Imran Tahir,Powerplay,156,122,6,85
ODI,J Blades,Powerplay,61,71,0,27
ODI,J Botha,Death,335,401,15,124
ODI,J Botha,Middle,3276,2411,51,1540
ODI,J Botha,Powerplay,62,27,2,45
ODI,J Drysdale,Powerplay,87,63,3,61
ODI,J Glasgow,Middle,108,83,0,63
ODI,J Glasgow,Powerplay,190,141,1,122
ODI,J Goswami,Death,292,309,19,113
ODI,J Goswami,Middle,1197,752,42,734
ODI,J Goswami,Powerplay,1918,1106,36,1362
ODI,J Jarvis,Death,94,116,8,33
ODI,J Jarvis,Middle,612,523,17,323
ODI,J Jarvis,Powerplay,88,67,2,54
ODI,J Kariko,Middle,110,88,4,55
ODI,J Kila,Middle,206,161,5,119
ODI,J Lewis,Death,63,81,1,24
ODI,J Lewis,Middle,248,134,6,172
ODI,J Lewis,Powerplay,334,204,10,230
ODI,J Little,Death,371,503,15,118
ODI,J Little,Middle,1141,1025,33,558
ODI,J Little,Powerplay,558,587,12,318
ODI,J Liyanage,Middle,271,237,3,108
ODI,J Liyanage,Powerplay,67,42,0,39
ODI,J Maguire,Death,193,189,8,71
ODI,J Maguire,Middle,460,412,9,230
ODI,J Maguire,Powerplay,567,407,7,372
ODI,J Nkomo,Death,167,143,8,78
ODI,J Nkomo,Middle,257,130,9,169
ODI,J Nkomo,Powerplay,373,223,6,252
ODI,J Nyumbu,Death,87,119,4,36
ODI,J Nyumbu,Middle,636,533,10,313
ODI,J Nyumbu,Powerplay,91,39,3,63
ODI,J Overton,Middle,265,221,8,137
ODI,J Overton,Powerplay,90,94,4,55
ODI,J Patraj,Middle,80,66,2,35
ODI,J Ramanandi,Middle,188,151,1,76
ODI,J Ramanandi,Powerplay,93,53,1,61
ODI,J Srinath,Death,101,110,7,41
ODI,J Srinath,Middle,282,183,8,182
ODI,J Srinath,Powerplay,470,270,12,325
ODI,J Sumerauer,Middle,100,85,2,52
ODI,J Sumerauer,Powerplay,97,60,3,63
ODI,J Theron,Death,180,193,13,68
ODI,J Theron,Middle,355,295,14,171
ODI,J Theron,Powerplay,276,195,4,176
ODI,J Yadav,Middle,86,61,1,48
ODI,JA Clarkson,Middle,101,91,2,44
ODI,JA Duffy,Death,160,224,11,57
ODI,JA Duffy,Middle,375,349,14,203
ODI,JA Duffy,Powerplay,559,451,15,348
ODI,JA Morkel,Death,329,350,17,123
ODI,JA Morkel,Middle,1421,1234,24,686
ODI,JA Morkel,Powerplay,150,152,3,86
ODI,JA Richardson,Death,184,240,13,58
ODI,JA Richardson,Middle,318,325,9,145
ODI,JA Richardson,Powerplay,323,245,5,220
ODI,JA Turner,Powerplay,63,56,2,39
ODI,JAR Blain,Middle,110,82,4,66
ODI,JAR Blain,Powerplay,269,207,9,172
ODI,JB Reva,Death,71,56,4,31
ODI,JB Reva,Middle,103,83,1,55
ODI,JC Archer,Death,309,337,22,122
ODI,JC Archer,Middle,721,563,21,395
ODI,JC Archer,Powerplay,1010,784,21,653
ODI,JC Balt,Middle,67,75,0,33
ODI,JC Tredwell,Death,221,235,15,100
ODI,JC Tredwell,Middle,1787,1371,38,930
ODI,JC Tredwell,Powerplay,60,64,6,33
ODI,JD Nel,Middle,124,124,2,63
ODI,JD Nel,Powerplay,146,113,1,90
ODI,JD Ryder,Death,99,117,2,37
ODI,JD Ryder,Middle,240,221,8,118
ODI,JD Unadkat,Middle,206,137,6,126
ODI,JD Unadkat,Powerplay,102,62,1,76
ODI,JDF Vandersay,Death,139,133,7,58
ODI,JDF Vandersay,Middle,1271,1102,40,590
ODI,JDP Oram,Death,742,803,31,271
ODI,JDP Oram,Middle,3511,2330,74,2145
ODI,JDP Oram,Powerplay,627,428,15,423
ODI,JDS Neesham,Death,480,705,24,153
ODI,JDS Neesham,Middle,1913,1761,41,925
ODI,JDS Neesham,Powerplay,119,107,1,62
ODI,JE Root,Death,156,203,3,54
ODI,JE Root,Middle,1450,1372,21,552
ODI,JE Root,Powerplay,134,116,5,62
ODI,JE Taylor,Death,699,846,42,230
ODI,JE Taylor,Middle,1473,1268,30,783
ODI,JE Taylor,Powerplay,1775,1353,41,1086
ODI,JEC Franklin,Death,223,260,10,85
ODI,JEC Franklin,Middle,1642,1382,33,887
ODI,JEC Franklin,Powerplay,670,524,13,420
ODI,JF Kloppenburg,Middle,186,137,5,89
ODI,JF Mooney,Death,274,335,17,93
ODI,JF Mooney,Middle,639,530,11,357
ODI,JF Mooney,Powerplay,329,254,6,209
ODI,JG Bethell,Middle,302,349,7,118
ODI,JH Davey,Death,78,100,4,27
ODI,JH Davey,Middle,400,333,15,219
ODI,JH Davey,Powerplay,354,215,8,229
ODI,JH Kallis,Death,613,702,23,229
ODI,JH Kallis,Middle,3151,2532,66,1638
ODI,JH Kallis,Powerplay,190,153,3,104
ODI,JI de Villiers,Middle,93,101,1,42
ODI,JJ Bumrah,Death,1139,1117,67,464
ODI,JJ Bumrah,Middle,1571,1211,33,852
ODI,JJ Bumrah,Powerplay,1999,1337,45,1369
ODI,JJ Davidson,Death,91,139,6,25
ODI,JJ Davidson,Middle,255,225,7,127
ODI,JJ Davidson,Powerplay,141,131,1,76
ODI,JJ Esmeijer,Middle,122,100,0,57
ODI,JJ Krejza,Middle,406,320,6,187
ODI,JJ Smit,Death,311,367,18,97
ODI,JJ Smit,Middle,754,543,25,422
ODI,JJ Smit,Powerplay,1007,562,19,715
ODI,JJ Tucker,Middle,251,191,3,141
ODI,JJ van der Wath,Death,126,171,3,40
ODI,JJ van der Wath,Middle,352,331,9,177
ODI,JJ van der Wath,Powerplay,63,64,1,29
ODI,JJC Lawson,Middle,82,74,3,40
ODI,JJC Lawson,Powerplay,125,118,1,73
ODI,JK Kamande,Death,114,125,4,43
ODI,JK Kamande,Middle,546,421,6,281
ODI,JKC Claxton,Middle,76,106,1,23
ODI,JL Aras,Middle,79,46,1,54
ODI,JL Carter,Middle,104,103,3,36
ODI,JL Denly,Middle,92,86,1,37
ODI,JL Gunn,Death,349,349,17,146
ODI,JL Gunn,Middle,1075,661,24,647
ODI,JL Gunn,Powerplay,236,149,2,167
ODI,JL Hunter,Middle,135,98,3,74
ODI,JL Hunter,Powerplay,240,139,3,178
ODI,JL Jonassen,Death,632,531,47,281
ODI,JL Jonassen,Middle,2453,1552,67,1440
ODI,JL Jonassen,Powerplay,456,292,5,316
ODI,JL Pattinson,Death,80,98,2,30
ODI,JL Pattinson,Middle,334,317,6,159
ODI,JL Pattinson,Powerplay,291,237,5,184
ODI,JM Anderson,Death,1552,1946,71,495
ODI,JM Anderson,Middle,2873,2241,75,1624
ODI,JM Anderson,Powerplay,4741,3375,104,3092
ODI,JM Davison,Middle,533,417,11,264
ODI,JM Kemp,Middle,642,483,13,339
ODI,JM Kerr,Death,338,264,21,158
ODI,JM Kerr,Middle,983,708,21,516
ODI,JM Kerr,Powerplay,1205,849,28,769
ODI,JM Mennie,Middle,61,61,2,27
ODI,JM Watkin,Middle,125,82,3,67
ODI,JM Willathgamuwa,Middle,100,60,4,62
ODI,JN Frylinck,Death,191,226,8,68
ODI,JN Frylinck,Middle,804,544,19,450
ODI,JN Frylinck,Powerplay,303,168,8,212
ODI,JN Gillespie,Death,288,324,16,92
ODI,JN Gillespie,Middle,905,572,22,577
ODI,JN Gillespie,Powerplay,820,468,18,585
ODI,JN Loftie-Eaton,Death,183,189,10,79
ODI,JN Loftie-Eaton,Middle,799,702,22,399
ODI,JN Mohammed,Middle,357,254,7,184
ODI,JNT Seales,Death,237,330,12,72
ODI,JNT Seales,Middle,496,491,11,229
ODI,JNT Seales,Powerplay,721,570,21,482
ODI,JO Holder,Death,989,1387,55,318
ODI,JO Holder,Middle,2335,2087,44,1109
ODI,JO Holder,Powerplay,2875,2208,52,1811
ODI,JO Ngoche,Middle,249,185,3,145
ODI,JOA Gordon,Death,86,134,4,16
ODI,JOA Gordon,Middle,121,110,4,60
ODI,JOA Gordon,Powerplay,263,190,7,162
ODI,JP Behrendorff,Middle,265,245,6,120
ODI,JP Behrendorff,Powerplay,334,256,5,217
ODI,JP Duminy,Death,257,281,12,106
ODI,JP Duminy,Middle,3054,2673,54,1321
ODI,JP Duminy,Powerplay,149,140,1,73
ODI,JP Faulkner,Death,739,866,42,290
ODI,JP Faulkner,Middle,2130,1825,48,1006
ODI,JP Faulkner,Powerplay,337,288,4,200
ODI,JP Greaves,Death,81,120,2,19
ODI,JP Greaves,Middle,379,386,6,186
ODI,JR Hazlewood,Death,662,718,38,265
ODI,JR Hazlewood,Middle,1968,1538,51,1070
ODI,JR Hazlewood,Powerplay,2343,1695,49,1565
ODI,JR Hopes,Death,296,305,8,119
ODI,JR Hopes,Middle,2738,2038,58,1470
ODI,JR Hopes,Powerplay,98,71,0,68
ODI,JR Lennox,Death,68,43,5,35
ODI,JR Lennox,Middle,488,352,17,256
ODI,JS Ababu,Middle,81,75,1,49
ODI,JS Malhotra,Middle,80,47,1,47
ODI,JS Patel,Death,373,402,12,131
ODI,JS Patel,Middle,1367,1066,27,682
ODI,JT Ball,Death,200,284,6,60
ODI,JT Ball,Middle,444,394,12,206
ODI,JT Ball,Powerplay,331,318,3,188
ODI,JT Brassell,Death,87,97,6,42
ODI,JT Brassell,Middle,652,522,16,355
ODI,JT Brassell,Powerplay,202,178,5,121
ODI,JT Smuts,Middle,114,94,1,49
ODI,JW Dernbach,Death,263,325,14,89
ODI,JW Dernbach,Middle,800,823,14,339
ODI,JW Dernbach,Powerplay,219,198,3,130
ODI,JW Hastings,Death,225,216,18,101
ODI,JW Hastings,Middle,916,729,20,461
ODI,JW Hastings,Powerplay,391,326,4,236
ODI,JWM Dalrymple,Death,86,72,2,36
ODI,JWM Dalrymple,Middle,776,600,12,369
ODI,Jahanara Alam,Death,129,147,6,47
ODI,Jahanara Alam,Middle,291,241,7,160
ODI,Jahanara Alam,Powerplay,700,503,9,440
ODI,Jai Prakash Yadav,Middle,186,157,3,98
ODI,Jannatul Ferdus,Middle,172,109,8,94
ODI,Jasdeep Singh,Death,415,567,23,124
ODI,Jasdeep Singh,Middle,1246,969,24,693
ODI,Jasdeep Singh,Powerplay,359,331,4,210
ODI,Jaskaran Singh,Middle,79,68,0,37
ODI,Javeria Khan,Middle,246,212,6,116
ODI,Jay Odedra,Death,61,47,3,36
ODI,Jay Odedra,Middle,776,523,22,466
ODI,Jay Odedra,Powerplay,121,52,3,92
ODI,Jubair Hossain,Middle,115,115,4,51
ODI,Junaid Khan,Death,784,992,36,268
ODI,Junaid Khan,Middle,1130,963,30,551
ODI,Junaid Khan,Powerplay,1664,1266,38,1089
ODI,Junaid Siddique,Death,662,703,30,257
ODI,Junaid Siddique,Middle,1067,905,27,536
ODI,Junaid Siddique,Powerplay,1660,1214,43,1094
ODI,Junaid Siddiqui,Middle,321,253,4,149
ODI,Junaid Zia,Middle,65,54,0,37
ODI,K Bhurtel,Middle,526,442,13,254
ODI,K Birkenstock,Death,74,98,1,23
ODI,K Birkenstock,Middle,162,132,4,77
ODI,K Chigora,Middle,133,122,3,60
ODI,K Chigora,Powerplay,125,101,2,74
ODI,K Fraser,Death,78,75,6,35
ODI,K Fraser,Middle,415,249,11,242
ODI,K Fraser,Powerplay,81,56,1,49
ODI,K Gore,Middle,378,248,9,232
ODI,K Goud,Death,77,104,6,30
ODI,K Goud,Middle,294,275,7,144
ODI,K Goud,Powerplay,429,374,12,263
ODI,K Kavindi,Powerplay,78,61,1,49
ODI,K Klein,Death,207,216,16,83
ODI,K Klein,Middle,371,259,11,218
ODI,K Klein,Powerplay,596,452,18,386
ODI,K Ndlovu,Middle,482,273,11,309
ODI,K Phillip,Powerplay,91,71,1,57
ODI,K Pierre,Death,68,57,0,33
ODI,K Pierre,Middle,326,227,6,178
ODI,K Pierre,Powerplay,123,81,0,73
ODI,K Rabada,Death,908,1015,51,350
ODI,K Rabada,Middle,2174,1724,57,1175
ODI,K Rabada,Powerplay,2438,1916,56,1561
ODI,K Ramharack,Death,254,220,18,122
ODI,K Ramharack,Middle,1833,1390,37,955
ODI,K Ramharack,Powerplay,104,91,1,55
ODI,K Reyneke,Middle,67,72,2,27
ODI,K Sinclair,Middle,312,218,8,158
ODI,K Weeraratne,Middle,66,68,0,28
ODI,KA Jamieson,Death,172,242,10,56
ODI,KA Jamieson,Middle,504,390,8,286
ODI,KA Jamieson,Powerplay,474,366,12,316
ODI,KA Knight,Middle,74,77,2,32
ODI,KA Maharaj,Death,115,128,3,41
ODI,KA Maharaj,Middle,2469,1946,63,1209
ODI,KA Maharaj,Powerplay,204,143,4,119
ODI,KA Pollard,Death,515,595,22,152
ODI,KA Pollard,Middle,1699,1479,32,695
ODI,KAD Hurdle,Middle,189,130,7,115
ODI,KAD Hurdle,Powerplay,281,241,7,155
ODI,KADA Kanchana,Death,131,141,6,43
ODI,KADA Kanchana,Middle,316,295,9,151
ODI,KADA Kanchana,Powerplay,214,177,2,127
ODI,KAJ Roach,Death,685,768,35,256
ODI,KAJ Roach,Middle,1611,1352,37,818
ODI,KAJ Roach,Powerplay,2176,1655,46,1409
ODI,KC Brathwaite,Middle,109,107,1,36
ODI,KC Thompson,Middle,128,68,1,85
ODI,KD Mills,Death,876,1055,51,312
ODI,KD Mills,Middle,2095,1603,61,1180
ODI,KD Mills,Powerplay,3577,2451,79,2398
ODI,KD Shah,Death,62,37,7,32
ODI,KDC Clarke,Middle,121,99,5,57
ODI,KDU Prabodhani,Death,189,268,6,40
ODI,KDU Prabodhani,Middle,450,373,7,209
ODI,KDU Prabodhani,Powerplay,1007,630,15,694
ODI,KE Bryce,Death,79,96,6,22
ODI,KE Bryce,Middle,131,98,5,66
ODI,KE Bryce,Powerplay,162,104,0,115
ODI,KE Ebrahim,Middle,98,63,2,61
ODI,KE Pike,Middle,60,25,3,50
ODI,KH Brunt,Death,498,471,26,212
ODI,KH Brunt,Middle,1163,753,24,663
ODI,KH Brunt,Powerplay,1909,1037,37,1380
ODI,KH Pandya,Middle,216,195,2,97
ODI,KHRK Fernando,Middle,62,36,1,38
ODI,KIC Asalanka,Middle,672,565,12,328
ODI,KJ Abbott,Death,147,156,8,57
ODI,KJ Abbott,Middle,606,500,13,326
ODI,KJ Abbott,Powerplay,583,407,13,401
ODI,KJ Coetzer,Middle,139,88,1,78
ODI,KJ Garth,Death,140,139,10,57
ODI,KJ Garth,Middle,693,493,16,406
ODI,KJ Garth,Powerplay,967,626,28,647
ODI,KJ McCartney,Middle,183,192,4,65
ODI,KJ O'Brien,Death,464,665,21,152
ODI,KJ O'Brien,Middle,1680,1401,27,887
ODI,KJ O'Brien,Powerplay,248,155,4,177
ODI,KK Ahmed,Middle,262,219,12,131
ODI,KK Ahmed,Powerplay,130,167,1,70
ODI,KL Cross,Death,290,295,11,124
ODI,KL Cross,Middle,1718,1216,48,1030
ODI,KL Cross,Powerplay,1191,868,30,793
ODI,KM Beams,Death,167,146,11,81
ODI,KM Beams,Middle,965,603,21,559
ODI,KM Dabengwa,Death,145,146,6,65
ODI,KM Dabengwa,Middle,570,501,6,244
ODI,KM Jadhav,Death,74,98,1,20
ODI,KM Jadhav,Middle,1099,907,25,494
ODI,KM Jarvis,Death,359,459,17,128
ODI,KM Jarvis,Middle,556,436,16,289
ODI,KM Jarvis,Powerplay,1132,857,17,744
ODI,KMA Paul,Death,255,365,16,65
ODI,KMA Paul,Middle,660,582,10,330
ODI,KMA Paul,Powerplay,242,225,2,125
ODI,KMDN Kulasekara,Death,1070,1324,41,341
ODI,KMDN Kulasekara,Middle,2753,2272,62,1492
ODI,KMDN Kulasekara,Powerplay,4377,3196,89,2881
ODI,KO Meth,Death,85,118,1,16
ODI,KO Meth,Middle,133,137,1,60
ODI,KO Meth,Powerplay,182,161,3,103
ODI,KOK Williams,Death,73,62,5,29
ODI,KOK Williams,Middle,223,192,4,114
ODI,KP Meiyappan,Death,142,121,7,63
ODI,KP Meiyappan,Middle,1086,1002,30,528
ODI,KP Pietersen,Middle,352,313,6,159
ODI,KR Mayers,Middle,348,309,6,158
ODI,KR Mayers,Powerplay,320,276,4,185
ODI,KS Airee,Powerplay,62,53,0,38
ODI,KS Gautam,Middle,102,110,1,40
ODI,KS Gautam,Powerplay,152,130,2,85
ODI,KS Lokuarachchi,Death,96,95,6,43
ODI,KS Lokuarachchi,Middle,570,408,10,294
ODI,KS Williamson,Death,266,260,13,110
ODI,KS Williamson,Middle,1215,1046,24,507
ODI,KT Maphaka,Middle,107,130,5,46
ODI,KT Maphaka,Powerplay,90,64,2,55
ODI,KT Sandher,Middle,170,123,5,94
ODI,KTGD Prasad,Death,127,143,6,49
ODI,KTGD Prasad,Middle,577,577,14,282
ODI,KTGD Prasad,Powerplay,267,218,8,166
ODI,KV Morea,Death,119,130,6,42
ODI,KV Morea,Middle,322,214,5,179
ODI,KV Morea,Powerplay,279,175,9,192
ODI,KV Sharma,Middle,102,102,0,58
ODI,KW Richardson,Death,278,241,17,130
ODI,KW Richardson,Middle,662,627,17,299
ODI,KW Richardson,Powerplay,398,383,5,235
ODI,Kabir Ali,Death,135,219,8,35
ODI,Kabir Ali,Middle,380,272,8,222
ODI,Kabir Ali,Powerplay,125,157,2,73
ODI,Kainat Imtiaz,Death,67,112,2,12
ODI,Kainat Imtiaz,Middle,269,252,2,117
ODI,Kainat Imtiaz,Powerplay,115,101,3,68
ODI,Kaleem Sana,Death,351,389,19,135
ODI,Kaleem Sana,Middle,368,287,9,209
ODI,Kaleem Sana,Powerplay,922,549,22,636
ODI,Kaleemullah,Death,136,212,6,43
ODI,Kaleemullah,Middle,617,476,11,348
ODI,Kaleemullah,Powerplay,1284,781,24,920
ODI,Kamran Hussain,Powerplay,61,31,2,45
ODI,Kamran Shazad,Powerplay,62,69,1,36
ODI,Karan KC,Death,631,781,42,231
ODI,Karan KC,Middle,981,781,21,550
ODI,Karan KC,Powerplay,1623,1144,43,1090
ODI,Kashif Daud,Death,92,129,4,22
ODI,Kashif Daud,Middle,151,110,2,76
ODI,Kashif Daud,Powerplay,433,256,10,311
ODI,Khadija Tul Kubra,Death,61,46,3,39
ODI,Khadija Tul Kubra,Middle,485,322,10,297
ODI,Khadija Tul Kubra,Powerplay,91,68,2,61
ODI,Khaled Ahmed,Middle,60,52,1,33
ODI,Khaled Mahmud,Death,147,216,4,28
ODI,Khaled Mahmud,Middle,962,705,17,530
ODI,Khaled Mahmud,Powerplay,118,126,1,61
ODI,Khawar Ali,Death,300,274,13,125
ODI,Khawar Ali,Middle,1243,942,26,640
ODI,Khurram Chohan,Death,96,126,9,27
ODI,Khurram Chohan,Middle,171,150,4,91
ODI,Khurram Chohan,Powerplay,259,168,6,178
ODI,Khurram Khan,Middle,115,120,0,32
ODI,Khushdil Shah,Death,76,97,1,20
ODI,Khushdil Shah,Middle,254,238,3,104
ODI,Khuzaima Tanveer,Middle,92,81,1,45
ODI,Khuzaima Tanveer,Powerplay,106,86,5,68
ODI,Krishna Chandran,Middle,193,183,0,85
ODI,Kuldeep Yadav,Death,633,642,36,286
ODI,Kuldeep Yadav,Middle,5311,4420,152,2623
ODI,Kuldeep Yadav,Powerplay,78,79,3,44
ODI,Kushal Malla,Death,84,84,1,29
ODI,Kushal Malla,Middle,912,598,20,509
ODI,Kushal Malla,Powerplay,91,100,1,50
ODI,L Balaji,Death,107,162,6,33
ODI,L Balaji,Middle,515,419,15,282
ODI,L Balaji,Powerplay,383,347,4,226
ODI,L Cheatle,Middle,76,62,2,37
ODI,L Cheatle,Powerplay,65,67,0,38
ODI,L Delany,Death,185,167,4,83
ODI,L Delany,Middle,1047,786,17,515
ODI,L Filer,Death,100,104,6,40
ODI,L Filer,Middle,494,396,12,257
ODI,L Filer,Powerplay,446,346,15,280
ODI,L Gregory,Powerplay,76,54,2,53
ODI,L Jones,Middle,61,53,1,24
ODI,L Klusener,Middle,430,343,11,222
ODI,L Little,Middle,363,332,5,168
ODI,L Little,Powerplay,103,105,0,48
ODI,L Mabhero,Middle,496,372,8,249
ODI,L McCarthy,Middle,104,104,2,56
ODI,L Ngidi,Death,487,632,32,167
ODI,L Ngidi,Middle,1314,1227,39,598
ODI,L Ngidi,Powerplay,1546,1361,36,955
ODI,L Paul,Death,71,54,3,37
ODI,L Paul,Middle,387,356,3,157
ODI,L Paul,Powerplay,90,46,0,57
ODI,L Phiri,Middle,292,229,5,141
ODI,L Siaka,Middle,190,148,3,96
ODI,L Sipamla,Middle,75,80,0,37
ODI,L Sipamla,Powerplay,67,47,1,40
ODI,L Tshuma,Middle,761,574,20,405
ODI,LA Dawson,Death,73,70,3,27
ODI,LA Dawson,Middle,338,306,6,152
ODI,LA Marsh,Death,173,145,8,82
ODI,LA Marsh,Middle,1833,1233,38,1074
ODI,LA McBride,Middle,146,109,3,71
ODI,LB Williams,Death,61,70,5,20
ODI,LB Williams,Middle,201,213,5,95
ODI,LB Williams,Powerplay,170,123,6,114
ODI,LC Sthalekar,Middle,364,221,6,228
ODI,LCN Smith,Death,92,121,5,35
ODI,LCN Smith,Middle,303,196,10,170
ODI,LCN Smith,Powerplay,188,105,7,134
ODI,LD Madushanka,Middle,81,85,2,28
ODI,LE Kaushalya,Middle,264,207,1,131
ODI,LE Kaushalya,Powerplay,265,188,8,174
ODI,LE Plunkett,Death,723,809,44,268
ODI,LE Plunkett,Middle,2851,2545,72,1351
ODI,LE Plunkett,Powerplay,592,564,15,320
ODI,LH Ferguson,Death,620,681,31,249
ODI,LH Ferguson,Middle,2302,2052,54,1205
ODI,LH Ferguson,Powerplay,436,397,7,271
ODI,LHD Dilhara,Middle,69,60,2,30
ODI,LJ Burger,Death,64,97,2,11
ODI,LJ Burger,Middle,242,174,4,136
ODI,LJ Robertson,Middle,61,52,6,34
ODI,LJ Woodcock,Middle,139,129,0,62
ODI,LJ Wright,Death,102,127,5,38
ODI,LJ Wright,Middle,941,775,10,457
ODI,LK Bell,Death,225,260,9,90
ODI,LK Bell,Middle,524,474,15,245
ODI,LK Bell,Powerplay,921,715,25,569
ODI,LK O'Reilly,Middle,89,79,0,40
ODI,LL Tsotsobe,Death,277,250,18,127
ODI,LL Tsotsobe,Middle,1110,1032,33,547
ODI,LL Tsotsobe,Powerplay,1601,1078,43,1106
ODI,LM Jongwe,Death,210,301,8,54
ODI,LM Jongwe,Middle,650,562,11,307
ODI,LM Jongwe,Powerplay,266,220,5,171
ODI,LM Kasperek,Death,302,243,16,144
ODI,LM Kasperek,Middle,1109,736,33,636
ODI,LM Kasperek,Powerplay,211,112,3,146
ODI,LMM Tahuhu,Death,467,445,24,211
ODI,LMM Tahuhu,Middle,1696,1252,39,941
ODI,LMM Tahuhu,Powerplay,1338,979,35,871
ODI,LMP Simmons,Middle,145,153,1,47
ODI,LN McCarthy,Middle,139,70,2,93
ODI,LN McCarthy,Powerplay,125,75,0,83
ODI,LN Onyango,Middle,162,127,4,107
ODI,LN Rajbanshi,Death,189,183,10,75
ODI,LN Rajbanshi,Middle,1595,1001,38,978
ODI,LN Rajbanshi,Powerplay,544,348,11,362
ODI,LN Roche,Middle,142,157,2,53
ODI,LR Doolan,Middle,134,121,1,71
ODI,LR Morris,Middle,95,66,4,56
ODI,LS Baker,Middle,108,77,3,65
ODI,LS Baker,Powerplay,118,91,2,75
ODI,LS Livingstone,Death,84,127,4,23
ODI,LS Livingstone,Middle,808,811,18,346
ODI,LV van Beek,Death,373,501,16,122
ODI,LV van Beek,Middle,826,621,19,440
ODI,LV van Beek,Powerplay,752,599,19,489
ODI,Lata Mondal,Middle,122,93,0,65
ODI,M Daniels,Death,135,138,7,59
ODI,M Daniels,Middle,643,378,6,408
ODI,M Daniels,Powerplay,253,146,6,173
ODI,M Dillon,Death,115,149,3,28
ODI,M Dillon,Middle,340,262,4,193
ODI,M Dillon,Powerplay,525,326,16,349
ODI,M Faraz Akram,Middle,103,77,3,50
ODI,M Heingo,Middle,126,144,0,53
ODI,M Jansen,Death,261,333,15,94
ODI,M Jansen,Middle,593,616,10,290
ODI,M Jansen,Powerplay,760,701,23,459
ODI,M Joshi,Death,67,74,4,24
ODI,M Joshi,Middle,173,92,5,118
ODI,M Joshi,Powerplay,297,200,7,213
ODI,M Kapp,Death,863,840,34,343
ODI,M Kapp,Middle,1711,1223,36,971
ODI,M Kapp,Powerplay,2661,1447,71,1878
ODI,M Kartik,Death,113,124,4,39
ODI,M Kartik,Middle,1102,917,24,543
ODI,M Klaas,Death,543,593,28,226
ODI,M Klaas,Middle,1858,1444,36,1065
ODI,M Klaas,Powerplay,786,587,16,491
ODI,M Labuschagne,Death,88,103,8,32
ODI,M Labuschagne,Middle,271,284,3,110
ODI,M Levitt,Middle,429,327,9,237
ODI,M Madara,Death,99,104,7,38
ODI,M Madara,Middle,168,163,0,67
ODI,M Madara,Powerplay,359,242,7,228
ODI,M Mani,Middle,93,86,1,35
ODI,M Mavunga,Middle,88,74,0,39
ODI,M Morkel,Death,972,1075,61,404
ODI,M Morkel,Middle,3274,2523,88,1833
ODI,M Morkel,Powerplay,1702,1265,38,1086
ODI,M Muralitharan,Death,1126,992,39,540
ODI,M Muralitharan,Middle,5609,3640,146,3085
ODI,M Muralitharan,Powerplay,117,87,5,76
ODI,M Ntini,Death,739,850,44,291
ODI,M Ntini,Middle,1536,1116,40,884
ODI,M Ntini,Powerplay,2260,1616,57,1507
ODI,M Pathirana,Death,87,132,5,26
ODI,M Pathirana,Middle,331,337,10,138
ODI,M Prasidh Krishna,Death,240,280,14,99
ODI,M Prasidh Krishna,Middle,739,685,25,394
ODI,M Prasidh Krishna,Powerplay,330,332,6,203
ODI,M Smit,Middle,145,135,3,54
ODI,M Spoors,Middle,72,70,1,26
ODI,M Theekshana,Death,251,231,13,104
ODI,M Theekshana,Middle,1571,1132,45,828
ODI,M Theekshana,Powerplay,744,519,17,472
ODI,M Tom,Powerplay,94,48,0,62
ODI,M Zondeki,Middle,252,205,4,152
ODI,M Zondeki,Powerplay,84,78,3,48
ODI,M de Lange,Middle,110,81,5,64
ODI,M de Lange,Powerplay,79,71,1,49
ODI,M van Lingen,Middle,75,65,1,33
ODI,MA Abbas,Middle,91,75,2,39
ODI,MA Aponso,Middle,280,235,3,137
ODI,MA Aponso,Powerplay,97,103,4,52
ODI,MA Leask,Death,223,219,10,106
ODI,MA Leask,Middle,2289,1886,59,1143
ODI,MA Leask,Powerplay,87,74,0,58
ODI,MA Starc,Death,1079,1148,68,461
ODI,MA Starc,Middle,2993,2503,87,1539
ODI,MA Starc,Powerplay,2694,2178,84,1700
ODI,MA Suji,Middle,193,100,3,134
ODI,MA Suji,Powerplay,311,227,6,211
ODI,MA Wood,Death,672,739,24,226
ODI,MA Wood,Middle,1545,1366,30,769
ODI,MA Wood,Powerplay,1160,1026,21,699
ODI,MADI Hemantha,Middle,158,143,2,68
ODI,MBS Jonkman,Powerplay,85,62,2,56
ODI,MC Henriques,Middle,340,269,5,171
ODI,MC Sorensen,Death,88,112,4,28
ODI,MC Sorensen,Middle,190,177,4,99
ODI,MC Sorensen,Powerplay,189,165,4,107
ODI,MD Botha,Middle,244,140,12,144
ODI,MD Dai,Middle,442,303,10,255
ODI,MD Dai,Powerplay,73,63,0,44
ODI,MD Gunathilaka,Middle,393,362,8,168
ODI,MD Shanaka,Middle,722,623,18,320
ODI,MD Shanaka,Powerplay,178,165,1,97
ODI,MDK Perera,Middle,362,291,9,174
ODI,MDK Perera,Powerplay,68,92,2,34
ODI,ME Sanuth,Middle,61,61,0,34
ODI,ME Trescothick,Middle,143,132,2,66
ODI,MEC de Fouw,Middle,116,67,3,77
ODI,MEK Hussey,Middle,206,184,1,104
ODI,MEMO Scott-Hayward,Middle,113,99,1,58
ODI,MF Maharoof,Death,354,404,17,133
ODI,MF Maharoof,Middle,2513,1915,66,1420
ODI,MF Maharoof,Powerplay,1044,794,27,659
ODI,MG Bracewell,Death,167,217,5,54
ODI,MG Bracewell,Middle,1694,1323,35,869
ODI,MG Bracewell,Powerplay,102,74,6,60
ODI,MG Erasmus,Death,280,286,7,109
ODI,MG Erasmus,Middle,1515,1097,44,885
ODI,MG Erasmus,Powerplay,133,124,2,80
ODI,MG Johnson,Death,1159,1214,57,497
ODI,MG Johnson,Middle,4349,3264,116,2390
ODI,MG Johnson,Powerplay,2029,1499,53,1300
ODI,MG Neser,Middle,103,98,2,49
ODI,MG Neser,Powerplay,91,69,1,62
ODI,MH Yardy,Death,160,174,2,59
ODI,MH Yardy,Middle,1099,845,16,518
ODI,MJ Clarke,Death,277,250,11,115
ODI,MJ Clarke,Middle,1981,1616,40,836
ODI,MJ Fisher,Middle,76,53,2,42
ODI,MJ Fourie,Powerplay,62,33,0,46
ODI,MJ Guptill,Middle,83,84,0,34
ODI,MJ Henry,Death,755,962,48,255
ODI,MJ Henry,Middle,1840,1649,48,938
ODI,MJ Henry,Powerplay,2390,1683,75,1627
ODI,MJ Hoggard,Death,95,123,1,33
ODI,MJ Hoggard,Middle,173,167,1,80
ODI,MJ Hoggard,Powerplay,203,178,4,117
ODI,MJ Humphreys,Middle,211,184,1,105
ODI,MJ Mason,Death,90,91,2,30
ODI,MJ Mason,Middle,492,425,13,272
ODI,MJ Mason,Powerplay,388,310,9,253
ODI,MJ McClenaghan,Death,443,536,35,167
ODI,MJ McClenaghan,Middle,1321,1236,29,633
ODI,MJ McClenaghan,Powerplay,675,578,18,417
ODI,MJ Potts,Middle,146,111,7,80
ODI,MJ Potts,Powerplay,230,243,5,125
ODI,MJ Santner,Death,820,829,31,327
ODI,MJ Santner,Middle,5112,3858,101,2651
ODI,MJ Santner,Powerplay,253,188,4,147
ODI,MJ Swepson,Middle,152,159,2,61
ODI,MJG Nielsen,Middle,505,313,15,320
ODI,MJG Nielsen,Powerplay,213,147,3,138
ODI,MJG Rippon,Middle,230,191,7,117
ODI,MK Tiwary,Middle,105,112,2,52
ODI,MK Villiers,Middle,204,162,8,95
ODI,MKDI Amerasinghe,Death,73,76,3,23
ODI,MKDI Amerasinghe,Middle,269,201,6,158
ODI,MKGCP Lakshitha,Middle,60,55,0,27
ODI,ML Cummins,Middle,256,277,6,104
ODI,ML Cummins,Powerplay,115,100,1,73
ODI,ML Green,Middle,103,99,0,41
ODI,ML Lewis,Middle,171,181,2,84
ODI,ML Nkala,Death,70,107,2,15
ODI,ML Nkala,Middle,213,183,2,105
ODI,ML Schutt,Death,643,632,34,249
ODI,ML Schutt,Middle,1412,1057,39,759
ODI,ML Schutt,Powerplay,2322,1457,52,1623
ODI,MM Ali,Death,216,298,4,64
ODI,MM Ali,Middle,5494,4817,97,2427
ODI,MM Ali,Powerplay,225,188,10,119
ODI,MM Letsoalo,Death,112,83,7,73
ODI,MM Letsoalo,Middle,734,392,13,519
ODI,MM Patel,Death,513,632,31,176
ODI,MM Patel,Middle,1587,1186,35,900
ODI,MM Patel,Powerplay,1088,796,19,726
ODI,MM Penfold,Death,63,63,2,30
ODI,MM Penfold,Middle,396,288,10,213
ODI,MM Penfold,Powerplay,167,142,2,92
ODI,MM Sharma,Death,171,235,10,53
ODI,MM Sharma,Middle,550,440,12,300
ODI,MM Sharma,Powerplay,432,358,9,275
ODI,MN Samuels,Death,626,611,17,268
ODI,MN Samuels,Middle,2946,2256,36,1440
ODI,MN Samuels,Powerplay,120,85,4,73
ODI,MN Waller,Death,73,66,2,33
ODI,MN Waller,Middle,507,431,7,220
ODI,MO Jones,Middle,128,121,2,56
ODI,MO Jones,Powerplay,139,130,4,83
ODI,MO Odumbe,Death,73,70,4,30
ODI,MO Odumbe,Middle,291,237,3,138
ODI,MP Kuhnemann,Middle,302,216,8,159
ODI,MP Kuhnemann,Powerplay,108,75,3,69
ODI,MP O'Dowd,Middle,126,142,1,63
ODI,MP Stoinis,Death,316,457,18,100
ODI,MP Stoinis,Middle,1520,1431,24,648
ODI,MP Stoinis,Powerplay,237,179,4,141
ODI,MP Vaughan,Death,109,94,5,44
ODI,MP Vaughan,Middle,413,335,4,176
ODI,MR Adair,Death,499,669,30,155
ODI,MR Adair,Middle,711,634,10,339
ODI,MR Adair,Powerplay,1138,876,21,740
ODI,MR Corteen-Coleman,Middle,153,127,2,67
ODI,MR Gillespie,Death,266,347,12,74
ODI,MR Gillespie,Middle,777,628,13,485
ODI,MR Gillespie,Powerplay,299,246,3,200
ODI,MR Marsh,Death,229,289,10,82
ODI,MR Marsh,Middle,1844,1599,42,888
ODI,MR Marsh,Powerplay,184,159,5,104
ODI,MR Meshram,Middle,86,51,0,52
ODI,MR Swart,Middle,66,56,1,29
ODI,MR Swart,Powerplay,60,38,0,34
ODI,MRJ Watt,Death,596,578,16,255
ODI,MRJ Watt,Middle,3285,2248,77,1870
ODI,MRJ Watt,Powerplay,482,300,15,331
ODI,MS Kasprowicz,Death,138,158,9,51
ODI,MS Kasprowicz,Middle,617,365,21,400
ODI,MS Kasprowicz,Powerplay,128,64,1,97
ODI,MS Panesar,Death,151,146,4,77
ODI,MS Panesar,Middle,1157,845,20,629
ODI,MS Tshabalala,Middle,156,152,3,75
ODI,MT Renshaw,Middle,205,168,6,103
ODI,MVT Fernando,Middle,99,118,1,35
ODI,MVT Fernando,Powerplay,180,187,4,101
ODI,MW Forde,Death,153,189,6,45
ODI,MW Forde,Middle,242,225,7,125
ODI,MW Forde,Powerplay,516,440,14,336
ODI,MW Machan,Middle,178,168,2,60
ODI,MW Parkinson,Middle,176,160,5,83
ODI,MW Short,Middle,354,323,4,158
ODI,Maham Tariq,Powerplay,112,94,0,68
ODI,Mahbubul Alam,Powerplay,132,142,4,82
ODI,Mahedi Hasan,Death,99,126,8,34
ODI,Mahedi Hasan,Middle,434,313,6,231
ODI,Mahedi Hasan,Powerplay,61,39,1,42
ODI,Mahmudullah,Death,385,475,20,120
ODI,Mahmudullah,Middle,3646,3098,54,1630
ODI,Manjural Islam,Powerplay,152,99,2,105
ODI,Manjural Islam Rana,Death,69,56,3,35
ODI,Manjural Islam Rana,Middle,529,371,9,296
ODI,Marufa Akter,Death,81,101,4,30
ODI,Marufa Akter,Middle,331,280,7,165
ODI,Marufa Akter,Powerplay,836,572,18,558
ODI,Mashrafe Mortaza,Death,1439,1851,79,444
ODI,Mashrafe Mortaza,Middle,3029,2479,60,1551
ODI,Mashrafe Mortaza,Powerplay,4288,3111,70,2733
ODI,Meghna Singh,Death,76,80,3,26
ODI,Meghna Singh,Middle,240,217,7,123
ODI,Meghna Singh,Powerplay,437,306,6,292
ODI,Mehedi Hasan Miraz,Death,311,328,13,106
ODI,Mehedi Hasan Miraz,Middle,3990,3148,87,1962
ODI,Mehedi Hasan Miraz,Powerplay,971,732,14,600
ODI,Mehrab Hossain jnr,Middle,132,104,2,45
ODI,Milind Kumar,Death,119,112,6,57
ODI,Milind Kumar,Middle,745,528,20,410
ODI,Milind Kumar,Powerplay,147,106,6,87
ODI,Mohammad Aadil Alam,Middle,234,129,3,153
ODI,Mohammad Abbas,Middle,63,54,0,22
ODI,Mohammad Abbas,Powerplay,74,73,0,40
ODI,Mohammad Amir,Death,589,690,30,194
ODI,Mohammad Amir,Middle,894,664,19,485
ODI,Mohammad Amir,Powerplay,1548,1078,32,997
ODI,Mohammad Ashraful,Middle,356,305,8,160
ODI,Mohammad Asif,Death,239,282,8,93
ODI,Mohammad Asif,Middle,562,414,8,328
ODI,Mohammad Asif,Powerplay,950,677,25,636
ODI,Mohammad Hafeez,Death,551,513,16,226
ODI,Mohammad Hafeez,Middle,5834,3941,95,2939
ODI,Mohammad Hafeez,Powerplay,918,627,17,571
ODI,Mohammad Hasnain,Death,122,188,3,33
ODI,Mohammad Hasnain,Middle,405,407,10,177
ODI,Mohammad Hasnain,Powerplay,218,186,4,141
ODI,Mohammad Irfan,Death,459,558,14,168
ODI,Mohammad Irfan,Middle,1191,911,29,634
ODI,Mohammad Irfan,Powerplay,1564,1149,40,1027
ODI,Mohammad Kashif,Middle,96,86,5,68
ODI,Mohammad Khalil,Middle,127,119,4,59
ODI,Mohammad Mohsin,Middle,78,85,1,30
ODI,Mohammad Nadeem,Death,121,143,4,46
ODI,Mohammad Nadeem,Middle,613,512,13,314
ODI,Mohammad Nadeem,Powerplay,91,107,2,46
ODI,Mohammad Naveed,Death,276,344,12,96
ODI,Mohammad Naveed,Middle,440,446,13,194
ODI,Mohammad Naveed,Powerplay,843,594,20,555
ODI,Mohammad Nawaz,Death,85,107,4,32
ODI,Mohammad Nawaz,Middle,1139,954,23,550
ODI,Mohammad Nawaz,Powerplay,84,71,0,42
ODI,Mohammad Nawaz (3),Middle,609,532,15,293
ODI,Mohammad Rafique,Death,486,491,18,186
ODI,Mohammad Rafique,Middle,2401,1657,31,1344
ODI,Mohammad Saifuddin,Death,333,406,19,86
ODI,Mohammad Saifuddin,Middle,651,597,14,307
ODI,Mohammad Saifuddin,Powerplay,348,296,8,208
ODI,Mohammad Sami,Death,508,599,16,176
ODI,Mohammad Sami,Middle,922,700,32,516
ODI,Mohammad Sami,Powerplay,1117,757,19,730
ODI,Mohammad Shahzad,Middle,104,69,3,60
ODI,Mohammad Talha,Middle,117,123,4,56
ODI,Mohammad Tauqir,Middle,346,291,7,165
ODI,Mohammad Wasim,Death,226,279,15,83
ODI,Mohammad Wasim,Middle,815,691,21,407
ODI,Mohammad Wasim,Powerplay,226,216,7,132
ODI,Mohammed Qasim,Middle,78,43,2,48
ODI,Mohammed Shami,Death,1161,1501,76,421
ODI,Mohammed Shami,Middle,1888,1723,72,950
ODI,Mohammed Shami,Powerplay,2342,1787,52,1537
ODI,Mohammed Siraj,Death,362,445,13,129
ODI,Mohammed Siraj,Middle,699,607,21,365
ODI,Mohammed Siraj,Powerplay,1210,875,42,838
ODI,Momina Riasat,Middle,143,105,4,94
ODI,Mominul Haque,Middle,133,119,5,66
ODI,Mosaddek Hossain,Death,94,84,6,38
ODI,Mosaddek Hossain,Middle,1003,871,8,451
ODI,Mosharraf Hossain,Middle,140,120,1,64
ODI,Mudassar Bukhari,Middle,178,170,5,87
ODI,Mudassar Bukhari,Powerplay,373,282,5,238
ODI,Muhammad Farooq,Middle,81,68,0,43
ODI,Muhammad Jawadullah,Death,86,98,2,29
ODI,Muhammad Jawadullah,Middle,457,387,14,235
ODI,Muhammad Jawadullah,Powerplay,218,239,4,123
ODI,Muhammad Musa,Middle,74,74,0,37
ODI,Muhammad Rohid,Middle,66,65,0,32
ODI,Muhammad Rohid,Powerplay,80,51,2,52
ODI,Muhammad Shahdad,Middle,181,166,4,74
ODI,Muhammed Imran,Middle,82,72,5,46
ODI,Muhammed Imran,Powerplay,134,101,3,85
ODI,Mujibur Ali,Middle,243,196,3,116
ODI,Mukesh Kumar,Middle,88,89,1,47
ODI,Mukesh Kumar,Powerplay,155,124,4,104
ODI,Munir Dar,Middle,96,71,0,44
ODI,Mushfiqur Rahman,Middle,348,294,2,194
ODI,Mushfiqur Rahman,Powerplay,298,199,6,200
ODI,Mustafizur Rahman,Death,1140,1207,66,465
ODI,Mustafizur Rahman,Middle,2777,2265,69,1462
ODI,Mustafizur Rahman,Powerplay,1576,1232,39,997
ODI,Muzahir Raza,Powerplay,100,45,2,75
ODI,N Boje,Middle,875,659,14,450
ODI,N Boochatham,Death,77,84,1,29
ODI,N Boochatham,Middle,233,137,4,143
ODI,N Boochatham,Powerplay,279,157,7,191
ODI,N Burger,Death,83,118,5,30
ODI,N Burger,Middle,203,169,5,101
ODI,N Burger,Powerplay,310,303,11,186
ODI,N David,Middle,73,16,3,64
ODI,N Deonarine,Middle,348,329,1,131
ODI,N Dutta,Middle,186,128,2,88
ODI,N Gwanzura,Middle,65,47,3,35
ODI,N Ifill,Middle,70,73,0,28
ODI,N M'shangwe,Middle,201,141,0,110
ODI,N Madziva,Death,117,208,7,16
ODI,N Madziva,Middle,77,47,2,41
ODI,N Madziva,Powerplay,226,162,4,142
ODI,N Mlaba,Death,358,323,20,165
ODI,N Mlaba,Middle,2152,1751,41,1125
ODI,N Mlaba,Powerplay,117,68,3,84
ODI,N Mokoena,Middle,76,47,1,46
ODI,N Niranjana,Middle,219,172,7,127
ODI,N Niranjana,Powerplay,210,124,2,142
ODI,N Peter,Middle,136,134,3,64
ODI,N Pokana,Death,183,174,12,78
ODI,N Pokana,Middle,173,118,2,96
ODI,N Pokana,Powerplay,465,272,12,317
ODI,N Pooran,Middle,148,138,6,58
ODI,N Pradeep,Death,460,721,21,119
ODI,N Pradeep,Middle,1061,967,29,509
ODI,N Pradeep,Powerplay,781,632,8,485
ODI,N Shangase,Death,60,50,2,29
ODI,N Shangase,Middle,678,625,13,307
ODI,N Shree Charani,Death,164,210,8,59
ODI,N Shree Charani,Middle,884,791,19,419
ODI,N Sibanda,Death,148,171,6,55
ODI,N Sibanda,Middle,366,285,4,183
ODI,N Sibanda,Powerplay,587,390,6,372
ODI,N Vanua,Death,483,571,17,175
ODI,N Vanua,Middle,1014,734,16,557
ODI,N Vanua,Powerplay,726,575,18,455
ODI,N de Klerk,Death,486,567,30,187
ODI,N de Klerk,Middle,1631,1243,36,892
ODI,N de Klerk,Powerplay,486,418,8,298
ODI,NB Mahwire,Middle,105,62,2,67
ODI,NB Mahwire,Powerplay,228,147,3,147
ODI,NE Bonner,Middle,67,56,1,26
ODI,NE Farrant,Middle,83,67,2,48
ODI,NE Farrant,Powerplay,106,78,1,67
ODI,NG Jones,Middle,151,82,4,91
ODI,NG Smith,Death,90,104,4,30
ODI,NG Smith,Middle,504,527,14,250
ODI,NG Smith,Powerplay,246,250,6,148
ODI,NGRP Jayasuriya,Middle,96,95,0,42
ODI,NH Patel,Middle,237,150,5,137
ODI,NJ Astle,Death,94,110,2,29
ODI,NJ Astle,Middle,304,229,4,143
ODI,NJ Browne,Middle,128,125,1,63
ODI,NJ Carey,Death,208,185,6,91
ODI,NJ Carey,Middle,608,396,13,339
ODI,NJ Carey,Powerplay,62,48,1,38
ODI,NJ Shaw,Middle,110,34,2,86
ODI,NK Patel,Death,184,156,6,94
ODI,NK Patel,Middle,1356,1037,33,704
ODI,NK Yadav,Middle,178,150,3,92
ODI,NK Yadav,Powerplay,166,132,5,101
ODI,NL McCullum,Death,223,270,11,85
ODI,NL McCullum,Middle,3057,2462,49,1454
ODI,NL McCullum,Powerplay,290,239,3,170
ODI,NLTC Perera,Death,751,1113,50,236
ODI,NLTC Perera,Middle,4090,3682,94,1933
ODI,NLTC Perera,Powerplay,935,837,20,559
ODI,NM Coulter-Nile,Death,287,379,15,103
ODI,NM Coulter-Nile,Middle,823,668,26,430
ODI,NM Coulter-Nile,Powerplay,560,491,11,351
ODI,NM Hauritz,Death,135,151,6,56
ODI,NM Hauritz,Middle,2267,1767,47,1057
ODI,NM Lyon,Death,129,129,2,51
ODI,NM Lyon,Middle,1388,1119,24,688
ODI,NM Lyon,Powerplay,123,111,3,67
ODI,NM Meepage,Middle,121,95,2,62
ODI,NM Meepage,Powerplay,91,35,1,76
ODI,NN Odhiambo,Death,164,241,9,47
ODI,NN Odhiambo,Middle,530,425,9,334
ODI,NN Odhiambo,Powerplay,242,217,3,138
ODI,NND de Silva,Middle,229,189,1,118
ODI,NND de Silva,Powerplay,95,70,1,58
ODI,NO Miller,Death,167,190,4,59
ODI,NO Miller,Middle,1517,1199,27,747
ODI,NP Kenjige,Death,203,188,12,96
ODI,NP Kenjige,Middle,2245,1633,41,1236
ODI,NP Kenjige,Powerplay,502,253,8,348
ODI,NR Kirton,Middle,140,122,3,65
ODI,NR Sciver,Death,364,403,12,116
ODI,NR Sciver,Middle,1621,1157,35,898
ODI,NR Sciver,Powerplay,484,299,9,329
ODI,NR Sciver-Brunt,Death,117,130,5,36
ODI,NR Sciver-Brunt,Middle,622,466,14,345
ODI,NR Sciver-Brunt,Powerplay,211,139,4,138
ODI,NT Ellis,Death,201,224,8,82
ODI,NT Ellis,Middle,629,493,15,304
ODI,NT Ellis,Powerplay,297,247,9,175
ODI,NT Nyamhuri,Middle,127,104,3,68
ODI,NW Bracken,Death,879,999,51,309
ODI,NW Bracken,Middle,1856,1308,44,1037
ODI,NW Bracken,Powerplay,2360,1485,59,1623
ODI,Nadeem Ahmed,Death,97,98,2,43
ODI,Nadeem Ahmed,Middle,590,382,18,374
ODI,Nadeem Ahmed,Powerplay,206,175,5,137
ODI,Nadeem Khan,Middle,212,149,6,110
ODI,Naeem Islam,Death,120,135,5,42
ODI,Naeem Islam,Middle,1186,943,25,553
ODI,Naeem Islam,Powerplay,116,81,1,67
ODI,Nahid Rana,Death,78,81,3,38
ODI,Nahid Rana,Middle,525,360,20,306
ODI,Nahid Rana,Powerplay,153,138,7,103
ODI,Nahida Akter,Death,343,346,17,131
ODI,Nahida Akter,Middle,1535,911,40,908
ODI,Nahida Akter,Powerplay,636,396,12,440
ODI,Najeeb Amar,Middle,108,65,2,60
ODI,Nanthita Boonsukham,Middle,74,44,3,44
ODI,Naseem Shah,Death,318,396,25,100
ODI,Naseem Shah,Middle,595,505,15,296
ODI,Naseem Shah,Powerplay,776,655,18,470
ODI,Nashra Sandhu,Death,601,605,33,248
ODI,Nashra Sandhu,Middle,3386,2358,75,1938
ODI,Nashra Sandhu,Powerplay,328,216,6,211
ODI,Nasir Aziz,Middle,132,100,1,66
ODI,Nasir Hossain,Death,121,125,7,54
ODI,Nasir Hossain,Middle,1025,781,14,502
ODI,Nasir Hossain,Powerplay,102,84,3,58
ODI,Nasum Ahmed,Middle,582,439,12,307
ODI,Nasum Ahmed,Powerplay,242,160,5,170
ODI,Navdeep Saini,Death,98,154,4,31
ODI,Navdeep Saini,Middle,208,198,2,91
ODI,Navdeep Saini,Powerplay,129,133,0,77
ODI,Naved-ul-Hasan,Death,572,631,41,205
ODI,Naved-ul-Hasan,Middle,1013,918,11,543
ODI,Naved-ul-Hasan,Powerplay,1404,1092,34,887
ODI,Nazmul Hossain,Death,152,235,9,37
ODI,Nazmul Hossain,Middle,421,349,5,228
ODI,Nazmul Hossain,Powerplay,559,392,14,382
ODI,Nazmul Islam,Middle,151,127,3,78
ODI,Nestor Dhamba,Middle,295,197,11,160
ODI,Nida Dar,Death,420,431,15,178
ODI,Nida Dar,Middle,2265,1619,36,1268
ODI,Nida Dar,Powerplay,232,174,5,139
ODI,Nishita Akter Nishi,Middle,188,101,4,116
ODI,Nishita Akter Nishi,Powerplay,90,85,0,51
ODI,Nithish Kumar Reddy,Middle,91,107,0,25
ODI,Nizakat Khan,Middle,103,87,3,50
ODI,O Bell,Middle,174,103,1,118
ODI,O Bell,Powerplay,90,39,1,68
ODI,O Chare,Middle,176,155,4,75
ODI,O Davidson,Middle,337,265,5,183
ODI,O Jones,Middle,66,56,0,33
ODI,O Kamchomphu,Death,93,82,4,50
ODI,O Kamchomphu,Middle,579,305,22,378
ODI,O Kirsten,Middle,143,97,4,87
ODI,O Prendergast,Death,184,233,7,76
ODI,O Prendergast,Middle,330,300,3,162
ODI,O Prendergast,Powerplay,931,643,20,600
ODI,O Thomas,Death,142,206,7,50
ODI,O Thomas,Middle,526,519,15,264
ODI,O Thomas,Powerplay,263,273,8,148
ODI,OA Shah,Middle,175,154,6,65
ODI,OAC Banks,Middle,92,54,4,51
ODI,OEG Baartman,Middle,193,174,7,103
ODI,OF Smith,Middle,237,211,6,127
ODI,OP Stone,Death,68,84,3,26
ODI,OP Stone,Middle,189,176,5,94
ODI,OP Stone,Powerplay,146,151,1,85
ODI,OU Ranasinghe,Death,114,114,11,40
ODI,OU Ranasinghe,Middle,708,615,14,317
ODI,OU Ranasinghe,Powerplay,329,289,8,170
ODI,P Jayawickrama,Middle,153,140,4,60
ODI,P Khadka,Middle,237,138,3,145
ODI,P Kumar,Death,442,597,17,110
ODI,P Kumar,Middle,1146,987,19,565
ODI,P Kumar,Powerplay,1749,1274,41,1151
ODI,P Marange,Middle,483,338,9,272
ODI,P Marange,Powerplay,88,56,1,53
ODI,P Maya,Middle,169,128,5,89
ODI,P Maya,Powerplay,327,230,10,209
ODI,P Sarraf,Middle,267,199,3,138
ODI,P Siaka,Death,81,41,9,45
ODI,P Siaka,Middle,346,166,8,232
ODI,P Siaka,Powerplay,74,39,1,51
ODI,P Subrayen,Middle,181,167,4,75
ODI,P Utseya,Death,594,597,21,234
ODI,P Utseya,Middle,5273,3974,66,2613
ODI,P Utseya,Powerplay,347,255,4,224
ODI,P Vastrakar,Death,206,244,12,83
ODI,P Vastrakar,Middle,596,477,12,324
ODI,P Vastrakar,Powerplay,353,328,3,210
ODI,PA Chatterji,Death,90,99,2,29
ODI,PA Chatterji,Middle,238,202,3,118
ODI,PA Chatterji,Powerplay,184,124,3,112
ODI,PA Desai,Middle,156,92,6,101
ODI,PA Hitchcock,Middle,240,175,3,151
ODI,PA de Silva,Death,91,94,6,38
ODI,PA de Silva,Middle,445,372,7,194
ODI,PA van Meekeren,Death,320,374,16,113
ODI,PA van Meekeren,Middle,1143,926,32,618
ODI,PA van Meekeren,Powerplay,322,283,11,201
ODI,PADLR Sandakan,Death,134,153,3,41
ODI,PADLR Sandakan,Middle,1392,1393,24,576
ODI,PC Connell,Middle,80,77,2,35
ODI,PC Connell,Powerplay,63,59,2,43
ODI,PC de Silva,Middle,236,200,2,108
ODI,PD Collingwood,Death,516,538,23,204
ODI,PD Collingwood,Middle,3759,2926,63,1824
ODI,PDRL Perera,Middle,210,185,5,107
ODI,PDRL Perera,Powerplay,302,241,4,194
ODI,PHKD Mendis,Middle,285,294,6,117
ODI,PJ Cummins,Death,914,998,58,358
ODI,PJ Cummins,Middle,2441,2000,53,1294
ODI,PJ Cummins,Powerplay,1386,1102,29,892
ODI,PJ Ongondo,Death,90,132,6,27
ODI,PJ Ongondo,Middle,607,428,11,387
ODI,PJ Ongondo,Powerplay,616,435,17,413
ODI,PJC Hoffmann,Powerplay,134,112,0,87
ODI,PKD Chase,Death,100,168,6,27
ODI,PKD Chase,Middle,339,370,8,165
ODI,PKD Chase,Powerplay,229,238,5,131
ODI,PL Harris,Middle,153,70,3,96
ODI,PLS Gamage,Middle,120,139,2,49
ODI,PLS Gamage,Powerplay,259,201,4,167
ODI,PM Liyanagamage,Death,72,96,5,21
ODI,PM Liyanagamage,Middle,154,161,1,67
ODI,PM Liyanagamage,Powerplay,177,192,2,94
ODI,PM Pushpakumara,Middle,96,81,1,46
ODI,PM Seelaar,Death,126,141,7,45
ODI,PM Seelaar,Middle,1114,840,16,601
ODI,PM Siddle,Death,116,149,3,34
ODI,PM Siddle,Middle,348,273,5,192
ODI,PM Siddle,Powerplay,457,332,9,301
ODI,PP Chawla,Death,136,168,4,63
ODI,PP Chawla,Middle,1188,958,28,621
ODI,PP Ojha,Death,67,73,4,24
ODI,PP Ojha,Middle,797,575,17,423
ODI,PR Stirling,Death,186,188,1,80
ODI,PR Stirling,Middle,1280,1025,21,611
ODI,PRCS Kumarihami,Middle,225,167,2,118
ODI,PRCS Kumarihami,Powerplay,93,55,1,67
ODI,PRP Boissevain,Middle,115,136,1,40
ODI,PT Collins,Middle,168,128,4,94
ODI,PT Collins,Powerplay,236,180,7,137
ODI,PVD Chameera,Death,337,412,12,115
ODI,PVD Chameera,Middle,1106,972,25,568
ODI,PVD Chameera,Powerplay,932,813,23,556
ODI,PW Borren,Death,93,131,1,23
ODI,PW Borren,Middle,376,279,4,203
ODI,PW Gunaratne,Middle,67,50,1,39
ODI,PW Gunaratne,Powerplay,186,180,4,99
ODI,PWA Mulder,Death,60,104,2,9
ODI,PWA Mulder,Middle,687,639,17,315
ODI,PWA Mulder,Powerplay,136,152,5,68
ODI,PWH de Silva,Death,303,314,5,131
ODI,PWH de Silva,Middle,2481,2092,85,1268
ODI,PWH de Silva,Powerplay,177,142,8,103
ODI,Panna Ghosh,Middle,104,74,3,62
ODI,Panna Ghosh,Powerplay,208,138,0,144
ODI,Pargat Singh,Middle,151,116,4,77
ODI,Parveen Kumar,Middle,212,143,3,132
ODI,Parveen Kumar,Powerplay,78,53,1,46
ODI,Poonam Yadav,Death,363,323,9,160
ODI,Poonam Yadav,Middle,2237,1450,52,1283
ODI,Pratika Rawal,Middle,170,146,4,78
ODI,Priya Mishra,Middle,374,365,11,186
ODI,Q Joseph,Death,88,100,4,23
ODI,Q Joseph,Middle,369,261,8,208
ODI,Qadeer Ahmed,Middle,130,122,3,61
ODI,Qadeer Ahmed,Powerplay,207,163,1,130
ODI,Qaiser Ali,Middle,82,48,1,49
ODI,Qanita Jalil,Middle,75,39,3,50
ODI,Qanita Jalil,Powerplay,242,128,1,168
ODI,R Ashwin,Death,703,697,28,271
ODI,R Ashwin,Middle,5377,4286,118,2629
ODI,R Ashwin,Powerplay,278,245,7,151
ODI,R Clarke,Middle,370,276,9,194
ODI,R Dhakal,Powerplay,79,80,2,49
ODI,R Dhar,Middle,80,42,2,60
ODI,R Dhawan,Middle,130,120,1,58
ODI,R Hekure,Death,172,225,6,52
ODI,R Hekure,Middle,705,446,19,425
ODI,R Klein,Death,116,124,4,43
ODI,R Klein,Middle,260,211,3,135
ODI,R Klein,Powerplay,239,161,4,163
ODI,R MacDonald-Gay,Middle,99,73,2,49
ODI,R MacDonald-Gay,Powerplay,65,41,0,44
ODI,R Malhotra,Middle,85,82,1,37
ODI,R McLaren,Death,391,480,20,136
ODI,R McLaren,Middle,1837,1447,54,984
ODI,R McLaren,Powerplay,238,174,3,139
ODI,R Ngarava,Death,475,601,25,142
ODI,R Ngarava,Middle,707,589,19,373
ODI,R Ngarava,Powerplay,1124,843,23,739
ODI,R Ntozakhe,Death,111,115,3,51
ODI,R Ntozakhe,Middle,801,467,13,495
ODI,R Powell,Middle,224,211,2,87
ODI,R Rampaul,Death,471,539,30,151
ODI,R Rampaul,Middle,1304,1194,37,631
ODI,R Rampaul,Powerplay,1928,1403,36,1211
ODI,R Ravindra,Death,175,195,6,71
ODI,R Ravindra,Middle,777,720,14,337
ODI,R Rijke,Middle,133,82,6,79
ODI,R Sharma,Middle,195,157,6,93
ODI,R Shepherd,Death,238,358,11,73
ODI,R Shepherd,Middle,792,659,14,412
ODI,R Shepherd,Powerplay,456,334,6,299
ODI,R Slater,Powerplay,124,62,2,86
ODI,R Telemachus,Death,74,105,3,23
ODI,R Telemachus,Middle,162,117,4,91
ODI,R Trumpelmann,Death,446,496,30,176
ODI,R Trumpelmann,Middle,1074,843,26,596
ODI,R Trumpelmann,Powerplay,1254,826,24,855
ODI,R Ugarkar,Middle,134,112,4,71
ODI,R Ugarkar,Powerplay,123,119,7,78
ODI,R Vinay Kumar,Death,262,410,10,64
ODI,R Vinay Kumar,Middle,508,517,15,257
ODI,R Vinay Kumar,Powerplay,689,521,13,448
ODI,RA Jadeja,Death,1196,1151,43,531
ODI,RA Jadeja,Middle,9006,7225,178,4441
ODI,RA Jadeja,Powerplay,128,94,4,82
ODI,RA Mair,Death,151,211,7,49
ODI,RA Mair,Middle,679,569,20,338
ODI,RA Mair,Powerplay,530,380,3,336
ODI,RA Reifer,Middle,123,94,5,53
ODI,RAP Nissanka,Middle,123,106,1,74
ODI,RAP Nissanka,Powerplay,278,186,10,176
ODI,RAS Lakmal,Death,539,830,23,142
ODI,RAS Lakmal,Middle,1517,1321,43,735
ODI,RAS Lakmal,Powerplay,1803,1368,39,1165
ODI,RC Irani,Death,107,115,5,42
ODI,RC Irani,Middle,362,247,3,204
ODI,RD Berrington,Death,63,53,5,25
ODI,RD Berrington,Middle,662,548,9,340
ODI,RDM Leverock,Middle,535,337,12,327
ODI,RE van der Merwe,Death,240,228,14,104
ODI,RE van der Merwe,Middle,1931,1415,38,975
ODI,RE van der Merwe,Powerplay,78,63,1,42
ODI,RG Aga,Middle,187,131,3,103
ODI,RG Sharma,Death,83,94,2,28
ODI,RG Sharma,Middle,531,444,7,206
ODI,RH Candy,Middle,121,103,1,57
ODI,RJ Harris,Death,181,196,17,74
ODI,RJ Harris,Middle,387,297,13,205
ODI,RJ Harris,Powerplay,483,360,14,319
ODI,RJ Kirtley,Powerplay,95,59,0,58
ODI,RJ Nicol,Middle,325,307,7,150
ODI,RJ Peterson,Death,286,236,20,148
ODI,RJ Peterson,Middle,2415,2001,42,1163
ODI,RJ Peterson,Powerplay,97,43,5,72
ODI,RJ Sidebottom,Death,195,245,10,56
ODI,RJ Sidebottom,Middle,408,321,9,226
ODI,RJ Sidebottom,Powerplay,579,408,5,376
ODI,RJ Trott,Middle,187,157,8,89
ODI,RJ van Vuuren,Death,84,143,4,27
ODI,RJ van Vuuren,Middle,72,59,0,39
ODI,RJ van Vuuren,Powerplay,151,104,4,96
ODI,RJW Topley,Death,200,248,10,71
ODI,RJW Topley,Middle,431,402,16,193
ODI,RJW Topley,Powerplay,758,591,20,477
ODI,RK Kleinveldt,Death,67,87,1,18
ODI,RK Kleinveldt,Middle,332,280,8,178
ODI,RK Kleinveldt,Powerplay,82,48,2,64
ODI,RK Paudel,Death,110,101,2,49
ODI,RK Paudel,Middle,417,259,11,245
ODI,RK Whelan,Powerplay,64,66,1,33
ODI,RL Chase,Death,247,285,8,77
ODI,RL Chase,Middle,1963,1574,29,939
ODI,RL Chase,Powerplay,160,140,3,98
ODI,RL Grundy,Middle,159,133,1,94
ODI,RL Johnson,Middle,236,132,5,158
ODI,RL Johnson,Powerplay,113,54,4,84
ODI,RL Powell,Middle,137,137,2,55
ODI,RM Farrell,Death,118,99,7,54
ODI,RM Farrell,Middle,347,257,4,190
ODI,RM Farrell,Powerplay,176,129,1,114
ODI,RM Haq,Death,126,83,3,74
ODI,RM Haq,Middle,727,571,22,380
ODI,RM West,Middle,113,64,1,71
ODI,RML Taylor,Death,62,76,1,17
ODI,RML Taylor,Middle,188,162,5,96
ODI,RML Taylor,Powerplay,187,148,4,109
ODI,RMS Eranga,Death,68,115,1,21
ODI,RMS Eranga,Middle,333,298,11,166
ODI,RMS Eranga,Powerplay,300,251,8,182
ODI,RN Bhatia,Middle,281,262,1,144
ODI,RN Lewis,Middle,340,288,6,154
ODI,RN ten Doeschate,Death,108,138,8,33
ODI,RN ten Doeschate,Middle,473,432,8,242
ODI,RN ten Doeschate,Powerplay,130,84,3,87
ODI,RO Hinds,Middle,68,37,0,37
ODI,RO Hurley,Middle,134,77,2,75
ODI,RP Arnold,Middle,327,275,6,128
ODI,RP Burl,Middle,522,540,12,228
ODI,RP Lefebvre,Powerplay,123,58,1,87
ODI,RP Meredith,Middle,64,80,1,25
ODI,RP Singh,Death,431,494,26,142
ODI,RP Singh,Middle,1515,1257,32,829
ODI,RP Singh,Powerplay,933,778,17,572
ODI,RP Yadav,Death,80,105,4,33
ODI,RP Yadav,Middle,562,540,9,245
ODI,RR Patel,Middle,72,54,2,35
ODI,RR Powar,Death,126,159,5,53
ODI,RR Powar,Middle,1315,976,25,695
ODI,RR Sarwan,Death,132,166,10,40
ODI,RR Sarwan,Middle,245,227,4,89
ODI,RR Watson,Middle,120,80,3,67
ODI,RS Bopara,Death,190,181,5,86
ODI,RS Bopara,Middle,1625,1323,32,784
ODI,RS Gavaskar,Middle,61,61,1,20
ODI,RS Gayakwad,Death,429,381,21,182
ODI,RS Gayakwad,Middle,1793,1069,43,1097
ODI,RS Gayakwad,Powerplay,253,177,7,180
ODI,RS Higgins,Middle,152,126,3,66
ODI,RTM Mendis,Middle,77,74,4,32
ODI,RW Price,Death,445,464,16,173
ODI,RW Price,Middle,3237,2152,51,1800
ODI,RW Price,Powerplay,494,239,10,336
ODI,Rabeya Khan,Death,187,167,11,87
ODI,Rabeya Khan,Middle,1249,784,21,697
ODI,Rabeya Khan,Powerplay,126,81,2,85
ODI,Rachel Delaney,Middle,315,223,8,152
ODI,Rahat Ali,Death,81,85,4,32
ODI,Rahat Ali,Middle,446,380,12,227
ODI,Rahat Ali,Powerplay,178,200,2,98
ODI,Rajin Saleh,Death,95,109,5,39
ODI,Rajin Saleh,Middle,195,143,3,84
ODI,Rameen Shamim,Middle,657,444,13,369
ODI,Rameen Shamim,Powerplay,114,77,1,70
ODI,Raza-ur-Rehman,Middle,77,84,1,37
ODI,Rehan Ahmed,Middle,337,281,10,169
ODI,Renuka Singh,Death,153,179,8,46
ODI,Renuka Singh,Middle,492,429,12,247
ODI,Renuka Singh,Powerplay,821,577,22,539
ODI,Rishad Hossain,Death,109,111,4,43
ODI,Rishad Hossain,Middle,749,672,24,372
ODI,Ritu Moni,Death,132,123,6,62
ODI,Ritu Moni,Middle,743,546,13,393
ODI,Rizwan Cheema,Death,78,113,3,28
ODI,Rizwan Cheema,Middle,388,301,9,200
ODI,Robiul Islam,Middle,70,56,2,39
ODI,Rohan Mustafa,Death,562,626,18,198
ODI,Rohan Mustafa,Middle,2686,1875,55,1472
ODI,Rohan Mustafa,Powerplay,260,153,6,172
ODI,Rubel Hossain,Death,773,1005,42,272
ODI,Rubel Hossain,Middle,2589,2256,61,1270
ODI,Rubel Hossain,Powerplay,1027,913,19,613
ODI,Rumana Ahmed,Death,91,89,6,40
ODI,Rumana Ahmed,Middle,812,547,15,473
ODI,Rumman Raees,Death,132,150,7,44
ODI,Rumman Raees,Middle,151,132,3,74
ODI,Rumman Raees,Powerplay,192,186,4,105
ODI,S Asha,Middle,101,60,4,60
ODI,S Bau,Middle,388,290,7,209
ODI,S Bau,Powerplay,177,130,2,113
ODI,S Bhari,Middle,339,206,12,211
ODI,S Chaturongrattana,Middle,232,145,4,144
ODI,S Dhakal,Middle,175,124,2,90
ODI,S Dhaniram,Death,108,117,4,47
ODI,S Dhaniram,Middle,444,291,17,261
ODI,S Dharnidharka,Middle,101,72,4,58
ODI,S Dharnidharka,Powerplay,236,115,3,174
ODI,S Dube,Middle,127,125,3,48
ODI,S Ecclestone,Death,493,463,23,234
ODI,S Ecclestone,Middle,3672,2133,108,2390
ODI,S Ecclestone,Powerplay,117,60,2,82
ODI,S Fouché,Middle,286,250,10,140
ODI,S Gajnabi,Middle,93,81,2,48
ODI,S Glenn,Death,103,96,4,54
ODI,S Glenn,Middle,659,447,19,373
ODI,S Hector,Powerplay,98,82,0,53
ODI,S Horley,Middle,124,78,7,79
ODI,S Immadi,Middle,333,195,6,216
ODI,S Ismail,Death,770,722,46,367
ODI,S Ismail,Middle,1222,818,34,752
ODI,S Ismail,Powerplay,2244,1256,48,1591
ODI,S Jimmy,Middle,324,215,11,187
ODI,S Jimmy,Powerplay,164,85,2,119
ODI,S Joseph,Middle,233,206,4,105
ODI,S Joseph,Powerplay,97,101,0,54
ODI,S Kotte,Middle,127,77,4,78
ODI,S Kotte,Powerplay,125,34,5,100
ODI,S Lamichhane,Death,637,681,23,280
ODI,S Lamichhane,Middle,3267,2195,117,1941
ODI,S Lamichhane,Powerplay,225,143,12,155
ODI,S Laomi,Middle,524,368,16,297
ODI,S Loubser,Death,89,60,7,45
ODI,S Loubser,Middle,544,304,8,345
ODI,S Luus,Death,319,281,18,150
ODI,S Luus,Middle,2962,2273,71,1478
ODI,S MacMahon,Middle,294,243,5,146
ODI,S Mahmood,Death,133,162,10,57
ODI,S Mahmood,Middle,330,264,5,168
ODI,S Mahmood,Powerplay,452,370,12,293
ODI,S Matsikenyeri,Death,77,88,0,26
ODI,S Matsikenyeri,Middle,598,466,13,248
ODI,S Molineux,Death,141,163,8,48
ODI,S Molineux,Middle,648,350,23,436
ODI,S Molineux,Powerplay,67,40,1,50
ODI,S Mostary,Middle,92,98,1,37
ODI,S Mukuddem,Middle,76,67,3,42
ODI,S Mukuddem,Powerplay,166,133,6,94
ODI,S Muthusamy,Middle,175,164,6,81
ODI,S Nisansala,Middle,269,206,8,138
ODI,S Nitschke,Middle,67,56,0,43
ODI,S Pandey,Death,170,164,12,76
ODI,S Pandey,Middle,772,525,22,440
ODI,S Pandey,Powerplay,905,585,21,620
ODI,S Prasanna,Death,184,223,7,64
ODI,S Prasanna,Middle,1716,1493,23,776
ODI,S Rana,Death,225,259,10,75
ODI,S Rana,Middle,1589,1299,42,785
ODI,S Rana,Powerplay,188,124,0,128
ODI,S Randiv,Death,238,239,11,99
ODI,S Randiv,Middle,1173,976,24,541
ODI,S Sharma,Middle,82,46,0,52
ODI,S Shrivastava,Death,100,100,6,46
ODI,S Shrivastava,Middle,530,428,21,300
ODI,S Siegers,Middle,276,250,9,138
ODI,S Sreesanth,Death,406,529,27,127
ODI,S Sreesanth,Middle,1008,883,26,548
ODI,S Sreesanth,Powerplay,1067,976,20,649
ODI,S Thuraisingam,Middle,79,69,1,47
ODI,S Thuraisingam,Powerplay,81,64,3,52
ODI,S Tippoch,Middle,173,83,3,122
ODI,S Tyagi,Middle,78,43,1,42
ODI,S Tyagi,Powerplay,79,72,2,54
ODI,S Weerakoon,Middle,61,49,1,19
ODI,SA Abbott,Death,228,282,12,96
ODI,SA Abbott,Middle,759,645,13,388
ODI,SA Abbott,Powerplay,382,372,10,215
ODI,SA Campbelle,Middle,145,95,2,82
ODI,SA Fritz,Middle,81,24,1,64
ODI,SA Millanta,Powerplay,67,37,2,50
ODI,SACA King,Middle,138,108,1,78
ODI,SACA King,Powerplay,136,80,0,96
ODI,SB Bangar,Middle,68,60,0,29
ODI,SB Styris,Death,407,467,14,159
ODI,SB Styris,Middle,2822,2063,53,1502
ODI,SC Ganguly,Middle,1021,853,19,489
ODI,SC Getkate,Middle,170,120,7,102
ODI,SC Meaker,Middle,97,86,2,56
ODI,SC Selman,Death,235,224,7,92
ODI,SC Selman,Middle,722,485,13,375
ODI,SC Selman,Powerplay,711,432,12,486
ODI,SC Williams,Death,658,692,22,263
ODI,SC Williams,Middle,3476,2785,46,1695
ODI,SC Williams,Powerplay,110,75,2,60
ODI,SC van Schalkwyk,Death,110,156,7,39
ODI,SC van Schalkwyk,Middle,236,186,8,132
ODI,SC van Schalkwyk,Powerplay,156,155,1,93
ODI,SCJ Broad,Death,1079,1352,59,384
ODI,SCJ Broad,Middle,3127,2432,80,1707
ODI,SCJ Broad,Powerplay,1879,1577,34,1188
ODI,SD Parry,Middle,91,70,2,47
ODI,SE Bond,Death,480,544,34,187
ODI,SE Bond,Middle,1145,800,28,682
ODI,SE Bond,Powerplay,1796,1031,45,1261
ODI,SE Rutherford,Middle,92,100,3,37
ODI,SEA Ruck,Middle,136,89,2,91
ODI,SEA Ruck,Powerplay,185,118,4,131
ODI,SF Burger,Middle,62,62,0,25
ODI,SF Daley,Middle,336,275,2,172
ODI,SF Daley,Powerplay,117,88,1,73
ODI,SF Mire,Middle,348,334,9,157
ODI,SFM Devine,Death,345,359,20,138
ODI,SFM Devine,Middle,1501,1163,29,815
ODI,SFM Devine,Powerplay,859,595,9,553
ODI,SG Satghare,Powerplay,91,63,2,61
ODI,SG Whittingham,Middle,125,97,3,67
ODI,SG Whittingham,Powerplay,67,60,1,43
ODI,SH Johnson,Middle,119,119,1,54
ODI,SH Johnson,Powerplay,127,115,2,75
ODI,SHT Kandamby,Middle,171,164,2,64
ODI,SI Kamea,Death,157,188,9,53
ODI,SI Kamea,Middle,330,276,9,160
ODI,SI Kamea,Powerplay,463,333,10,311
ODI,SI Mahmood,Death,199,255,11,61
ODI,SI Mahmood,Middle,634,545,10,346
ODI,SI Mahmood,Powerplay,405,345,9,233
ODI,SIP Fernando,Middle,390,229,10,225
ODI,SIP Fernando,Powerplay,175,103,4,118
ODI,SJ Benn,Death,265,257,8,110
ODI,SJ Benn,Middle,1817,1461,22,886
ODI,SJ Benn,Powerplay,218,165,5,138
ODI,SJ Coyte,Death,98,96,7,41
ODI,SJ Coyte,Middle,506,350,9,288
ODI,SJ Coyte,Powerplay,74,50,1,46
ODI,SJ Harmison,Death,299,304,13,125
ODI,SJ Harmison,Middle,1297,1095,28,701
ODI,SJ Harmison,Powerplay,851,640,20,525
ODI,SK Dolawatte,Middle,78,56,2,35
ODI,SK Raina,Death,288,288,10,119
ODI,SK Raina,Middle,1853,1531,26,820
ODI,SK Springer,Middle,100,105,2,49
ODI,SK Warne,Middle,107,72,2,58
ODI,SL Malinga,Death,2218,2470,120,799
ODI,SL Malinga,Middle,4367,3849,103,2106
ODI,SL Malinga,Powerplay,4218,3199,99,2673
ODI,SL Munroe,Middle,119,80,1,56
ODI,SL Munroe,Powerplay,79,61,1,46
ODI,SL Pujare,Middle,122,46,6,90
ODI,SL Quintyne,Middle,223,142,6,121
ODI,SM Benade,Middle,107,42,2,76
ODI,SM Boland,Death,121,166,6,33
ODI,SM Boland,Middle,448,414,6,220
ODI,SM Boland,Powerplay,162,155,4,101
ODI,SM Curran,Death,273,384,12,92
ODI,SM Curran,Middle,979,931,15,434
ODI,SM Curran,Powerplay,456,382,16,277
ODI,SM Ervine,Death,174,211,12,58
ODI,SM Ervine,Middle,566,441,10,304
ODI,SM Mayers,Middle,78,63,1,40
ODI,SM Pollock,Death,374,399,11,150
ODI,SM Pollock,Middle,1881,1105,32,1133
ODI,SM Pollock,Powerplay,2806,1402,65,2081
ODI,SM Sharif,Death,503,620,29,166
ODI,SM Sharif,Middle,1885,1402,50,1064
ODI,SM Sharif,Powerplay,1304,1006,22,808
ODI,SM Sharma,Death,72,91,8,14
ODI,SM Sharma,Middle,128,110,1,66
ODI,SM Sharma,Powerplay,194,163,3,128
ODI,SMA Priyanjan,Middle,232,200,5,95
ODI,SMSM Senanayake,Death,248,256,9,110
ODI,SMSM Senanayake,Middle,1705,1297,31,861
ODI,SMSM Senanayake,Powerplay,431,339,13,264
ODI,SN Netravalkar,Death,687,767,43,253
ODI,SN Netravalkar,Middle,1164,730,24,702
ODI,SN Netravalkar,Powerplay,1789,978,43,1308
ODI,SN Thakur,Death,263,387,9,84
ODI,SN Thakur,Middle,1242,1121,44,627
ODI,SN Thakur,Powerplay,483,502,11,264
ODI,SO Ngoche,Middle,211,157,4,106
ODI,SO Tikolo,Death,259,255,13,123
ODI,SO Tikolo,Middle,830,664,13,408
ODI,SP Jones,Middle,98,75,2,61
ODI,SP Jones,Powerplay,87,61,3,55
ODI,SP Krishnamurthi,Middle,84,67,0,37
ODI,SP Narine,Death,535,446,23,261
ODI,SP Narine,Middle,2685,1804,59,1576
ODI,SP Narine,Powerplay,334,195,9,227
ODI,SP de Alwis,Middle,104,88,1,58
ODI,SPD Smith,Death,96,108,3,36
ODI,SPD Smith,Middle,985,877,25,417
ODI,SR Clark,Death,226,302,11,66
ODI,SR Clark,Middle,1164,892,26,657
ODI,SR Clark,Powerplay,366,217,11,248
ODI,SR Patel,Death,221,276,7,83
ODI,SR Patel,Middle,928,806,16,374
ODI,SR Patil,Middle,123,89,4,66
ODI,SR Taylor,Death,390,371,23,177
ODI,SR Taylor,Middle,2746,2040,48,1451
ODI,SR Taylor,Powerplay,352,199,10,244
ODI,SR Tendulkar,Death,372,447,11,125
ODI,SR Tendulkar,Middle,1173,973,16,508
ODI,SR Thompson,Middle,292,257,8,150
ODI,SR Watson,Death,938,1071,48,349
ODI,SR Watson,Middle,4377,3387,92,2342
ODI,SR Watson,Powerplay,375,322,6,216
ODI,SS Connell,Death,152,175,7,46
ODI,SS Connell,Middle,621,546,11,280
ODI,SS Connell,Powerplay,1250,871,20,770
ODI,SS Cottrell,Death,391,493,17,126
ODI,SS Cottrell,Middle,466,470,7,206
ODI,SS Cottrell,Powerplay,791,635,24,501
ODI,SS Grimmond,Middle,212,147,5,102
ODI,SS Kang,Middle,308,208,9,169
ODI,SS Pathirana,Middle,726,663,12,309
ODI,SS Weerakkody,Death,92,87,9,36
ODI,SS Weerakkody,Middle,459,349,7,262
ODI,SS Weerakkody,Powerplay,571,390,9,368
ODI,SSB Magala,Middle,264,251,12,119
ODI,ST Finn,Death,456,596,25,151
ODI,ST Finn,Middle,1638,1337,44,884
ODI,ST Finn,Powerplay,1549,1115,33,1025
ODI,ST Gabriel,Death,168,241,4,46
ODI,ST Gabriel,Middle,565,528,12,257
ODI,ST Gabriel,Powerplay,368,350,14,210
ODI,ST Jayasuriya,Death,601,637,22,228
ODI,ST Jayasuriya,Middle,3464,2608,67,1589
ODI,STR Binny,Middle,342,267,15,173
ODI,STR Binny,Powerplay,143,130,4,87
ODI,SW Bates,Death,259,284,5,104
ODI,SW Bates,Middle,1203,944,22,640
ODI,SW Bates,Powerplay,90,65,0,58
ODI,SW Currie,Middle,126,87,3,72
ODI,SW Masakadza,Death,170,289,13,40
ODI,SW Masakadza,Middle,248,234,6,110
ODI,SW Masakadza,Powerplay,236,224,3,134
ODI,SW Tait,Death,250,233,18,109
ODI,SW Tait,Middle,961,737,24,555
ODI,SW Tait,Powerplay,622,563,20,333
ODI,SZ Thakor,Death,67,82,2,25
ODI,SZ Thakor,Middle,239,191,3,128
ODI,SZ Thakor,Powerplay,136,105,2,92
ODI,Saad Bin Zafar,Death,146,124,3,65
ODI,Saad Bin Zafar,Middle,1632,1163,28,892
ODI,Sabahat Rasheed,Middle,78,64,1,37
ODI,Sabbir Rahman,Middle,254,283,3,84
ODI,Sabir Ali,Powerplay,77,64,2,46
ODI,Sadia Iqbal,Death,257,235,5,124
ODI,Sadia Iqbal,Middle,1044,715,29,621
ODI,Sadia Iqbal,Powerplay,554,293,14,388
ODI,Sadia Yousuf,Death,190,182,10,81
ODI,Sadia Yousuf,Middle,1053,707,23,597
ODI,Saeed Ajmal,Death,1206,1181,61,542
ODI,Saeed Ajmal,Middle,4444,2863,114,2530
ODI,Saeed Ajmal,Powerplay,197,115,0,133
ODI,Saim Ayub,Middle,363,302,7,178
ODI,Saim Ayub,Powerplay,84,72,2,52
ODI,Sajjida Shah,Middle,166,85,6,115
ODI,Salma Khatun,Death,154,157,8,64
ODI,Salma Khatun,Middle,539,319,8,338
ODI,Salma Khatun,Powerplay,254,140,6,175
ODI,Samiullah Khan,Powerplay,61,50,0,38
ODI,Sana Mir,Death,329,334,12,130
ODI,Sana Mir,Middle,1448,937,37,858
ODI,Sana Mir,Powerplay,522,297,15,355
ODI,Sandeep Goud,Middle,91,80,0,46
ODI,Sanwar Hossain,Middle,172,126,4,88
ODI,Saqib Zulfiqar,Middle,259,269,6,113
ODI,Saqlain Mushtaq,Middle,148,115,3,87
ODI,Shabbir Ahmed,Death,99,97,4,46
ODI,Shabbir Ahmed,Middle,326,209,4,206
ODI,Shabbir Ahmed,Powerplay,376,280,8,230
ODI,Shadab Khan,Death,391,383,17,165
ODI,Shadab Khan,Middle,2913,2526,64,1354
ODI,Shafali Verma,Middle,127,99,3,56
ODI,Shafiul Islam,Death,445,663,29,150
ODI,Shafiul Islam,Middle,946,873,19,452
ODI,Shafiul Islam,Powerplay,1174,992,21,725
ODI,Shahadat Hossain,Death,235,315,11,76
ODI,Shahadat Hossain,Middle,565,512,7,275
ODI,Shahadat Hossain,Powerplay,793,771,9,452
ODI,Shahbaz Ahmed,Middle,132,115,2,61
ODI,Shaheen Shah Afridi,Death,659,825,49,240
ODI,Shaheen Shah Afridi,Middle,1255,1107,36,639
ODI,Shaheen Shah Afridi,Powerplay,1740,1479,48,1099
ODI,Shahid Afridi,Death,1059,1052,41,411
ODI,Shahid Afridi,Middle,9280,6991,200,4534
ODI,Shahid Afridi,Powerplay,94,75,1,61
ODI,Shahid Ahmadzai,Middle,278,151,4,181
ODI,Shaila Sharmin,Middle,91,68,1,39
ODI,Shaiman Anwar,Middle,117,136,4,50
ODI,Shakeel Ahmed,Death,186,144,15,97
ODI,Shakeel Ahmed,Middle,512,293,17,325
ODI,Shakeel Ahmed,Powerplay,645,344,20,471
ODI,Shakib Al Hasan,Death,1387,1502,48,546
ODI,Shakib Al Hasan,Middle,8341,5996,182,4441
ODI,Shakib Al Hasan,Powerplay,1026,751,28,633
ODI,Shamim Hossain,Middle,72,45,1,42
ODI,Shariz Ahmad,Middle,561,550,16,258
ODI,Shivam Sharma,Middle,220,198,3,117
ODI,Shoaib Akhtar,Death,637,723,32,249
ODI,Shoaib Akhtar,Middle,1219,960,30,658
ODI,Shoaib Akhtar,Powerplay,1744,1265,35,1109
ODI,Shoaib Khan,Middle,128,114,1,61
ODI,Shoaib Malik,Death,651,622,26,281
ODI,Shoaib Malik,Middle,5066,3892,88,2438
ODI,Shoriful Islam,Death,251,297,16,104
ODI,Shoriful Islam,Middle,803,723,24,408
ODI,Shoriful Islam,Powerplay,746,586,19,491
ODI,Shorna Akter,Death,70,76,1,31
ODI,Shorna Akter,Middle,405,291,9,213
ODI,Shubham Ranjane,Death,73,100,4,19
ODI,Shubham Ranjane,Middle,337,229,9,177
ODI,Sikandar Raza,Death,564,574,21,191
ODI,Sikandar Raza,Middle,3656,2883,53,1805
ODI,Sikandar Raza,Powerplay,197,160,3,111
ODI,Simi Singh,Death,70,71,3,36
ODI,Simi Singh,Middle,864,540,22,516
ODI,Sohag Gazi,Death,112,132,5,39
ODI,Sohag Gazi,Middle,546,449,14,273
ODI,Sohag Gazi,Powerplay,281,155,3,192
ODI,Sohail Khan,Death,169,212,8,67
ODI,Sohail Khan,Middle,206,185,5,104
ODI,Sohail Khan,Powerplay,316,214,6,207
ODI,Sohail Tanvir,Death,652,803,28,202
ODI,Sohail Tanvir,Middle,776,633,11,403
ODI,Sohail Tanvir,Powerplay,1660,1182,30,1044
ODI,Sompal Kami,Death,585,761,35,191
ODI,Sompal Kami,Middle,930,818,21,478
ODI,Sompal Kami,Powerplay,1660,1236,36,1107
ODI,Soumya Sarkar,Death,79,115,8,25
ODI,Soumya Sarkar,Middle,519,483,9,225
ODI,Sufiyan Muqeem,Middle,194,157,6,98
ODI,Sufyan Mehmood,Middle,172,104,2,99
ODI,Suhrawadi Shuvo,Death,111,96,4,49
ODI,Suhrawadi Shuvo,Middle,637,452,9,351
ODI,Sultana Khatun,Middle,414,252,10,255
ODI,Sultana Khatun,Powerplay,457,323,8,293
ODI,Sumaiya Siddiqi,Powerplay,156,98,3,103
ODI,Sunzamul Islam,Middle,135,67,4,81
ODI,Surya Tamang,Middle,93,78,1,55
ODI,Syed Rasel,Death,253,333,12,68
ODI,Syed Rasel,Middle,669,454,12,413
ODI,Syed Rasel,Powerplay,1173,847,22,771
ODI,Syeda Aroob Shah,Middle,444,335,11,233
ODI,T Granger,Middle,108,112,2,45
ODI,T Gwandu,Middle,131,98,4,75
ODI,T Kamungozi,Death,66,84,6,22
ODI,T Kamungozi,Middle,490,387,6,243
ODI,T Lungameni,Death,285,277,21,129
ODI,T Lungameni,Middle,944,653,22,562
ODI,T Lungameni,Powerplay,382,288,7,254
ODI,T Makusha,Death,79,78,5,33
ODI,T Makusha,Middle,237,182,1,121
ODI,T Makusha,Powerplay,125,67,2,84
ODI,T Maruma,Middle,200,179,4,97
ODI,T Mufudza,Middle,85,61,0,43
ODI,T Mupariwa,Death,202,307,7,37
ODI,T Mupariwa,Middle,779,621,20,417
ODI,T Mupariwa,Powerplay,436,297,9,283
ODI,T Muzarabani,Middle,85,51,0,52
ODI,T Muzarabani,Powerplay,123,93,1,86
ODI,T Panyangara,Death,574,947,12,121
ODI,T Panyangara,Middle,681,607,14,359
ODI,T Panyangara,Powerplay,1420,909,24,979
ODI,T Putthawong,Death,92,83,6,46
ODI,T Putthawong,Middle,523,260,17,359
ODI,T Putthawong,Powerplay,229,171,7,144
ODI,T Sangha,Middle,210,203,2,89
ODI,T Shamsi,Death,460,481,21,179
ODI,T Shamsi,Middle,2314,2055,52,1114
ODI,T Thushara,Death,193,244,14,67
ODI,T Thushara,Middle,831,620,16,452
ODI,T Thushara,Powerplay,592,514,16,351
ODI,T van der Gugten,Death,67,41,1,37
ODI,T van der Gugten,Middle,238,131,3,154
ODI,T van der Gugten,Powerplay,199,89,8,150
ODI,TA Boult,Death,943,1126,58,359
ODI,TA Boult,Middle,2221,1868,58,1143
ODI,TA Boult,Powerplay,3060,2181,90,2026
ODI,TAM Siriwardana,Death,66,65,0,32
ODI,TAM Siriwardana,Middle,522,461,9,241
ODI,TB Sole,Middle,388,264,9,221
ODI,TBM de Leede,Middle,423,338,11,243
ODI,TCB Fernando,Powerplay,165,123,1,96
ODI,TD Astle,Middle,230,177,10,121
ODI,TD Smartt,Middle,255,170,5,153
ODI,TD Smartt,Powerplay,235,136,4,152
ODI,TG Norris,Death,64,58,2,27
ODI,TG Norris,Middle,96,68,1,51
ODI,TG Norris,Powerplay,108,65,4,76
ODI,TG Southee,Death,1385,1763,63,471
ODI,TG Southee,Middle,3207,2962,79,1591
ODI,TG Southee,Powerplay,3325,2559,73,2155
ODI,TJ Murtagh,Death,282,333,15,112
ODI,TJ Murtagh,Middle,537,411,11,308
ODI,TJ Murtagh,Powerplay,856,544,19,589
ODI,TJ Vlaeminck,Middle,152,107,3,85
ODI,TJ Vlaeminck,Powerplay,117,72,2,82
ODI,TJG Pringle,Middle,207,212,2,95
ODI,TK Canning,Middle,84,64,2,53
ODI,TK Curran,Death,387,504,16,123
ODI,TK Curran,Middle,750,648,14,342
ODI,TK Curran,Powerplay,203,163,4,124
ODI,TK Patel,Middle,158,99,5,103
ODI,TL Best,Death,202,204,9,82
ODI,TL Best,Middle,550,441,14,300
ODI,TL Best,Powerplay,423,349,10,251
ODI,TL Chatara,Death,784,996,42,250
ODI,TL Chatara,Middle,1156,949,21,580
ODI,TL Chatara,Powerplay,1655,1226,30,1072
ODI,TL Chivanga,Middle,143,137,3,79
ODI,TL Chivanga,Powerplay,86,80,1,45
ODI,TLW Cooper,Middle,289,233,5,144
ODI,TM Dilshan,Death,575,534,16,240
ODI,TM Dilshan,Middle,4177,3348,61,1797
ODI,TM Dilshan,Powerplay,389,315,10,237
ODI,TM Head,Death,103,110,6,35
ODI,TM Head,Middle,1063,990,22,445
ODI,TM McGrath,Death,182,196,7,77
ODI,TM McGrath,Middle,891,729,22,427
ODI,TM McGrath,Powerplay,86,58,3,48
ODI,TM Odoyo,Death,264,298,13,82
ODI,TM Odoyo,Middle,416,338,10,244
ODI,TM Odoyo,Powerplay,955,536,20,671
ODI,TMM Newton,Death,76,66,1,29
ODI,TMM Newton,Middle,246,167,5,147
ODI,TP Kanwar,Middle,97,66,2,61
ODI,TR Sadhu,Middle,158,142,1,71
ODI,TR Sadhu,Powerplay,182,113,4,137
ODI,TS Chisoro,Middle,336,278,4,161
ODI,TS Chisoro,Powerplay,109,58,6,75
ODI,TS Nethula,Middle,244,218,5,124
ODI,TS Sekhukhune,Death,293,277,11,124
ODI,TS Sekhukhune,Middle,1174,942,20,646
ODI,TS Sekhukhune,Powerplay,214,170,4,133
ODI,TT Bresnan,Death,810,1017,37,261
ODI,TT Bresnan,Middle,2232,1831,44,1113
ODI,TT Bresnan,Powerplay,1258,1031,26,776
ODI,TW Hartley,Middle,60,48,0,35
ODI,Taijul Islam,Middle,725,559,21,389
ODI,Taijul Islam,Powerplay,102,80,4,62
ODI,Tanveer Ahmed,Middle,181,149,4,95
ODI,Tanvir Islam,Middle,482,340,14,260
ODI,Tanvir Islam,Powerplay,72,72,1,40
ODI,Tanwir Afzal,Middle,212,138,4,131
ODI,Tanwir Afzal,Powerplay,289,252,4,186
ODI,Tanzim Hasan Sakib,Death,106,130,5,40
ODI,Tanzim Hasan Sakib,Middle,274,263,5,123
ODI,Tanzim Hasan Sakib,Powerplay,240,203,9,150
ODI,Tapash Baisya,Death,156,209,8,43
ODI,Tapash Baisya,Middle,361,333,9,197
ODI,Tapash Baisya,Powerplay,653,570,8,397
ODI,Taskin Ahmed,Death,595,800,32,213
ODI,Taskin Ahmed,Middle,2060,1725,48,1073
ODI,Taskin Ahmed,Powerplay,1290,975,32,848
ODI,Tasmia Rubab,Middle,62,51,4,30
ODI,Tasmia Rubab,Powerplay,148,126,3,86
ODI,Tuba Hassan,Middle,182,172,2,92
ODI,Tushar Imran,Middle,78,54,1,31
ODI,U Bhagwan,Powerplay,67,75,1,39
ODI,U Bhatti,Middle,200,127,3,141
ODI,U Bhatti,Powerplay,311,212,9,215
ODI,UDU Chandana,Death,201,236,11,76
ODI,UDU Chandana,Middle,1054,786,25,552
ODI,UT Yadav,Death,817,1025,38,294
ODI,UT Yadav,Middle,1432,1402,39,680
ODI,UT Yadav,Powerplay,1452,1232,29,902
ODI,UWMBCA Welegedara,Middle,173,133,4,93
ODI,UWMBCA Welegedara,Powerplay,242,240,7,145
ODI,Umaima Sohail,Death,113,126,5,43
ODI,Umaima Sohail,Middle,714,577,12,349
ODI,Umar Gul,Death,983,1217,62,327
ODI,Umar Gul,Middle,2308,1894,42,1267
ODI,Umar Gul,Powerplay,2529,1928,53,1647
ODI,Umm-e-Hani,Death,72,54,3,34
ODI,Umm-e-Hani,Middle,753,575,16,376
ODI,Umm-e-Hani,Powerplay,96,85,1,53
ODI,Umran Malik,Middle,303,282,12,159
ODI,Usama Mir,Death,80,86,5,36
ODI,Usama Mir,Middle,441,421,9,181
ODI,Usman Shinwari,Death,93,111,6,27
ODI,Usman Shinwari,Middle,225,191,11,115
ODI,Usman Shinwari,Powerplay,408,286,17,276
ODI,V Araa,Middle,259,165,7,133
ODI,V Buruka,Powerplay,184,111,1,120
ODI,V Kohli,Death,62,80,2,12
ODI,V Kohli,Middle,590,583,3,221
ODI,V Krishnamurthy,Middle,88,44,1,59
ODI,V Permaul,Middle,330,270,8,170
ODI,V Sehwag,Death,443,402,17,186
ODI,V Sehwag,Middle,2019,1664,37,885
ODI,V Shankar,Middle,191,167,1,86
ODI,V Sibanda,Middle,243,219,3,99
ODI,V Sukumaran,Middle,110,72,3,65
ODI,VC Drakes,Death,88,85,6,39
ODI,VC Drakes,Middle,411,297,7,247
ODI,VC Drakes,Powerplay,135,83,2,95
ODI,VD Philander,Death,81,98,5,30
ODI,VD Philander,Middle,689,540,23,371
ODI,VD Philander,Powerplay,549,377,13,370
ODI,VJ Kingma,Death,174,205,10,60
ODI,VJ Kingma,Middle,341,335,7,172
ODI,VJ Kingma,Powerplay,746,519,21,516
ODI,VM Nyauchi,Death,68,84,4,23
ODI,VM Nyauchi,Middle,107,82,0,61
ODI,VM Nyauchi,Powerplay,253,197,3,162
ODI,VO Lawes,Middle,228,210,7,108
ODI,VR Aaron,Death,97,117,4,35
ODI,VR Aaron,Middle,248,265,5,117
ODI,VR Aaron,Powerplay,60,45,2,30
ODI,VS Solanki,Middle,84,80,1,40
ODI,Vaishnave Mahesh,Middle,165,124,1,94
ODI,Vikramjit Singh,Middle,226,217,6,113
ODI,W Madhevere,Death,80,63,4,34
ODI,W Madhevere,Middle,713,604,12,323
ODI,W O'Rourke,Death,149,168,7,63
ODI,W O'Rourke,Middle,542,508,11,251
ODI,W O'Rourke,Powerplay,362,272,9,231
ODI,W Smith,Middle,66,82,1,26
ODI,WB Rankin,Death,320,320,17,129
ODI,WB Rankin,Middle,1129,858,27,625
ODI,WB Rankin,Powerplay,1040,818,20,642
ODI,WD Balaji Rao,Middle,314,274,7,149
ODI,WD Parnell,Death,515,634,24,202
ODI,WD Parnell,Middle,1777,1525,43,873
ODI,WD Parnell,Powerplay,1048,931,32,623
ODI,WF Stelling,Middle,90,62,1,56
ODI,WF Stelling,Powerplay,91,32,4,68
ODI,WG Jacks,Death,62,95,1,19
ODI,WG Jacks,Middle,454,422,8,204
ODI,WGAKK Kulasuriya,Death,129,183,5,30
ODI,WGAKK Kulasuriya,Middle,277,265,3,123
ODI,WGAKK Kulasuriya,Powerplay,664,421,12,436
ODI,WK Dilhari,Death,212,248,12,71
ODI,WK Dilhari,Middle,1520,1158,30,761
ODI,WK McCallan,Middle,566,389,10,304
ODI,WP Masakadza,Death,143,134,5,58
ODI,WP Masakadza,Middle,1250,1069,16,552
ODI,WPUJC Vaas,Death,478,587,20,168
ODI,WPUJC Vaas,Middle,1613,1128,33,996
ODI,WPUJC Vaas,Powerplay,2769,1664,59,1937
ODI,WW Hinds,Middle,550,431,17,256
ODI,Wahab Riaz,Death,1049,1336,59,366
ODI,Wahab Riaz,Middle,2992,2465,48,1481
ODI,Wahab Riaz,Powerplay,396,376,9,225
ODI,Waheed Ahmed,Middle,113,86,0,46
ODI,Waqar Younis,Middle,128,111,2,72
ODI,Washington Sundar,Middle,899,748,25,446
ODI,Washington Sundar,Powerplay,97,69,1,61
ODI,Wasim Akram,Middle,99,44,4,72
ODI,Wasim Akram,Powerplay,165,115,8,97
ODI,Wasim Ali,Middle,105,115,4,43
ODI,XC Bartlett,Death,72,56,4,31
ODI,XC Bartlett,Middle,156,137,3,74
ODI,XC Bartlett,Powerplay,220,161,13,142
ODI,XJ Doherty,Death,204,230,6,82
ODI,XJ Doherty,Middle,2460,1875,46,1245
ODI,XJ Doherty,Powerplay,109,107,2,57
ODI,Y Cariah,Middle,557,564,12,271
ODI,Y Fourie,Middle,192,126,5,116
ODI,YK Pathan,Death,138,165,6,47
ODI,YK Pathan,Middle,1331,1174,27,554
ODI,YS Chahal,Death,533,549,31,209
ODI,YS Chahal,Middle,3100,2647,85,1509
ODI,YS Chahal,Powerplay,108,102,3,54
ODI,Yasir Arafat,Death,64,73,0,18
ODI,Yasir Arafat,Middle,266,228,2,138
ODI,Yasir Mohammad,Middle,247,235,7,119
ODI,Yasir Shah,Death,100,125,3,34
ODI,Yasir Shah,Middle,1183,1021,21,535
ODI,Younis Khan,Death,64,59,0,17
ODI,Younis Khan,Middle,158,158,1,58
ODI,Yuvraj Singh,Death,529,573,17,219
ODI,Yuvraj Singh,Middle,3534,2888,75,1617
ODI,Z Groenewald,Middle,102,71,4,65
ODI,Z James,Death,121,109,5,65
ODI,Z James,Middle,237,192,7,106
ODI,Z James,Powerplay,182,149,0,108
ODI,Z Khan,Death,1274,1388,57,442
ODI,Z Khan,Middle,2248,1907,52,1160
ODI,Z Khan,Powerplay,3340,2458,71,2128
ODI,Z Mali,Middle,120,64,3,80
ODI,ZB Lion-Cachet,Middle,278,226,7,148
ODI,ZGF Foulkes,Middle,158,133,3,77
ODI,ZGF Foulkes,Powerplay,180,164,7,114
ODI,Zahid Hussain,Middle,96,74,2,47
ODI,Zahid Mahmood,Middle,206,212,4,88
ODI,Zahid Shah,Powerplay,60,46,2,32
ODI,Zahid Shirzad,Death,86,117,7,30
ODI,Zahid Shirzad,Middle,92,90,2,45
ODI,Zahid Shirzad,Powerplay,182,129,6,120
ODI,Zahoor Khan,Death,717,781,49,242
ODI,Zahoor Khan,Middle,1753,1321,32,956
ODI,Zahoor Khan,Powerplay,418,305,9,283
ODI,Zawar Farid,Middle,129,114,3,63
ODI,Zeeshan Maqsood,Death,327,290,14,147
ODI,Zeeshan Maqsood,Middle,1721,1159,38,980
ODI,Zeeshan Maqsood,Powerplay,97,71,2,52
ODI,Ziaur Rahman,Middle,287,193,9,158
ODI,Zuhaib Zubair,Middle,145,135,0,60
ODI,Zulfiqar Babar,Middle,229,182,3,126
SA20,A Nortje,Death,159,161,16,71
SA20,A Nortje,Middle,256,285,17,111
SA20,A Nortje,Powerplay,103,123,5,58
SA20,AF Milne,Powerplay,91,103,4,46
SA20,AJ Hosein,Middle,92,114,3,21
SA20,AJ Hosein,Powerplay,68,88,3,28
SA20,AK Markram,Middle,252,304,10,68
SA20,AK Markram,Powerplay,91,102,2,39
SA20,AL Phehlukwayo,Death,69,112,7,21
SA20,AL Phehlukwayo,Middle,188,259,8,46
SA20,AM Phangiso,Middle,120,156,10,42
SA20,AS Joseph,Powerplay,85,118,2,37
SA20,AU Rashid,Death,72,122,7,24
SA20,AU Rashid,Middle,330,409,15,112
SA20,BA Carse,Middle,86,139,4,28
SA20,BC Fortuin,Middle,380,453,10,110
SA20,BC Fortuin,Powerplay,625,676,29,271
SA20,C Bosch,Death,124,217,13,30
SA20,C Bosch,Middle,137,204,8,36
SA20,C Bosch,Powerplay,88,124,5,37
SA20,C Overton,Powerplay,103,114,5,50
SA20,CJ Dala,Death,69,87,12,25
SA20,CJ Dala,Middle,96,152,5,31
SA20,Codi Yusuf,Powerplay,73,119,2,27
SA20,D Ferreira,Middle,209,212,11,71
SA20,D Jansen,Middle,98,134,4,36
SA20,D Potgieter,Middle,88,100,8,28
SA20,D Pretorius,Death,103,202,9,23
SA20,D Pretorius,Middle,158,214,9,41
SA20,D Pretorius,Powerplay,68,95,3,25
SA20,D Wiese,Death,62,124,3,10
SA20,D Wiese,Powerplay,109,130,3,47
SA20,DJ Worrall,Middle,87,91,6,31
SA20,DJ Worrall,Powerplay,212,228,9,115
SA20,DM Dupavillon,Powerplay,120,178,6,57
SA20,DN Wellalage,Middle,128,128,5,45
SA20,Dayyaan Galiem,Middle,116,176,5,29
SA20,E Bosch,Death,115,201,12,26
SA20,E Bosch,Middle,100,140,5,32
SA20,E Bosch,Powerplay,458,579,17,215
SA20,E Jones,Death,76,115,6,14
SA20,E Jones,Middle,188,276,9,52
SA20,FD Adams,Middle,68,79,4,27
SA20,G Coetzee,Death,97,162,12,27
SA20,G Coetzee,Powerplay,121,175,7,49
SA20,GC Viljoen,Death,169,257,16,48
SA20,GC Viljoen,Middle,111,168,3,29
SA20,GC Viljoen,Powerplay,163,218,12,78
SA20,GF Linde,Middle,422,486,15,140
SA20,GF Linde,Powerplay,229,285,15,113
SA20,GG Peters,Middle,120,148,8,45
SA20,Imran Tahir,Middle,342,405,11,103
SA20,JDS Neesham,Death,114,194,10,23
SA20,JDS Neesham,Middle,242,289,13,88
SA20,JE Root,Middle,74,69,2,20
SA20,JM Coles,Middle,60,71,2,20
SA20,JT Smuts,Middle,101,118,6,39
SA20,JT Smuts,Powerplay,90,104,1,34
SA20,K Rabada,Death,247,391,15,63
SA20,K Rabada,Middle,162,181,5,61
SA20,K Rabada,Powerplay,343,418,21,178
SA20,KA Maharaj,Middle,729,881,33,237
SA20,KA Maharaj,Powerplay,98,120,3,44
SA20,KI Simmonds,Middle,85,91,7,29
SA20,KMA Paul,Middle,77,138,3,21
SA20,KT Maphaka,Death,130,236,7,30
SA20,KT Maphaka,Middle,68,114,1,15
SA20,KT Maphaka,Powerplay,128,167,2,60
SA20,L Gregory,Middle,103,121,4,27
SA20,L Ngidi,Death,265,416,15,85
SA20,L Ngidi,Middle,119,186,4,31
SA20,L Ngidi,Powerplay,406,493,15,200
SA20,L Sipamla,Death,60,103,1,9
SA20,L Sipamla,Powerplay,154,208,11,66
SA20,LA Dawson,Middle,355,432,21,127
SA20,LB Williams,Death,147,256,13,41
SA20,LB Williams,Middle,73,116,0,19
SA20,LB Williams,Powerplay,199,237,17,89
SA20,LS Livingstone,Middle,122,182,6,42
SA20,M Jansen,Death,284,394,24,107
SA20,M Jansen,Middle,141,179,5,51
SA20,M Jansen,Powerplay,589,623,31,294
SA20,M Pathirana,Middle,71,113,2,15
SA20,M Pretorius,Death,60,121,3,16
SA20,M Pretorius,Middle,86,119,4,28
SA20,M Pretorius,Powerplay,61,111,3,22
SA20,M Theekshana,Middle,98,128,1,30
SA20,M Theekshana,Powerplay,92,99,5,36
SA20,MM Ali,Middle,152,189,7,45
SA20,MM Ali,Powerplay,90,127,1,35
SA20,Mujeeb Ur Rahman,Death,144,183,9,57
SA20,Mujeeb Ur Rahman,Middle,230,245,6,86
SA20,Mujeeb Ur Rahman,Powerplay,89,101,4,36
SA20,N Burger,Death,124,220,5,27
SA20,N Burger,Middle,87,120,3,24
SA20,N Burger,Powerplay,257,326,12,117
SA20,N Mokoena,Death,65,93,7,24
SA20,N Mokoena,Powerplay,99,151,3,32
SA20,Naveen-ul-Haq,Death,120,195,5,30
SA20,Naveen-ul-Haq,Middle,61,93,2,13
SA20,Naveen-ul-Haq,Powerplay,150,204,6,56
SA20,Noor Ahmad,Death,73,104,3,24
SA20,Noor Ahmad,Middle,414,443,25,165
SA20,OC McCoy,Death,91,166,3,21
SA20,OC McCoy,Powerplay,91,107,5,47
SA20,OEG Baartman,Death,274,414,30,90
SA20,OEG Baartman,Middle,253,316,19,98
SA20,OEG Baartman,Powerplay,160,211,12,79
SA20,OF Smith,Middle,64,70,7,22
SA20,OP Stone,Middle,95,154,6,30
SA20,P Subrayen,Middle,136,181,6,44
SA20,P Subrayen,Powerplay,134,150,8,52
SA20,PWA Mulder,Death,106,170,4,29
SA20,PWA Mulder,Middle,166,247,7,45
SA20,PWA Mulder,Powerplay,131,197,7,54
SA20,R Shepherd,Death,61,105,7,17
SA20,R Shepherd,Middle,181,258,5,59
SA20,RE van der Merwe,Middle,165,147,13,65
SA20,RJ Gleeson,Death,168,217,16,61
SA20,RJ Gleeson,Middle,112,173,4,34
SA20,RJ Gleeson,Powerplay,165,237,8,72
SA20,RJW Topley,Death,107,172,12,36
SA20,RJW Topley,Powerplay,279,343,11,129
SA20,RL Chase,Middle,72,80,2,28
SA20,Rashid Khan,Death,76,127,4,20
SA20,Rashid Khan,Middle,509,563,23,173
SA20,S Muthusamy,Middle,409,464,24,125
SA20,SM Curran,Death,111,177,3,21
SA20,SM Curran,Middle,82,127,2,21
SA20,SM Curran,Powerplay,160,231,9,71
SA20,SR Harmer,Middle,378,427,11,119
SA20,SR Harmer,Powerplay,69,95,1,23
SA20,SSB Magala,Death,95,176,4,21
SA20,SSB Magala,Powerplay,111,136,7,52
SA20,Sikandar Raza,Middle,151,176,11,50
SA20,T Shamsi,Middle,436,553,16,121
SA20,TA Boult,Death,105,151,5,23
SA20,TA Boult,Middle,60,83,4,15
SA20,TA Boult,Powerplay,286,379,10,128
SA20,TP Kaber,Middle,110,153,8,32
SA20,WD Parnell,Death,94,171,12,32
SA20,WD Parnell,Powerplay,149,192,9,73
SA20,WG Jacks,Middle,133,150,6,47
SA20,WG Jacks,Powerplay,123,105,5,65
SA20,WJ Lubbe,Middle,97,130,3,30
SA20,Waqar Salamkheil,Middle,68,84,2,21
Super Smash,A Ashok,Death,92,159,6,25
Super Smash,A Ashok,Middle,520,643,25,180
Super Smash,A Verma,Death,212,300,19,47
Super Smash,A Verma,Middle,134,177,8,38
Super Smash,A Verma,Powerplay,260,355,12,105
Super Smash,A Wellington,Death,67,77,3,25
Super Smash,A Wellington,Middle,217,201,9,85
Super Smash,AC Jayangani,Death,86,98,7,25
Super Smash,AC Jayangani,Middle,166,181,10,60
Super Smash,AC Jayangani,Powerplay,122,124,7,65
Super Smash,AC Kerr,Death,342,331,29,138
Super Smash,AC Kerr,Middle,970,780,54,451
Super Smash,AE Satterthwaite,Death,212,214,16,84
Super Smash,AE Satterthwaite,Middle,307,305,12,103
Super Smash,AE Satterthwaite,Powerplay,132,135,2,62
Super Smash,AF Milne,Death,87,122,5,32
Super Smash,AF Milne,Powerplay,165,181,6,81
Super Smash,AG Hotton,Middle,81,107,2,21
Super Smash,AK Kitchen,Death,61,72,4,19
Super Smash,AK Kitchen,Middle,443,578,13,112
Super Smash,AK Kitchen,Powerplay,260,335,8,115
Super Smash,AL Olliver,Death,75,129,4,15
Super Smash,AL Olliver,Middle,91,117,6,28
Super Smash,AL Olliver,Powerplay,139,197,11,54
Super Smash,AM Ellis,Death,147,253,14,24
Super Smash,AM Ellis,Middle,284,370,11,70
Super Smash,AM Peterson,Middle,250,243,8,102
Super Smash,AM Peterson,Powerplay,126,135,7,64
Super Smash,AN Kelly,Death,149,171,15,48
Super Smash,AN Kelly,Middle,129,117,2,52
Super Smash,AN Kelly,Powerplay,477,424,14,251
Super Smash,AP Devcich,Death,96,146,10,21
Super Smash,AP Devcich,Middle,198,220,11,56
Super Smash,AP Devcich,Powerplay,221,247,6,91
Super Smash,AR Schaw,Middle,129,175,7,34
Super Smash,AR Schaw,Powerplay,124,168,5,51
Super Smash,AS Browning,Death,62,75,4,17
Super Smash,AS Browning,Middle,334,370,12,100
Super Smash,AT Hucker,Death,200,287,10,44
Super Smash,AT Hucker,Middle,263,298,5,90
Super Smash,AT Hucker,Powerplay,323,315,12,160
Super Smash,ATE Hazeldine,Middle,158,226,2,44
Super Smash,ATE Hazeldine,Powerplay,331,436,19,146
Super Smash,AW McKenzie,Death,173,286,17,38
Super Smash,AW McKenzie,Middle,158,193,7,54
Super Smash,AW McKenzie,Powerplay,122,150,4,49
Super Smash,AY Patel,Death,241,349,18,69
Super Smash,AY Patel,Middle,929,1206,40,278
Super Smash,AY Patel,Powerplay,254,322,13,126
Super Smash,Ashtuti Kumar,Death,73,88,6,22
Super Smash,Ashtuti Kumar,Middle,304,326,9,96
Super Smash,Ashtuti Kumar,Powerplay,92,123,6,30
Super Smash,BG Armstrong,Death,90,142,4,23
Super Smash,BG Armstrong,Middle,457,480,18,158
Super Smash,BG Armstrong,Powerplay,83,115,2,30
Super Smash,BG Illing,Death,99,136,6,30
Super Smash,BG Illing,Middle,98,97,3,37
Super Smash,BG Illing,Powerplay,450,403,13,247
Super Smash,BG Lister,Death,345,481,25,89
Super Smash,BG Lister,Middle,139,161,7,43
Super Smash,BG Lister,Powerplay,619,749,22,263
Super Smash,BG Randell,Death,205,347,19,51
Super Smash,BG Randell,Middle,169,244,5,49
Super Smash,BG Randell,Powerplay,522,756,24,208
Super Smash,BJ Arnel,Powerplay,86,138,2,31
Super Smash,BJ Small,Death,60,92,6,16
Super Smash,BJ Small,Middle,234,323,13,76
Super Smash,BJ Small,Powerplay,136,171,8,62
Super Smash,BM Halliday,Death,209,281,11,71
Super Smash,BM Halliday,Middle,339,334,12,145
Super Smash,BM Halliday,Powerplay,108,85,5,52
Super Smash,BM Tickner,Death,307,506,27,110
Super Smash,BM Tickner,Middle,689,901,38,248
Super Smash,BM Tickner,Powerplay,590,861,39,254
Super Smash,BM Wheeler,Death,157,264,8,40
Super Smash,BM Wheeler,Middle,224,299,10,69
Super Smash,BM Wheeler,Powerplay,359,472,11,157
Super Smash,BNJ Lockrose,Death,115,152,8,28
Super Smash,BNJ Lockrose,Middle,512,662,16,133
Super Smash,BNJ Lockrose,Powerplay,196,249,10,84
Super Smash,BP Coburn,Middle,243,329,10,68
Super Smash,BR Hampton,Death,190,292,13,51
Super Smash,BR Hampton,Middle,257,355,17,70
Super Smash,BR Hampton,Powerplay,149,211,7,50
Super Smash,BV Sears,Death,105,138,7,32
Super Smash,BV Sears,Middle,528,685,40,198
Super Smash,BV Sears,Powerplay,237,348,12,100
Super Smash,C Agafili,Middle,82,95,1,28
Super Smash,C Munro,Death,68,102,6,21
Super Smash,C Munro,Middle,87,118,3,16
Super Smash,C Viljoen,Middle,112,146,9,36
Super Smash,CB Paul,Powerplay,66,104,2,27
Super Smash,CE McConchie,Death,103,143,5,16
Super Smash,CE McConchie,Middle,986,1176,45,282
Super Smash,CE McConchie,Powerplay,333,465,18,131
Super Smash,CJ Jordan,Death,73,100,1,17
Super Smash,CL Green,Death,83,105,4,24
Super Smash,CL Green,Middle,283,279,10,117
Super Smash,CL Green,Powerplay,739,705,30,357
Super Smash,CM Deerness,Middle,129,131,4,44
Super Smash,CR King,Middle,93,99,5,40
Super Smash,CR Sarsfield,Middle,260,298,4,97
Super Smash,D Foxcroft,Death,79,112,5,20
Super Smash,D Foxcroft,Middle,374,481,16,102
Super Smash,D Foxcroft,Powerplay,62,130,2,14
Super Smash,DAJ Bracewell,Death,197,350,9,33
Super Smash,DAJ Bracewell,Middle,271,363,12,91
Super Smash,DAJ Bracewell,Powerplay,415,505,22,205
Super Smash,DJ Grobbelaar,Middle,164,213,6,35
Super Smash,DJ Mitchell,Death,255,413,19,51
Super Smash,DJ Mitchell,Middle,242,352,12,51
Super Smash,DJ Mitchell,Powerplay,103,131,5,44
Super Smash,DK Ferns,Death,270,442,26,72
Super Smash,DK Ferns,Middle,180,226,8,47
Super Smash,DK Ferns,Powerplay,366,554,15,137
Super Smash,DM Doughty,Middle,75,64,3,32
Super Smash,E Gray,Death,72,138,3,10
Super Smash,E Gray,Powerplay,67,63,2,41
Super Smash,EAJ Richardson,Death,115,170,8,32
Super Smash,EAJ Richardson,Middle,196,197,3,69
Super Smash,EAJ Richardson,Powerplay,96,105,2,40
Super Smash,EJ Black,Death,291,358,29,96
Super Smash,EJ Black,Middle,326,365,18,114
Super Smash,EJ Black,Powerplay,950,932,33,471
Super Smash,EJ Carson,Death,303,314,29,117
Super Smash,EJ Carson,Middle,615,617,29,231
Super Smash,EJ Carson,Powerplay,230,235,8,114
Super Smash,EJ Nuttall,Death,193,307,14,52
Super Smash,EJ Nuttall,Middle,372,522,14,110
Super Smash,EJ Nuttall,Powerplay,572,792,25,236
Super Smash,EL Baker,Middle,60,80,2,17
Super Smash,FC Jonas,Death,168,186,12,50
Super Smash,FC Jonas,Middle,607,589,21,220
Super Smash,FC Jonas,Powerplay,217,189,12,116
Super Smash,FC Leydon-Davis,Death,80,111,6,20
Super Smash,FC Leydon-Davis,Middle,199,223,6,57
Super Smash,FC Leydon-Davis,Powerplay,76,74,3,39
Super Smash,FDM Devonshire,Death,66,81,2,17
Super Smash,FDM Devonshire,Middle,372,371,10,152
Super Smash,FDM Devonshire,Powerplay,119,143,2,54
Super Smash,FL Mackay,Death,206,218,19,66
Super Smash,FL Mackay,Middle,430,343,21,175
Super Smash,FL Walker,Death,106,173,9,30
Super Smash,FL Walker,Middle,384,443,12,123
Super Smash,FW Sheat,Powerplay,137,170,6,58
Super Smash,Fatima Sana,Powerplay,66,64,5,36
Super Smash,G Scrivens,Middle,89,90,8,33
Super Smash,GD Phillips,Middle,182,234,7,46
Super Smash,GES Sullivan,Death,223,269,21,65
Super Smash,GES Sullivan,Middle,430,445,11,165
Super Smash,GES Sullivan,Powerplay,314,375,16,137
Super Smash,GH Worker,Middle,73,110,2,21
Super Smash,GK Atkinson,Middle,146,162,6,47
Super Smash,GR Adams,Middle,95,117,2,30
Super Smash,H Johal,Death,76,86,10,23
Super Smash,H Johal,Powerplay,77,132,1,23
Super Smash,HB Shipley,Death,144,220,11,32
Super Smash,HB Shipley,Middle,178,196,14,59
Super Smash,HB Shipley,Powerplay,332,440,18,130
Super Smash,HC Francis,Middle,63,66,2,19
Super Smash,HJ Darlington,Powerplay,61,60,5,32
Super Smash,HK Bennett,Death,286,452,21,77
Super Smash,HK Bennett,Middle,151,188,9,49
Super Smash,HK Bennett,Powerplay,518,622,18,239
Super Smash,HM Rowe,Death,313,383,24,110
Super Smash,HM Rowe,Middle,358,402,9,126
Super Smash,HM Rowe,Powerplay,566,585,18,282
Super Smash,HNK Jensen,Death,245,300,14,54
Super Smash,HNK Jensen,Middle,197,211,6,71
Super Smash,HNK Jensen,Powerplay,507,496,13,270
Super Smash,HR Huddleston,Death,216,262,20,64
Super Smash,HR Huddleston,Powerplay,350,300,15,202
Super Smash,IG McPeake,Middle,77,101,4,22
Super Smash,IG McPeake,Powerplay,123,192,4,42
Super Smash,IS Sodhi,Death,127,187,7,41
Super Smash,IS Sodhi,Middle,1038,1281,47,317
Super Smash,J McKenzie,Death,64,105,10,17
Super Smash,J McKenzie,Middle,148,214,7,37
Super Smash,JA Clarkson,Death,83,143,5,23
Super Smash,JA Clarkson,Middle,201,299,6,56
Super Smash,JA Duffy,Death,491,782,31,114
Super Smash,JA Duffy,Middle,225,294,9,74
Super Smash,JA Duffy,Powerplay,729,905,26,313
Super Smash,JA Simmons,Death,79,100,3,31
Super Smash,JA Simmons,Middle,156,150,8,64
Super Smash,JA Simmons,Powerplay,200,206,5,97
Super Smash,JB Ogden,Middle,96,90,3,34
Super Smash,JDS Neesham,Death,193,291,23,52
Super Smash,JDS Neesham,Middle,284,348,13,85
Super Smash,JDS Neesham,Powerplay,104,159,6,36
Super Smash,JEI Prasad,Death,143,187,6,40
Super Smash,JEI Prasad,Middle,186,196,10,69
Super Smash,JFA Field,Middle,249,373,11,71
Super Smash,JFA Field,Powerplay,170,261,10,61
Super Smash,JG Walker,Middle,485,580,30,145
Super Smash,JL Finnie,Middle,72,104,3,18
Super Smash,JL Savage,Middle,161,183,9,60
Super Smash,JL Savage,Powerplay,197,239,7,95
Super Smash,JM Gibson,Death,124,195,9,33
Super Smash,JM Gibson,Middle,254,323,7,72
Super Smash,JM Kerr,Death,349,360,36,127
Super Smash,JM Kerr,Middle,230,241,6,84
Super Smash,JM Kerr,Powerplay,874,787,36,470
Super Smash,JM Tashkoff,Middle,110,154,4,28
Super Smash,JM Watkin,Death,258,320,14,75
Super Smash,JM Watkin,Middle,682,726,22,244
Super Smash,JM Watkin,Powerplay,340,335,18,165
Super Smash,JO Penfold,Death,61,83,5,21
Super Smash,JO Penfold,Middle,302,320,18,126
Super Smash,JR Lennox,Death,197,297,22,56
Super Smash,JR Lennox,Middle,612,736,34,209
Super Smash,JR Lennox,Powerplay,90,110,3,45
Super Smash,JS Patel,Death,79,128,5,14
Super Smash,JS Patel,Middle,316,330,20,101
Super Smash,JTA Benton,Middle,75,95,3,15
Super Smash,JW Hartshorn,Powerplay,86,128,4,35
Super Smash,K Noema-Barnett,Middle,224,304,12,60
Super Smash,KA Jamieson,Death,140,180,11,42
Super Smash,KA Jamieson,Middle,264,349,18,86
Super Smash,KA Jamieson,Powerplay,546,563,28,283
Super Smash,KA Knight,Death,77,79,4,34
Super Smash,KA Knight,Middle,188,218,7,72
Super Smash,KA Knight,Powerplay,101,86,4,50
Super Smash,KDC Clarke,Death,165,308,12,39
Super Smash,KDC Clarke,Middle,119,148,2,34
Super Smash,KDC Clarke,Powerplay,193,256,10,83
Super Smash,KE Ebrahim,Death,249,320,16,62
Super Smash,KE Ebrahim,Middle,346,393,12,109
Super Smash,KE Ebrahim,Powerplay,87,102,3,38
Super Smash,KG Anderson,Middle,137,168,7,36
Super Smash,KL Gordon,Death,68,57,7,30
Super Smash,KL Gordon,Middle,204,187,9,82
Super Smash,KL Gordon,Powerplay,66,56,2,35
Super Smash,KM Sims,Powerplay,65,71,2,27
Super Smash,L Delport,Middle,440,546,19,134
Super Smash,L Delport,Powerplay,130,187,10,54
Super Smash,LCN Smith,Middle,108,120,4,34
Super Smash,LCN Smith,Powerplay,97,90,3,51
Super Smash,LF Boucher,Middle,189,243,2,55
Super Smash,LF Boucher,Powerplay,187,196,12,89
Super Smash,LH Ferguson,Death,98,127,11,39
Super Smash,LH Ferguson,Middle,136,153,4,52
Super Smash,LH Ferguson,Powerplay,217,246,15,115
Super Smash,LH Heaps,Middle,83,97,2,28
Super Smash,LH Heaps,Powerplay,172,165,10,95
Super Smash,LI Georgeson,Middle,90,108,4,23
Super Smash,LJ Woodcock,Middle,128,165,5,37
Super Smash,LLB Harper,Middle,81,89,6,30
Super Smash,LLB Harper,Powerplay,62,109,2,17
Super Smash,LM Kasperek,Death,233,259,33,79
Super Smash,LM Kasperek,Middle,520,454,32,204
Super Smash,LM Kasperek,Powerplay,210,197,13,105
Super Smash,LM Kotkamp,Middle,80,99,4,35
Super Smash,LM Kotkamp,Powerplay,69,73,4,34
Super Smash,LMM Tahuhu,Death,148,183,13,57
Super Smash,LMM Tahuhu,Middle,237,253,9,92
Super Smash,LMM Tahuhu,Powerplay,550,499,19,314
Super Smash,LV van Beek,Death,619,872,34,166
Super Smash,LV van Beek,Middle,342,421,16,96
Super Smash,LV van Beek,Powerplay,895,1157,38,352
Super Smash,M Brown,Death,76,90,5,27
Super Smash,M Brown,Middle,115,102,5,40
Super Smash,M Brown,Powerplay,82,100,2,38
Super Smash,M Penna,Middle,87,97,0,29
Super Smash,MA Abbas,Middle,68,88,2,18
Super Smash,MB Bacon,Death,369,602,29,91
Super Smash,MB Bacon,Middle,297,379,15,88
Super Smash,MB Bacon,Powerplay,471,604,15,186
Super Smash,MB Templeton,Middle,167,170,5,69
Super Smash,MBA Lamplough,Death,101,101,8,41
Super Smash,MBA Lamplough,Middle,81,101,2,24
Super Smash,MD Rae,Death,186,282,16,49
Super Smash,MD Rae,Middle,445,588,22,135
Super Smash,MD Rae,Powerplay,325,510,22,123
Super Smash,ME Loe,Middle,189,228,7,60
Super Smash,ME Loe,Powerplay,239,266,10,103
Super Smash,MG Bracewell,Death,106,144,8,24
Super Smash,MG Bracewell,Middle,392,476,22,123
Super Smash,MJ Banks,Death,244,306,21,74
Super Smash,MJ Banks,Middle,323,380,13,106
Super Smash,MJ Banks,Powerplay,537,614,27,263
Super Smash,MJ Fisher,Death,90,191,4,15
Super Smash,MJ Fisher,Middle,297,429,9,90
Super Smash,MJ Fisher,Powerplay,313,399,14,141
Super Smash,MJ Greig,Middle,68,95,0,15
Super Smash,MJ Hansen,Death,83,124,6,17
Super Smash,MJ Hansen,Middle,163,201,3,55
Super Smash,MJ Henry,Death,209,354,14,49
Super Smash,MJ Henry,Middle,124,140,10,44
Super Smash,MJ Henry,Powerplay,461,513,24,242
Super Smash,MJ McClenaghan,Death,157,297,9,33
Super Smash,MJ McClenaghan,Middle,163,223,12,46
Super Smash,MJ McClenaghan,Powerplay,378,518,18,144
Super Smash,MJ Santner,Death,125,128,8,37
Super Smash,MJ Santner,Middle,402,512,22,130
Super Smash,MJ Santner,Powerplay,97,117,1,42
Super Smash,MJG Rippon,Death,151,230,7,39
Super Smash,MJG Rippon,Middle,979,1285,34,263
Super Smash,ML Green,Death,132,126,10,44
Super Smash,ML Green,Middle,206,219,13,69
Super Smash,MM Penfold,Death,134,135,11,46
Super Smash,MM Penfold,Middle,593,632,21,232
Super Smash,MM Penfold,Powerplay,245,312,9,104
Super Smash,MP Singh,Middle,126,109,5,45
Super Smash,MP Singh,Powerplay,415,335,14,230
Super Smash,MR Quinn,Death,79,106,6,17
Super Smash,MR Quinn,Powerplay,134,142,6,64
Super Smash,MS Chapman,Death,78,96,6,28
Super Smash,MS Chapman,Middle,183,233,4,43
Super Smash,MS Rees,Middle,117,122,6,32
Super Smash,MW Downes,Death,134,142,10,43
Super Smash,MW Downes,Middle,143,131,10,66
Super Smash,MW Downes,Powerplay,383,353,21,197
Super Smash,MW Snedden,Middle,187,245,10,42
Super Smash,MW Snedden,Powerplay,128,185,3,49
Super Smash,N Baird,Death,134,157,11,35
Super Smash,N Baird,Middle,354,359,16,106
Super Smash,N Baird,Powerplay,79,80,5,41
Super Smash,N Wagner,Death,187,315,10,44
Super Smash,N Wagner,Middle,137,218,4,33
Super Smash,N Wagner,Powerplay,300,381,18,127
Super Smash,NB Beard,Middle,68,67,3,17
Super Smash,NE Codyre,Powerplay,75,92,1,34
Super Smash,NG Smith,Death,322,513,25,78
Super Smash,NG Smith,Middle,150,184,7,47
Super Smash,NG Smith,Powerplay,517,630,26,234
Super Smash,NH Patel,Death,168,213,11,52
Super Smash,NH Patel,Middle,510,528,24,184
Super Smash,NH Patel,Powerplay,352,357,14,166
Super Smash,OJS Bartlett,Middle,260,294,9,76
Super Smash,OR Newton,Death,187,294,18,45
Super Smash,OR Newton,Middle,178,240,7,43
Super Smash,OR Newton,Powerplay,328,428,13,126
Super Smash,P Catton,Middle,66,80,4,21
Super Smash,PA Chatterji,Middle,95,74,7,41
Super Smash,PC Graham,Middle,71,66,2,23
Super Smash,PF Younghusband,Death,172,207,8,54
Super Smash,PF Younghusband,Middle,988,1184,46,296
Super Smash,PJ Watkins,Middle,144,168,7,58
Super Smash,PJ Watkins,Powerplay,97,71,1,58
Super Smash,R Ravindra,Death,104,158,8,27
Super Smash,R Ravindra,Middle,568,684,24,157
Super Smash,R Ravindra,Powerplay,74,106,2,30
Super Smash,RA Mair,Death,301,378,24,99
Super Smash,RA Mair,Middle,271,255,8,113
Super Smash,RA Mair,Powerplay,505,482,16,266
Super Smash,RD Harrison,Middle,112,161,5,25
Super Smash,RD Harrison,Powerplay,66,90,5,26
Super Smash,RJ Nicol,Middle,88,127,1,15
Super Smash,RK Gulati,Middle,177,207,7,47
Super Smash,RL Toole,Death,100,185,7,24
Super Smash,RL Toole,Powerplay,75,130,2,31
Super Smash,RM Hira,Death,118,177,9,28
Super Smash,RM Hira,Middle,349,433,19,89
Super Smash,RM Hira,Powerplay,117,160,8,46
Super Smash,RM ter Braak,Middle,62,78,5,21
Super Smash,RM ter Braak,Powerplay,117,165,5,48
Super Smash,S Dixit,Middle,84,112,3,19
Super Smash,S Pandey,Powerplay,155,131,8,77
Super Smash,SA Oldershaw,Death,124,117,13,43
Super Smash,SA Oldershaw,Middle,564,581,21,189
Super Smash,SB Davey,Middle,60,71,3,18
Super Smash,SB Davey,Powerplay,67,107,2,17
Super Smash,SB Keene,Powerplay,88,111,3,28
Super Smash,SC Kuggeleijn,Death,265,413,24,80
Super Smash,SC Kuggeleijn,Middle,423,606,25,123
Super Smash,SC Kuggeleijn,Powerplay,760,1011,35,343
Super Smash,SE Bowden,Middle,82,88,3,27
Super Smash,SFM Devine,Death,87,80,9,34
Super Smash,SFM Devine,Middle,136,136,12,60
Super Smash,SFM Devine,Powerplay,211,156,10,120
Super Smash,SHA Rance,Death,214,387,14,43
Super Smash,SHA Rance,Middle,110,158,8,29
Super Smash,SHA Rance,Powerplay,402,465,20,205
Super Smash,SM Curran,Death,77,119,6,22
Super Smash,SM Curran,Powerplay,68,90,2,28
Super Smash,SM Solia,Death,135,193,10,38
Super Smash,SM Solia,Middle,378,565,14,95
Super Smash,SM Solia,Powerplay,190,282,3,66
Super Smash,SR Asmussen,Death,167,169,13,53
Super Smash,SR Asmussen,Middle,880,980,39,300
Super Smash,SR Naidu,Powerplay,303,306,7,139
Super Smash,SR Patel,Middle,108,122,8,31
Super Smash,SW Bates,Middle,205,205,8,68
Super Smash,T Muller,Middle,123,155,6,27
Super Smash,T Muller,Powerplay,163,255,7,57
Super Smash,TA Boult,Powerplay,99,135,4,45
Super Smash,TA Findlay,Death,76,116,5,16
Super Smash,TA Findlay,Middle,73,100,2,20
Super Smash,TA Findlay,Powerplay,117,145,5,47
Super Smash,TC Bruce,Death,62,94,5,19
Super Smash,TC Bruce,Middle,229,311,10,61
Super Smash,TD Astle,Death,128,160,6,40
Super Smash,TD Astle,Middle,775,878,28,239
Super Smash,TD Astle,Powerplay,82,98,2,39
Super Smash,TG Johnston,Middle,173,208,5,52
Super Smash,TG Southee,Death,82,129,7,22
Super Smash,TG Southee,Powerplay,136,181,8,58
Super Smash,TJG Pringle,Death,78,130,4,15
Super Smash,TJG Pringle,Middle,379,466,20,118
Super Smash,TJG Pringle,Powerplay,90,116,5,41
Super Smash,TMM Newton,Death,71,64,5,24
Super Smash,TMM Newton,Middle,153,167,6,50
Super Smash,TS Nethula,Middle,248,373,16,58
Super Smash,W O'Rourke,Death,155,230,11,41
Super Smash,W O'Rourke,Middle,187,232,8,70
Super Smash,W O'Rourke,Powerplay,296,382,13,132
Super Smash,WER Somerville,Death,74,107,5,16
Super Smash,WER Somerville,Middle,372,513,21,103
Super Smash,WER Somerville,Powerplay,221,306,8,88
Super Smash,WSA Williams,Death,308,487,21,69
Super Smash,WSA Williams,Middle,123,174,6,27
Super Smash,WSA Williams,Powerplay,87,138,3,26
Super Smash,WT O'Donnell,Middle,60,84,2,16
Super Smash,XA Jetly,Death,224,201,27,88
Super Smash,XA Jetly,Middle,562,555,24,200
Super Smash,XA Jetly,Powerplay,335,331,11,167
Super Smash,ZGF Foulkes,Death,217,270,17,70
Super Smash,ZGF Foulkes,Middle,122,133,8,31
Super Smash,ZGF Foulkes,Powerplay,263,293,14,116
Super Smash,ZN Gibson,Death,66,101,4,13
Super Smash,ZN Gibson,Middle,105,143,5,29
Super Smash,ZN Gibson,Powerplay,126,144,6,58
Syed Mushtaq Ali Trophy,A Aravinddaraj,Middle,99,100,1,33
Syed Mushtaq Ali Trophy,A Ashish Reddy,Middle,98,156,3,17
Syed Mushtaq Ali Trophy,A Choudhary,Death,212,279,17,76
Syed Mushtaq Ali Trophy,A Choudhary,Powerplay,272,271,9,145
Syed Mushtaq Ali Trophy,A Mishra,Death,91,126,5,32
Syed Mushtaq Ali Trophy,A Mishra,Middle,391,508,15,115
Syed Mushtaq Ali Trophy,A Mithun,Death,179,282,15,46
Syed Mushtaq Ali Trophy,A Mithun,Middle,122,149,4,38
Syed Mushtaq Ali Trophy,A Mithun,Powerplay,340,426,13,151
Syed Mushtaq Ali Trophy,A Nagwaswalla,Death,170,234,14,50
Syed Mushtaq Ali Trophy,A Nagwaswalla,Middle,88,112,3,24
Syed Mushtaq Ali Trophy,A Nagwaswalla,Powerplay,311,307,19,168
Syed Mushtaq Ali Trophy,A Palkar,Powerplay,73,67,4,38
Syed Mushtaq Ali Trophy,A Sheth,Death,292,437,27,83
Syed Mushtaq Ali Trophy,A Sheth,Middle,183,231,15,66
Syed Mushtaq Ali Trophy,A Sheth,Powerplay,427,499,17,213
Syed Mushtaq Ali Trophy,A Singhania,Middle,169,189,6,54
Syed Mushtaq Ali Trophy,AA Bamal,Middle,97,93,1,33
Syed Mushtaq Ali Trophy,AA Chakraborty,Middle,184,206,4,52
Syed Mushtaq Ali Trophy,AA Sanklecha,Powerplay,67,87,2,32
Syed Mushtaq Ali Trophy,AA Sarwate,Middle,73,66,6,26
Syed Mushtaq Ali Trophy,AB Dinda,Death,260,343,14,72
Syed Mushtaq Ali Trophy,AB Dinda,Powerplay,327,392,11,150
Syed Mushtaq Ali Trophy,AD Nath,Middle,63,90,3,13
Syed Mushtaq Ali Trophy,AH Hooda,Death,156,171,11,62
Syed Mushtaq Ali Trophy,AH Hooda,Powerplay,298,351,7,134
Syed Mushtaq Ali Trophy,AK Sarkar,Middle,62,73,1,13
Syed Mushtaq Ali Trophy,AM Nayar,Middle,144,180,5,34
Syed Mushtaq Ali Trophy,AN Ahmed,Death,118,157,16,45
Syed Mushtaq Ali Trophy,AN Ahmed,Middle,62,58,3,27
Syed Mushtaq Ali Trophy,AN Ahmed,Powerplay,235,261,6,107
Syed Mushtaq Ali Trophy,AP Sharma,Middle,85,84,2,38
Syed Mushtaq Ali Trophy,AR Pandey,Middle,79,112,1,26
Syed Mushtaq Ali Trophy,AR Pandey,Powerplay,86,125,3,32
Syed Mushtaq Ali Trophy,AR Patel,Middle,368,315,13,158
Syed Mushtaq Ali Trophy,AR Patel,Powerplay,76,64,1,39
Syed Mushtaq Ali Trophy,AS Rajpoot,Death,275,383,28,80
Syed Mushtaq Ali Trophy,AS Rajpoot,Middle,87,96,6,28
Syed Mushtaq Ali Trophy,AS Rajpoot,Powerplay,431,424,21,228
Syed Mushtaq Ali Trophy,AS Raut,Death,67,75,3,19
Syed Mushtaq Ali Trophy,AS Raut,Middle,255,293,7,87
Syed Mushtaq Ali Trophy,AS Roy,Middle,304,381,7,87
Syed Mushtaq Ali Trophy,AS Roy,Powerplay,110,94,2,58
Syed Mushtaq Ali Trophy,Aamir Gani,Middle,92,101,4,31
Syed Mushtaq Ali Trophy,Abdul Samad,Middle,60,77,1,17
Syed Mushtaq Ali Trophy,Abhay Negi,Death,159,264,12,41
Syed Mushtaq Ali Trophy,Abhay Negi,Powerplay,254,236,5,131
Syed Mushtaq Ali Trophy,Abhijeet Saket,Powerplay,172,210,12,71
Syed Mushtaq Ali Trophy,Abhilash Gogoi,Middle,66,70,4,26
Syed Mushtaq Ali Trophy,Abhishek Sharma,Middle,161,181,6,43
Syed Mushtaq Ali Trophy,Abhishek Sharma,Powerplay,202,218,9,97
Syed Mushtaq Ali Trophy,Abhishek Tanwar,Powerplay,97,75,5,53
Syed Mushtaq Ali Trophy,Abid Mushtaq,Middle,192,181,8,78
Syed Mushtaq Ali Trophy,Abid Mushtaq,Powerplay,60,52,2,36
Syed Mushtaq Ali Trophy,Aishwary Mourya,Middle,63,82,5,20
Syed Mushtaq Ali Trophy,Ajay Mandal,Death,67,105,3,17
Syed Mushtaq Ali Trophy,Ajay Mandal,Middle,345,382,20,109
Syed Mushtaq Ali Trophy,Ajay Mandal,Powerplay,93,106,3,38
Syed Mushtaq Ali Trophy,Ajay Sarkar,Death,148,203,6,41
Syed Mushtaq Ali Trophy,Ajay Sarkar,Middle,135,159,1,46
Syed Mushtaq Ali Trophy,Ajay Sarkar,Powerplay,211,246,9,95
Syed Mushtaq Ali Trophy,Akash Bhandari,Middle,265,287,9,78
Syed Mushtaq Ali Trophy,Akash Choudhary,Death,99,131,6,32
Syed Mushtaq Ali Trophy,Akash Choudhary,Powerplay,216,231,9,108
Syed Mushtaq Ali Trophy,Akash Deep,Death,128,155,10,44
Syed Mushtaq Ali Trophy,Akash Deep,Middle,111,128,4,43
Syed Mushtaq Ali Trophy,Akash Deep,Powerplay,226,234,11,119
Syed Mushtaq Ali Trophy,Akash Madhwal,Death,152,228,12,44
Syed Mushtaq Ali Trophy,Akash Madhwal,Powerplay,190,206,6,98
Syed Mushtaq Ali Trophy,Akash Parkar,Middle,62,82,4,21
Syed Mushtaq Ali Trophy,Akash Singh,Powerplay,68,78,1,34
Syed Mushtaq Ali Trophy,Akash Vasisht,Middle,90,86,5,41
Syed Mushtaq Ali Trophy,Akhilesh Sahani,Death,111,168,14,22
Syed Mushtaq Ali Trophy,Akhilesh Sahani,Powerplay,248,279,10,109
Syed Mushtaq Ali Trophy,Akshay Karnewar,Death,129,142,7,46
Syed Mushtaq Ali Trophy,Akshay Karnewar,Middle,624,553,30,264
Syed Mushtaq Ali Trophy,Akshay Karnewar,Powerplay,118,141,6,46
Syed Mushtaq Ali Trophy,Akshay Wakhare,Death,69,91,4,16
Syed Mushtaq Ali Trophy,Akshay Wakhare,Middle,702,756,27,244
Syed Mushtaq Ali Trophy,Amiangshu Sen,Middle,74,110,5,19
Syed Mushtaq Ali Trophy,Amit Ali,Middle,115,94,10,55
Syed Mushtaq Ali Trophy,Amit Mishra,Death,210,331,17,52
Syed Mushtaq Ali Trophy,Amit Mishra,Middle,80,118,2,20
Syed Mushtaq Ali Trophy,Amit Mishra,Powerplay,250,261,16,128
Syed Mushtaq Ali Trophy,Amit Verma,Middle,145,235,2,40
Syed Mushtaq Ali Trophy,Amit Yadav,Middle,79,101,3,28
Syed Mushtaq Ali Trophy,Amit Yadav,Powerplay,73,29,7,53
Syed Mushtaq Ali Trophy,Amlanjyoti Das,Middle,68,85,1,19
Syed Mushtaq Ali Trophy,Amlanjyoti Das,Powerplay,74,84,2,32
Syed Mushtaq Ali Trophy,Amod Yadav,Powerplay,86,89,2,44
Syed Mushtaq Ali Trophy,Amulya Pandrekar,Middle,180,214,6,45
Syed Mushtaq Ali Trophy,Amulya Pandrekar,Powerplay,66,60,3,39
Syed Mushtaq Ali Trophy,Anand Singh,Middle,172,231,3,38
Syed Mushtaq Ali Trophy,Anish Charak,Middle,83,82,2,33
Syed Mushtaq Ali Trophy,Ankit Chaudhary,Middle,164,162,10,63
Syed Mushtaq Ali Trophy,Ankit Maini,Middle,92,85,10,34
Syed Mushtaq Ali Trophy,Ankit Sharma,Middle,359,424,15,109
Syed Mushtaq Ali Trophy,Anuj Raj,Powerplay,83,86,4,43
Syed Mushtaq Ali Trophy,Anurag Tiwari,Middle,91,122,2,22
Syed Mushtaq Ali Trophy,Anureet Singh,Death,211,323,17,63
Syed Mushtaq Ali Trophy,Anureet Singh,Middle,94,113,2,29
Syed Mushtaq Ali Trophy,Anureet Singh,Powerplay,200,213,3,99
Syed Mushtaq Ali Trophy,Arjun Tendulkar,Death,60,66,6,20
Syed Mushtaq Ali Trophy,Arjun Tendulkar,Powerplay,87,116,3,41
Syed Mushtaq Ali Trophy,Arnab Nandi,Middle,127,123,6,44
Syed Mushtaq Ali Trophy,Arpit Pannu,Middle,60,77,1,11
Syed Mushtaq Ali Trophy,Arshdeep Singh,Death,160,206,12,49
Syed Mushtaq Ali Trophy,Arshdeep Singh,Powerplay,204,220,6,97
Syed Mushtaq Ali Trophy,Arun Chaprana,Death,124,153,9,38
Syed Mushtaq Ali Trophy,Arun Chaprana,Powerplay,170,207,4,66
Syed Mushtaq Ali Trophy,Arup Das,Powerplay,131,159,4,63
Syed Mushtaq Ali Trophy,Ashish Yadav,Middle,218,248,12,70
Syed Mushtaq Ali Trophy,Ashish Yadav,Powerplay,73,77,2,35
Syed Mushtaq Ali Trophy,Ashith Rajiv,Death,90,119,1,23
Syed Mushtaq Ali Trophy,Ashith Rajiv,Middle,80,113,4,32
Syed Mushtaq Ali Trophy,Ashith Rajiv,Powerplay,102,94,4,49
Syed Mushtaq Ali Trophy,Ashutosh Aman,Death,61,60,11,25
Syed Mushtaq Ali Trophy,Ashutosh Aman,Middle,358,353,15,120
Syed Mushtaq Ali Trophy,Ashutosh Aman,Powerplay,61,68,1,28
Syed Mushtaq Ali Trophy,Ashwin Das,Powerplay,66,71,3,33
Syed Mushtaq Ali Trophy,Atharva Ankolekar,Middle,138,136,4,50
Syed Mushtaq Ali Trophy,Atharva Ankolekar,Powerplay,78,74,3,35
Syed Mushtaq Ali Trophy,Atharva Taide,Middle,124,104,9,54
Syed Mushtaq Ali Trophy,Auqib Nabi,Middle,114,144,2,36
Syed Mushtaq Ali Trophy,Avesh Khan,Death,237,332,20,84
Syed Mushtaq Ali Trophy,Avesh Khan,Middle,85,99,5,33
Syed Mushtaq Ali Trophy,Avesh Khan,Powerplay,316,366,13,148
Syed Mushtaq Ali Trophy,Avishek Sinha,Middle,158,170,3,55
Syed Mushtaq Ali Trophy,Ayan Bhattacharjee,Middle,94,93,3,33
Syed Mushtaq Ali Trophy,Ayush Jamwal,Death,72,80,2,32
Syed Mushtaq Ali Trophy,Ayush Jamwal,Middle,255,261,5,83
Syed Mushtaq Ali Trophy,Ayush Jamwal,Powerplay,117,111,6,60
Syed Mushtaq Ali Trophy,Azim Kazi,Middle,413,466,20,151
Syed Mushtaq Ali Trophy,Azim Kazi,Powerplay,73,81,2,31
Syed Mushtaq Ali Trophy,B Aparajith,Middle,135,129,5,48
Syed Mushtaq Ali Trophy,B Aparajith,Powerplay,78,71,4,39
Syed Mushtaq Ali Trophy,B Kumar,Death,98,119,11,30
Syed Mushtaq Ali Trophy,B Kumar,Powerplay,123,96,6,73
Syed Mushtaq Ali Trophy,BA Bhatt,Middle,274,276,9,99
Syed Mushtaq Ali Trophy,BA Bhatt,Powerplay,111,108,1,55
Syed Mushtaq Ali Trophy,BA Pathan,Death,76,100,3,28
Syed Mushtaq Ali Trophy,BA Pathan,Middle,113,114,4,38
Syed Mushtaq Ali Trophy,BA Pathan,Powerplay,90,93,5,48
Syed Mushtaq Ali Trophy,BB Samantray,Middle,140,156,7,64
Syed Mushtaq Ali Trophy,BB Sran,Middle,103,108,5,42
Syed Mushtaq Ali Trophy,Baltej Singh,Death,188,274,11,60
Syed Mushtaq Ali Trophy,Baltej Singh,Middle,187,197,12,79
Syed Mushtaq Ali Trophy,Baltej Singh,Powerplay,235,303,13,117
Syed Mushtaq Ali Trophy,Bandaru Ayyappa,Death,184,262,13,51
Syed Mushtaq Ali Trophy,Bandaru Ayyappa,Middle,72,89,5,23
Syed Mushtaq Ali Trophy,Bandaru Ayyappa,Powerplay,272,310,11,129
Syed Mushtaq Ali Trophy,Basant Mohanty,Powerplay,61,79,2,27
Syed Mushtaq Ali Trophy,Basil Thampi,Death,218,359,17,63
Syed Mushtaq Ali Trophy,Basil Thampi,Middle,180,222,7,60
Syed Mushtaq Ali Trophy,Basil Thampi,Powerplay,290,369,9,135
Syed Mushtaq Ali Trophy,Bavanaka Sandeep,Middle,205,231,5,56
Syed Mushtaq Ali Trophy,Bharat Sharma,Middle,79,82,2,30
Syed Mushtaq Ali Trophy,Bipul Sharma,Middle,182,201,3,52
Syed Mushtaq Ali Trophy,Bipul Sharma,Powerplay,255,203,11,137
Syed Mushtaq Ali Trophy,Bishworjit Konthoujam,Death,131,210,10,31
Syed Mushtaq Ali Trophy,Bishworjit Konthoujam,Middle,103,72,4,50
Syed Mushtaq Ali Trophy,Bishworjit Konthoujam,Powerplay,242,274,6,113
Syed Mushtaq Ali Trophy,Bobby Zothansanga,Middle,174,184,5,61
Syed Mushtaq Ali Trophy,Bodavarapu Sudhakar,Middle,66,66,4,29
Syed Mushtaq Ali Trophy,C Sakariya,Death,181,228,21,56
Syed Mushtaq Ali Trophy,C Sakariya,Middle,126,156,8,44
Syed Mushtaq Ali Trophy,C Sakariya,Powerplay,268,267,11,122
Syed Mushtaq Ali Trophy,CK Paul,Middle,139,151,7,46
Syed Mushtaq Ali Trophy,CP Singh,Middle,376,420,20,118
Syed Mushtaq Ali Trophy,CV Milind,Death,266,412,23,73
Syed Mushtaq Ali Trophy,CV Milind,Middle,131,139,6,45
Syed Mushtaq Ali Trophy,CV Milind,Powerplay,288,337,11,133
Syed Mushtaq Ali Trophy,Chanderpal Saini,Middle,61,78,1,18
Syed Mushtaq Ali Trophy,Cheepurapalli Stephen,Death,190,240,28,70
Syed Mushtaq Ali Trophy,Cheepurapalli Stephen,Powerplay,266,253,11,143
Syed Mushtaq Ali Trophy,Chengkam Sangma,Powerplay,93,89,1,51
Syed Mushtaq Ali Trophy,Chinta Gandhi,Middle,95,108,2,30
Syed Mushtaq Ali Trophy,Chintan Gaja,Death,73,76,7,30
Syed Mushtaq Ali Trophy,Chintan Gaja,Middle,129,159,10,50
Syed Mushtaq Ali Trophy,Chintan Gaja,Powerplay,203,255,7,93
Syed Mushtaq Ali Trophy,Chirag Jani,Death,157,283,6,29
Syed Mushtaq Ali Trophy,Chirag Jani,Middle,406,412,15,147
Syed Mushtaq Ali Trophy,Chirag Jani,Powerplay,197,241,7,77
Syed Mushtaq Ali Trophy,D Siva Kumar,Powerplay,66,79,3,29
Syed Mushtaq Ali Trophy,DG Nalkande,Death,139,168,22,48
Syed Mushtaq Ali Trophy,DG Nalkande,Middle,116,133,8,39
Syed Mushtaq Ali Trophy,DG Nalkande,Powerplay,297,366,15,136
Syed Mushtaq Ali Trophy,DJ Hooda,Middle,179,206,6,61
Syed Mushtaq Ali Trophy,DJ Muthuswami,Death,63,105,3,16
Syed Mushtaq Ali Trophy,DJ Muthuswami,Powerplay,157,170,18,76
Syed Mushtaq Ali Trophy,DL Chahar,Death,111,157,15,38
Syed Mushtaq Ali Trophy,DL Chahar,Powerplay,283,258,14,139
Syed Mushtaq Ali Trophy,DR Deshmukh,Death,63,114,7,15
Syed Mushtaq Ali Trophy,DR Deshmukh,Powerplay,81,116,2,32
Syed Mushtaq Ali Trophy,DS Kulkarni,Death,380,526,27,112
Syed Mushtaq Ali Trophy,DS Kulkarni,Middle,68,68,4,31
Syed Mushtaq Ali Trophy,DS Kulkarni,Powerplay,457,484,15,240
Syed Mushtaq Ali Trophy,Damodaran Rohit,Middle,102,158,2,19
Syed Mushtaq Ali Trophy,Darshan Misal,Death,98,163,6,29
Syed Mushtaq Ali Trophy,Darshan Misal,Middle,419,463,11,136
Syed Mushtaq Ali Trophy,Darshan Misal,Powerplay,164,168,4,71
Syed Mushtaq Ali Trophy,Debabrata Pradhan,Death,62,76,4,15
Syed Mushtaq Ali Trophy,Debabrata Pradhan,Middle,68,75,2,31
Syed Mushtaq Ali Trophy,Debabrata Pradhan,Powerplay,112,113,5,57
Syed Mushtaq Ali Trophy,Deepak Behera,Powerplay,68,82,4,34
Syed Mushtaq Ali Trophy,Deepak Punia,Middle,146,159,5,52
Syed Mushtaq Ali Trophy,Deepraj Gaonkar,Middle,195,258,6,51
Syed Mushtaq Ali Trophy,Dharmendrasinh Jadeja,Death,62,93,4,18
Syed Mushtaq Ali Trophy,Dharmendrasinh Jadeja,Middle,582,670,21,191
Syed Mushtaq Ali Trophy,Dharmendrasinh Jadeja,Powerplay,90,96,1,42
Syed Mushtaq Ali Trophy,Dhrushant Soni,Middle,94,125,5,27
Syed Mushtaq Ali Trophy,Dikshanshu Negi,Middle,210,226,8,84
Syed Mushtaq Ali Trophy,Divyang Hinganekar,Death,67,91,8,15
Syed Mushtaq Ali Trophy,Divyang Hinganekar,Middle,193,206,9,64
Syed Mushtaq Ali Trophy,Diwesh Pathania,Death,169,319,8,22
Syed Mushtaq Ali Trophy,Diwesh Pathania,Powerplay,384,375,19,197
Syed Mushtaq Ali Trophy,Fabid Ahmed,Middle,289,349,10,88
Syed Mushtaq Ali Trophy,Fabid Ahmed,Powerplay,156,161,8,75
Syed Mushtaq Ali Trophy,Felix Alemao,Middle,100,134,6,30
Syed Mushtaq Ali Trophy,Felix Alemao,Powerplay,96,155,3,36
Syed Mushtaq Ali Trophy,G Lalbiakvela,Death,67,164,4,12
Syed Mushtaq Ali Trophy,G Lalbiakvela,Middle,210,264,5,62
Syed Mushtaq Ali Trophy,G Lalbiakvela,Powerplay,103,159,2,31
Syed Mushtaq Ali Trophy,G Periyaswamy,Death,85,97,8,25
Syed Mushtaq Ali Trophy,GH Vihari,Middle,176,228,9,42
Syed Mushtaq Ali Trophy,Gaurav Gambhir,Middle,126,116,5,56
Syed Mushtaq Ali Trophy,Gaurav Yadav,Powerplay,101,104,5,49
Syed Mushtaq Ali Trophy,Girinath Reddy,Death,69,78,6,20
Syed Mushtaq Ali Trophy,Girinath Reddy,Middle,121,157,3,33
Syed Mushtaq Ali Trophy,Girinath Reddy,Powerplay,63,72,2,25
Syed Mushtaq Ali Trophy,Govinda Poddar,Middle,135,153,4,37
Syed Mushtaq Ali Trophy,Govinda Poddar,Powerplay,67,61,3,35
Syed Mushtaq Ali Trophy,Gurinder Singh,Death,114,149,11,40
Syed Mushtaq Ali Trophy,Gurinder Singh,Middle,477,541,17,180
Syed Mushtaq Ali Trophy,Gurkeerat Singh,Middle,73,78,1,25
Syed Mushtaq Ali Trophy,HH Pandya,Middle,129,140,5,51
Syed Mushtaq Ali Trophy,HP Patel,Middle,401,454,22,132
Syed Mushtaq Ali Trophy,HP Patel,Powerplay,116,106,6,58
Syed Mushtaq Ali Trophy,HV Patel,Death,205,280,19,67
Syed Mushtaq Ali Trophy,HV Patel,Middle,106,150,5,33
Syed Mushtaq Ali Trophy,HV Patel,Powerplay,225,270,8,99
Syed Mushtaq Ali Trophy,Harbhajan Singh,Middle,304,308,15,124
Syed Mushtaq Ali Trophy,Harishankar Reddy,Death,138,232,9,31
Syed Mushtaq Ali Trophy,Harishankar Reddy,Middle,126,179,7,30
Syed Mushtaq Ali Trophy,Harishankar Reddy,Powerplay,178,224,8,79
Syed Mushtaq Ali Trophy,Harmeet Singh,Powerplay,60,101,0,25
Syed Mushtaq Ali Trophy,Harpreet Brar,Death,72,123,7,21
Syed Mushtaq Ali Trophy,Harpreet Brar,Middle,447,447,23,172
Syed Mushtaq Ali Trophy,Harpreet Brar,Powerplay,134,163,6,62
Syed Mushtaq Ali Trophy,Harpreet Singh,Middle,84,77,3,30
Syed Mushtaq Ali Trophy,Harsh Tyagi,Death,96,141,3,22
Syed Mushtaq Ali Trophy,Harsh Tyagi,Middle,395,446,11,134
Syed Mushtaq Ali Trophy,Harsh Tyagi,Powerplay,78,81,4,37
Syed Mushtaq Ali Trophy,Hemang Patel,Middle,110,136,5,36
Syed Mushtaq Ali Trophy,Heramb Parab,Powerplay,67,92,3,24
Syed Mushtaq Ali Trophy,Himanshu Bisht,Middle,203,234,6,69
Syed Mushtaq Ali Trophy,Himanshu Sangwan,Death,61,104,3,9
Syed Mushtaq Ali Trophy,Homendro Kabrambam,Powerplay,149,200,3,57
Syed Mushtaq Ali Trophy,I Sharma,Death,70,99,5,20
Syed Mushtaq Ali Trophy,I Sharma,Middle,79,115,1,19
Syed Mushtaq Ali Trophy,I Sharma,Powerplay,236,217,14,136
Syed Mushtaq Ali Trophy,IC Pandey,Death,157,234,7,34
Syed Mushtaq Ali Trophy,IC Pandey,Middle,91,111,4,33
Syed Mushtaq Ali Trophy,IC Pandey,Powerplay,323,305,18,165
Syed Mushtaq Ali Trophy,IC Porel,Death,154,195,12,52
Syed Mushtaq Ali Trophy,IC Porel,Powerplay,279,272,11,139
Syed Mushtaq Ali Trophy,IK Pathan,Death,75,141,3,17
Syed Mushtaq Ali Trophy,IK Pathan,Middle,60,80,4,17
Syed Mushtaq Ali Trophy,IK Pathan,Powerplay,185,202,9,93
Syed Mushtaq Ali Trophy,Imliwati Lemtur,Middle,284,336,10,102
Syed Mushtaq Ali Trophy,Imliwati Lemtur,Powerplay,81,97,3,33
Syed Mushtaq Ali Trophy,Iqbal Abdulla,Middle,164,178,2,60
Syed Mushtaq Ali Trophy,Iqbal Abdulla,Powerplay,85,79,3,47
Syed Mushtaq Ali Trophy,Ishwar Chaudhary,Powerplay,238,304,6,94
Syed Mushtaq Ali Trophy,J Suchith,Middle,621,708,25,200
Syed Mushtaq Ali Trophy,J Suchith,Powerplay,127,156,3,47
Syed Mushtaq Ali Trophy,J Yadav,Middle,423,453,15,140
Syed Mushtaq Ali Trophy,J Yadav,Powerplay,171,187,9,78
Syed Mushtaq Ali Trophy,JD Unadkat,Death,346,431,30,115
Syed Mushtaq Ali Trophy,JD Unadkat,Middle,126,115,8,48
Syed Mushtaq Ali Trophy,JD Unadkat,Powerplay,494,496,27,239
Syed Mushtaq Ali Trophy,JJ Bumrah,Death,95,110,11,38
Syed Mushtaq Ali Trophy,JJ Bumrah,Powerplay,97,84,3,51
Syed Mushtaq Ali Trophy,Jagjit Singh,Powerplay,99,76,4,59
Syed Mushtaq Ali Trophy,Jalaj S Saxena,Middle,272,284,12,102
Syed Mushtaq Ali Trophy,Jalaj S Saxena,Powerplay,108,98,9,55
Syed Mushtaq Ali Trophy,Jaskaran Singh,Death,190,252,10,60
Syed Mushtaq Ali Trophy,Jaskaran Singh,Middle,112,103,3,41
Syed Mushtaq Ali Trophy,Jaskaran Singh,Powerplay,211,244,12,103
Syed Mushtaq Ali Trophy,Jasmer Dhankhar,Middle,74,78,4,26
Syed Mushtaq Ali Trophy,Jay Chauhan,Middle,60,54,6,27
Syed Mushtaq Ali Trophy,Jayanta Behera,Middle,84,91,3,24
Syed Mushtaq Ali Trophy,K D Patel,Death,121,184,8,23
Syed Mushtaq Ali Trophy,K D Patel,Middle,107,153,2,25
Syed Mushtaq Ali Trophy,K D Patel,Powerplay,159,218,2,52
Syed Mushtaq Ali Trophy,K Gowtham,Death,81,103,6,24
Syed Mushtaq Ali Trophy,K Gowtham,Middle,405,450,17,149
Syed Mushtaq Ali Trophy,K Gowtham,Powerplay,91,125,3,30
Syed Mushtaq Ali Trophy,K Kartikeya,Middle,265,257,13,120
Syed Mushtaq Ali Trophy,K Khejroliya,Death,68,89,5,25
Syed Mushtaq Ali Trophy,K Khejroliya,Middle,80,66,4,39
Syed Mushtaq Ali Trophy,K Khejroliya,Powerplay,70,87,3,29
Syed Mushtaq Ali Trophy,K Upadhyay,Middle,91,118,3,30
Syed Mushtaq Ali Trophy,K Upadhyay,Powerplay,256,288,12,115
Syed Mushtaq Ali Trophy,K V Sasikanth,Death,129,218,6,23
Syed Mushtaq Ali Trophy,K V Sasikanth,Middle,297,374,13,85
Syed Mushtaq Ali Trophy,K V Sasikanth,Powerplay,202,239,6,84
Syed Mushtaq Ali Trophy,KC Cariappa,Death,168,165,10,61
Syed Mushtaq Ali Trophy,KC Cariappa,Middle,279,257,14,106
Syed Mushtaq Ali Trophy,KC Cariappa,Powerplay,163,140,6,83
Syed Mushtaq Ali Trophy,KH Pandya,Death,93,119,3,22
Syed Mushtaq Ali Trophy,KH Pandya,Middle,377,399,16,121
Syed Mushtaq Ali Trophy,KH Pandya,Powerplay,176,212,5,63
Syed Mushtaq Ali Trophy,KK Ahmed,Death,220,303,22,62
Syed Mushtaq Ali Trophy,KK Ahmed,Middle,129,147,4,44
Syed Mushtaq Ali Trophy,KK Ahmed,Powerplay,196,215,8,79
Syed Mushtaq Ali Trophy,KM Asif,Death,125,206,7,33
Syed Mushtaq Ali Trophy,KM Asif,Middle,83,121,3,22
Syed Mushtaq Ali Trophy,KM Asif,Powerplay,148,155,8,80
Syed Mushtaq Ali Trophy,KR Kakade,Middle,102,115,4,33
Syed Mushtaq Ali Trophy,KR Sen,Death,142,198,6,43
Syed Mushtaq Ali Trophy,KR Sen,Powerplay,246,321,8,105
Syed Mushtaq Ali Trophy,KR Singh,Middle,123,184,7,35
Syed Mushtaq Ali Trophy,KV Sharma,Death,73,115,4,22
Syed Mushtaq Ali Trophy,KV Sharma,Middle,661,736,28,226
Syed Mushtaq Ali Trophy,Kangabam Singh,Middle,139,161,3,50
Syed Mushtaq Ali Trophy,Kanishk Seth,Powerplay,199,263,7,83
Syed Mushtaq Ali Trophy,Kanwar Abhinay,Death,151,244,10,37
Syed Mushtaq Ali Trophy,Kanwar Abhinay,Middle,124,110,5,55
Syed Mushtaq Ali Trophy,Kanwar Abhinay,Powerplay,159,178,3,78
Syed Mushtaq Ali Trophy,Karan Kaila,Middle,60,71,2,19
Syed Mushtaq Ali Trophy,Kartik Tyagi,Middle,74,101,1,26
Syed Mushtaq Ali Trophy,Khrievitso Kense,Middle,168,156,12,75
Syed Mushtaq Ali Trophy,Kilco R Marak,Middle,98,116,6,35
Syed Mushtaq Ali Trophy,Kishan Thokchom,Powerplay,80,94,1,39
Syed Mushtaq Ali Trophy,Krishan Alang,Middle,74,82,6,25
Syed Mushtaq Ali Trophy,Krishna Das,Powerplay,135,137,0,70
Syed Mushtaq Ali Trophy,Krishnamoorthy Vignesh,Powerplay,124,148,7,60
Syed Mushtaq Ali Trophy,Kuldeep Yadav,Middle,352,415,17,103
Syed Mushtaq Ali Trophy,L Kishan Singha,Middle,176,207,6,51
Syed Mushtaq Ali Trophy,LI Meriwala,Death,307,433,30,89
Syed Mushtaq Ali Trophy,LI Meriwala,Middle,182,222,11,57
Syed Mushtaq Ali Trophy,LI Meriwala,Powerplay,351,364,21,172
Syed Mushtaq Ali Trophy,Lakhan Singh,Middle,75,102,5,26
Syed Mushtaq Ali Trophy,Lakshay Garg,Death,206,320,12,49
Syed Mushtaq Ali Trophy,Lakshay Garg,Middle,166,165,7,58
Syed Mushtaq Ali Trophy,Lakshay Garg,Powerplay,329,451,7,131
Syed Mushtaq Ali Trophy,Lalhmangaiha,Middle,80,115,3,19
Syed Mushtaq Ali Trophy,Lalhruai Ralte,Middle,85,113,3,21
Syed Mushtaq Ali Trophy,Lalhruai Ralte,Powerplay,254,405,8,103
Syed Mushtaq Ali Trophy,Lalit Yadav,Death,98,141,4,29
Syed Mushtaq Ali Trophy,Lalit Yadav,Middle,444,474,16,149
Syed Mushtaq Ali Trophy,Lalit Yadav,Powerplay,134,141,5,59
Syed Mushtaq Ali Trophy,Lalith Mohan,Middle,103,131,3,34
Syed Mushtaq Ali Trophy,Lalnunkima Varte,Powerplay,152,212,3,62
Syed Mushtaq Ali Trophy,Lamabam Singh,Middle,168,213,7,44
Syed Mushtaq Ali Trophy,Lee Yong Lepcha,Middle,94,165,1,20
Syed Mushtaq Ali Trophy,Licha Tehi,Powerplay,138,177,1,54
Syed Mushtaq Ali Trophy,M Ashwin,Death,143,211,9,40
Syed Mushtaq Ali Trophy,M Ashwin,Middle,668,689,34,237
Syed Mushtaq Ali Trophy,M Markande,Death,67,99,5,24
Syed Mushtaq Ali Trophy,M Markande,Middle,593,726,27,201
Syed Mushtaq Ali Trophy,M Mohammed,Death,167,267,14,45
Syed Mushtaq Ali Trophy,M Mohammed,Middle,307,327,12,91
Syed Mushtaq Ali Trophy,M Prasidh Krishna,Death,119,155,6,40
Syed Mushtaq Ali Trophy,M Prasidh Krishna,Middle,94,111,1,38
Syed Mushtaq Ali Trophy,M Prasidh Krishna,Powerplay,235,286,12,122
Syed Mushtaq Ali Trophy,M Siddharth,Middle,73,66,9,41
Syed Mushtaq Ali Trophy,MD Ingale,Powerplay,65,85,2,22
Syed Mushtaq Ali Trophy,MD Nidheesh,Powerplay,114,119,7,53
Syed Mushtaq Ali Trophy,MG Sirur,Middle,133,149,6,48
Syed Mushtaq Ali Trophy,MK Lomror,Middle,154,170,2,49
Syed Mushtaq Ali Trophy,MK Tiwary,Death,66,99,9,17
Syed Mushtaq Ali Trophy,MK Tiwary,Middle,211,257,4,52
Syed Mushtaq Ali Trophy,MM Patel,Powerplay,141,129,3,67
Syed Mushtaq Ali Trophy,MM Sharma,Death,116,204,3,28
Syed Mushtaq Ali Trophy,MM Sharma,Powerplay,158,150,4,90
Syed Mushtaq Ali Trophy,MS Bhandage,Middle,90,135,6,24
Syed Mushtaq Ali Trophy,MS Gony,Powerplay,177,201,10,95
Syed Mushtaq Ali Trophy,Manan Sharma,Middle,97,140,5,34
Syed Mushtaq Ali Trophy,Mandeep Singh,Middle,87,111,1,20
Syed Mushtaq Ali Trophy,Mandup Bhutia,Middle,72,119,1,22
Syed Mushtaq Ali Trophy,Manisankar Murasingh,Death,172,271,9,51
Syed Mushtaq Ali Trophy,Manisankar Murasingh,Powerplay,548,579,17,254
Syed Mushtaq Ali Trophy,Manish Golamaru,Middle,174,192,8,61
Syed Mushtaq Ali Trophy,Manvan Patel,Powerplay,71,96,2,23
Syed Mushtaq Ali Trophy,Mayank Dagar,Death,104,115,4,33
Syed Mushtaq Ali Trophy,Mayank Dagar,Middle,486,464,25,192
Syed Mushtaq Ali Trophy,Mayank Mishra,Middle,187,183,10,82
Syed Mushtaq Ali Trophy,Mayank Mishra,Powerplay,87,103,6,40
Syed Mushtaq Ali Trophy,Mehdi Hassan,Middle,253,297,10,84
Syed Mushtaq Ali Trophy,Mehdi Hassan,Powerplay,128,145,9,59
Syed Mushtaq Ali Trophy,Mihir Hirwani,Middle,392,467,13,112
Syed Mushtaq Ali Trophy,Mohammed Mudhasir,Powerplay,153,171,7,82
Syed Mushtaq Ali Trophy,Mohammed Siraj,Death,217,304,20,65
Syed Mushtaq Ali Trophy,Mohammed Siraj,Middle,62,66,5,26
Syed Mushtaq Ali Trophy,Mohammed Siraj,Powerplay,258,295,13,125
Syed Mushtaq Ali Trophy,Mohit Avasthi,Death,107,186,4,25
Syed Mushtaq Ali Trophy,Mohit Avasthi,Powerplay,156,144,11,83
Syed Mushtaq Ali Trophy,Mohit Jangra,Powerplay,79,94,1,39
Syed Mushtaq Ali Trophy,Mohit Kumar,Death,115,181,10,29
Syed Mushtaq Ali Trophy,Mohit Kumar,Middle,80,88,2,28
Syed Mushtaq Ali Trophy,Mohit Kumar,Powerplay,133,132,10,66
Syed Mushtaq Ali Trophy,Mohsin Khan,Death,150,201,10,42
Syed Mushtaq Ali Trophy,Mohsin Khan,Middle,167,171,14,75
Syed Mushtaq Ali Trophy,Mohsin Khan,Powerplay,213,248,10,106
Syed Mushtaq Ali Trophy,Monu Kumar,Death,142,208,13,39
Syed Mushtaq Ali Trophy,Monu Kumar,Powerplay,253,258,12,130
Syed Mushtaq Ali Trophy,Mrinmoy Dutta,Middle,64,46,3,26
Syed Mushtaq Ali Trophy,Mrinmoy Dutta,Powerplay,160,212,8,67
Syed Mushtaq Ali Trophy,Mujtaba Yousuf,Death,68,87,4,17
Syed Mushtaq Ali Trophy,Mujtaba Yousuf,Powerplay,114,128,5,64
Syed Mushtaq Ali Trophy,Mukesh Choudhary,Death,100,174,10,26
Syed Mushtaq Ali Trophy,Mukesh Choudhary,Powerplay,132,130,4,70
Syed Mushtaq Ali Trophy,Mukesh Kumar,Death,111,179,8,28
Syed Mushtaq Ali Trophy,Mukesh Kumar,Middle,92,105,2,34
Syed Mushtaq Ali Trophy,Mukesh Kumar,Powerplay,191,199,9,100
Syed Mushtaq Ali Trophy,Mukhtar Hussain,Death,101,149,8,34
Syed Mushtaq Ali Trophy,Mukhtar Hussain,Middle,64,68,5,23
Syed Mushtaq Ali Trophy,Mukhtar Hussain,Powerplay,236,303,9,105
Syed Mushtaq Ali Trophy,N Rana,Death,125,143,9,49
Syed Mushtaq Ali Trophy,N Rana,Middle,289,295,14,97
Syed Mushtaq Ali Trophy,NA Rathva,Middle,321,365,15,117
Syed Mushtaq Ali Trophy,NA Rathva,Powerplay,60,61,2,25
Syed Mushtaq Ali Trophy,NB Singh,Death,83,83,10,34
Syed Mushtaq Ali Trophy,Nagaho Chishi,Powerplay,142,167,4,60
Syed Mushtaq Ali Trophy,Naren Reddy,Middle,66,65,3,22
Syed Mushtaq Ali Trophy,Naushad Shaikh,Middle,162,163,6,56
Syed Mushtaq Ali Trophy,Navdeep Saini,Death,150,204,4,39
Syed Mushtaq Ali Trophy,Navdeep Saini,Middle,127,134,2,43
Syed Mushtaq Ali Trophy,Navdeep Saini,Powerplay,338,335,13,177
Syed Mushtaq Ali Trophy,Nikhil Chaudhary,Middle,61,64,2,22
Syed Mushtaq Ali Trophy,Nikhil Kohli,Powerplay,70,84,3,32
Syed Mushtaq Ali Trophy,Nitesh Sedai,Middle,103,140,2,24
Syed Mushtaq Ali Trophy,Nitin Tanwar,Middle,135,141,7,54
Syed Mushtaq Ali Trophy,Nitin Yadav,Death,73,128,7,18
Syed Mushtaq Ali Trophy,Nitin Yadav,Middle,63,58,3,26
Syed Mushtaq Ali Trophy,Nitin Yadav,Powerplay,104,138,5,43
Syed Mushtaq Ali Trophy,P Awana,Powerplay,78,84,5,42
Syed Mushtaq Ali Trophy,P Dubey,Middle,248,293,11,81
Syed Mushtaq Ali Trophy,P Kumar,Powerplay,184,221,5,80
Syed Mushtaq Ali Trophy,P Negi,Death,77,148,4,23
Syed Mushtaq Ali Trophy,P Negi,Middle,444,503,22,163
Syed Mushtaq Ali Trophy,P Prasanth,Middle,181,178,10,64
Syed Mushtaq Ali Trophy,P Ray Barman,Middle,66,89,4,22
Syed Mushtaq Ali Trophy,P Suyal,Powerplay,98,79,4,61
Syed Mushtaq Ali Trophy,P Thamaraikannan,Middle,80,87,3,23
Syed Mushtaq Ali Trophy,PJ Sangwan,Death,98,164,14,35
Syed Mushtaq Ali Trophy,PJ Sangwan,Middle,63,94,0,19
Syed Mushtaq Ali Trophy,PJ Sangwan,Powerplay,247,251,12,130
Syed Mushtaq Ali Trophy,PN Mankad,Middle,301,436,13,66
Syed Mushtaq Ali Trophy,PP Chawla,Death,203,258,15,83
Syed Mushtaq Ali Trophy,PP Chawla,Middle,691,693,43,296
Syed Mushtaq Ali Trophy,PP Chawla,Powerplay,105,98,9,48
Syed Mushtaq Ali Trophy,PP Ojha,Middle,78,102,5,21
Syed Mushtaq Ali Trophy,PV Tambe,Middle,153,155,8,42
Syed Mushtaq Ali Trophy,Pallav Kumar Das,Middle,154,157,6,57
Syed Mushtaq Ali Trophy,Palzor Tamang,Middle,110,144,4,32
Syed Mushtaq Ali Trophy,Palzor Tamang,Powerplay,98,124,3,45
Syed Mushtaq Ali Trophy,Pankaj Jaswal,Death,187,243,23,54
Syed Mushtaq Ali Trophy,Pankaj Jaswal,Middle,183,209,9,73
Syed Mushtaq Ali Trophy,Pankaj Jaswal,Powerplay,199,271,9,88
Syed Mushtaq Ali Trophy,Pankaj Rao,Powerplay,220,241,11,96
Syed Mushtaq Ali Trophy,Pankaj Singh,Death,90,173,5,19
Syed Mushtaq Ali Trophy,Pankaj Singh,Powerplay,216,211,3,117
Syed Mushtaq Ali Trophy,Pappu Roy,Middle,200,164,10,92
Syed Mushtaq Ali Trophy,Pappu Roy,Powerplay,72,95,4,33
Syed Mushtaq Ali Trophy,Parikshit Valsangkar,Middle,121,153,3,36
Syed Mushtaq Ali Trophy,Parth Bhut,Middle,60,69,2,25
Syed Mushtaq Ali Trophy,Parth Sahani,Middle,97,143,6,28
Syed Mushtaq Ali Trophy,Parvez Ahmed,Middle,90,147,1,25
Syed Mushtaq Ali Trophy,Parvez Rasool,Death,109,159,10,26
Syed Mushtaq Ali Trophy,Parvez Rasool,Middle,431,464,16,139
Syed Mushtaq Ali Trophy,Parvez Rasool,Powerplay,79,61,3,38
Syed Mushtaq Ali Trophy,Parvez Sultan,Middle,61,79,2,23
Syed Mushtaq Ali Trophy,Pradipta Pramanik,Middle,133,139,8,58
Syed Mushtaq Ali Trophy,Pranshu Vijayran,Middle,102,125,4,37
Syed Mushtaq Ali Trophy,Prashant Awasthi,Middle,78,90,3,21
Syed Mushtaq Ali Trophy,Pratik Sargade,Middle,66,75,1,22
Syed Mushtaq Ali Trophy,Pratik Sargade,Powerplay,66,60,3,31
Syed Mushtaq Ali Trophy,Pratyush Singh,Middle,74,83,2,17
Syed Mushtaq Ali Trophy,Prayas Singh,Middle,68,77,3,22
Syed Mushtaq Ali Trophy,Pritam Das,Death,162,254,13,33
Syed Mushtaq Ali Trophy,Pritam Das,Middle,61,78,0,15
Syed Mushtaq Ali Trophy,Pritam Das,Powerplay,214,249,6,91
Syed Mushtaq Ali Trophy,Pulkit Narang,Middle,105,133,6,35
Syed Mushtaq Ali Trophy,Puneet Datey,Death,113,170,9,35
Syed Mushtaq Ali Trophy,Puneet Datey,Powerplay,160,159,4,77
Syed Mushtaq Ali Trophy,R Ashwin,Middle,86,75,5,38
Syed Mushtaq Ali Trophy,R Bhatia,Middle,175,183,8,54
Syed Mushtaq Ali Trophy,R Dhawan,Death,187,277,17,55
Syed Mushtaq Ali Trophy,R Dhawan,Middle,110,136,3,28
Syed Mushtaq Ali Trophy,R Dhawan,Powerplay,280,294,14,141
Syed Mushtaq Ali Trophy,R Parag,Death,72,62,5,31
Syed Mushtaq Ali Trophy,R Parag,Middle,392,441,14,131
Syed Mushtaq Ali Trophy,R Parag,Powerplay,86,102,4,42
Syed Mushtaq Ali Trophy,R Sai Kishore,Death,116,123,6,39
Syed Mushtaq Ali Trophy,R Sai Kishore,Middle,406,358,15,161
Syed Mushtaq Ali Trophy,R Sai Kishore,Powerplay,344,300,23,192
Syed Mushtaq Ali Trophy,R Sanjay Yadav,Death,108,171,2,24
Syed Mushtaq Ali Trophy,R Sanjay Yadav,Middle,196,197,9,70
Syed Mushtaq Ali Trophy,R Sanjay Yadav,Powerplay,123,110,6,63
Syed Mushtaq Ali Trophy,R Sathish,Powerplay,64,51,4,33
Syed Mushtaq Ali Trophy,R Shukla,Death,159,274,13,48
Syed Mushtaq Ali Trophy,R Shukla,Middle,68,83,7,21
Syed Mushtaq Ali Trophy,R Shukla,Powerplay,173,220,2,66
Syed Mushtaq Ali Trophy,R Tewatia,Middle,314,359,9,107
Syed Mushtaq Ali Trophy,R Vinay Kumar,Death,222,296,18,81
Syed Mushtaq Ali Trophy,R Vinay Kumar,Middle,61,65,5,19
Syed Mushtaq Ali Trophy,R Vinay Kumar,Powerplay,340,347,11,157
Syed Mushtaq Ali Trophy,RA Tripathi,Middle,91,124,4,22
Syed Mushtaq Ali Trophy,RB Bishnoi Jr,Middle,73,75,2,20
Syed Mushtaq Ali Trophy,RD Chahar,Middle,307,339,16,110
Syed Mushtaq Ali Trophy,RD Chahar,Powerplay,79,95,5,37
Syed Mushtaq Ali Trophy,RG More,Death,78,131,6,25
Syed Mushtaq Ali Trophy,RG More,Powerplay,145,183,6,64
Syed Mushtaq Ali Trophy,RH Bhatt,Middle,97,120,2,21
Syed Mushtaq Ali Trophy,RL Jangid,Death,76,109,1,12
Syed Mushtaq Ali Trophy,RL Jangid,Middle,233,236,10,73
Syed Mushtaq Ali Trophy,RL Jangid,Powerplay,80,79,4,30
Syed Mushtaq Ali Trophy,RN Gurbani,Powerplay,219,265,8,101
Syed Mushtaq Ali Trophy,RP Singh,Powerplay,141,130,9,69
Syed Mushtaq Ali Trophy,RR Biswa,Middle,142,182,3,26
Syed Mushtaq Ali Trophy,RR Singh,Powerplay,94,80,2,53
Syed Mushtaq Ali Trophy,RT Arothe,Death,197,294,15,42
Syed Mushtaq Ali Trophy,RT Arothe,Middle,169,207,4,50
Syed Mushtaq Ali Trophy,RT Arothe,Powerplay,174,220,9,73
Syed Mushtaq Ali Trophy,RV Gomez,Middle,80,92,3,26
Syed Mushtaq Ali Trophy,Raghu Sharma,Middle,68,89,3,20
Syed Mushtaq Ali Trophy,Rahil Shah,Middle,228,230,7,85
Syed Mushtaq Ali Trophy,Rahil Shah,Powerplay,90,78,4,47
Syed Mushtaq Ali Trophy,Rahul Batham,Middle,82,112,3,14
Syed Mushtaq Ali Trophy,Rahul Khajan Singh,Middle,132,152,6,30
Syed Mushtaq Ali Trophy,Rahul Singh,Middle,90,113,1,25
Syed Mushtaq Ali Trophy,Rajat Paliwal,Middle,118,123,3,32
Syed Mushtaq Ali Trophy,Rajesh Mohanty,Powerplay,156,175,4,70
Syed Mushtaq Ali Trophy,Rajjakuddin Ahmed,Death,70,107,5,19
Syed Mushtaq Ali Trophy,Rajjakuddin Ahmed,Middle,232,294,10,70
Syed Mushtaq Ali Trophy,Rakesh Kumar,Middle,84,85,2,24
Syed Mushtaq Ali Trophy,Rakshan Readdi,Powerplay,108,116,4,52
Syed Mushtaq Ali Trophy,Ram Dayal,Death,67,120,3,9
Syed Mushtaq Ali Trophy,Ram Dayal,Powerplay,190,213,8,93
Syed Mushtaq Ali Trophy,Ramandeep Singh,Middle,115,155,7,33
Syed Mushtaq Ali Trophy,Rana Dutta,Death,71,105,7,19
Syed Mushtaq Ali Trophy,Rana Dutta,Powerplay,201,219,2,91
Syed Mushtaq Ali Trophy,Rasikh Salam,Death,74,88,9,23
Syed Mushtaq Ali Trophy,Rasikh Salam,Powerplay,91,110,0,49
Syed Mushtaq Ali Trophy,Raushan Raj,Powerplay,88,86,6,41
Syed Mushtaq Ali Trophy,Ravi Bishnoi,Death,74,85,6,29
Syed Mushtaq Ali Trophy,Ravi Bishnoi,Middle,348,312,19,142
Syed Mushtaq Ali Trophy,Ravi Kiran,Death,166,243,10,40
Syed Mushtaq Ali Trophy,Ravi Kiran,Powerplay,207,234,7,86
Syed Mushtaq Ali Trophy,Ravi Teja,Death,105,142,11,30
Syed Mushtaq Ali Trophy,Ravi Teja,Middle,208,257,10,58
Syed Mushtaq Ali Trophy,Ravi Teja,Powerplay,113,127,7,54
Syed Mushtaq Ali Trophy,Ravikumar Thakur,Death,133,187,15,39
Syed Mushtaq Ali Trophy,Ravikumar Thakur,Middle,74,91,4,25
Syed Mushtaq Ali Trophy,Ravikumar Thakur,Powerplay,67,88,3,27
Syed Mushtaq Ali Trophy,Rex Rajkumar,Powerplay,203,241,6,98
Syed Mushtaq Ali Trophy,Rinsangzela Hmamte,Middle,68,83,2,12
Syed Mushtaq Ali Trophy,Rohan Prem,Middle,78,61,3,37
Syed Mushtaq Ali Trophy,Rohit Dahiya,Middle,105,142,5,33
Syed Mushtaq Ali Trophy,Rohit Dangwal,Powerplay,61,68,3,20
Syed Mushtaq Ali Trophy,Rohit Sharma,Powerplay,78,80,0,37
Syed Mushtaq Ali Trophy,Rongsen Jonathan,Middle,69,75,2,23
Syed Mushtaq Ali Trophy,Roosh Kalaria,Death,198,298,15,55
Syed Mushtaq Ali Trophy,Roosh Kalaria,Middle,67,57,3,27
Syed Mushtaq Ali Trophy,Roosh Kalaria,Powerplay,243,255,10,116
Syed Mushtaq Ali Trophy,Roshan Alam,Middle,202,182,9,73
Syed Mushtaq Ali Trophy,S Aravind,Death,88,111,11,27
Syed Mushtaq Ali Trophy,S Aravind,Powerplay,137,150,5,56
Syed Mushtaq Ali Trophy,S Dube,Death,142,240,9,25
Syed Mushtaq Ali Trophy,S Dube,Middle,397,502,17,113
Syed Mushtaq Ali Trophy,S Dube,Powerplay,83,100,3,35
Syed Mushtaq Ali Trophy,S Gopal,Middle,436,497,26,170
Syed Mushtaq Ali Trophy,S Kaul,Death,425,648,27,121
Syed Mushtaq Ali Trophy,S Kaul,Middle,167,227,3,55
Syed Mushtaq Ali Trophy,S Kaul,Powerplay,454,474,28,241
Syed Mushtaq Ali Trophy,S Midhun,Death,85,98,6,29
Syed Mushtaq Ali Trophy,S Midhun,Middle,411,432,18,146
Syed Mushtaq Ali Trophy,S Nadeem,Death,121,128,12,42
Syed Mushtaq Ali Trophy,S Nadeem,Middle,422,432,13,143
Syed Mushtaq Ali Trophy,S Nadeem,Powerplay,111,118,3,52
Syed Mushtaq Ali Trophy,S Sanandia,Death,75,77,11,27
Syed Mushtaq Ali Trophy,S Sanandia,Powerplay,122,132,10,62
Syed Mushtaq Ali Trophy,S Sandeep Warrier,Death,218,352,15,71
Syed Mushtaq Ali Trophy,S Sandeep Warrier,Middle,117,119,6,47
Syed Mushtaq Ali Trophy,S Sandeep Warrier,Powerplay,489,497,14,245
Syed Mushtaq Ali Trophy,SB Jakati,Death,74,121,5,15
Syed Mushtaq Ali Trophy,SB Jakati,Middle,172,174,8,70
Syed Mushtaq Ali Trophy,SB Wagh,Death,140,195,18,35
Syed Mushtaq Ali Trophy,SB Wagh,Powerplay,319,332,14,148
Syed Mushtaq Ali Trophy,SD Lad,Middle,246,285,9,78
Syed Mushtaq Ali Trophy,SJ Barman,Middle,78,92,2,17
Syed Mushtaq Ali Trophy,SK Ismail,Middle,93,126,4,22
Syed Mushtaq Ali Trophy,SK Raina,Middle,67,68,1,18
Syed Mushtaq Ali Trophy,SM Fallah,Death,230,381,13,46
Syed Mushtaq Ali Trophy,SM Fallah,Powerplay,364,335,12,179
Syed Mushtaq Ali Trophy,SM Kazi,Middle,216,258,14,70
Syed Mushtaq Ali Trophy,SN Thakur,Death,221,311,16,70
Syed Mushtaq Ali Trophy,SN Thakur,Middle,123,143,3,38
Syed Mushtaq Ali Trophy,SN Thakur,Powerplay,368,471,16,156
Syed Mushtaq Ali Trophy,SS Agarwal,Middle,103,114,5,37
Syed Mushtaq Ali Trophy,SS Bandekar,Powerplay,73,57,6,44
Syed Mushtaq Ali Trophy,SS Majumder,Death,85,96,6,21
Syed Mushtaq Ali Trophy,SS Majumder,Middle,165,187,5,44
Syed Mushtaq Ali Trophy,SS Mundhe,Death,83,134,2,20
Syed Mushtaq Ali Trophy,SS Mundhe,Middle,136,181,3,36
Syed Mushtaq Ali Trophy,SS Mundhe,Powerplay,168,192,7,75
Syed Mushtaq Ali Trophy,SS Prabhudessai,Middle,93,101,2,25
Syed Mushtaq Ali Trophy,STR Binny,Death,64,96,6,18
Syed Mushtaq Ali Trophy,STR Binny,Middle,186,219,12,56
Syed Mushtaq Ali Trophy,STR Binny,Powerplay,171,212,5,87
Syed Mushtaq Ali Trophy,SZ Mulani,Middle,426,453,18,168
Syed Mushtaq Ali Trophy,SZ Mulani,Powerplay,231,239,14,108
Syed Mushtaq Ali Trophy,Sachidanand Pandey,Death,80,151,5,17
Syed Mushtaq Ali Trophy,Sachidanand Pandey,Middle,72,71,4,25
Syed Mushtaq Ali Trophy,Sachidanand Pandey,Powerplay,92,138,1,32
Syed Mushtaq Ali Trophy,Sachin Baby,Middle,84,102,4,24
Syed Mushtaq Ali Trophy,Sachin Kumar,Middle,93,108,4,29
Syed Mushtaq Ali Trophy,Sagar Trivedi,Death,127,178,10,34
Syed Mushtaq Ali Trophy,Sagar Trivedi,Middle,108,158,5,33
Syed Mushtaq Ali Trophy,Sagar Trivedi,Powerplay,138,214,2,41
Syed Mushtaq Ali Trophy,Sagar Udeshi,Death,72,73,3,24
Syed Mushtaq Ali Trophy,Sagar Udeshi,Middle,229,212,7,89
Syed Mushtaq Ali Trophy,Sagar Udeshi,Powerplay,139,159,5,70
Syed Mushtaq Ali Trophy,Sahil Lotra,Middle,67,71,1,20
Syed Mushtaq Ali Trophy,Samar Quadri,Middle,201,177,7,89
Syed Mushtaq Ali Trophy,Sandeep Sharma,Death,221,315,14,58
Syed Mushtaq Ali Trophy,Sandeep Sharma,Powerplay,287,303,8,148
Syed Mushtaq Ali Trophy,Sankar Paul,Middle,135,138,4,53
Syed Mushtaq Ali Trophy,Sanvir Singh,Middle,68,100,4,13
Syed Mushtaq Ali Trophy,Saransh Jain,Middle,147,168,6,49
Syed Mushtaq Ali Trophy,Sarfaraz Ashraf,Middle,62,91,2,12
Syed Mushtaq Ali Trophy,Satyajeet Bachhav,Death,102,130,5,32
Syed Mushtaq Ali Trophy,Satyajeet Bachhav,Middle,514,547,29,176
Syed Mushtaq Ali Trophy,Satyajeet Bachhav,Powerplay,183,202,7,76
Syed Mushtaq Ali Trophy,Saurabh Das,Middle,93,115,2,26
Syed Mushtaq Ali Trophy,Saurabh Das,Powerplay,61,73,0,23
Syed Mushtaq Ali Trophy,Saurabh Kumar,Middle,396,434,16,123
Syed Mushtaq Ali Trophy,Saurabh Kumar,Powerplay,121,163,5,45
Syed Mushtaq Ali Trophy,Sayan Ghosh,Death,245,322,21,77
Syed Mushtaq Ali Trophy,Sayan Ghosh,Middle,198,226,8,76
Syed Mushtaq Ali Trophy,Sayan Ghosh,Powerplay,117,133,3,51
Syed Mushtaq Ali Trophy,Sayan Mondal,Middle,77,104,2,20
Syed Mushtaq Ali Trophy,Shahbaz Ahmed,Middle,450,462,19,162
Syed Mushtaq Ali Trophy,Shahbaz Ahmed,Powerplay,103,116,6,45
Syed Mushtaq Ali Trophy,Shakeeb Ahmed,Death,105,180,5,23
Syed Mushtaq Ali Trophy,Shakeeb Ahmed,Powerplay,152,190,10,68
Syed Mushtaq Ali Trophy,Shanu Saini,Middle,92,71,5,40
Syed Mushtaq Ali Trophy,Shashank Singh,Middle,159,213,8,45
Syed Mushtaq Ali Trophy,Shasheem Rathour,Middle,124,105,3,53
Syed Mushtaq Ali Trophy,Shashi Shekhar,Powerplay,73,70,3,38
Syed Mushtaq Ali Trophy,Shiva Singh,Middle,254,267,6,95
Syed Mushtaq Ali Trophy,Shivam Chaudhary,Middle,127,154,2,38
Syed Mushtaq Ali Trophy,Shivam Kumar,Middle,89,131,1,23
Syed Mushtaq Ali Trophy,Shivam Mavi,Death,63,111,6,16
Syed Mushtaq Ali Trophy,Shivam Sharma,Middle,86,80,5,40
Syed Mushtaq Ali Trophy,Shivank Vashisth,Middle,150,145,13,67
Syed Mushtaq Ali Trophy,Shivendra Singh,Middle,162,203,6,41
Syed Mushtaq Ali Trophy,Shoaib Mohammed Khan,Middle,141,161,2,41
Syed Mushtaq Ali Trophy,Shoaib Mohammed Khan,Powerplay,60,64,3,28
Syed Mushtaq Ali Trophy,Shreshth Nirmohi,Powerplay,110,128,4,44
Syed Mushtaq Ali Trophy,Shubham Kamal Sharma,Middle,61,65,3,21
Syed Mushtaq Ali Trophy,Shubham Ranjane,Middle,326,384,13,96
Syed Mushtaq Ali Trophy,Shubham Singh,Middle,115,160,2,45
Syed Mushtaq Ali Trophy,Sibsankar Roy,Middle,78,88,5,24
Syed Mushtaq Ali Trophy,Simarjeet Singh,Death,70,105,4,25
Syed Mushtaq Ali Trophy,Simarjeet Singh,Powerplay,231,265,15,122
Syed Mushtaq Ali Trophy,Sinan Khadir,Powerplay,86,128,3,24
Syed Mushtaq Ali Trophy,Sirla Srinivas,Middle,83,97,3,31
Syed Mushtaq Ali Trophy,Soaeb Tai,Middle,154,217,6,37
Syed Mushtaq Ali Trophy,Sonu Singh,Middle,140,181,8,55
Syed Mushtaq Ali Trophy,Sourabh Majumdar,Powerplay,108,118,4,50
Syed Mushtaq Ali Trophy,Suboth Bhati,Death,317,471,23,98
Syed Mushtaq Ali Trophy,Suboth Bhati,Middle,256,278,13,105
Syed Mushtaq Ali Trophy,Suboth Bhati,Powerplay,151,169,7,71
Syed Mushtaq Ali Trophy,Sujit Nayak,Middle,66,56,2,29
Syed Mushtaq Ali Trophy,Sultan Karim,Middle,127,191,5,37
Syed Mushtaq Ali Trophy,Sumit Kumar,Death,113,197,8,22
Syed Mushtaq Ali Trophy,Sumit Kumar,Middle,256,288,21,88
Syed Mushtaq Ali Trophy,Sumit Kumar,Powerplay,146,142,7,74
Syed Mushtaq Ali Trophy,Sumit Lama,Powerplay,69,107,3,27
Syed Mushtaq Ali Trophy,Sumit Ruikar,Middle,241,273,11,85
Syed Mushtaq Ali Trophy,Sumit Ruikar,Powerplay,90,108,1,38
Syed Mushtaq Ali Trophy,Sumit Singh,Middle,84,94,2,23
Syed Mushtaq Ali Trophy,Sunil Yadav,Middle,66,85,0,15
Syed Mushtaq Ali Trophy,Sunny Rana,Death,90,134,9,22
Syed Mushtaq Ali Trophy,Sunny Rana,Powerplay,104,122,4,49
Syed Mushtaq Ali Trophy,Suryakant Pradhan,Death,62,79,6,24
Syed Mushtaq Ali Trophy,Suryakant Pradhan,Middle,74,81,2,29
Syed Mushtaq Ali Trophy,Suryakant Pradhan,Powerplay,250,307,8,113
Syed Mushtaq Ali Trophy,Suyash Sharma,Middle,86,95,6,32
Syed Mushtaq Ali Trophy,Swapnil Singh,Death,93,140,7,27
Syed Mushtaq Ali Trophy,Swapnil Singh,Middle,505,532,20,182
Syed Mushtaq Ali Trophy,Swapnil Singh,Powerplay,108,128,5,55
Syed Mushtaq Ali Trophy,Swarajeet Das,Middle,104,173,3,16
Syed Mushtaq Ali Trophy,T Kohli,Death,110,214,6,16
Syed Mushtaq Ali Trophy,T Kohli,Middle,84,120,2,20
Syed Mushtaq Ali Trophy,T Natarajan,Death,144,220,11,40
Syed Mushtaq Ali Trophy,T Natarajan,Middle,63,77,0,20
Syed Mushtaq Ali Trophy,T Natarajan,Powerplay,139,135,5,71
Syed Mushtaq Ali Trophy,T Pradeep,Death,125,241,5,24
Syed Mushtaq Ali Trophy,T Pradeep,Powerplay,209,250,9,94
Syed Mushtaq Ali Trophy,TC Vanlalremruata,Middle,60,71,3,14
Syed Mushtaq Ali Trophy,TS Saha,Middle,81,104,5,20
Syed Mushtaq Ali Trophy,TU Deshpande,Death,225,298,25,77
Syed Mushtaq Ali Trophy,TU Deshpande,Middle,192,228,16,73
Syed Mushtaq Ali Trophy,TU Deshpande,Powerplay,270,341,10,120
Syed Mushtaq Ali Trophy,Tahmeed Rahman,Middle,286,390,11,85
Syed Mushtaq Ali Trophy,Tajinder Singh,Middle,146,142,8,45
Syed Mushtaq Ali Trophy,Tanay Thyagarajan,Middle,270,266,8,95
Syed Mushtaq Ali Trophy,Tanush Kotian,Middle,263,276,17,102
Syed Mushtaq Ali Trophy,Tanveer Ul-Haq,Powerplay,175,167,12,92
Syed Mushtaq Ali Trophy,Techi Doria,Middle,122,148,4,29
Syed Mushtaq Ali Trophy,Techi Neri,Middle,192,245,3,59
Syed Mushtaq Ali Trophy,Tejas Patel,Death,62,80,4,21
Syed Mushtaq Ali Trophy,Tejas Patel,Powerplay,115,152,3,52
Syed Mushtaq Ali Trophy,Tukuna Sahoo,Middle,60,67,2,16
Syed Mushtaq Ali Trophy,UT Yadav,Death,90,115,6,30
Syed Mushtaq Ali Trophy,UT Yadav,Powerplay,122,136,1,56
Syed Mushtaq Ali Trophy,Umar Nazir,Powerplay,95,112,1,43
Syed Mushtaq Ali Trophy,Umran Malik,Middle,88,109,4,34
Syed Mushtaq Ali Trophy,Unnikrishnan Manukrishnan,Death,69,113,5,17
Syed Mushtaq Ali Trophy,Unnikrishnan Manukrishnan,Powerplay,183,194,11,86
Syed Mushtaq Ali Trophy,Utkarsh Singh,Middle,152,185,11,48
Syed Mushtaq Ali Trophy,Utkarsh Singh,Powerplay,127,113,6,69
Syed Mushtaq Ali Trophy,V Athisayaraj Davidson,Death,87,106,10,24
Syed Mushtaq Ali Trophy,V M Jivrajani,Middle,86,112,5,28
Syed Mushtaq Ali Trophy,V Pratap Singh,Powerplay,80,109,2,35
Syed Mushtaq Ali Trophy,V Shankar,Middle,106,112,4,39
Syed Mushtaq Ali Trophy,V Shankar,Powerplay,83,114,1,33
Syed Mushtaq Ali Trophy,VA Jagadeesh,Middle,104,135,5,28
Syed Mushtaq Ali Trophy,VG Arora,Death,64,98,3,16
Syed Mushtaq Ali Trophy,VG Arora,Powerplay,247,248,14,132
Syed Mushtaq Ali Trophy,VR Aaron,Death,124,217,9,32
Syed Mushtaq Ali Trophy,VR Aaron,Middle,146,214,9,50
Syed Mushtaq Ali Trophy,VR Aaron,Powerplay,212,276,8,105
Syed Mushtaq Ali Trophy,VR Iyer,Death,62,90,3,19
Syed Mushtaq Ali Trophy,VR Iyer,Middle,319,351,15,115
Syed Mushtaq Ali Trophy,VR Iyer,Powerplay,99,106,4,46
Syed Mushtaq Ali Trophy,VV Gite,Powerplay,64,93,3,24
Syed Mushtaq Ali Trophy,Varun Choudhary,Death,128,191,14,24
Syed Mushtaq Ali Trophy,Varun Choudhary,Powerplay,127,164,5,56
Syed Mushtaq Ali Trophy,Varun Sood,Middle,114,123,4,42
Syed Mushtaq Ali Trophy,Varun Sood,Powerplay,66,76,1,29
Syed Mushtaq Ali Trophy,Vasuki Koushik,Death,228,367,16,62
Syed Mushtaq Ali Trophy,Vasuki Koushik,Powerplay,279,287,13,139
Syed Mushtaq Ali Trophy,Vijaykumar Vyshak,Death,83,119,6,26
Syed Mushtaq Ali Trophy,Vijaykumar Vyshak,Middle,79,98,3,32
Syed Mushtaq Ali Trophy,Vijaykumar Vyshak,Powerplay,61,98,2,24
Syed Mushtaq Ali Trophy,Vijesh Prabhudessai,Powerplay,76,140,2,25
Syed Mushtaq Ali Trophy,Vikas Yadav,Middle,394,442,17,126
Syed Mushtaq Ali Trophy,Vikash Singh,Death,136,232,6,41
Syed Mushtaq Ali Trophy,Vikash Singh,Middle,92,127,1,28
Syed Mushtaq Ali Trophy,Vikash Singh,Powerplay,208,223,7,98
Syed Mushtaq Ali Trophy,Vinoop Manoharan,Middle,90,119,3,23
Syed Mushtaq Ali Trophy,Vishal Kushwah,Middle,143,207,8,39
Syed Mushtaq Ali Trophy,Vivek Kumar,Powerplay,110,139,3,46
Syed Mushtaq Ali Trophy,Vivek Singh,Middle,84,109,1,28
Syed Mushtaq Ali Trophy,Waseem Raza,Middle,189,239,3,53
Syed Mushtaq Ali Trophy,Washington Sundar,Death,84,116,3,29
Syed Mushtaq Ali Trophy,Washington Sundar,Middle,289,270,9,106
Syed Mushtaq Ali Trophy,Washington Sundar,Powerplay,205,213,9,102
Syed Mushtaq Ali Trophy,Writtick Chatterjee,Middle,206,209,10,75
Syed Mushtaq Ali Trophy,YK Pathan,Middle,81,91,4,25
Syed Mushtaq Ali Trophy,YS Chahal,Death,61,102,4,17
Syed Mushtaq Ali Trophy,YS Chahal,Middle,430,469,12,159
Syed Mushtaq Ali Trophy,YS Chahal,Powerplay,78,114,4,33
Syed Mushtaq Ali Trophy,Yab Niya,Powerplay,93,161,1,32
Syed Mushtaq Ali Trophy,Yash Dayal,Death,113,145,4,24
Syed Mushtaq Ali Trophy,Yash Dayal,Powerplay,223,230,11,109
Syed Mushtaq Ali Trophy,Yash Thakur,Death,222,247,24,65
Syed Mushtaq Ali Trophy,Yash Thakur,Middle,143,169,7,64
Syed Mushtaq Ali Trophy,Yash Thakur,Powerplay,263,263,17,123
Syed Mushtaq Ali Trophy,Yashpal Singh,Middle,111,114,3,38
Syed Mushtaq Ali Trophy,Yudhvir Singh,Death,72,121,5,18
Syed Mushtaq Ali Trophy,Yudhvir Singh,Powerplay,117,112,5,65
Syed Mushtaq Ali Trophy,Yuvraj Chudasama,Middle,158,199,7,47
Syed Mushtaq Ali Trophy,Yuvraj Singh,Death,81,120,6,23
Syed Mushtaq Ali Trophy,Yuvraj Singh,Middle,104,174,2,29
Syed Mushtaq Ali Trophy,Yuvraj Singh,Powerplay,103,85,8,63
T20I,A Adekunle,Middle,320,270,14,161
T20I,A Adekunle,Powerplay,88,54,4,63
T20I,A Aitken-Drummond,Middle,68,59,2,33
T20I,A Akhigbe,Middle,124,88,3,75
T20I,A Akurut,Middle,93,79,5,41
T20I,A Andriani,Middle,144,79,8,91
T20I,A Ashokan,Middle,268,311,9,98
T20I,A Augastin,Middle,75,69,3,39
T20I,A Beresford-Peirse,Powerplay,144,182,3,55
T20I,A Bester,Middle,105,95,7,53
T20I,A Bester,Powerplay,64,63,6,35
T20I,A Bierwisch,Middle,63,38,5,40
T20I,A Bishnoi,Powerplay,156,201,5,67
T20I,A Bohara,Death,534,725,40,145
T20I,A Bohara,Middle,510,590,19,161
T20I,A Bohara,Powerplay,148,148,8,71
T20I,A Bosch,Middle,117,124,7,48
T20I,A Brindle,Death,75,82,5,22
T20I,A Brindle,Middle,163,130,6,64
T20I,A Brindle,Powerplay,69,45,3,42
T20I,A Brown-Carrera,Middle,86,65,2,42
T20I,A Brown-Carrera,Powerplay,106,71,4,53
T20I,A Canning,Death,60,68,5,23
T20I,A Canning,Middle,126,117,1,58
T20I,A Canning,Powerplay,738,637,29,389
T20I,A Capsey,Middle,145,156,6,56
T20I,A Chandel,Death,212,223,17,91
T20I,A Chandel,Middle,124,103,5,59
T20I,A Chandel,Powerplay,474,321,10,281
T20I,A Chenthamara,Powerplay,78,85,4,40
T20I,A Conteh,Middle,109,103,7,42
T20I,A Dalzell,Powerplay,355,362,14,182
T20I,A Dananjaya,Death,64,118,4,11
T20I,A Dananjaya,Middle,352,437,10,93
T20I,A Dananjaya,Powerplay,279,382,14,118
T20I,A Das,Middle,67,74,0,21
T20I,A Davidson-Soler,Powerplay,176,138,4,92
T20I,A Dcosta,Death,139,130,17,63
T20I,A Dcosta,Middle,419,317,19,212
T20I,A Dcosta,Powerplay,140,153,2,74
T20I,A Dercksen,Middle,237,263,8,94
T20I,A Dercksen,Powerplay,85,100,5,40
T20I,A Dhabe,Death,78,106,6,31
T20I,A Dhabe,Middle,359,335,15,164
T20I,A Dhabe,Powerplay,145,185,11,71
T20I,A Dhingra,Death,75,114,4,17
T20I,A Dhingra,Middle,132,165,5,39
T20I,A Dirannehelage,Middle,267,125,15,166
T20I,A Dirannehelage,Powerplay,114,51,7,65
T20I,A Dizija,Middle,67,129,2,20
T20I,A Djorovic,Middle,63,107,1,13
T20I,A Doddaballapur,Death,113,95,5,52
T20I,A Doddaballapur,Middle,231,126,19,147
T20I,A Doddaballapur,Powerplay,124,92,7,67
T20I,A Donovan,Middle,67,64,0,27
T20I,A Dutt,Death,77,103,6,19
T20I,A Dutt,Middle,171,193,6,52
T20I,A Dutt,Powerplay,351,390,18,175
T20I,A Fillie,Middle,107,98,6,47
T20I,A Fillie,Powerplay,99,66,3,54
T20I,A Flintoff,Powerplay,81,71,2,43
T20I,A Fujikawa,Death,117,132,4,32
T20I,A Fujikawa,Middle,334,253,19,155
T20I,A Fujikawa,Powerplay,94,84,2,41
T20I,A Galan,Middle,225,157,12,114
T20I,A Galan,Powerplay,147,84,8,84
T20I,A Gardner,Death,395,463,30,119
T20I,A Gardner,Middle,907,1004,39,331
T20I,A Gardner,Powerplay,358,378,15,179
T20I,A Gbla,Death,153,198,17,49
T20I,A Gbla,Middle,233,228,13,89
T20I,A Gbla,Powerplay,102,92,4,55
T20I,A Gurung,Death,152,143,12,65
T20I,A Gurung,Middle,168,127,5,89
T20I,A Gurung,Powerplay,509,265,20,336
T20I,A Hartley,Middle,73,75,3,25
T20I,A Hlubi,Powerplay,138,155,8,68
T20I,A Husain,Middle,191,193,10,62
T20I,A Ikuzwe,Death,203,177,11,101
T20I,A Ikuzwe,Middle,817,621,44,438
T20I,A Ikuzwe,Powerplay,123,93,5,71
T20I,A Ilahi,Middle,87,85,1,29
T20I,A Ilahi,Powerplay,171,137,7,75
T20I,A Kalasi,Middle,160,127,5,71
T20I,A Kanukuntla,Death,84,97,5,29
T20I,A Kanukuntla,Middle,120,81,3,62
T20I,A Kanukuntla,Powerplay,194,150,6,102
T20I,A Karmacharya,Middle,98,76,6,54
T20I,A Karmacharya,Powerplay,173,108,9,103
T20I,A Kato-Stafford,Middle,93,57,6,53
T20I,A Kato-Stafford,Powerplay,74,46,3,48
T20I,A Khaka,Death,586,821,30,142
T20I,A Khaka,Middle,410,430,14,146
T20I,A Khaka,Powerplay,730,763,26,343
T20I,A Khan,Powerplay,91,81,3,48
T20I,A Kheterpal,Death,99,146,4,18
T20I,A Kheterpal,Middle,215,232,4,81
T20I,A Khullar,Middle,74,70,2,24
T20I,A King,Death,80,102,3,21
T20I,A King,Middle,452,450,28,185
T20I,A Kirschbaum,Middle,393,401,20,170
T20I,A Kirschbaum,Powerplay,195,139,9,116
T20I,A Kohli,Death,158,164,9,61
T20I,A Kohli,Middle,547,474,26,239
T20I,A Kohli,Powerplay,186,173,6,98
T20I,A Krishna,Middle,237,345,13,77
T20I,A Limdawala,Middle,236,254,7,101
T20I,A Lupascu,Middle,83,83,5,29
T20I,A Maheshwari,Middle,69,100,4,18
T20I,A Makri,Death,92,61,6,46
T20I,A Makri,Middle,231,206,8,100
T20I,A Makri,Powerplay,412,365,12,186
T20I,A Mare,Middle,107,89,3,55
T20I,A Mare,Powerplay,206,185,9,107
T20I,A Martel,Middle,332,344,17,119
T20I,A Martel,Powerplay,127,157,8,69
T20I,A Mazvishaya,Death,158,173,12,54
T20I,A Mazvishaya,Middle,226,221,9,105
T20I,A Mazvishaya,Powerplay,86,66,3,52
T20I,A Mene-Ejegi,Powerplay,182,169,6,90
T20I,A Merritt,Death,70,73,2,26
T20I,A Merritt,Middle,179,169,10,74
T20I,A Merritt,Powerplay,191,195,5,87
T20I,A Mesarovic,Middle,61,34,0,32
T20I,A Mesarovic,Powerplay,95,82,3,38
T20I,A Meyenborg,Death,69,61,6,24
T20I,A Meyenborg,Middle,133,137,4,59
T20I,A Meyenborg,Powerplay,216,178,8,110
T20I,A Mishra,Middle,179,185,9,68
T20I,A Mohamed,Middle,154,141,5,67
T20I,A Mohammed,Death,292,321,19,97
T20I,A Mohammed,Middle,655,600,24,255
T20I,A Mohammed,Powerplay,223,221,7,117
T20I,A Mokgotlhe,Death,157,139,8,70
T20I,A Mokgotlhe,Middle,434,297,16,238
T20I,A Mokgotlhe,Powerplay,240,234,4,117
T20I,A Mongar,Middle,82,80,7,36
T20I,A Morris,Middle,329,287,21,161
T20I,A Morris,Powerplay,170,169,6,91
T20I,A Munisar,Middle,205,198,7,79
T20I,A Nagarajan,Middle,88,121,3,23
T20I,A Nanda,Middle,120,156,6,40
T20I,A Nanda,Powerplay,353,394,16,168
T20I,A Nao,Death,105,152,6,23
T20I,A Nao,Middle,89,66,4,43
T20I,A Nao,Powerplay,293,266,15,162
T20I,A Nathwani,Middle,88,115,4,25
T20I,A Nathwani,Powerplay,216,252,10,97
T20I,A Natubhai Ahir,Death,100,101,5,44
T20I,A Natubhai Ahir,Middle,251,200,10,125
T20I,A Ndlovu,Powerplay,67,102,2,30
T20I,A Nehra,Death,161,248,13,37
T20I,A Nehra,Powerplay,387,465,17,174
T20I,A Nortje,Death,280,372,20,95
T20I,A Nortje,Middle,424,460,20,177
T20I,A Nortje,Powerplay,287,405,14,128
T20I,A Orfila,Middle,66,74,2,21
T20I,A Ostergaard,Powerplay,60,37,0,34
T20I,A Parima,Middle,104,117,6,42
T20I,A Paul,Death,88,131,7,21
T20I,A Paul,Middle,162,211,9,60
T20I,A Perera,Middle,93,47,9,58
T20I,A Prashar,Powerplay,146,137,7,74
T20I,A Rameshan,Middle,100,81,5,50
T20I,A Rameshan,Powerplay,110,109,7,50
T20I,A Rangaswamy,Powerplay,99,109,5,53
T20I,A Reddy,Death,214,305,17,52
T20I,A Reddy,Middle,479,631,20,131
T20I,A Reddy,Powerplay,398,456,10,179
T20I,A Reyes,Death,66,67,10,29
T20I,A Reyes,Middle,173,231,8,60
T20I,A Reyes,Powerplay,75,115,2,26
T20I,A Salomao,Death,117,112,5,53
T20I,A Salomao,Middle,80,58,6,44
T20I,A Salomao,Powerplay,496,400,14,259
T20I,A Savvani,Death,82,76,2,29
T20I,A Savvani,Middle,326,304,16,124
T20I,A Savvani,Powerplay,134,139,2,52
T20I,A Shahi,Death,140,153,18,59
T20I,A Shahi,Middle,172,210,5,59
T20I,A Shahi,Powerplay,146,194,4,50
T20I,A Sharma,Middle,67,80,3,22
T20I,A Shrubsole,Death,280,347,31,95
T20I,A Shrubsole,Middle,275,292,11,108
T20I,A Shrubsole,Powerplay,849,745,42,508
T20I,A Shukla,Death,174,313,8,44
T20I,A Shukla,Middle,190,259,6,54
T20I,A Shukla,Powerplay,807,918,40,378
T20I,A Simelane,Middle,100,133,5,21
T20I,A Stocks,Death,85,85,5,22
T20I,A Stocks,Middle,158,108,7,78
T20I,A Sutherland,Death,253,266,23,96
T20I,A Sutherland,Middle,519,551,19,191
T20I,A Sutherland,Powerplay,157,203,8,70
T20I,A Suwanchonrathi,Middle,98,77,4,48
T20I,A Symonds,Death,69,126,3,16
T20I,A Symonds,Middle,121,155,5,29
T20I,A Taylor,Middle,99,59,6,46
T20I,A Taylor,Powerplay,66,47,1,31
T20I,A Thorpe,Middle,175,170,8,66
T20I,A Thorpe,Powerplay,66,48,6,33
T20I,A Turkmen,Death,69,94,4,20
T20I,A Turkmen,Middle,73,68,2,29
T20I,A Turkmen,Powerplay,277,326,8,111
T20I,A Vaidya,Death,75,59,4,28
T20I,A Vaidya,Middle,134,98,9,65
T20I,A Vaidya,Powerplay,90,68,2,47
T20I,A Vala,Death,137,174,11,49
T20I,A Vala,Middle,431,418,28,165
T20I,A Venkatesh,Death,87,140,10,24
T20I,A Venkatesh,Middle,75,54,5,34
T20I,A Vessik,Middle,100,79,5,48
T20I,A Vessik,Powerplay,224,162,8,117
T20I,A Wanjira,Middle,82,81,3,34
T20I,A Wanjira,Powerplay,226,162,11,139
T20I,A Wellington,Middle,122,115,10,52
T20I,A Wright,Middle,302,284,14,130
T20I,A Wright,Powerplay,183,142,10,99
T20I,A Yon,Middle,84,87,7,29
T20I,A Zampa,Death,381,533,38,124
T20I,A Zampa,Middle,2030,2397,104,674
T20I,A Zampa,Powerplay,121,185,7,42
T20I,A Zimunu,Middle,60,72,1,25
T20I,A Zimunu,Powerplay,123,143,2,57
T20I,AA Alleyne,Death,224,366,12,48
T20I,AA Alleyne,Middle,346,389,8,126
T20I,AA Alleyne,Powerplay,279,304,6,134
T20I,AA Gajic,Middle,136,179,10,52
T20I,AA Gajic,Powerplay,116,147,4,48
T20I,AA Navicha,Death,68,90,6,23
T20I,AA Navicha,Middle,106,147,4,35
T20I,AA Patil,Death,167,191,16,51
T20I,AA Patil,Middle,357,335,8,139
T20I,AA Patil,Powerplay,265,236,12,134
T20I,AA Rahayu,Death,85,40,7,56
T20I,AA Rahayu,Middle,258,272,13,106
T20I,AA Rahayu,Powerplay,90,76,8,48
T20I,AA Wagh,Middle,73,69,6,37
T20I,AAP Rivero,Death,293,258,23,121
T20I,AAP Rivero,Middle,191,156,4,91
T20I,AAhan Achar,Middle,90,100,3,25
T20I,AB Dinda,Death,66,74,13,30
T20I,AB Dinda,Powerplay,84,112,1,40
T20I,AB Kamara,Middle,111,130,6,47
T20I,AB Kamara,Powerplay,121,156,4,55
T20I,AB Kaur,Middle,172,210,4,67
T20I,AB Mengoumou,Middle,65,61,4,35
T20I,AB Slebsager,Death,71,58,3,29
T20I,AB Slebsager,Middle,211,227,8,73
T20I,AB Slebsager,Powerplay,75,82,6,32
T20I,ABY Smith,Middle,210,182,8,88
T20I,AC Agar,Death,108,116,6,25
T20I,AC Agar,Middle,775,848,39,248
T20I,AC Agar,Powerplay,147,167,4,74
T20I,AC Botha,Middle,75,61,5,35
T20I,AC Brodin,Powerplay,63,74,0,18
T20I,AC Douglas,Middle,102,113,2,32
T20I,AC Evans,Death,167,273,13,43
T20I,AC Evans,Middle,135,166,6,42
T20I,AC Evans,Powerplay,374,441,20,161
T20I,AC Jayangani,Death,487,596,33,135
T20I,AC Jayangani,Middle,814,830,30,297
T20I,AC Jayangani,Powerplay,343,377,14,157
T20I,AC Kerr,Death,542,611,41,185
T20I,AC Kerr,Middle,1631,1594,70,619
T20I,AC Kerr,Powerplay,98,114,0,48
T20I,AC Mushangwe,Middle,194,103,13,134
T20I,ACF Stokes,Middle,216,206,14,98
T20I,ACF Stokes,Powerplay,86,90,4,43
T20I,AD Mascarenhas,Middle,224,286,10,77
T20I,AD Mathews,Death,64,121,2,10
T20I,AD Mathews,Middle,432,574,8,131
T20I,AD Mathews,Powerplay,641,660,31,339
T20I,AD Russell,Death,340,553,23,98
T20I,AD Russell,Middle,522,750,21,159
T20I,AD Russell,Powerplay,372,592,14,145
T20I,AE Paraam,Middle,109,162,4,26
T20I,AE Paraam,Powerplay,79,114,3,36
T20I,AE Satterthwaite,Death,96,115,6,22
T20I,AE Satterthwaite,Middle,166,197,4,55
T20I,AF Aoina,Middle,173,155,8,77
T20I,AF Ifill,Death,67,76,5,27
T20I,AF Ifill,Middle,370,367,19,173
T20I,AF Ifill,Powerplay,88,97,6,50
T20I,AF Mapu,Middle,61,53,0,28
T20I,AF Mapu,Powerplay,65,53,2,37
T20I,AF Milne,Death,289,454,22,83
T20I,AF Milne,Middle,335,439,18,116
T20I,AF Milne,Powerplay,558,715,24,270
T20I,AG Cremer,Death,60,53,5,29
T20I,AG Cremer,Middle,567,713,27,180
T20I,AG Rao,Middle,76,67,4,34
T20I,AG Weligamage,Middle,114,179,4,36
T20I,AG Weligamage,Powerplay,66,86,0,28
T20I,AH Maqsood,Death,209,216,12,79
T20I,AH Maqsood,Middle,1046,977,52,446
T20I,AH Maqsood,Powerplay,130,99,6,69
T20I,AI Chudasama,Death,167,131,16,78
T20I,AI Chudasama,Middle,225,179,7,108
T20I,AI Chudasama,Powerplay,374,334,12,200
T20I,AIV Benatar,Powerplay,162,122,8,86
T20I,AJ Hosein,Death,113,142,12,32
T20I,AJ Hosein,Middle,944,1127,40,309
T20I,AJ Hosein,Powerplay,980,1225,40,452
T20I,AJ Kenealy,Powerplay,133,140,1,62
T20I,AJ Parmar,Middle,443,468,30,178
T20I,AJ Prajapati,Middle,71,74,3,26
T20I,AJ Tye,Death,341,512,30,104
T20I,AJ Tye,Middle,235,314,13,80
T20I,AJ Tye,Powerplay,142,184,4,52
T20I,AJA Samuels,Middle,63,72,3,27
T20I,AK Bangura,Death,71,62,4,35
T20I,AK Bangura,Middle,68,91,2,25
T20I,AK Gokoel,Middle,186,204,10,70
T20I,AK Gonerara,Powerplay,98,80,5,52
T20I,AK Maguire,Middle,350,451,13,105
T20I,AK Maguire,Powerplay,70,64,6,39
T20I,AK Markram,Middle,234,348,9,67
T20I,AK Markram,Powerplay,152,208,5,67
T20I,AL Mundundo,Death,71,52,5,32
T20I,AL Mundundo,Middle,202,148,9,103
T20I,AL Phehlukwayo,Death,224,392,17,51
T20I,AL Phehlukwayo,Middle,411,518,24,120
T20I,AL Phehlukwayo,Powerplay,158,224,9,60
T20I,AL Seddon,Powerplay,123,119,3,61
T20I,AL Stephen,Middle,90,95,3,28
T20I,AL Stephen,Powerplay,152,203,9,70
T20I,AM Guruge,Powerplay,73,108,3,33
T20I,AM Hardie,Middle,122,157,8,40
T20I,AM Hardie,Powerplay,116,149,5,57
T20I,AM Healey,Middle,152,108,7,77
T20I,AM Healey,Powerplay,102,63,4,57
T20I,AM Kamara,Death,140,137,8,63
T20I,AM Kamara,Middle,140,119,3,71
T20I,AM Kamara,Powerplay,414,297,12,258
T20I,AM Kimote,Death,282,395,31,91
T20I,AM Kimote,Middle,397,414,26,151
T20I,AM Kimote,Powerplay,460,520,24,218
T20I,AM Patel,Powerplay,143,122,5,68
T20I,AM Peterson,Death,99,104,8,31
T20I,AM Peterson,Middle,108,108,7,44
T20I,AM Peterson,Powerplay,102,129,2,45
T20I,AM Phangiso,Middle,300,377,15,109
T20I,AM Zepeda,Death,72,77,0,29
T20I,AM Zepeda,Middle,171,106,9,101
T20I,AM Zepeda,Powerplay,183,149,3,73
T20I,AN Davidson-Richards,Middle,66,73,3,25
T20I,AN Kelly,Death,414,462,43,150
T20I,AN Kelly,Middle,668,665,39,286
T20I,AN Kelly,Powerplay,321,320,9,161
T20I,AN Toube,Middle,74,75,4,33
T20I,AR Cusack,Death,174,237,12,50
T20I,AR Cusack,Middle,182,185,8,70
T20I,AR Cusack,Powerplay,129,156,8,62
T20I,AR McBrine,Middle,248,246,11,84
T20I,AR McBrine,Powerplay,68,119,4,23
T20I,AR Nurse,Middle,170,201,4,44
T20I,AR Patel,Death,209,278,18,77
T20I,AR Patel,Middle,1169,1473,55,412
T20I,AR Patel,Powerplay,375,503,23,167
T20I,AR Puri,Middle,476,657,19,148
T20I,AR Puri,Powerplay,165,169,6,84
T20I,AR Ramjani,Death,160,134,19,85
T20I,AR Ramjani,Middle,731,557,55,346
T20I,AR Ramjani,Powerplay,333,284,21,212
T20I,AR Valdez,Middle,69,70,0,19
T20I,AS Gorad,Middle,89,90,2,34
T20I,AS Joseph,Death,357,504,25,117
T20I,AS Joseph,Middle,285,407,15,84
T20I,AS Joseph,Powerplay,383,630,21,151
T20I,AS Mehmi,Middle,90,112,4,24
T20I,AS Mehmi,Powerplay,66,72,1,27
T20I,AS Qwele,Death,215,228,19,91
T20I,AS Qwele,Powerplay,392,280,15,240
T20I,AS van Beuge,Middle,98,91,3,49
T20I,AS van Beuge,Powerplay,92,84,6,47
T20I,ASF Sirah,Death,126,139,15,50
T20I,ASF Sirah,Middle,394,418,21,150
T20I,ASS Fletcher,Death,329,374,23,113
T20I,ASS Fletcher,Middle,1742,1754,78,672
T20I,ATS Silva,Powerplay,126,83,7,77
T20I,AU Rashid,Death,329,487,29,110
T20I,AU Rashid,Middle,2665,3277,132,902
T20I,AU Rashid,Powerplay,179,227,8,70
T20I,AV Lalcheta,Middle,97,120,2,34
T20I,AV Lalcheta,Powerplay,120,122,3,72
T20I,AW Hawkins-Kay,Powerplay,86,90,6,38
T20I,AY Patel,Powerplay,86,54,7,57
T20I,Aamir Kaleem,Death,127,188,8,35
T20I,Aamir Kaleem,Middle,402,438,33,138
T20I,Aamir Kaleem,Powerplay,142,229,5,56
T20I,Aamir Lal,Middle,74,77,4,28
T20I,Aamir Lal,Powerplay,93,100,8,47
T20I,Aaron Jones,Middle,60,64,2,24
T20I,Aarti Priya,Death,70,65,7,25
T20I,Aarti Priya,Middle,126,116,0,43
T20I,Aarti Priya,Powerplay,151,124,5,67
T20I,Aayan Afzal Khan,Middle,405,361,24,165
T20I,Aayan Afzal Khan,Powerplay,210,266,9,101
T20I,Abbas Afridi,Death,128,191,16,40
T20I,Abbas Afridi,Middle,221,296,15,74
T20I,Abbas Afridi,Powerplay,89,115,7,36
T20I,Abbas Ghani,Death,106,167,10,26
T20I,Abbas Ghani,Middle,166,210,13,63
T20I,Abdul Majid,Middle,94,87,3,40
T20I,Abdul Majid Abbasi,Death,103,98,10,41
T20I,Abdul Majid Abbasi,Middle,1225,1145,44,579
T20I,Abdul Majid Abbasi,Powerplay,301,299,13,180
T20I,Abdul Naser Baluch,Death,92,132,7,30
T20I,Abdul Naser Baluch,Powerplay,377,385,24,177
T20I,Abdul Razzaq,Middle,73,87,4,23
T20I,Abdul Razzaq,Powerplay,230,253,12,112
T20I,Abdul Samad,Middle,86,43,4,52
T20I,Abdul Samad,Powerplay,215,126,16,154
T20I,Abdul Waheed,Middle,86,118,2,28
T20I,Abdul Wahid,Death,84,92,9,30
T20I,Abdul Wahid,Middle,66,117,1,16
T20I,Abdul-Shakoor Rahimzei,Middle,86,70,5,38
T20I,Abdullah Akbarjan,Death,102,113,12,35
T20I,Abdullah Akbarjan,Middle,326,364,16,107
T20I,Abdullah Jasat,Powerplay,97,106,3,42
T20I,Abdullah Mahmood,Death,72,52,9,33
T20I,Abdullah Mahmood,Middle,260,297,13,88
T20I,Abdullah Rana,Death,68,107,4,18
T20I,Abdullah Sheikh,Middle,76,79,2,29
T20I,Abdullahi Ismail,Powerplay,105,92,4,57
T20I,Abdur Razzak,Death,166,217,10,56
T20I,Abdur Razzak,Middle,303,320,18,117
T20I,Abdur Razzak,Powerplay,162,182,6,76
T20I,Abdur Rehman,Middle,112,125,9,47
T20I,Abeera Waris,Middle,83,95,2,25
T20I,Abhishek Sharma,Middle,145,195,6,43
T20I,Abrar Ahmed,Death,125,143,11,46
T20I,Abrar Ahmed,Middle,510,526,30,202
T20I,Abrar Ahmed,Powerplay,164,232,9,75
T20I,Abu Hider,Powerplay,95,155,1,36
T20I,Abubacarr Kuyateh,Powerplay,118,142,4,57
T20I,Abul Farhad,Death,73,105,7,25
T20I,Abul Farhad,Middle,87,105,6,37
T20I,Abul Farhad,Powerplay,60,82,2,26
T20I,Ada Bhasin,Death,89,62,7,51
T20I,Ada Bhasin,Middle,133,84,5,77
T20I,Ada Bhasin,Powerplay,306,233,10,172
T20I,Adam Senn,Middle,189,243,10,75
T20I,Adam Senn,Powerplay,189,170,8,98
T20I,Adil Butt,Death,136,200,16,58
T20I,Adil Butt,Middle,110,131,6,51
T20I,Adil Butt,Powerplay,265,343,9,116
T20I,Adil Khan,Middle,70,100,3,23
T20I,Adnan Idrees,Death,82,136,3,23
T20I,Adnan Idrees,Middle,412,480,28,160
T20I,Adnan Mirza,Middle,127,148,4,46
T20I,Afida Afthab,Middle,62,41,4,31
T20I,Afida Afthab,Powerplay,214,167,4,118
T20I,Afif Hossain,Middle,130,165,5,44
T20I,Afsheen Ahmed,Middle,72,86,0,12
T20I,Aftab Hussain,Middle,215,211,16,83
T20I,Agha Salman,Middle,81,102,3,21
T20I,Ahmad Khalid Ahmadzai,Middle,119,123,9,50
T20I,Ahmad Raza,Powerplay,63,79,2,21
T20I,Ahmad Ullah,Middle,108,117,8,48
T20I,Ahmadullah Shinwari,Death,106,132,8,37
T20I,Ahmadullah Shinwari,Powerplay,556,607,23,274
T20I,Ahmed Aqeel,Middle,138,154,5,48
T20I,Ahmed Baladraf,Middle,66,69,5,30
T20I,Ahmed Raza,Death,79,88,5,26
T20I,Ahmed Raza,Middle,721,777,24,267
T20I,Ahmed Wardak,Death,67,66,7,17
T20I,Ahsan Khan,Powerplay,103,176,2,38
T20I,Ahsan Malik,Death,195,309,17,43
T20I,Ahsan Malik,Middle,169,160,9,59
T20I,Ahsan Malik,Powerplay,92,125,4,40
T20I,Aiman Anwer,Death,176,243,15,42
T20I,Aiman Anwer,Middle,177,204,5,60
T20I,Aiman Anwer,Powerplay,297,342,3,124
T20I,Ainna Hamizah Hashim,Death,299,317,17,114
T20I,Ainna Hamizah Hashim,Middle,315,264,11,133
T20I,Ainna Hamizah Hashim,Powerplay,798,652,23,423
T20I,Aisya Eleesa,Death,147,177,10,51
T20I,Aisya Eleesa,Middle,406,331,16,190
T20I,Aisya Eleesa,Powerplay,482,381,14,274
T20I,Aizaz Khan,Death,502,784,38,136
T20I,Aizaz Khan,Middle,739,841,35,257
T20I,Aizaz Khan,Powerplay,455,495,25,207
T20I,Ajhar Alam,Powerplay,69,108,3,22
T20I,Ajin Soman,Powerplay,82,110,4,28
T20I,Akhil Anil,Middle,229,218,14,95
T20I,Akhil Anil,Powerplay,73,68,2,35
T20I,Akhil Arjunan,Middle,247,300,6,90
T20I,Akhil Kumar,Middle,93,101,4,26
T20I,Akhil Kumar,Powerplay,76,92,4,38
T20I,Akif Raja,Death,74,74,6,28
T20I,Akif Raja,Middle,89,134,3,29
T20I,Akif Raja,Powerplay,191,232,9,88
T20I,Al-Amin Hossain,Death,204,290,25,68
T20I,Al-Amin Hossain,Middle,139,181,7,47
T20I,Al-Amin Hossain,Powerplay,271,262,11,139
T20I,Alam Nakash,Middle,74,77,4,30
T20I,Aleena Khan,Middle,155,177,4,53
T20I,Ali Dawood,Death,612,725,58,221
T20I,Ali Dawood,Middle,153,146,13,55
T20I,Ali Dawood,Powerplay,941,897,45,483
T20I,Ali Hasan,Powerplay,141,156,7,64
T20I,Ali Hussain,Middle,119,195,2,40
T20I,Ali Khan,Death,172,271,10,38
T20I,Ali Khan,Middle,72,93,2,16
T20I,Ali Khan,Powerplay,203,264,5,89
T20I,Ali Masood,Death,99,162,7,26
T20I,Ali Masood,Middle,144,158,11,58
T20I,Ali Naseer,Death,198,262,19,66
T20I,Ali Naseer,Middle,355,434,13,129
T20I,Ali Naseer,Powerplay,135,196,6,52
T20I,Ali Nawaz,Middle,78,151,4,21
T20I,Ali Nayyer,Death,205,317,17,56
T20I,Ali Nayyer,Middle,90,99,4,33
T20I,Ali Nayyer,Powerplay,294,262,13,150
T20I,Ali Rasool,Powerplay,63,103,2,23
T20I,Ali Sheikh,Middle,90,86,7,32
T20I,Ali Waqar,Powerplay,78,98,1,26
T20I,Alifiya Sayed,Powerplay,295,240,7,160
T20I,Alina Aslam,Death,100,83,4,40
T20I,Alina Aslam,Middle,89,86,3,37
T20I,Alina Aslam,Powerplay,346,273,12,174
T20I,Aliya Riaz,Death,97,138,11,35
T20I,Aliya Riaz,Middle,255,328,7,82
T20I,Aliya Riaz,Powerplay,91,110,1,41
T20I,Amal Jacob,Middle,244,286,10,84
T20I,Amalin Sorfina,Middle,70,76,0,23
T20I,Amandeep Singh,Middle,97,123,3,35
T20I,Amar Sharma,Death,76,99,1,20
T20I,Amar Sharma,Middle,526,678,23,178
T20I,Amarpal Kaur,Death,96,108,6,31
T20I,Amarpal Kaur,Middle,189,122,16,109
T20I,Amarpal Kaur,Powerplay,79,35,5,54
T20I,Amaya Rajapaksha,Middle,61,68,1,19
T20I,Ameel Mauroof,Middle,94,114,4,26
T20I,Ameel Mauroof,Powerplay,81,119,3,28
T20I,Amina Kashif,Powerplay,74,76,1,21
T20I,Aminata Kamara,Death,80,99,4,28
T20I,Aminata Kamara,Middle,230,193,12,119
T20I,Aminata Kamara,Powerplay,314,248,11,186
T20I,Aminul Islam,Middle,183,228,11,49
T20I,Amir Butt,Death,67,94,6,19
T20I,Amir Farooq,Powerplay,274,310,11,121
T20I,Amir Hayat,Powerplay,62,69,4,29
T20I,Amjad Javed,Death,60,91,6,21
T20I,Amjad Javed,Middle,135,133,9,52
T20I,Amjad Javed,Powerplay,162,195,11,80
T20I,Amjad Mahboob,Death,197,320,17,45
T20I,Amjad Mahboob,Middle,68,83,3,15
T20I,Amjad Mahboob,Powerplay,282,337,13,131
T20I,Amjad Sher,Death,150,218,12,45
T20I,Amjad Sher,Middle,179,168,11,85
T20I,Amjad Sher,Powerplay,706,698,30,373
T20I,Ammar Khalid,Death,76,96,6,28
T20I,Ammar Khalid,Powerplay,88,80,6,54
T20I,Amna Tariq,Death,204,236,7,71
T20I,Amna Tariq,Middle,585,429,22,294
T20I,Amna Tariq,Powerplay,290,215,10,166
T20I,Amoluk Singh,Powerplay,100,93,4,51
T20I,Anam Amin,Death,206,266,17,52
T20I,Anam Amin,Middle,297,268,10,114
T20I,Anam Amin,Powerplay,633,556,21,355
T20I,Anas Khan,Death,66,103,6,20
T20I,Anas Khan,Middle,261,228,22,115
T20I,Andre Jarju,Powerplay,79,110,2,28
T20I,Anjar Tadarus,Death,116,174,6,44
T20I,Anjar Tadarus,Middle,392,439,19,144
T20I,Anjar Tadarus,Powerplay,99,123,4,40
T20I,Anjuli Ghalley,Powerplay,70,39,4,45
T20I,Ansh Patel,Middle,98,95,6,53
T20I,Anshuman Rath,Middle,190,258,5,56
T20I,Anwar Ali,Middle,86,118,2,29
T20I,Anwar Ali,Powerplay,134,165,4,60
T20I,Anwar Rahman,Middle,289,279,17,127
T20I,Aqib Ilyas,Death,61,108,1,21
T20I,Aqib Ilyas,Middle,604,563,40,248
T20I,Aqib Iqbal,Death,293,415,22,89
T20I,Aqib Iqbal,Middle,367,393,22,159
T20I,Aqib Iqbal,Powerplay,946,1020,38,455
T20I,Arafat Sunny,Middle,105,125,6,31
T20I,Arafat Sunny,Powerplay,72,91,4,39
T20I,Arif Ullah,Death,86,112,7,28
T20I,Arjun Vinod,Middle,187,272,3,61
T20I,Arshdeep Singh,Death,668,1005,57,194
T20I,Arshdeep Singh,Middle,211,282,14,66
T20I,Arshdeep Singh,Powerplay,1049,1370,56,490
T20I,Arslan Amjad,Middle,92,137,7,24
T20I,Asad Ali Rehemtulla,Middle,104,172,4,27
T20I,Asad Ali Rehemtulla,Powerplay,146,175,5,62
T20I,Asad Mohammad,Middle,81,92,1,28
T20I,Asad Rasheed,Middle,60,92,3,13
T20I,Ashi Chopla,Powerplay,101,94,1,41
T20I,Ashiqullah Said,Powerplay,144,119,9,83
T20I,Ashmal Hashmi,Powerplay,77,95,0,23
T20I,Ashraful Shuvo,Middle,87,70,4,35
T20I,Ashraful Shuvo,Powerplay,80,99,4,40
T20I,Ashwin Vinod,Death,65,84,4,19
T20I,Ashwin Vinod,Middle,120,125,5,47
T20I,Ashwin Vinod,Powerplay,422,518,24,203
T20I,Ashwini Balaji,Death,127,130,6,57
T20I,Ashwini Balaji,Middle,151,141,4,65
T20I,Ashwini Balaji,Powerplay,137,126,2,63
T20I,Asif Ali,Death,94,111,5,38
T20I,Asif Ali,Middle,379,397,17,148
T20I,Asif Bevinje,Powerplay,129,152,8,64
T20I,Asif Shaikh,Middle,302,317,15,127
T20I,Aslam Bera,Powerplay,94,104,4,38
T20I,Aslam Mohammad,Powerplay,69,67,1,39
T20I,Aslan Jafri,Middle,90,86,6,33
T20I,Asmavia Iqbal,Death,142,191,18,38
T20I,Asmavia Iqbal,Middle,115,119,5,42
T20I,Asmavia Iqbal,Powerplay,430,365,10,216
T20I,Ateeq Iqbal,Middle,142,173,6,45
T20I,Ateeq Iqbal,Powerplay,535,525,25,279
T20I,Atif Kamal,Powerplay,86,123,3,41
T20I,Atif Mehmood,Death,147,145,7,54
T20I,Atif Mehmood,Powerplay,325,293,21,189
T20I,Atif-Ur-Rehman,Death,117,101,5,53
T20I,Atif-Ur-Rehman,Powerplay,215,196,8,116
T20I,Attia Diwan Ali,Middle,183,190,3,53
T20I,Avesh Khan,Death,158,284,6,45
T20I,Avesh Khan,Middle,126,183,5,43
T20I,Avesh Khan,Powerplay,213,253,15,110
T20I,Avi Dixit,Middle,61,66,3,25
T20I,Avishka Iroshan,Middle,82,100,7,31
T20I,Ayan Khan,Middle,253,342,3,85
T20I,Ayaz Dadabhai,Death,99,102,12,30
T20I,Ayaz Dadabhai,Middle,62,60,3,26
T20I,Ayaz Dadabhai,Powerplay,129,121,4,58
T20I,Ayesha Zafar,Death,68,76,5,32
T20I,Ayesha Zafar,Middle,97,106,6,42
T20I,Aysha,Death,180,187,10,56
T20I,Aysha,Middle,176,163,10,78
T20I,Aysha,Powerplay,340,333,11,155
T20I,Azam Khalil,Middle,103,76,3,59
T20I,Aziz Mohammad,Death,97,128,6,31
T20I,Aziz Mohammad,Middle,103,155,3,18
T20I,Aziz Mohammad,Powerplay,93,103,5,43
T20I,Aziz Sualley,Middle,77,87,4,34
T20I,Azri Azhar,Middle,74,74,3,33
T20I,Azyan Farhath,Death,60,67,8,27
T20I,Azyan Farhath,Middle,160,148,9,72
T20I,B Arora,Middle,601,713,23,229
T20I,B Balala,Middle,99,94,3,40
T20I,B Balala,Powerplay,86,119,1,37
T20I,B Bhadriraju,Middle,98,77,7,41
T20I,B Biza,Death,87,104,9,35
T20I,B Biza,Middle,264,294,11,90
T20I,B Dugic,Middle,127,192,5,41
T20I,B Etim,Death,67,94,1,19
T20I,B Etim,Middle,71,49,3,37
T20I,B Etim,Powerplay,120,92,5,67
T20I,B Evans,Death,275,488,30,74
T20I,B Evans,Middle,259,301,10,76
T20I,B Evans,Powerplay,293,372,18,133
T20I,B Fernando,Death,135,225,8,36
T20I,B Fernando,Middle,85,106,5,20
T20I,B Fernando,Powerplay,277,335,9,113
T20I,B Ito-Davis,Death,64,43,11,40
T20I,B Ito-Davis,Middle,253,198,14,137
T20I,B Kasinja,Middle,176,133,5,92
T20I,B Keganne,Middle,81,118,4,34
T20I,B Kgosiemang,Death,108,165,9,32
T20I,B Kgosiemang,Middle,62,86,1,17
T20I,B Kgosiemang,Powerplay,337,422,11,159
T20I,B Khumalo,Death,136,229,9,35
T20I,B Khumalo,Middle,117,122,4,43
T20I,B Khumalo,Powerplay,363,395,11,184
T20I,B Kumar,Death,548,819,36,153
T20I,B Kumar,Middle,131,173,6,43
T20I,B Kumar,Powerplay,1164,1142,43,633
T20I,B Lee,Death,134,164,11,40
T20I,B Lee,Middle,68,95,3,21
T20I,B Lee,Powerplay,383,479,14,172
T20I,B Maes Loch,Middle,96,54,6,54
T20I,B Mahesh,Powerplay,75,91,3,31
T20I,B Masaba,Death,94,70,10,45
T20I,B Masaba,Middle,274,268,9,110
T20I,B Mavuta,Middle,203,227,10,73
T20I,B Mejaro,Middle,131,157,7,43
T20I,B Mosoaboli,Middle,64,57,1,26
T20I,B Mpedi,Middle,141,111,14,75
T20I,B Mpedi,Powerplay,66,66,1,30
T20I,B Murekatete,Death,209,180,16,94
T20I,B Murekatete,Middle,182,155,8,93
T20I,B Murekatete,Powerplay,629,433,24,381
T20I,B Muzarabani,Death,602,855,38,194
T20I,B Muzarabani,Middle,280,291,7,106
T20I,B Muzarabani,Powerplay,1062,1124,56,535
T20I,B Namuunzul,Middle,67,78,1,16
T20I,B Niaz,Middle,168,160,12,77
T20I,B Phelenyane,Death,68,76,5,30
T20I,B Phelenyane,Middle,220,211,10,93
T20I,B Phelenyane,Powerplay,160,154,3,72
T20I,B Pierre,Middle,113,130,0,25
T20I,B Pondani,Powerplay,275,306,10,132
T20I,B Regmi,Middle,222,218,13,83
T20I,B Shetty,Middle,83,97,1,21
T20I,B Shetty,Powerplay,98,73,3,56
T20I,B Shikongo,Death,106,148,10,33
T20I,B Shikongo,Middle,225,235,10,82
T20I,B Shikongo,Powerplay,361,389,18,167
T20I,B Shotorova,Middle,82,65,3,31
T20I,B Shotorova,Powerplay,204,149,6,92
T20I,B Stanlake,Middle,144,173,6,59
T20I,B Stanlake,Powerplay,255,330,15,120
T20I,B Tlali,Middle,139,86,9,83
T20I,B Tlali,Powerplay,128,78,2,74
T20I,B Wani,Middle,66,60,1,18
T20I,B Ward,Death,114,136,6,35
T20I,B Ward,Middle,798,713,57,356
T20I,B White,Middle,610,866,24,191
T20I,B van Zyl,Middle,61,51,5,35
T20I,BA Carse,Death,69,125,5,20
T20I,BA Carse,Middle,107,137,8,29
T20I,BA Carse,Powerplay,107,155,7,49
T20I,BA Pai,Death,118,189,8,36
T20I,BA Pai,Middle,240,261,12,96
T20I,BA Pai,Powerplay,420,415,13,235
T20I,BA Stokes,Death,81,119,5,19
T20I,BA Stokes,Middle,423,559,17,119
T20I,BA Stokes,Powerplay,103,148,1,40
T20I,BAD Manenti,Middle,217,241,6,77
T20I,BAW Mendis,Death,190,236,19,67
T20I,BAW Mendis,Middle,520,585,30,187
T20I,BAW Mendis,Powerplay,141,124,9,70
T20I,BC Fortuin,Death,76,88,5,33
T20I,BC Fortuin,Middle,311,415,20,100
T20I,BC Fortuin,Powerplay,219,277,8,99
T20I,BCJ Cutting,Middle,69,98,2,10
T20I,BD Glover,Death,86,95,10,31
T20I,BD Glover,Middle,201,223,14,71
T20I,BD Glover,Powerplay,210,203,12,108
T20I,BDH Stevens,Middle,72,74,6,28
T20I,BE Hendricks,Death,136,221,13,38
T20I,BE Hendricks,Middle,74,94,4,26
T20I,BE Hendricks,Powerplay,223,319,8,80
T20I,BFW de Leede,Death,235,318,23,82
T20I,BFW de Leede,Middle,332,415,15,105
T20I,BFW de Leede,Powerplay,120,140,6,42
T20I,BG Illing,Middle,86,99,2,37
T20I,BG Illing,Powerplay,204,193,7,108
T20I,BG Lister,Death,76,101,7,25
T20I,BG Lister,Powerplay,144,199,3,56
T20I,BJ Bennett,Middle,129,178,6,38
T20I,BJ Currie,Death,90,113,8,32
T20I,BJ Currie,Middle,66,67,3,24
T20I,BJ Currie,Powerplay,314,280,21,164
T20I,BJ Dwarshuis,Death,100,163,11,27
T20I,BJ Dwarshuis,Middle,86,153,3,17
T20I,BJ Dwarshuis,Powerplay,165,229,8,68
T20I,BJ McCarthy,Death,419,672,26,114
T20I,BJ McCarthy,Middle,351,475,11,107
T20I,BJ McCarthy,Powerplay,562,700,22,242
T20I,BJ McMullen,Middle,61,74,1,17
T20I,BJ McMullen,Powerplay,175,269,6,75
T20I,BK Stroud,Powerplay,173,187,4,90
T20I,BM Scholtz,Death,111,139,6,36
T20I,BM Scholtz,Middle,1217,1285,62,450
T20I,BM Scholtz,Powerplay,387,393,17,180
T20I,BM Tickner,Death,123,230,4,26
T20I,BM Tickner,Middle,118,170,6,32
T20I,BM Tickner,Powerplay,119,141,9,56
T20I,BM Wheeler,Powerplay,84,126,2,34
T20I,BMA Mbida,Middle,237,217,2,97
T20I,BMA Mbida,Powerplay,115,95,4,53
T20I,BMAJ Mendis,Middle,186,204,11,65
T20I,BMSM Kumari,Death,398,454,22,145
T20I,BMSM Kumari,Middle,625,653,16,223
T20I,BMSM Kumari,Powerplay,937,880,33,465
T20I,BN Toube,Middle,110,122,8,46
T20I,BN Toube,Powerplay,154,209,6,65
T20I,BP Adapaka,Middle,200,234,4,71
T20I,BS Stephenson,Middle,80,76,2,36
T20I,BTJ Wheal,Death,129,199,12,42
T20I,BTJ Wheal,Middle,111,158,2,36
T20I,BTJ Wheal,Powerplay,264,371,10,117
T20I,BV Sears,Death,136,183,11,44
T20I,BV Sears,Middle,228,294,15,87
T20I,BV Sears,Powerplay,168,242,7,72
T20I,BV Vitori,Death,97,156,2,20
T20I,BV Vitori,Powerplay,144,165,2,64
T20I,BW Hilfenhaus,Powerplay,69,102,2,30
T20I,Bakhtiar Tahiri,Middle,60,85,2,18
T20I,Baljit Singh,Middle,68,60,1,25
T20I,Baseer Khan,Middle,119,121,8,50
T20I,Baseer Khan,Powerplay,287,316,17,143
T20I,Basharat Hussain,Middle,61,89,1,11
T20I,Bashir Shah,Middle,75,67,5,30
T20I,Bashir Shah,Powerplay,78,76,4,50
T20I,Basil Hameed,Death,126,154,13,50
T20I,Basil Hameed,Middle,326,388,19,106
T20I,Basil Hameed,Powerplay,67,68,6,36
T20I,Baz Aybui,Middle,107,125,6,34
T20I,Bilal Hassun,Death,244,338,25,81
T20I,Bilal Hassun,Middle,185,158,16,93
T20I,Bilal Hassun,Powerplay,305,342,9,155
T20I,Bilal Khan,Death,581,747,39,183
T20I,Bilal Khan,Middle,75,89,6,30
T20I,Bilal Khan,Powerplay,856,871,49,470
T20I,Bilal Masud,Middle,93,93,5,38
T20I,Bilal Masud,Powerplay,60,87,1,25
T20I,Bilal Muhammad,Death,160,200,11,47
T20I,Bilal Muhammad,Middle,78,102,5,27
T20I,Bilal Muhammad,Powerplay,310,284,12,161
T20I,Bilal Zalmai,Middle,1213,1414,57,465
T20I,Bilal Zalmai,Powerplay,199,203,10,92
T20I,Bilawal Bhatti,Middle,66,96,1,17
T20I,Bipin Kumar,Powerplay,115,159,2,44
T20I,Bismah Maroof,Death,182,201,16,58
T20I,Bismah Maroof,Middle,416,402,10,137
T20I,Bukhar Illikkal,Middle,133,144,5,44
T20I,C Abel,Death,110,114,13,43
T20I,C Abel,Middle,264,246,9,102
T20I,C Abel,Powerplay,68,65,2,34
T20I,C Aweko,Death,515,419,48,228
T20I,C Aweko,Middle,690,479,31,380
T20I,C Aweko,Powerplay,884,582,28,558
T20I,C Bah,Death,115,191,3,27
T20I,C Bah,Middle,62,54,3,24
T20I,C Bah,Powerplay,209,181,3,107
T20I,C Bosch,Death,172,208,10,63
T20I,C Bosch,Middle,190,249,13,66
T20I,C Bosch,Powerplay,104,144,10,50
T20I,C Bull,Death,138,128,9,64
T20I,C Bull,Middle,244,193,9,135
T20I,C Bull,Powerplay,119,102,3,65
T20I,C Bwanali,Death,78,70,6,35
T20I,C Bwanali,Middle,82,64,2,39
T20I,C Campher,Death,121,172,6,30
T20I,C Campher,Middle,515,670,18,152
T20I,C Campher,Powerplay,141,206,5,54
T20I,C Chatonzwa,Middle,60,73,5,23
T20I,C Chatonzwa,Powerplay,74,71,3,42
T20I,C Chatphaisan,Powerplay,76,58,4,44
T20I,C Chukwuonye,Middle,185,135,14,99
T20I,C Connolly,Middle,92,131,1,25
T20I,C Dickson,Death,69,69,6,30
T20I,C Dickson,Middle,256,273,10,103
T20I,C Dickson,Powerplay,68,77,5,39
T20I,C Forshaw,Death,74,101,9,30
T20I,C Forshaw,Powerplay,141,197,10,56
T20I,C Green,Middle,159,218,10,48
T20I,C Henery,Middle,105,80,6,48
T20I,C Hinze,Death,123,132,15,62
T20I,C Hinze,Middle,227,177,15,116
T20I,C Hinze,Powerplay,383,308,15,231
T20I,C Karunaratne,Death,105,186,6,23
T20I,C Karunaratne,Middle,465,582,12,117
T20I,C Karunaratne,Powerplay,150,180,6,60
T20I,C Kyewuta,Death,314,405,35,115
T20I,C Kyewuta,Middle,95,105,3,38
T20I,C Kyewuta,Powerplay,594,602,26,295
T20I,C Liebenberg,Middle,75,87,6,24
T20I,C Lokuge,Middle,146,87,9,80
T20I,C Magaia,Middle,125,116,9,57
T20I,C Mahamalage,Death,87,80,8,42
T20I,C Mahamalage,Middle,111,94,4,51
T20I,C Mahamalage,Powerplay,494,454,21,243
T20I,C Munro,Middle,103,155,2,23
T20I,C Murray,Death,228,219,17,95
T20I,C Murray,Middle,916,1053,31,322
T20I,C Murrombe,Death,63,91,1,8
T20I,C Ostergaard,Middle,87,77,2,42
T20I,C Ostergaard,Powerplay,213,148,4,107
T20I,C Pengkumta,Death,107,141,10,31
T20I,C Pengkumta,Middle,124,122,5,46
T20I,C Pengkumta,Powerplay,241,272,10,110
T20I,C Perry,Death,62,54,2,29
T20I,C Perry,Powerplay,222,207,9,106
T20I,C Praboda,Middle,163,166,5,65
T20I,C Raack,Middle,180,189,7,72
T20I,C Raack,Powerplay,93,78,1,46
T20I,C Rububagumya,Death,356,468,24,109
T20I,C Rububagumya,Middle,358,402,14,125
T20I,C Rububagumya,Powerplay,218,243,7,98
T20I,C Rumistrzewicz,Death,68,57,8,33
T20I,C Rumistrzewicz,Middle,568,445,38,261
T20I,C Sewsunker,Powerplay,74,99,0,20
T20I,C Smith,Middle,75,81,3,23
T20I,C Sosa,Middle,153,109,2,75
T20I,C Sosa,Powerplay,178,129,9,94
T20I,C Sutthiruang,Death,205,192,9,84
T20I,C Sutthiruang,Middle,237,231,8,118
T20I,C Sutthiruang,Powerplay,1296,860,55,805
T20I,C Tchale,Middle,68,92,1,21
T20I,C Tchale,Powerplay,83,105,3,30
T20I,C Udekwe,Death,128,122,9,59
T20I,C Udekwe,Middle,104,81,9,60
T20I,C Udekwe,Powerplay,268,250,8,126
T20I,C Viljoen,Death,66,80,6,17
T20I,C Viljoen,Powerplay,130,127,10,62
T20I,C Waiswa,Powerplay,83,74,6,43
T20I,C Wijesinghe,Middle,269,164,16,146
T20I,C Wijesinghe,Powerplay,88,38,6,54
T20I,C Wright,Death,225,307,19,68
T20I,C Wright,Middle,104,96,5,42
T20I,C Wright,Powerplay,328,335,13,169
T20I,C de Grandhomme,Middle,240,313,7,52
T20I,C de Lange,Death,220,207,10,77
T20I,C de Lange,Middle,1369,1189,67,597
T20I,C de Lange,Powerplay,239,226,10,123
T20I,CA Henry,Middle,196,210,5,80
T20I,CA Henry,Powerplay,614,673,21,290
T20I,CA Soper,Death,112,169,11,33
T20I,CA Soper,Middle,144,152,5,54
T20I,CA Soper,Powerplay,165,177,11,79
T20I,CA Young,Death,315,459,25,93
T20I,CA Young,Middle,449,560,26,148
T20I,CA Young,Powerplay,557,763,30,245
T20I,CAJ Meschede,Powerplay,70,56,4,38
T20I,CAK Rajitha,Death,110,203,4,20
T20I,CAK Rajitha,Middle,76,120,1,17
T20I,CAK Rajitha,Powerplay,208,272,11,99
T20I,CB Mpofu,Death,253,433,14,63
T20I,CB Mpofu,Middle,89,111,3,31
T20I,CB Mpofu,Powerplay,266,372,8,103
T20I,CB Roposo,Death,76,92,4,24
T20I,CB Roposo,Middle,191,193,13,90
T20I,CB Roposo,Powerplay,103,148,6,59
T20I,CB Sole,Death,94,163,9,15
T20I,CB Sole,Middle,97,136,2,24
T20I,CB Sole,Powerplay,164,254,4,60
T20I,CBRLS Kumara,Death,108,197,9,24
T20I,CBRLS Kumara,Middle,243,296,17,84
T20I,CBRLS Kumara,Powerplay,197,263,5,81
T20I,CC van Slobbe,Middle,77,63,3,33
T20I,CD de Lange,Middle,124,110,6,48
T20I,CE Dean,Death,201,283,17,68
T20I,CE Dean,Middle,577,590,36,240
T20I,CE Dean,Powerplay,476,553,24,217
T20I,CE McConchie,Middle,197,285,6,53
T20I,CE McConchie,Powerplay,72,75,5,41
T20I,CG Williams,Death,68,80,6,23
T20I,CG Williams,Middle,85,88,3,28
T20I,CH Gayle,Death,87,110,8,21
T20I,CH Gayle,Middle,273,305,9,76
T20I,CH Morris,Death,158,247,15,44
T20I,CH Morris,Middle,148,178,6,44
T20I,CH Morris,Powerplay,200,260,9,92
T20I,CI Manidom,Middle,108,95,7,54
T20I,CJ Anderson,Death,118,188,7,32
T20I,CJ Anderson,Middle,197,262,6,58
T20I,CJ Anderson,Powerplay,130,152,3,60
T20I,CJ Boyce,Middle,132,150,7,44
T20I,CJ Chibhabha,Middle,149,199,4,35
T20I,CJ Chibhabha,Powerplay,61,60,5,33
T20I,CJ Dala,Middle,96,121,6,39
T20I,CJ Dala,Powerplay,83,131,5,33
T20I,CJ Dias,Middle,114,99,3,44
T20I,CJ Dias,Powerplay,120,77,7,74
T20I,CJ Jordan,Death,851,1295,64,240
T20I,CJ Jordan,Middle,519,643,21,150
T20I,CJ Jordan,Powerplay,651,932,22,243
T20I,CJ Langford,Death,90,102,6,32
T20I,CJ Langford,Middle,100,119,4,37
T20I,CJ Langford,Powerplay,209,193,11,110
T20I,CJ McKay,Middle,60,87,3,15
T20I,CJ McKay,Powerplay,64,75,1,26
T20I,CJ Metcalfe,Middle,198,175,9,81
T20I,CJ Metcalfe,Powerplay,147,148,9,77
T20I,CJA Amini,Death,143,155,14,55
T20I,CJA Amini,Middle,553,596,22,192
T20I,CJPF Kalugamage,Middle,357,421,14,120
T20I,CK Jasmat,Death,149,203,7,39
T20I,CK Jasmat,Middle,106,103,4,38
T20I,CK Jasmat,Powerplay,260,253,7,139
T20I,CK Langeveldt,Death,68,99,7,22
T20I,CK Langeveldt,Powerplay,80,89,4,40
T20I,CL Tryon,Death,226,278,10,67
T20I,CL Tryon,Middle,859,945,21,299
T20I,CL Tryon,Powerplay,284,336,10,129
T20I,CM Akachukwu,Middle,138,163,4,44
T20I,CM Akachukwu,Powerplay,100,130,5,40
T20I,CM Gough,Death,126,146,10,43
T20I,CM Gough,Middle,271,201,10,141
T20I,CM Gough,Powerplay,260,174,6,144
T20I,CM Greechan,Death,94,60,9,49
T20I,CM Greechan,Middle,80,65,3,34
T20I,CM Greechan,Powerplay,332,174,16,211
T20I,CM Mbebe,Middle,107,121,3,52
T20I,CN Ackermann,Middle,214,218,7,89
T20I,CN Ackermann,Powerplay,92,111,3,45
T20I,CN Greaves,Death,95,142,8,30
T20I,CN Greaves,Middle,375,446,19,115
T20I,CO Obuya,Death,100,111,7,45
T20I,CO Obuya,Middle,226,228,12,89
T20I,CP Schofield,Middle,72,71,4,29
T20I,CPPM Sadun,Death,65,77,2,17
T20I,CPPM Sadun,Middle,197,214,7,71
T20I,CR Brathwaite,Death,180,293,10,37
T20I,CR Brathwaite,Middle,409,533,12,121
T20I,CR Brathwaite,Powerplay,97,150,5,35
T20I,CR Seneviratna,Death,132,132,13,56
T20I,CR Seneviratna,Middle,316,231,16,170
T20I,CR Seneviratna,Powerplay,116,94,2,78
T20I,CR Woakes,Death,91,190,6,20
T20I,CR Woakes,Middle,110,137,5,29
T20I,CR Woakes,Powerplay,410,498,19,181
T20I,CRD Fernando,Death,80,124,2,20
T20I,CRD Fernando,Middle,87,105,4,30
T20I,CRD Fernando,Powerplay,192,201,9,93
T20I,CS Fraser,Death,100,136,5,25
T20I,CS Fraser,Middle,78,81,4,29
T20I,CS Fraser,Powerplay,134,177,3,50
T20I,CS MacLeod,Middle,92,99,3,28
T20I,CS Martin,Middle,73,92,4,33
T20I,CS Martin,Powerplay,62,92,3,25
T20I,CS Nascimento,Death,73,91,5,21
T20I,CS Nascimento,Middle,273,228,15,131
T20I,CS Nascimento,Powerplay,119,69,4,77
T20I,CT Mumba,Powerplay,88,135,3,41
T20I,CT Mutombodzi,Middle,116,136,2,41
T20I,CV Harrison,Middle,68,98,4,26
T20I,CV Ranasinghe,Powerplay,67,78,2,32
T20I,CV Varun,Death,127,156,13,54
T20I,CV Varun,Middle,674,910,50,224
T20I,CV Varun,Powerplay,218,243,11,106
T20I,CW Perchard,Death,301,385,33,103
T20I,CW Perchard,Middle,420,366,26,178
T20I,CW Perchard,Powerplay,256,251,12,130
T20I,Cai Yuzhi,Death,99,84,9,36
T20I,Cai Yuzhi,Middle,233,205,8,109
T20I,Chan Ka Man,Death,263,250,20,98
T20I,Chan Ka Man,Middle,494,368,22,259
T20I,Chan Ka Man,Powerplay,532,325,19,336
T20I,Chan Sau Har,Middle,63,73,1,19
T20I,Chare Smith,Powerplay,159,161,6,85
T20I,Chaudhary Akram,Middle,66,101,1,14
T20I,Chaya Mughal,Death,100,101,8,41
T20I,Chaya Mughal,Middle,186,173,6,89
T20I,Chaya Mughal,Powerplay,683,454,21,411
T20I,Chayanisa Phengpaen,Middle,63,56,1,26
T20I,D Abeyrathna,Middle,312,390,19,119
T20I,D Birrell,Death,61,77,2,16
T20I,D Birrell,Middle,87,87,7,43
T20I,D Birrell,Powerplay,197,217,12,106
T20I,D Bishoo,Middle,102,110,5,41
T20I,D Brown,Middle,336,374,13,139
T20I,D Brown,Powerplay,496,499,19,257
T20I,D Dawa,Powerplay,60,71,3,24
T20I,D Dewald,Middle,166,175,8,65
T20I,D Ferreira,Middle,83,115,1,18
T20I,D Foerster,Death,182,135,10,89
T20I,D Foerster,Middle,215,136,7,121
T20I,D Ganesh,Powerplay,112,97,4,59
T20I,D Golechha,Middle,82,51,2,46
T20I,D Golechha,Powerplay,340,199,14,194
T20I,D Hazell,Death,207,189,20,80
T20I,D Hazell,Middle,617,576,19,232
T20I,D Hazell,Powerplay,320,298,7,183
T20I,D Hemalatha,Middle,67,87,3,18
T20I,D Heyliger,Death,265,396,17,91
T20I,D Heyliger,Middle,398,429,17,153
T20I,D Heyliger,Powerplay,360,431,12,171
T20I,D Jakiel,Death,148,187,12,50
T20I,D Jakiel,Middle,116,120,11,52
T20I,D Jakiel,Powerplay,445,501,26,231
T20I,D Jansen,Middle,139,164,4,42
T20I,D Johnson,Death,75,104,7,26
T20I,D Johnson,Middle,234,277,8,76
T20I,D Johnson,Powerplay,158,223,3,59
T20I,D Kansonkho,Middle,63,79,0,30
T20I,D Klein,Death,203,207,12,83
T20I,D Klein,Powerplay,306,291,15,163
T20I,D Koralalage,Death,128,73,8,65
T20I,D Koralalage,Powerplay,287,134,15,184
T20I,D Lohia,Middle,155,135,7,73
T20I,D Madushanka,Death,107,181,10,27
T20I,D Madushanka,Powerplay,244,340,6,101
T20I,D Maisuria,Death,120,120,16,55
T20I,D Maisuria,Middle,593,541,49,312
T20I,D Maisuria,Powerplay,72,133,3,35
T20I,D Marikova-Moodley,Powerplay,183,161,10,82
T20I,D Marks,Death,76,114,4,18
T20I,D Marks,Middle,117,154,2,44
T20I,D Marks,Powerplay,197,281,11,69
T20I,D Medagoda,Middle,108,97,0,48
T20I,D Muhumuza,Middle,161,181,6,53
T20I,D Mullen,Powerplay,67,78,4,28
T20I,D Murphy,Middle,102,97,3,37
T20I,D Myers,Middle,66,125,0,11
T20I,D Nanayakkara,Death,118,138,3,41
T20I,D Nanayakkara,Middle,192,195,7,64
T20I,D Panda,Death,60,89,4,22
T20I,D Panda,Middle,182,176,13,75
T20I,D Parashar,Middle,265,301,14,95
T20I,D Parashar,Powerplay,314,340,14,157
T20I,D Paterson,Death,87,116,8,28
T20I,D Paterson,Powerplay,81,125,1,32
T20I,D Pavelic,Middle,88,60,5,36
T20I,D Pretorius,Death,167,240,20,46
T20I,D Pretorius,Middle,281,351,13,73
T20I,D Pretorius,Powerplay,79,111,2,28
T20I,D Ramani,Death,96,131,8,29
T20I,D Ramani,Middle,125,140,7,50
T20I,D Ramani,Powerplay,84,133,4,30
T20I,D Ravu,Death,73,114,6,23
T20I,D Ravu,Middle,152,181,10,58
T20I,D Ravu,Powerplay,174,193,7,75
T20I,D Rawat,Middle,107,119,7,42
T20I,D Robson,Death,85,106,5,30
T20I,D Robson,Powerplay,190,176,7,98
T20I,D Ruynekova,Death,97,73,6,37
T20I,D Ruynekova,Middle,178,161,6,64
T20I,D Sabir,Death,115,111,8,52
T20I,D Sabir,Middle,215,202,23,87
T20I,D Suzuki,Death,167,227,15,54
T20I,D Suzuki,Middle,256,277,11,101
T20I,D Suzuki,Powerplay,135,130,7,70
T20I,D Tucker,Middle,157,176,3,57
T20I,D Unhale,Powerplay,125,93,3,64
T20I,D Visser,Middle,359,394,19,138
T20I,D Wabwire,Powerplay,117,135,5,57
T20I,D Wangmo,Death,91,72,3,47
T20I,D Wangmo,Middle,147,134,9,60
T20I,D Wiese,Death,317,371,27,103
T20I,D Wiese,Middle,341,395,19,117
T20I,D Wiese,Powerplay,386,436,12,182
T20I,D Wotu,Middle,150,163,7,55
T20I,D Wotu,Powerplay,155,162,6,79
T20I,D Wulandari,Powerplay,114,66,2,63
T20I,D van Niekerk,Death,92,100,8,34
T20I,D van Niekerk,Middle,895,801,41,362
T20I,D van Niekerk,Powerplay,86,76,2,43
T20I,DA Blignaut,Death,104,125,9,33
T20I,DA Blignaut,Middle,91,91,4,28
T20I,DA Blignaut,Powerplay,102,129,5,47
T20I,DAJ Bracewell,Death,100,171,10,29
T20I,DAJ Bracewell,Middle,92,140,3,26
T20I,DAJ Bracewell,Powerplay,129,169,7,60
T20I,DAL Paramitha,Death,68,69,0,20
T20I,DAL Paramitha,Powerplay,379,254,18,239
T20I,DAM Louis,Death,74,127,7,11
T20I,DAM Louis,Middle,160,167,12,65
T20I,DAS Gunaratne,Middle,127,179,5,30
T20I,DB Loic,Middle,111,80,6,64
T20I,DB Loic,Powerplay,221,224,8,92
T20I,DB Sharma,Death,859,1043,69,269
T20I,DB Sharma,Middle,1219,1207,62,483
T20I,DB Sharma,Powerplay,1145,1124,47,558
T20I,DBL Powell,Powerplay,85,100,2,43
T20I,DC Delany,Middle,107,131,4,36
T20I,DC Drakes,Death,66,125,2,11
T20I,DC Drakes,Middle,74,96,3,22
T20I,DC Drakes,Powerplay,61,75,1,18
T20I,DC Smith,Death,82,122,3,22
T20I,DC Smith,Middle,187,249,8,54
T20I,DC Smith,Powerplay,239,269,7,98
T20I,DC Stovell,Death,80,123,6,23
T20I,DC Stovell,Middle,114,116,5,38
T20I,DC Stovell,Powerplay,72,54,5,45
T20I,DE Bollinger,Powerplay,118,139,5,59
T20I,DE Burgess,Middle,66,85,2,25
T20I,DE Martel,Middle,74,67,2,35
T20I,DEM Carter,Middle,283,287,16,117
T20I,DG Blampied,Death,141,158,12,54
T20I,DG Blampied,Middle,251,285,10,78
T20I,DG Blampied,Powerplay,221,253,10,111
T20I,DG Weakley,Powerplay,160,180,2,84
T20I,DGAPD Wiswi,Middle,133,128,9,60
T20I,DJ Bravo,Death,579,847,51,143
T20I,DJ Bravo,Middle,821,1014,24,220
T20I,DJ Bravo,Powerplay,151,188,3,56
T20I,DJ Hall,Middle,95,106,4,33
T20I,DJ Hawoe,Death,496,701,30,156
T20I,DJ Hawoe,Middle,416,412,20,179
T20I,DJ Hawoe,Powerplay,988,1099,41,462
T20I,DJ Hooda,Middle,60,57,2,22
T20I,DJ Hussey,Middle,306,328,14,99
T20I,DJ Mitchell,Death,61,113,6,23
T20I,DJ Turkich,Middle,152,110,9,85
T20I,DJ Willey,Death,227,360,17,40
T20I,DJ Willey,Middle,97,153,3,19
T20I,DJ Willey,Powerplay,561,689,29,250
T20I,DJG Sammy,Death,93,130,7,25
T20I,DJG Sammy,Middle,616,710,29,200
T20I,DJG Sammy,Powerplay,210,278,7,78
T20I,DJM Short,Middle,97,117,2,26
T20I,DJS Dottin,Death,359,451,32,110
T20I,DJS Dottin,Middle,361,363,18,151
T20I,DJS Dottin,Powerplay,241,299,4,110
T20I,DK Anefie,Death,75,94,4,33
T20I,DK Anefie,Middle,179,159,5,70
T20I,DK Anefie,Powerplay,112,104,3,56
T20I,DK Dahyabhai Ahir,Middle,108,90,5,58
T20I,DK Mathias,Middle,69,90,2,21
T20I,DK Pallekonda,Middle,120,170,9,38
T20I,DK Shetty,Middle,100,80,4,49
T20I,DK Shetty,Powerplay,287,318,16,140
T20I,DKD Warnakulasuriya,Middle,102,85,10,45
T20I,DL Brangman,Death,93,92,11,42
T20I,DL Brangman,Middle,485,382,33,258
T20I,DL Brangman,Powerplay,166,194,10,90
T20I,DL Chahar,Death,132,198,13,38
T20I,DL Chahar,Middle,86,131,4,28
T20I,DL Chahar,Powerplay,315,397,14,151
T20I,DL Graham,Powerplay,203,198,7,90
T20I,DL Vettori,Death,109,116,8,35
T20I,DL Vettori,Middle,645,592,28,250
T20I,DM Gondaria,Middle,168,170,9,73
T20I,DM Kimmince,Death,224,274,15,58
T20I,DM Kimmince,Middle,475,498,18,155
T20I,DM Kimmince,Powerplay,153,161,11,68
T20I,DM Nakrani,Death,432,488,33,163
T20I,DM Nakrani,Middle,559,532,27,236
T20I,DM Nakrani,Powerplay,460,361,29,284
T20I,DM de Silva,Middle,172,201,11,51
T20I,DM de Silva,Powerplay,110,112,4,45
T20I,DMW Rawlins,Death,149,135,15,68
T20I,DMW Rawlins,Middle,327,331,16,148
T20I,DMW Rawlins,Powerplay,209,226,2,112
T20I,DN Wellalage,Middle,210,289,9,57
T20I,DN Wellalage,Powerplay,140,176,8,66
T20I,DN Wyatt,Death,155,149,12,62
T20I,DN Wyatt,Middle,253,209,11,106
T20I,DN Wyatt,Powerplay,137,121,4,77
T20I,DP Nannes,Death,79,119,12,28
T20I,DP Nannes,Powerplay,243,274,13,122
T20I,DP Vaidya,Middle,164,199,7,54
T20I,DPS Tyagi,Powerplay,141,147,8,69
T20I,DR Bangi,Middle,63,27,6,45
T20I,DR Briggs,Middle,77,138,3,16
T20I,DR Gibson,Death,95,144,1,22
T20I,DR Gibson,Middle,310,346,17,125
T20I,DR Gibson,Powerplay,89,128,1,35
T20I,DR Hooper,Death,100,144,7,26
T20I,DR Hooper,Middle,190,187,7,74
T20I,DR Sams,Death,63,135,3,13
T20I,DR Sams,Powerplay,75,87,3,30
T20I,DR Smith,Middle,99,135,3,23
T20I,DS Airee,Death,292,380,25,92
T20I,DS Airee,Middle,669,622,24,281
T20I,DS Airee,Powerplay,316,282,10,168
T20I,DT Christian,Death,76,124,3,17
T20I,DT Christian,Middle,174,210,9,59
T20I,DT Doram,Middle,174,206,8,62
T20I,DT Doram,Powerplay,66,94,5,30
T20I,DT Johnston,Middle,86,94,4,27
T20I,DT Johnston,Powerplay,255,240,12,138
T20I,DT Tiripano,Death,93,139,7,21
T20I,DT Tiripano,Powerplay,171,178,5,80
T20I,DV Devjani Mutreja,Middle,85,90,4,36
T20I,DV Macome,Powerplay,83,86,6,40
T20I,DV Varghese,Middle,102,143,4,32
T20I,DV Varghese,Powerplay,161,251,5,50
T20I,DVD Madampage,Death,63,91,4,22
T20I,DVD Madampage,Powerplay,130,162,5,62
T20I,DW Steyn,Death,353,432,26,114
T20I,DW Steyn,Middle,168,191,8,60
T20I,DW Steyn,Powerplay,523,587,28,270
T20I,Damini Ramesh,Middle,68,65,1,34
T20I,Damini Ramesh,Powerplay,119,79,2,66
T20I,Danish Jasnaik,Middle,60,101,1,15
T20I,Danyal Raja,Death,60,120,2,15
T20I,Danyal Raja,Powerplay,389,489,16,177
T20I,Dawood Ahmadzai,Death,85,125,6,33
T20I,Dawood Ahmadzai,Middle,739,748,41,335
T20I,Dawood Ahmadzai,Powerplay,276,317,12,137
T20I,Delawar Khan,Death,120,167,7,41
T20I,Delawar Khan,Middle,131,161,5,50
T20I,Delawar Khan,Powerplay,95,90,6,48
T20I,Dhananjay Rao,Powerplay,115,126,6,49
T20I,Diana Baig,Death,204,288,12,60
T20I,Diana Baig,Middle,118,162,3,34
T20I,Diana Baig,Powerplay,689,655,20,362
T20I,E Anyipo,Middle,95,70,4,52
T20I,E Anyipo,Powerplay,436,337,13,258
T20I,E Beukes,Middle,198,236,7,55
T20I,E Bisht,Death,69,56,6,23
T20I,E Bisht,Middle,165,131,10,69
T20I,E Bisht,Powerplay,114,85,4,67
T20I,E Bourgaize,Middle,65,80,1,17
T20I,E Chigumbura,Middle,108,190,2,20
T20I,E Chigumbura,Powerplay,68,86,6,29
T20I,E Duffy,Death,75,81,6,30
T20I,E Duffy,Middle,69,51,4,30
T20I,E Duffy,Powerplay,101,87,2,60
T20I,E Ernest,Middle,85,62,3,45
T20I,E Gouge,Middle,194,165,7,76
T20I,E Guehoada,Middle,179,108,10,97
T20I,E Guehoada,Powerplay,88,84,0,41
T20I,E Jabarkhel,Death,61,91,6,18
T20I,E Jabarkhel,Powerplay,122,121,1,58
T20I,E Kabwere,Powerplay,176,98,12,110
T20I,E Kallous,Death,61,78,3,18
T20I,E Kallous,Middle,150,134,3,47
T20I,E Kamara,Death,111,97,7,55
T20I,E Kamara,Middle,301,247,12,145
T20I,E Kamara,Powerplay,82,63,4,48
T20I,E Karimi,Middle,216,213,13,87
T20I,E Karimi,Powerplay,66,87,3,33
T20I,E Konasova,Middle,64,52,2,22
T20I,E Kubwimana,Death,171,297,16,41
T20I,E Kubwimana,Middle,63,79,5,24
T20I,E Kubwimana,Powerplay,260,327,7,125
T20I,E Kuchey,Middle,67,98,0,22
T20I,E Kuncova,Death,109,87,5,43
T20I,E Kuncova,Middle,327,261,13,148
T20I,E Kuncova,Powerplay,162,157,3,59
T20I,E Kusuda-Nairn,Middle,129,107,3,54
T20I,E Kusuda-Nairn,Powerplay,123,98,2,59
T20I,E Malinga,Death,68,114,4,19
T20I,E Malinga,Middle,106,122,1,33
T20I,E Malinga,Powerplay,90,154,6,24
T20I,E Marx,Middle,69,72,4,27
T20I,E Marx,Powerplay,176,177,7,93
T20I,E Mathew,Death,70,105,8,18
T20I,E Mathew,Middle,195,246,9,67
T20I,E Mathew,Powerplay,95,118,2,45
T20I,E Mbofana,Powerplay,92,70,6,50
T20I,E Millington,Powerplay,63,51,3,33
T20I,E Ndubudem,Middle,120,87,6,60
T20I,E Niyomugabo,Middle,96,110,6,33
T20I,E Otieno,Death,124,220,12,28
T20I,E Otieno,Powerplay,310,311,12,158
T20I,E Packard,Middle,101,141,4,31
T20I,E Packard,Powerplay,96,97,3,44
T20I,E Prokic,Death,71,64,1,20
T20I,E Prokic,Middle,209,222,8,58
T20I,E Rukiriza,Death,100,110,6,51
T20I,E Rukiriza,Middle,1363,1439,80,601
T20I,E Rukiriza,Powerplay,119,97,3,73
T20I,E Schiferli,Powerplay,75,94,1,29
T20I,E Sebareme,Death,79,108,4,28
T20I,E Sebareme,Middle,476,433,29,217
T20I,E Sebareme,Powerplay,226,227,14,128
T20I,E Toguchi-Quinn,Middle,431,364,27,217
T20I,E Ungerman,Middle,67,65,3,30
T20I,E Ungerman,Powerplay,171,162,8,89
T20I,E Vukusic,Powerplay,66,48,2,39
T20I,E Wachira,Death,182,164,13,81
T20I,E Wachira,Middle,501,346,31,278
T20I,E Wachira,Powerplay,98,88,1,55
T20I,E Waithaka,Middle,82,52,0,47
T20I,EA Osborne,Death,168,174,14,50
T20I,EA Osborne,Middle,371,355,12,129
T20I,EA Osborne,Powerplay,79,63,2,41
T20I,EA Perry,Death,279,277,17,111
T20I,EA Perry,Middle,563,584,34,241
T20I,EA Perry,Powerplay,851,758,36,484
T20I,EAJ Richardson,Death,183,210,20,73
T20I,EAJ Richardson,Middle,444,449,17,170
T20I,EAJ Richardson,Powerplay,370,334,12,185
T20I,EAS Ferrary,Powerplay,184,129,12,112
T20I,EB Ringera,Death,116,169,11,40
T20I,EB Ringera,Middle,138,127,5,59
T20I,EB Ringera,Powerplay,210,242,10,101
T20I,EC Bargna,Middle,73,49,4,44
T20I,EC Bargna,Powerplay,350,288,15,193
T20I,ECB Moore,Death,61,79,2,16
T20I,ECB Moore,Middle,108,98,5,48
T20I,EFB Estrada,Middle,78,41,4,41
T20I,EJ Carson,Death,121,137,10,33
T20I,EJ Carson,Middle,373,416,19,132
T20I,EJ Carson,Powerplay,212,212,10,107
T20I,EJ Tice,Death,62,94,2,14
T20I,EJ Tice,Middle,124,123,4,38
T20I,EJB Miles,Death,93,117,4,22
T20I,EJB Miles,Middle,172,163,13,64
T20I,EJB Miles,Powerplay,153,161,6,69
T20I,EK Hubbard,Middle,103,77,1,50
T20I,EL Arlott,Middle,63,98,2,16
T20I,EL Bartram,Death,106,129,7,36
T20I,EL Bartram,Middle,137,125,3,64
T20I,EL Bartram,Powerplay,231,199,7,119
T20I,EM Bermingham,Middle,136,141,7,50
T20I,EM Bermingham,Powerplay,106,100,6,51
T20I,EN Lynch,Death,142,160,12,51
T20I,EN Lynch,Middle,353,317,14,146
T20I,EN Lynch,Powerplay,409,305,16,221
T20I,ER Oza,Death,430,453,29,165
T20I,ER Oza,Middle,900,659,51,473
T20I,ER Oza,Powerplay,289,225,17,179
T20I,EU Kejarukua,Death,105,76,5,45
T20I,EU Kejarukua,Middle,436,331,20,223
T20I,EU Kejarukua,Powerplay,368,288,10,216
T20I,Ebadat Hossain,Middle,62,89,3,14
T20I,Edward Fleming,Middle,278,263,15,110
T20I,Ehsan Khan,Death,576,638,59,230
T20I,Ehsan Khan,Middle,1073,1064,57,436
T20I,Ehsan Khan,Powerplay,657,701,32,345
T20I,Elan Talker,Powerplay,205,284,10,93
T20I,Elias Hasan,Middle,63,91,0,19
T20I,Elias Sunny,Middle,72,72,6,35
T20I,Elias Tilman,Powerplay,110,144,2,27
T20I,Emma Patel,Middle,107,137,4,39
T20I,Ezgi Nur Kilic,Middle,76,60,5,44
T20I,Ezgi Nur Kilic,Powerplay,205,149,14,117
T20I,F Akankwasa,Middle,288,308,15,118
T20I,F Banunaek,Death,480,637,31,156
T20I,F Banunaek,Middle,442,426,21,175
T20I,F Banunaek,Powerplay,990,1093,40,470
T20I,F Chipare,Death,178,210,7,52
T20I,F Chipare,Middle,205,230,5,76
T20I,F Chipare,Powerplay,139,156,3,69
T20I,F Clarke,Middle,64,65,4,22
T20I,F Copley,Middle,66,34,7,41
T20I,F Damiao Couana,Powerplay,272,262,12,139
T20I,F Eseigbe,Death,111,122,6,50
T20I,F Eseigbe,Middle,276,190,15,141
T20I,F Guirrugo,Powerplay,61,51,2,30
T20I,F Hand,Middle,86,128,1,23
T20I,F Khaliq,Death,68,58,8,32
T20I,F Khaliq,Powerplay,127,163,2,60
T20I,F Mutua,Death,201,253,18,70
T20I,F Mutua,Middle,171,203,5,64
T20I,F Mutua,Powerplay,101,99,3,49
T20I,F Nsubuga,Death,60,74,5,25
T20I,F Nsubuga,Middle,473,382,20,256
T20I,F Nsubuga,Powerplay,765,562,40,489
T20I,F Odhiambo,Middle,238,182,15,136
T20I,F Odhiambo,Powerplay,96,86,1,49
T20I,F Overdijk,Death,180,181,15,83
T20I,F Overdijk,Middle,405,445,19,156
T20I,F Overdijk,Powerplay,155,155,9,84
T20I,F Pessima,Middle,162,97,9,100
T20I,F Samanyika,Middle,163,152,5,81
T20I,F Stoman,Middle,304,311,14,131
T20I,F Tanguy,Middle,149,121,4,67
T20I,F Tanguy,Powerplay,76,66,2,35
T20I,FA Allen,Death,65,88,4,24
T20I,FA Allen,Middle,383,478,9,102
T20I,FA Allen,Powerplay,164,218,11,77
T20I,FA Cossa,Death,62,82,5,23
T20I,FA Cossa,Middle,219,248,9,75
T20I,FA Sargent,Middle,238,264,8,85
T20I,FC Jonas,Death,104,131,6,28
T20I,FC Jonas,Middle,364,368,15,136
T20I,FC Jonas,Powerplay,317,275,9,165
T20I,FG Kemp,Death,134,163,9,44
T20I,FG Kemp,Middle,246,298,18,91
T20I,FG Kemp,Powerplay,121,164,3,50
T20I,FH Edwards,Death,91,123,7,28
T20I,FH Edwards,Middle,119,171,4,41
T20I,FH Edwards,Powerplay,271,335,9,119
T20I,FJ Klaassen,Death,225,325,19,74
T20I,FJ Klaassen,Middle,193,227,8,58
T20I,FJ Klaassen,Powerplay,464,543,18,221
T20I,FL Mackay,Death,118,161,6,25
T20I,FL Mackay,Middle,102,101,2,34
T20I,FL Mackay,Powerplay,71,60,2,40
T20I,FL Patel,Powerplay,102,96,2,49
T20I,FO Kibasu,Middle,223,237,12,88
T20I,FR Davies,Death,107,151,4,27
T20I,FR Davies,Middle,160,178,7,59
T20I,FR Davies,Powerplay,225,224,12,118
T20I,Faheem Ashraf,Death,211,335,13,63
T20I,Faheem Ashraf,Middle,490,642,24,158
T20I,Faheem Ashraf,Powerplay,464,555,20,217
T20I,Faheem Nazir,Middle,121,156,6,48
T20I,Faheem Nazir,Powerplay,83,76,6,51
T20I,Fahima Khatun,Death,325,337,20,119
T20I,Fahima Khatun,Middle,992,927,39,406
T20I,Fahima Khatun,Powerplay,135,135,5,66
T20I,Faisal Khan,Middle,66,107,0,21
T20I,Fanyan Mughal,Death,70,119,7,18
T20I,Fanyan Mughal,Middle,102,106,3,40
T20I,Fanyan Mughal,Powerplay,327,361,12,150
T20I,Farhad Reza,Middle,97,163,1,18
T20I,Fariha Trisna,Death,81,127,8,24
T20I,Fariha Trisna,Middle,69,99,0,18
T20I,Fariha Trisna,Powerplay,328,379,11,147
T20I,Farzan Afzal,Middle,74,46,2,36
T20I,Fatima Sana,Death,375,552,34,110
T20I,Fatima Sana,Middle,294,353,7,92
T20I,Fatima Sana,Powerplay,668,717,29,343
T20I,Fayaz Khan,Death,94,148,11,26
T20I,Fayaz Khan,Middle,103,137,4,33
T20I,Fayaz Khan,Powerplay,161,176,7,82
T20I,Fayyaz Butt,Death,280,413,24,85
T20I,Fayyaz Butt,Middle,165,195,7,68
T20I,Fayyaz Butt,Powerplay,411,478,16,190
T20I,Fazil Muhammad,Powerplay,62,74,2,19
T20I,Festus Benn,Death,106,104,13,49
T20I,Festus Benn,Middle,295,289,15,136
T20I,Firas Hussain,Middle,68,100,2,21
T20I,Fitri Sham,Death,142,192,15,44
T20I,Fitri Sham,Middle,402,411,13,149
T20I,Fitri Sham,Powerplay,218,259,14,111
T20I,Fiza,Death,144,145,8,52
T20I,Fiza,Middle,104,58,7,59
T20I,Furkan Tuskan,Powerplay,62,73,2,31
T20I,G Ayan,Middle,139,99,4,66
T20I,G Ayan,Powerplay,80,91,3,28
T20I,G Bakiweyem,Death,142,182,9,55
T20I,G Bakiweyem,Middle,90,121,3,26
T20I,G Bakiweyem,Powerplay,375,347,15,185
T20I,G Candiru,Death,65,78,3,19
T20I,G Candiru,Middle,256,222,6,94
T20I,G Candiru,Powerplay,84,89,5,30
T20I,G Cengiz,Middle,72,85,2,20
T20I,G Chohan,Death,71,125,4,23
T20I,G Chohan,Middle,127,187,4,34
T20I,G Chohan,Powerplay,79,89,5,38
T20I,G Coetzee,Death,119,166,10,36
T20I,G Coetzee,Middle,95,156,3,22
T20I,G Coetzee,Powerplay,201,257,9,103
T20I,G Dempsey,Death,63,62,3,25
T20I,G Dempsey,Middle,188,186,4,67
T20I,G Fontenla,Powerplay,89,115,1,38
T20I,G Ford,Middle,74,59,1,36
T20I,G Ilarionova,Middle,101,108,3,34
T20I,G Ilarionova,Powerplay,180,201,5,66
T20I,G Ishimwe,Death,74,82,3,32
T20I,G Ishimwe,Middle,107,86,5,56
T20I,G Kodali,Death,188,209,14,74
T20I,G Kodali,Middle,133,90,3,73
T20I,G Kodali,Powerplay,239,244,6,120
T20I,G Madanayake,Middle,120,104,3,50
T20I,G Mallett,Middle,124,101,9,50
T20I,G Matome,Death,204,168,13,104
T20I,G Matome,Middle,358,219,26,222
T20I,G Matome,Powerplay,601,406,22,369
T20I,G Mckeon,Middle,74,65,3,30
T20I,G Motie,Death,67,93,6,27
T20I,G Motie,Middle,743,974,36,237
T20I,G Motie,Powerplay,68,104,5,30
T20I,G Newton,Powerplay,101,85,3,53
T20I,G Ngegba,Middle,278,257,17,129
T20I,G Ngegba,Powerplay,118,98,5,66
T20I,G Oliveira,Death,64,76,3,27
T20I,G Oliveira,Middle,223,224,9,95
T20I,G Sesay,Death,173,177,16,79
T20I,G Sesay,Middle,153,140,6,69
T20I,G Sesay,Powerplay,445,423,26,228
T20I,G Setshwane,Powerplay,107,63,4,64
T20I,G Shukla,Death,70,76,1,26
T20I,G Shukla,Middle,86,63,1,42
T20I,G Shukla,Powerplay,131,81,4,76
T20I,G Singh,Powerplay,198,188,5,105
T20I,G Stewart,Death,160,207,12,60
T20I,G Stewart,Middle,61,71,2,17
T20I,G Stewart,Powerplay,229,234,6,102
T20I,G Sultana,Middle,103,96,1,43
T20I,G Venkateswaran,Middle,135,231,6,39
T20I,G Wareham,Death,248,230,25,122
T20I,G Wareham,Middle,1088,1092,56,436
T20I,G Wetherall,Death,92,95,7,31
T20I,G Wetherall,Middle,163,140,7,71
T20I,G Wetherall,Powerplay,94,89,3,46
T20I,GA Lamb,Middle,62,63,2,30
T20I,GA Priandana,Death,112,148,11,44
T20I,GA Priandana,Middle,205,235,8,74
T20I,GA Priandana,Powerplay,151,176,11,70
T20I,GB Hogg,Middle,257,311,6,93
T20I,GC Galanis,Middle,193,208,8,76
T20I,GC Murtaza,Death,181,243,12,60
T20I,GC Murtaza,Middle,149,165,6,56
T20I,GC Murtaza,Powerplay,422,477,16,188
T20I,GD Arta,Death,62,86,5,23
T20I,GD Arta,Middle,689,646,32,318
T20I,GD Arta,Powerplay,190,220,9,101
T20I,GD Elliott,Middle,147,164,10,41
T20I,GD Phillips,Middle,171,230,4,52
T20I,GDR Eranga,Death,76,88,3,22
T20I,GDR Eranga,Powerplay,96,100,5,48
T20I,GEM Brealey,Middle,104,97,4,41
T20I,GES Sullivan,Powerplay,110,78,4,68
T20I,GF Linde,Middle,447,577,18,138
T20I,GF Linde,Powerplay,188,211,9,96
T20I,GG Alta,Middle,125,175,2,31
T20I,GH Dockrell,Death,238,278,21,83
T20I,GH Dockrell,Middle,981,1078,47,303
T20I,GH Dockrell,Powerplay,137,170,9,65
T20I,GH O'Brien,Powerplay,149,134,7,77
T20I,GI Hume,Powerplay,79,122,2,33
T20I,GJ Delany,Death,134,168,12,41
T20I,GJ Delany,Middle,738,934,32,227
T20I,GJ Delany,Powerplay,190,234,6,81
T20I,GJ Maxwell,Death,69,106,4,20
T20I,GJ Maxwell,Middle,781,1004,30,209
T20I,GJ Maxwell,Powerplay,281,424,17,97
T20I,GK Berg,Death,68,90,10,28
T20I,GK Berg,Middle,111,119,4,47
T20I,GK Berg,Powerplay,122,117,5,67
T20I,GK Diviya,Death,153,152,5,74
T20I,GK Diviya,Middle,284,170,13,181
T20I,GK Diviya,Powerplay,400,263,16,244
T20I,GM Harris,Middle,128,108,6,53
T20I,GM Muthui,Death,120,134,11,44
T20I,GM Muthui,Middle,82,86,4,34
T20I,GM Muthui,Powerplay,382,399,20,211
T20I,GM Ntambalika,Powerplay,73,88,3,38
T20I,GP Meade,Middle,130,111,4,51
T20I,GP Swann,Death,60,76,2,11
T20I,GP Swann,Middle,697,725,43,245
T20I,GP Tom,Death,68,67,5,35
T20I,GP Tom,Middle,90,75,5,45
T20I,GP Tom,Powerplay,181,178,3,93
T20I,GSNFG Jayasuriya,Middle,72,94,1,18
T20I,GT Main,Middle,126,149,11,52
T20I,GT Main,Powerplay,81,103,4,36
T20I,GT Taylor,Death,76,111,10,26
T20I,GT Taylor,Powerplay,91,125,0,36
T20I,Gagandeep Singh,Death,71,109,1,22
T20I,Gagandeep Singh,Middle,73,94,5,30
T20I,Gagandeep Singh,Powerplay,191,274,2,70
T20I,Garret Banner,Powerplay,139,189,3,57
T20I,Gaurav Mishra,Powerplay,203,226,6,79
T20I,Gaurav Tiwari,Middle,228,223,7,98
T20I,Gaurav Tiwari,Powerplay,260,280,16,137
T20I,Gayan Munaweera,Death,128,204,8,36
T20I,Gayan Munaweera,Powerplay,169,195,9,80
T20I,Geovanis Uwase,Middle,63,84,2,24
T20I,Geovanis Uwase,Powerplay,83,45,1,51
T20I,Ghulam Abbas Butt,Middle,83,70,3,41
T20I,Ghulam Ahmadi,Death,197,238,24,89
T20I,Ghulam Ahmadi,Middle,342,354,13,144
T20I,Ghulam Ahmadi,Powerplay,551,558,20,313
T20I,Ghulam Fatima,Middle,90,94,1,35
T20I,Gong Yuting,Middle,98,86,2,42
T20I,Gulsan Jha,Middle,439,512,22,152
T20I,Gulsan Jha,Powerplay,79,96,2,30
T20I,Gurpratap Singh,Middle,92,130,5,33
T20I,Gurpratap Singh,Powerplay,103,82,6,60
T20I,Gurpreet Singh,Middle,99,96,7,48
T20I,H Agarwal,Middle,118,118,8,56
T20I,H Agarwal,Powerplay,192,151,7,98
T20I,H Bharadwaj,Middle,246,235,12,97
T20I,H Bharadwaj,Powerplay,91,83,8,51
T20I,H Carlyon,Middle,116,110,6,41
T20I,H Carlyon,Powerplay,279,285,16,144
T20I,H Celik,Middle,116,93,10,52
T20I,H Celik,Powerplay,99,84,5,47
T20I,H Chamto,Middle,135,120,3,54
T20I,H Chamto,Powerplay,82,54,1,47
T20I,H Deol,Middle,62,88,3,19
T20I,H Deshan,Death,73,114,4,21
T20I,H Deshan,Middle,100,103,6,42
T20I,H Dhavina,Death,77,88,4,25
T20I,H Dhavina,Middle,375,334,12,179
T20I,H Fennell,Death,157,200,22,59
T20I,H Fennell,Powerplay,459,418,21,244
T20I,H Hotchandani,Death,173,164,11,63
T20I,H Hotchandani,Middle,294,227,14,143
T20I,H Hotchandani,Powerplay,470,324,22,274
T20I,H Ishimwe,Death,460,422,40,198
T20I,H Ishimwe,Middle,939,665,60,516
T20I,H Ishimwe,Powerplay,250,167,11,153
T20I,H Kaur,Death,151,153,15,59
T20I,H Kaur,Middle,331,365,9,122
T20I,H Kaushik,Middle,78,83,2,25
T20I,H Khogiyani,Death,92,127,2,23
T20I,H Khogiyani,Middle,126,154,5,42
T20I,H Khogiyani,Powerplay,89,111,2,31
T20I,H Khuttan,Middle,96,101,4,30
T20I,H Lakov,Death,127,203,8,40
T20I,H Lakov,Middle,131,196,5,43
T20I,H Lakov,Powerplay,389,458,16,168
T20I,H Leko,Powerplay,160,110,7,73
T20I,H Lin Aung,Death,107,138,7,42
T20I,H Lin Aung,Middle,105,97,4,44
T20I,H Lin Aung,Powerplay,134,159,5,63
T20I,H Lin Oo,Middle,78,111,3,25
T20I,H Lin Oo,Powerplay,62,68,3,28
T20I,H Mumford,Middle,147,94,8,81
T20I,H Mumford,Powerplay,77,70,0,26
T20I,H Rashid,Middle,97,105,2,47
T20I,H Rathod,Death,89,91,12,24
T20I,H Rathod,Middle,306,332,20,108
T20I,H Satheedevi,Powerplay,68,86,4,27
T20I,H Ssenyondo,Death,191,193,20,82
T20I,H Ssenyondo,Middle,1292,1130,74,616
T20I,H Ssenyondo,Powerplay,152,161,6,82
T20I,H Thaker,Death,134,135,15,58
T20I,H Thaker,Middle,330,312,11,147
T20I,H Thaker,Powerplay,251,281,12,125
T20I,H Venkataram,Death,82,88,7,26
T20I,H Venkataram,Middle,101,124,5,32
T20I,H Venkataram,Powerplay,153,182,9,64
T20I,HA Chohan,Death,127,158,7,38
T20I,HA Chohan,Powerplay,327,295,17,177
T20I,HA Varaiya,Middle,132,152,4,44
T20I,HA Varaiya,Powerplay,75,74,2,37
T20I,HAM Samuddika,Middle,123,106,3,41
T20I,HAM Samuddika,Powerplay,124,131,4,55
T20I,HAM Shah,Death,109,104,17,43
T20I,HAM Shah,Middle,224,268,12,86
T20I,HASD Siriwardene,Death,216,239,15,75
T20I,HASD Siriwardene,Middle,676,629,27,253
T20I,HASD Siriwardene,Powerplay,172,205,4,68
T20I,HB Dickson,Death,69,74,6,24
T20I,HB Dickson,Powerplay,162,117,3,83
T20I,HC Knight,Death,89,104,5,33
T20I,HC Knight,Middle,384,384,9,125
T20I,HDJ Siegers,Death,194,229,20,67
T20I,HDJ Siegers,Middle,229,238,7,96
T20I,HDJ Siegers,Powerplay,345,308,10,191
T20I,HER Tyler,Death,76,151,6,13
T20I,HER Tyler,Middle,241,342,10,76
T20I,HH Aung,Middle,74,47,1,40
T20I,HH Pandya,Death,398,533,41,131
T20I,HH Pandya,Middle,1322,1764,56,418
T20I,HH Pandya,Powerplay,596,826,17,255
T20I,HHC Gunaratne,Middle,80,65,3,33
T20I,HJ Manenti,Death,161,178,15,52
T20I,HJ Manenti,Middle,94,111,1,28
T20I,HJ Manenti,Powerplay,182,177,18,93
T20I,HJ Thomas,Death,172,200,12,57
T20I,HJ Thomas,Middle,123,103,5,59
T20I,HJ Thomas,Powerplay,447,318,15,285
T20I,HK Bennett,Death,67,101,5,16
T20I,HK Bennett,Powerplay,110,179,2,30
T20I,HK Matthews,Death,483,609,42,144
T20I,HK Matthews,Middle,855,863,34,320
T20I,HK Matthews,Powerplay,867,844,43,438
T20I,HL Colvin,Death,119,113,6,44
T20I,HL Colvin,Middle,310,258,15,122
T20I,HL Ferling,Powerplay,94,76,3,58
T20I,HL Harji,Powerplay,124,142,4,53
T20I,HL Tau,Death,87,98,6,29
T20I,HL Tau,Middle,253,211,4,120
T20I,HM Rowe,Middle,193,266,5,52
T20I,HM Rowe,Powerplay,220,270,8,97
T20I,HMCM Bandara,Middle,80,80,3,30
T20I,HMD Rasangika,Death,119,139,7,39
T20I,HMD Rasangika,Middle,390,416,13,153
T20I,HMRKB Herath,Middle,261,260,9,98
T20I,HMRKB Herath,Powerplay,66,77,5,34
T20I,HN Ya France,Middle,116,127,4,42
T20I,HNK Jensen,Death,259,361,20,67
T20I,HNK Jensen,Middle,330,346,11,120
T20I,HNK Jensen,Powerplay,239,225,12,134
T20I,HR Huddleston,Powerplay,115,102,6,65
T20I,HR Walsh,Death,77,108,6,25
T20I,HR Walsh,Middle,522,664,23,166
T20I,HRA Rainey,Death,92,85,6,43
T20I,HRA Rainey,Middle,397,343,17,174
T20I,HRA Rainey,Powerplay,113,119,0,56
T20I,HT Tector,Middle,219,246,7,58
T20I,HV Mandhyan,Death,91,110,10,32
T20I,HV Mandhyan,Middle,126,132,5,43
T20I,HV Mandhyan,Powerplay,194,239,7,98
T20I,HV Patel,Death,228,404,14,62
T20I,HV Patel,Middle,231,289,13,84
T20I,HV Patel,Powerplay,68,98,2,25
T20I,HWA Landheer,Death,260,257,18,112
T20I,HWA Landheer,Middle,414,379,19,202
T20I,HWA Landheer,Powerplay,135,128,7,59
T20I,Habib Khan,Death,161,167,16,56
T20I,Habib Khan,Middle,248,279,12,95
T20I,Habib Khan,Powerplay,176,217,10,74
T20I,Hadia Siddiqui,Middle,127,112,3,49
T20I,Haider Ali,Middle,299,302,13,112
T20I,Haider Ali,Powerplay,270,269,14,147
T20I,Haider Butt,Middle,96,129,7,30
T20I,Hamid Mahmood,Middle,262,241,12,107
T20I,Hammadullah Shinwari,Middle,159,163,6,73
T20I,Hammadullah Shinwari,Powerplay,103,100,10,60
T20I,Hamza Tahir,Middle,272,352,19,89
T20I,Han Lili,Middle,187,114,12,98
T20I,Harbhajan Singh,Death,132,171,10,38
T20I,Harbhajan Singh,Middle,383,396,14,137
T20I,Harbhajan Singh,Powerplay,86,59,1,52
T20I,Haris Rauf,Death,758,1071,63,235
T20I,Haris Rauf,Middle,573,756,31,194
T20I,Haris Rauf,Powerplay,652,907,32,265
T20I,Harmeet Singh,Death,124,156,8,33
T20I,Harmeet Singh,Middle,447,511,19,158
T20I,Harmeet Singh,Powerplay,62,57,4,31
T20I,Haroon Arshad,Death,196,315,16,59
T20I,Haroon Arshad,Middle,101,94,1,41
T20I,Haroon Arshad,Powerplay,248,334,13,97
T20I,Harry Johnson,Powerplay,122,147,5,51
T20I,Harshit Rana,Death,63,113,5,18
T20I,Harshit Rana,Powerplay,143,205,7,69
T20I,Hasan Ali,Death,430,679,37,125
T20I,Hasan Ali,Middle,343,471,13,114
T20I,Hasan Ali,Powerplay,399,533,21,169
T20I,Hasan Mahmud,Death,159,216,15,52
T20I,Hasan Mahmud,Middle,206,237,10,81
T20I,Hasan Mahmud,Powerplay,172,234,3,71
T20I,Haseeb Amjad,Death,123,188,7,25
T20I,Haseeb Amjad,Powerplay,161,154,12,93
T20I,Hassan Khan Mohammad,Powerplay,107,146,6,48
T20I,Hayatullah Niazi,Middle,68,73,4,32
T20I,Hisham Sheikh,Middle,509,612,17,173
T20I,Huzaifa Mohammed,Death,133,159,11,41
T20I,Huzaifa Mohammed,Middle,236,222,7,107
T20I,Huzaifa Mohammed,Powerplay,241,250,8,128
T20I,I Alumo,Powerplay,174,138,6,99
T20I,I Barma,Death,195,160,15,90
T20I,I Barma,Middle,576,439,23,287
T20I,I Barma,Powerplay,68,45,2,38
T20I,I Bist,Death,88,107,5,25
T20I,I Bist,Powerplay,131,99,5,74
T20I,I Chathurani,Death,107,44,6,66
T20I,I Chathurani,Middle,255,125,14,152
T20I,I Chuma,Middle,118,122,3,40
T20I,I Chuma,Powerplay,72,57,3,44
T20I,I Danladi,Death,87,99,9,30
T20I,I Danladi,Middle,387,403,18,152
T20I,I Danladi,Powerplay,72,35,7,52
T20I,I Edwards,Death,70,82,1,24
T20I,I Edwards,Middle,203,171,10,103
T20I,I Edwards,Powerplay,123,126,6,53
T20I,I Elec,Middle,111,144,6,38
T20I,I Goordial-John,Middle,123,78,5,62
T20I,I Goordial-John,Powerplay,82,64,1,41
T20I,I Mugisha,Middle,173,190,6,71
T20I,I Muhawenimana,Death,94,100,3,37
T20I,I Muhawenimana,Middle,106,98,1,51
T20I,I Muhawenimana,Powerplay,286,178,10,173
T20I,I Muntean,Middle,77,79,1,24
T20I,I Muntean,Powerplay,101,79,5,44
T20I,I Mutoni,Powerplay,163,134,4,95
T20I,I Nakisuuyi,Death,215,190,17,91
T20I,I Nakisuuyi,Middle,799,653,34,399
T20I,I Nakisuuyi,Powerplay,149,122,4,79
T20I,I Nandakumar,Death,74,65,6,37
T20I,I Nandakumar,Middle,434,366,19,198
T20I,I Nandakumar,Powerplay,406,308,10,252
T20I,I Ntirenganya,Death,325,394,22,116
T20I,I Ntirenganya,Middle,152,177,5,67
T20I,I Ntirenganya,Powerplay,764,782,25,371
T20I,I Ranaweera,Death,224,249,21,75
T20I,I Ranaweera,Middle,1170,1142,46,453
T20I,I Ranaweera,Powerplay,219,215,16,104
T20I,I Sharma,Death,93,169,4,20
T20I,I Sharma,Middle,71,76,1,23
T20I,I Sharma,Powerplay,126,169,3,59
T20I,I Shukla,Middle,153,140,9,65
T20I,I Stewart,Middle,61,89,4,21
T20I,I Suhun,Middle,67,71,1,17
T20I,I Takahashi,Death,123,111,9,51
T20I,I Takahashi,Middle,460,416,24,222
T20I,I Takahashi,Powerplay,226,225,11,122
T20I,I Toua,Death,110,96,6,53
T20I,I Toua,Middle,546,406,22,284
T20I,I Toua,Powerplay,129,98,8,72
T20I,I Uboh,Middle,61,82,2,14
T20I,I Udana,Death,211,332,14,47
T20I,I Udana,Middle,225,299,7,56
T20I,I Udana,Powerplay,230,294,6,93
T20I,I Waqavakatoga,Middle,92,80,6,41
T20I,I Waqavakatoga,Powerplay,63,42,7,39
T20I,I van Zyl,Death,211,166,7,105
T20I,I van Zyl,Middle,386,312,16,206
T20I,I van Zyl,Powerplay,386,277,12,217
T20I,I van der Woning,Death,119,166,7,44
T20I,I van der Woning,Middle,248,223,11,124
T20I,I van der Woning,Powerplay,105,176,2,35
T20I,IC Simao,Middle,112,107,3,40
T20I,IDM Latin,Death,63,93,7,20
T20I,IDM Latin,Middle,276,401,14,87
T20I,IECM Wong,Death,101,115,5,37
T20I,IECM Wong,Middle,162,200,4,55
T20I,IECM Wong,Powerplay,160,175,6,80
T20I,IG Butler,Death,92,145,3,14
T20I,IG Butler,Middle,164,186,15,68
T20I,IG Butler,Powerplay,110,169,5,50
T20I,IG Holland,Middle,68,57,1,31
T20I,IJR Zwilling,Death,350,363,37,144
T20I,IJR Zwilling,Middle,256,250,7,116
T20I,IJR Zwilling,Powerplay,1382,1142,57,806
T20I,IK Cheema,Middle,126,115,4,45
T20I,IK Gamantika,Death,197,180,18,89
T20I,IK Gamantika,Middle,859,829,39,347
T20I,IK Gamantika,Powerplay,68,87,4,35
T20I,IK Pathan,Death,96,161,7,24
T20I,IK Pathan,Middle,185,207,8,67
T20I,IK Pathan,Powerplay,176,230,12,83
T20I,IKEG Artawan,Death,147,196,17,51
T20I,IKEG Artawan,Middle,1163,1265,45,451
T20I,IKO Aboagye,Middle,102,79,7,53
T20I,IM Vaghela,Death,142,144,5,46
T20I,IM Vaghela,Middle,192,127,14,108
T20I,IM Vaghela,Powerplay,184,147,10,98
T20I,IMHC Joyce,Death,132,178,6,32
T20I,IMHC Joyce,Middle,263,255,4,97
T20I,IMHC Joyce,Powerplay,174,151,5,106
T20I,IO Okpe,Death,505,607,43,180
T20I,IO Okpe,Middle,472,499,15,162
T20I,IO Okpe,Powerplay,502,535,23,262
T20I,IS Sodhi,Death,374,567,33,117
T20I,IS Sodhi,Middle,2405,3133,123,729
T20I,IS Sodhi,Powerplay,94,136,8,35
T20I,Ibrahim Hassan,Death,154,215,12,47
T20I,Ibrahim Hassan,Powerplay,483,559,15,238
T20I,Ibrahim Jabarkhel,Middle,78,85,3,30
T20I,Ibrahim Kursad Dalyan,Powerplay,114,138,4,50
T20I,Ibrahim Rizan,Death,81,95,7,32
T20I,Ibrahim Rizan,Middle,466,526,19,184
T20I,Ibrar Ahmad,Death,62,85,6,23
T20I,Ibrar Ahmad,Powerplay,109,156,6,42
T20I,Iftikhar Ahmed,Middle,273,313,8,76
T20I,Iftikhar Kankhel,Powerplay,144,218,6,59
T20I,Ijaz Hussain,Death,194,260,15,57
T20I,Ijaz Hussain,Middle,264,276,17,99
T20I,Ijaz Hussain,Powerplay,70,84,4,32
T20I,Ikramullah Khan,Death,245,362,19,65
T20I,Ikramullah Khan,Middle,172,220,5,41
T20I,Ikramullah Khan,Powerplay,276,361,9,118
T20I,Ilenia Sims,Death,93,96,4,29
T20I,Ilenia Sims,Middle,318,294,19,128
T20I,Ilyas Ahmed,Death,73,100,3,17
T20I,Ilyas Ahmed,Powerplay,213,242,7,106
T20I,Ilyas Ataullah,Middle,212,304,8,62
T20I,Imad Wasim,Middle,781,782,40,288
T20I,Imad Wasim,Powerplay,656,702,27,299
T20I,Imran Ameer,Death,63,77,5,25
T20I,Imran Ameer,Middle,485,555,21,190
T20I,Imran Anwar,Death,244,363,24,75
T20I,Imran Anwar,Middle,624,772,29,195
T20I,Imran Anwar,Powerplay,739,766,30,364
T20I,Imran Haider,Middle,139,191,5,42
T20I,Imran Khan,Death,206,276,13,69
T20I,Imran Khan,Middle,322,367,15,119
T20I,Imran Khan,Powerplay,520,582,26,259
T20I,Imran Tahir,Death,106,105,14,40
T20I,Imran Tahir,Middle,664,763,41,193
T20I,Imran Tahir,Powerplay,75,77,6,35
T20I,Imran Yousaf,Middle,112,118,6,55
T20I,Inshaf Farook,Powerplay,87,71,3,38
T20I,Iqbal Hussain,Death,67,74,13,26
T20I,Iqbal Hussain,Middle,110,106,8,51
T20I,Iqra Sahar,Death,188,201,7,76
T20I,Iqra Sahar,Middle,363,334,11,164
T20I,Iqra Sahar,Powerplay,952,729,35,554
T20I,Irfan Ahmed,Middle,91,90,5,39
T20I,Irfan Hafejee,Death,92,90,6,38
T20I,Irfan Hafejee,Middle,295,306,14,129
T20I,Irfan Hafejee,Powerplay,78,103,2,32
T20I,Irfan Ringku,Middle,83,90,7,38
T20I,Irfan Ringku,Powerplay,232,237,17,121
T20I,Irfan Safi,Death,99,160,8,29
T20I,Irfan Safi,Middle,124,162,5,48
T20I,Isabel Walker,Powerplay,100,62,6,59
T20I,Ishtiaq Ahmad,Death,290,366,28,91
T20I,Ishtiaq Ahmad,Middle,61,63,4,19
T20I,Ishtiaq Ahmad,Powerplay,581,607,30,294
T20I,Ismail Kara,Powerplay,67,76,0,31
T20I,Itibarshah Deedar,Middle,67,85,2,16
T20I,Izatullah Dawlatzai,Powerplay,81,86,2,40
T20I,Izaz Ali,Middle,158,204,8,65
T20I,Izaz Ali,Powerplay,98,154,5,45
T20I,J Ajiambo,Death,61,53,7,31
T20I,J Ajiambo,Middle,244,167,9,130
T20I,J Albin,Death,74,156,3,12
T20I,J Albin,Middle,92,120,3,25
T20I,J Baguma,Death,60,50,6,37
T20I,J Baguma,Middle,417,443,32,207
T20I,J Batinibulu,Middle,74,90,5,24
T20I,J Botha,Death,96,117,8,30
T20I,J Botha,Middle,664,696,28,253
T20I,J Buchanan,Middle,137,154,5,45
T20I,J Bulele,Death,60,90,3,18
T20I,J Bulele,Middle,257,286,12,111
T20I,J Butler,Middle,253,280,18,100
T20I,J Chirila,Powerplay,69,55,0,29
T20I,J Coetzee,Death,149,142,23,63
T20I,J Coetzee,Powerplay,337,242,20,201
T20I,J Danikula,Powerplay,75,87,4,35
T20I,J Dowling,Powerplay,164,217,5,55
T20I,J Drysdale,Middle,68,84,5,23
T20I,J Drysdale,Powerplay,99,149,2,41
T20I,J Dzulfikar,Middle,62,50,2,32
T20I,J Efosa,Powerplay,115,91,6,62
T20I,J Erdenesuvd,Middle,92,114,1,26
T20I,J Evans,Death,62,63,6,22
T20I,J Evans,Middle,115,131,6,48
T20I,J Fernando,Death,77,94,6,30
T20I,J Fernando,Middle,171,190,4,71
T20I,J Goswami,Death,151,161,9,49
T20I,J Goswami,Middle,123,127,6,51
T20I,J Goswami,Powerplay,335,298,8,195
T20I,J Gunasekar,Death,150,126,9,63
T20I,J Gunasekar,Middle,328,227,15,174
T20I,J Hicks,Middle,248,170,16,124
T20I,J Horrocks,Death,76,91,3,33
T20I,J Horrocks,Middle,180,257,6,47
T20I,J Horrocks,Powerplay,76,117,2,31
T20I,J Hurley,Middle,73,79,4,32
T20I,J Jarvis,Middle,66,103,4,22
T20I,J Jarvis,Powerplay,68,76,5,32
T20I,J Jojo,Death,62,65,3,25
T20I,J Jojo,Middle,92,84,2,37
T20I,J Kariko,Death,89,98,11,36
T20I,J Kariko,Middle,335,281,16,148
T20I,J Kariko,Powerplay,120,100,7,69
T20I,J Khadka,Powerplay,253,346,10,113
T20I,J Kila,Middle,63,62,1,20
T20I,J Kominkova,Middle,135,143,3,44
T20I,J Kowa,Powerplay,231,157,9,130
T20I,J Lassayo,Middle,130,147,7,45
T20I,J Little,Death,328,464,26,95
T20I,J Little,Middle,419,544,13,144
T20I,J Little,Powerplay,632,687,27,308
T20I,J Madan,Powerplay,105,143,1,50
T20I,J Maguire,Death,144,172,12,50
T20I,J Maguire,Middle,173,195,10,60
T20I,J Maguire,Powerplay,430,427,12,221
T20I,J Martins,Death,60,58,9,27
T20I,J Martins,Middle,100,130,5,31
T20I,J Martins,Powerplay,87,81,9,48
T20I,J Mbabazi,Death,459,420,44,211
T20I,J Mbabazi,Middle,871,693,35,447
T20I,J Mbabazi,Powerplay,240,149,12,152
T20I,J Miyaji,Death,248,237,29,116
T20I,J Miyaji,Middle,129,121,9,54
T20I,J Miyaji,Powerplay,571,587,24,303
T20I,J Mulder,Middle,62,45,6,28
T20I,J Nkomo,Death,356,350,29,144
T20I,J Nkomo,Middle,150,113,8,80
T20I,J Nkomo,Powerplay,651,497,25,389
T20I,J Nyirankundineza,Middle,276,228,15,154
T20I,J Nyirankundineza,Powerplay,96,70,3,57
T20I,J Overton,Death,105,155,16,46
T20I,J Overton,Middle,205,233,11,76
T20I,J Overton,Powerplay,97,141,3,42
T20I,J Perman,Middle,105,122,3,40
T20I,J Proctor,Powerplay,135,154,7,72
T20I,J Ramanandi,Death,102,140,10,28
T20I,J Ramanandi,Middle,139,175,7,30
T20I,J Rasu,Death,93,122,15,40
T20I,J Rasu,Middle,241,281,13,93
T20I,J Rasu,Powerplay,261,323,11,124
T20I,J Sanele,Powerplay,191,138,7,107
T20I,J Santhanam,Powerplay,93,76,6,56
T20I,J Sebanja,Powerplay,133,151,9,69
T20I,J Shaju,Death,147,157,11,51
T20I,J Shaju,Middle,119,162,6,41
T20I,J Shaju,Powerplay,173,202,8,72
T20I,J Singye,Death,83,100,6,32
T20I,J Singye,Middle,280,294,9,102
T20I,J Stanigze,Death,62,83,4,18
T20I,J Sumerauer,Death,190,273,15,64
T20I,J Sumerauer,Middle,208,266,9,56
T20I,J Sumerauer,Powerplay,397,429,20,195
T20I,J Theron,Death,143,186,14,50
T20I,J Theron,Middle,94,111,4,25
T20I,J Theron,Powerplay,148,195,6,55
T20I,J Thomas,Middle,75,95,2,30
T20I,J Tuffin,Middle,69,84,2,24
T20I,J Tuffin,Powerplay,314,316,16,166
T20I,J Wilson,Middle,152,264,6,42
T20I,J Winster,Powerplay,73,48,2,42
T20I,J van Heerden,Middle,98,98,7,34
T20I,JA Burrows,Death,100,126,7,34
T20I,JA Burrows,Middle,220,247,13,80
T20I,JA Burrows,Powerplay,132,178,12,60
T20I,JA Diergaardt,Death,523,558,24,213
T20I,JA Diergaardt,Middle,674,573,24,310
T20I,JA Diergaardt,Powerplay,76,51,3,45
T20I,JA Duffy,Death,281,394,22,90
T20I,JA Duffy,Middle,125,160,8,52
T20I,JA Duffy,Powerplay,558,692,31,273
T20I,JA Fitzgerald,Middle,152,210,3,39
T20I,JA Fitzgerald,Powerplay,217,320,6,80
T20I,JA Morkel,Death,117,172,7,34
T20I,JA Morkel,Middle,365,468,13,109
T20I,JA Morkel,Powerplay,157,208,5,62
T20I,JA Richardson,Death,154,214,10,48
T20I,JA Richardson,Middle,67,88,3,22
T20I,JA Richardson,Powerplay,194,260,6,83
T20I,JA Stiglitz,Middle,83,95,1,25
T20I,JAM Henri,Middle,70,69,5,30
T20I,JAM Henri,Powerplay,213,278,10,94
T20I,JAN Ngono,Middle,80,72,3,33
T20I,JAN Ngono,Powerplay,62,54,2,32
T20I,JB Abega,Middle,125,127,10,59
T20I,JB Abega,Powerplay,209,206,10,105
T20I,JB Reva,Middle,84,82,6,40
T20I,JC Archer,Death,316,476,27,97
T20I,JC Archer,Middle,170,200,6,58
T20I,JC Archer,Powerplay,663,890,33,316
T20I,JC Balt,Middle,208,209,8,76
T20I,JC Darji,Middle,92,52,8,60
T20I,JC Tongue,Powerplay,62,105,3,28
T20I,JC Tredwell,Middle,282,379,7,78
T20I,JD Unadkat,Death,67,101,6,25
T20I,JD Unadkat,Powerplay,131,175,7,50
T20I,JDF Vandersay,Middle,300,410,6,77
T20I,JDP Oram,Death,137,219,10,35
T20I,JDP Oram,Middle,241,340,6,65
T20I,JDP Oram,Powerplay,187,255,3,67
T20I,JDS Neesham,Death,311,553,27,84
T20I,JDS Neesham,Middle,593,774,29,190
T20I,JDS Neesham,Powerplay,150,238,7,57
T20I,JE Marks,Middle,65,89,4,22
T20I,JE Ronalds,Death,75,53,9,37
T20I,JE Ronalds,Middle,210,140,15,112
T20I,JE Ronalds,Powerplay,156,121,8,83
T20I,JE Root,Middle,63,109,4,15
T20I,JE Taylor,Death,165,248,13,45
T20I,JE Taylor,Powerplay,352,477,16,149
T20I,JEC Franklin,Middle,167,202,10,53
T20I,JEC Franklin,Powerplay,112,135,4,56
T20I,JF Mooney,Middle,73,69,4,31
T20I,JG Bethell,Middle,81,133,3,19
T20I,JG Kimaro,Middle,67,54,2,30
T20I,JH Davey,Death,205,323,14,49
T20I,JH Davey,Middle,63,75,3,15
T20I,JH Davey,Powerplay,304,381,14,124
T20I,JH Kallis,Middle,159,185,6,65
T20I,JH Kallis,Powerplay,88,104,5,40
T20I,JI de Villiers,Middle,85,105,3,25
T20I,JJ Bumrah,Death,737,889,57,267
T20I,JJ Bumrah,Middle,335,336,23,148
T20I,JJ Bumrah,Powerplay,950,998,37,491
T20I,JJ Huo,Death,174,237,16,58
T20I,JJ Huo,Middle,113,92,9,56
T20I,JJ Huo,Powerplay,125,184,2,58
T20I,JJ Nyambo,Middle,125,142,4,51
T20I,JJ Smit,Death,402,537,36,120
T20I,JJ Smit,Middle,240,263,10,80
T20I,JJ Smit,Powerplay,554,580,31,268
T20I,JJ van der Wath,Death,79,111,5,23
T20I,JK Kamande,Middle,62,80,4,19
T20I,JK Mukhiya,Powerplay,81,87,4,39
T20I,JK Vifah,Death,63,69,4,22
T20I,JKC Claxton,Death,81,116,4,21
T20I,JKC Claxton,Powerplay,105,119,6,42
T20I,JKD Andreano,Middle,246,226,5,100
T20I,JKD Andreano,Powerplay,143,107,5,82
T20I,JL Aras,Middle,107,104,6,47
T20I,JL Gunn,Death,324,391,22,95
T20I,JL Gunn,Middle,446,437,19,178
T20I,JL Hunter,Middle,84,105,1,24
T20I,JL Hunter,Powerplay,123,94,9,70
T20I,JL Jonassen,Death,408,450,35,149
T20I,JL Jonassen,Middle,780,708,30,327
T20I,JL Jonassen,Powerplay,530,480,17,268
T20I,JL Kovacic,Powerplay,76,100,2,31
T20I,JL Tutty,Death,71,101,6,28
T20I,JL Tutty,Powerplay,176,161,5,97
T20I,JM Anderson,Death,100,135,7,27
T20I,JM Anderson,Middle,84,87,1,22
T20I,JM Anderson,Powerplay,269,342,10,117
T20I,JM Iradukunda,Death,76,114,5,22
T20I,JM Iradukunda,Middle,130,149,6,45
T20I,JM Iradukunda,Powerplay,149,173,3,73
T20I,JM Kerr,Death,191,277,13,53
T20I,JM Kerr,Middle,294,322,9,112
T20I,JM Kerr,Powerplay,639,653,17,328
T20I,JM Muirhead,Middle,81,94,4,26
T20I,JM Vujinovich,Middle,127,159,5,47
T20I,JM Vujinovich,Powerplay,69,67,5,36
T20I,JM Watkin,Middle,60,55,3,28
T20I,JN Frylinck,Death,266,354,26,81
T20I,JN Frylinck,Middle,440,500,21,142
T20I,JN Frylinck,Powerplay,252,243,10,119
T20I,JN Loftie-Eaton,Death,63,90,3,22
T20I,JN Loftie-Eaton,Middle,408,510,24,139
T20I,JNT Seales,Powerplay,84,138,1,34
T20I,JO Adedeji,Middle,175,191,8,69
T20I,JO Holder,Death,639,999,48,163
T20I,JO Holder,Middle,671,833,29,190
T20I,JO Holder,Powerplay,787,1107,32,320
T20I,JOA Gordon,Death,95,107,9,34
T20I,JOA Gordon,Middle,64,91,3,19
T20I,JOA Gordon,Powerplay,202,221,8,103
T20I,JP Behrendorff,Middle,61,72,2,20
T20I,JP Behrendorff,Powerplay,212,291,10,103
T20I,JP Duminy,Middle,366,447,16,104
T20I,JP Duminy,Powerplay,79,116,5,29
T20I,JP Faulkner,Death,237,383,24,53
T20I,JP Faulkner,Middle,166,190,5,43
T20I,JP Faulkner,Powerplay,120,134,7,55
T20I,JQK Moala,Powerplay,112,100,9,62
T20I,JR Barry,Middle,66,95,2,24
T20I,JR Barry,Powerplay,67,100,3,34
T20I,JR Cope,Powerplay,98,119,4,33
T20I,JR Hazlewood,Death,314,496,18,92
T20I,JR Hazlewood,Middle,233,307,14,85
T20I,JR Hazlewood,Powerplay,790,851,45,412
T20I,JR Hopes,Middle,192,223,8,60
T20I,JR Newton,Powerplay,87,107,2,42
T20I,JRMVB Sanjaya,Powerplay,88,105,3,39
T20I,JS Kundi,Middle,66,84,2,21
T20I,JS Ndanu,Middle,123,119,6,50
T20I,JS Ndanu,Powerplay,98,67,1,58
T20I,JS Patel,Death,92,141,7,31
T20I,JS Patel,Middle,102,115,9,32
T20I,JS Pooranakaran,Middle,289,275,10,122
T20I,JS Pooranakaran,Powerplay,185,185,5,88
T20I,JT Brassell,Death,106,193,7,23
T20I,JT Brassell,Middle,174,227,10,56
T20I,JT Brassell,Powerplay,285,411,8,122
T20I,JT Smuts,Middle,193,218,4,57
T20I,JT Smuts,Powerplay,72,97,1,27
T20I,JV Chand,Middle,163,173,7,59
T20I,JW Chilia,Middle,85,66,2,43
T20I,JW Chilia,Powerplay,79,100,1,30
T20I,JW Dernbach,Death,369,609,25,97
T20I,JW Dernbach,Middle,122,143,4,38
T20I,JW Dernbach,Powerplay,370,447,13,160
T20I,JW Hastings,Middle,68,81,3,27
T20I,JW Hastings,Powerplay,72,81,2,38
T20I,Jagrat Dubey,Middle,95,97,5,40
T20I,Jagrat Dubey,Powerplay,181,150,6,85
T20I,Jahanara Alam,Death,196,256,15,69
T20I,Jahanara Alam,Middle,172,208,2,53
T20I,Jahanara Alam,Powerplay,658,556,25,378
T20I,Jahandad Khan,Powerplay,80,149,3,30
T20I,Jaikumar Thakur,Powerplay,70,96,3,24
T20I,Jakob Gul,Middle,433,506,25,151
T20I,Jamshid Nasiri,Middle,152,142,11,68
T20I,Jana Majski,Powerplay,64,48,4,38
T20I,Janak Prakash,Death,296,453,19,81
T20I,Janak Prakash,Middle,209,229,10,65
T20I,Janak Prakash,Powerplay,373,532,15,149
T20I,Jasdeep Singh,Death,241,352,18,58
T20I,Jasdeep Singh,Middle,115,175,1,35
T20I,Jasdeep Singh,Powerplay,309,385,12,145
T20I,Jaskaran Singh,Death,94,126,7,33
T20I,Jaskaran Singh,Powerplay,112,155,3,49
T20I,Jaspal Singh,Middle,127,157,3,37
T20I,Jaspal Singh,Powerplay,65,89,2,26
T20I,Jaspreet Singh,Death,126,142,7,45
T20I,Jaspreet Singh,Middle,201,232,12,71
T20I,Jaspreet Singh,Powerplay,92,115,5,46
T20I,Jaswinder Singh,Death,61,107,7,20
T20I,Jaswinder Singh,Middle,198,243,10,62
T20I,Javid Patel,Middle,191,209,7,65
T20I,Javid Patel,Powerplay,63,59,2,29
T20I,Jaweed Sadran,Death,77,123,5,25
T20I,Jaweed Sadran,Middle,103,124,4,33
T20I,Jay Odedra,Middle,121,139,4,38
T20I,Jayasooriya,Middle,178,161,3,73
T20I,Jayasooriya,Powerplay,72,49,4,42
T20I,Jiaping Li,Middle,112,86,4,52
T20I,Jiyeon Park,Middle,84,66,3,38
T20I,Jobayer Hossen,Powerplay,117,123,3,49
T20I,Joginder Sharma,Middle,62,86,1,21
T20I,Jonte Smith,Death,64,54,6,34
T20I,Jonte Smith,Middle,76,79,5,32
T20I,Joshua Asia,Middle,385,294,22,180
T20I,Joyleen Kaur,Death,87,94,8,33
T20I,Joyleen Kaur,Middle,337,288,21,157
T20I,Junaid Aziz,Middle,137,189,12,43
T20I,Junaid Khan,Death,132,162,7,47
T20I,Junaid Khan,Middle,268,273,14,116
T20I,Junaid Khan,Powerplay,381,369,18,200
T20I,Junaid Siddique,Death,591,842,45,171
T20I,Junaid Siddique,Middle,287,315,16,103
T20I,Junaid Siddique,Powerplay,931,1102,47,414
T20I,Junaid Siddiqui,Middle,123,97,3,47
T20I,Junaid Siddiqui,Powerplay,251,236,11,126
T20I,K Amuge,Powerplay,277,177,18,184
T20I,K Anjali Sarvani,Powerplay,77,88,2,36
T20I,K Arua,Middle,365,268,21,182
T20I,K Babu,Middle,75,97,3,25
T20I,K Bhurtel,Death,119,153,13,46
T20I,K Bhurtel,Middle,322,353,17,119
T20I,K Canavarci,Powerplay,140,133,2,53
T20I,K Cawte,Death,63,95,7,18
T20I,K Cawte,Middle,75,62,2,32
T20I,K Chigora,Death,93,133,3,24
T20I,K Chigora,Middle,62,54,7,33
T20I,K Chigora,Powerplay,142,148,3,57
T20I,K Christie,Death,73,117,5,16
T20I,K Christie,Powerplay,133,137,2,63
T20I,K Dangol,Death,61,40,6,34
T20I,K Fletcher,Death,111,118,10,48
T20I,K Fletcher,Middle,124,123,7,60
T20I,K Fletcher,Powerplay,174,204,5,78
T20I,K Fraser,Death,190,212,11,69
T20I,K Fraser,Middle,773,716,37,345
T20I,K Fraser,Powerplay,197,169,21,114
T20I,K Fubler,Middle,240,178,17,126
T20I,K Gore,Middle,74,78,2,37
T20I,K Gore,Powerplay,61,46,6,37
T20I,K Goud,Powerplay,267,316,10,120
T20I,K Hinds,Death,97,97,12,47
T20I,K Hinds,Middle,240,196,10,126
T20I,K Hinds,Powerplay,224,235,7,118
T20I,K Inakale,Middle,204,195,7,96
T20I,K Irakoze,Middle,776,862,43,316
T20I,K Irakoze,Powerplay,151,184,3,70
T20I,K Jaikaran,Powerplay,66,67,4,35
T20I,K Joshi,Death,189,177,8,70
T20I,K Joshi,Middle,422,367,13,193
T20I,K Joshi,Powerplay,60,34,1,38
T20I,K Juma,Death,151,156,21,65
T20I,K Juma,Powerplay,220,210,6,117
T20I,K Kapadia,Middle,96,82,6,51
T20I,K Kato-Stafford,Middle,92,78,7,41
T20I,K Kavindi,Death,72,84,7,26
T20I,K Kavindi,Middle,79,97,4,16
T20I,K Kavindi,Powerplay,171,195,3,78
T20I,K Klein,Death,82,145,6,20
T20I,K Klein,Middle,95,138,6,28
T20I,K Klein,Powerplay,246,269,19,123
T20I,K Kubota,Middle,123,91,7,61
T20I,K Kunwar,Death,299,309,25,105
T20I,K Kunwar,Middle,118,79,7,67
T20I,K Kunwar,Powerplay,1017,620,43,663
T20I,K Mahekdeep,Middle,136,135,7,55
T20I,K McGill,Death,178,185,16,69
T20I,K McGill,Middle,207,197,11,88
T20I,K McGill,Powerplay,128,121,4,62
T20I,K Mirpuri,Death,67,151,6,15
T20I,K Mirpuri,Middle,496,636,20,189
T20I,K Mirpuri,Powerplay,179,250,8,79
T20I,K Motlanka,Middle,112,118,7,50
T20I,K Namchaikul,Middle,154,153,7,67
T20I,K Nassoro,Death,181,191,15,83
T20I,K Nassoro,Middle,628,704,22,262
T20I,K Nassoro,Powerplay,73,81,4,46
T20I,K Ndlovu,Death,177,196,17,73
T20I,K Ndlovu,Middle,505,470,17,251
T20I,K Ndlovu,Powerplay,203,201,8,120
T20I,K Nestor,Death,65,115,5,20
T20I,K Nestor,Powerplay,265,372,9,108
T20I,K Ota,Death,133,124,6,59
T20I,K Ota,Middle,220,170,9,102
T20I,K Ota,Powerplay,88,93,2,36
T20I,K Peddrick,Middle,195,196,6,71
T20I,K Peddrick,Powerplay,125,95,4,63
T20I,K Pierre,Middle,95,138,4,30
T20I,K Pierre,Powerplay,83,132,2,27
T20I,K Piet,Death,76,97,4,27
T20I,K Piet,Middle,460,505,33,207
T20I,K Piet,Powerplay,201,201,9,128
T20I,K Rabada,Death,458,704,28,142
T20I,K Rabada,Middle,379,493,13,124
T20I,K Rabada,Powerplay,896,1131,37,406
T20I,K Ramharack,Death,175,190,12,63
T20I,K Ramharack,Middle,706,763,23,248
T20I,K Ramharack,Powerplay,193,250,8,88
T20I,K Reyneke,Middle,176,166,8,82
T20I,K Santokie,Death,72,82,8,22
T20I,K Santokie,Powerplay,166,192,10,81
T20I,K Senamontree,Death,70,83,11,28
T20I,K Senamontree,Powerplay,257,280,8,134
T20I,K Sequiera,Middle,145,116,1,58
T20I,K Sinclair,Powerplay,67,88,2,18
T20I,K Srandeva,Middle,93,89,3,38
T20I,K Srandeva,Powerplay,216,215,8,81
T20I,K Thuchila,Middle,163,149,9,80
T20I,K Thuchila,Powerplay,346,319,18,199
T20I,K Vislapuu,Middle,174,231,6,57
T20I,K Vislapuu,Powerplay,82,123,1,29
T20I,K Waiswa,Death,196,234,24,75
T20I,K Waiswa,Middle,379,471,19,132
T20I,K Waiswa,Powerplay,118,133,3,58
T20I,KA Bazil,Middle,89,122,4,30
T20I,KA Green,Death,238,193,16,116
T20I,KA Green,Middle,816,549,39,443
T20I,KA Green,Powerplay,568,391,16,341
T20I,KA Jamieson,Death,187,316,12,52
T20I,KA Jamieson,Middle,213,314,6,59
T20I,KA Jamieson,Powerplay,319,454,12,153
T20I,KA Maharaj,Middle,882,1109,42,273
T20I,KA Maharaj,Powerplay,165,244,8,67
T20I,KA Pollard,Death,160,258,9,41
T20I,KA Pollard,Middle,678,868,28,176
T20I,KAB Hynam-Nyberg,Middle,67,104,2,12
T20I,KADA Kanchana,Death,95,158,3,24
T20I,KADA Kanchana,Middle,152,142,4,49
T20I,KADA Kanchana,Powerplay,190,204,1,83
T20I,KAJ Roach,Death,97,134,4,30
T20I,KAJ Roach,Powerplay,124,121,5,71
T20I,KB Ahir,Powerplay,121,126,5,64
T20I,KC Thompson,Death,79,51,3,42
T20I,KC Thompson,Middle,213,116,8,119
T20I,KD Mills,Death,211,342,13,48
T20I,KD Mills,Middle,103,125,2,35
T20I,KD Mills,Powerplay,605,770,28,285
T20I,KD Shah,Middle,168,199,5,51
T20I,KD Shah,Powerplay,216,243,10,108
T20I,KDA Lukies,Death,115,106,10,59
T20I,KDA Lukies,Middle,182,183,9,77
T20I,KDA Lukies,Powerplay,357,314,22,206
T20I,KDU Prabodhani,Death,347,419,23,110
T20I,KDU Prabodhani,Middle,316,287,14,138
T20I,KDU Prabodhani,Powerplay,906,792,26,488
T20I,KE Bryce,Death,257,295,10,79
T20I,KE Bryce,Middle,252,222,20,118
T20I,KE Bryce,Powerplay,814,614,43,479
T20I,KH Brunt,Death,415,472,29,150
T20I,KH Brunt,Middle,268,256,11,111
T20I,KH Brunt,Powerplay,1088,971,44,616
T20I,KH Pandya,Middle,347,427,10,101
T20I,KIC Asalanka,Middle,158,213,7,42
T20I,KJ Abbott,Death,184,239,19,53
T20I,KJ Abbott,Powerplay,224,280,4,105
T20I,KJ Ferrary,Middle,234,248,13,90
T20I,KJ Garth,Death,217,276,12,69
T20I,KJ Garth,Middle,238,219,9,103
T20I,KJ Garth,Powerplay,524,573,18,261
T20I,KJ O'Brien,Death,156,213,13,50
T20I,KJ O'Brien,Middle,357,367,26,136
T20I,KJ O'Brien,Powerplay,104,139,5,40
T20I,KJ Patel,Middle,92,97,3,32
T20I,KK Ahmed,Death,112,181,7,28
T20I,KK Ahmed,Middle,85,119,2,28
T20I,KK Ahmed,Powerplay,225,276,7,112
T20I,KK Donovan,Middle,89,64,4,44
T20I,KK Donovan,Powerplay,324,230,8,190
T20I,KK Lin Thu,Powerplay,277,273,14,130
T20I,KKN Egodage,Death,183,169,13,83
T20I,KKN Egodage,Middle,469,389,19,220
T20I,KKN Egodage,Powerplay,111,91,7,62
T20I,KL Cross,Death,68,68,4,26
T20I,KL Cross,Middle,121,152,4,42
T20I,KL Cross,Powerplay,128,166,3,53
T20I,KL Gordon,Middle,220,202,11,97
T20I,KM Beams,Death,67,60,4,21
T20I,KM Beams,Middle,238,196,13,105
T20I,KM Chingaipe,Middle,61,67,1,32
T20I,KM Chingaipe,Powerplay,198,129,11,113
T20I,KM Jarvis,Death,94,162,12,22
T20I,KM Jarvis,Powerplay,231,314,11,96
T20I,KMA Aziz,Powerplay,135,177,4,44
T20I,KMA Paul,Death,119,198,7,32
T20I,KMA Paul,Middle,222,310,9,60
T20I,KMA Paul,Powerplay,110,142,5,49
T20I,KMDN Kulasekara,Death,389,605,24,91
T20I,KMDN Kulasekara,Middle,80,111,6,20
T20I,KMDN Kulasekara,Powerplay,765,776,34,392
T20I,KOK Williams,Death,168,282,13,35
T20I,KOK Williams,Middle,172,252,8,37
T20I,KOK Williams,Powerplay,108,157,4,47
T20I,KP Meiyappan,Middle,264,295,20,97
T20I,KR Ebanks,Powerplay,61,82,1,25
T20I,KR Frost,Middle,65,37,3,38
T20I,KR Jha,Death,90,127,7,30
T20I,KR Jha,Middle,86,105,3,32
T20I,KR Mayers,Powerplay,108,157,0,39
T20I,KS Airee,Death,60,73,3,15
T20I,KS Airee,Powerplay,128,129,9,65
T20I,KS Bagabena,Middle,150,183,7,54
T20I,KS Bagabena,Powerplay,312,308,8,156
T20I,KS Leverock,Death,120,159,6,39
T20I,KS Leverock,Middle,111,132,5,40
T20I,KS Leverock,Powerplay,205,178,13,114
T20I,KS Williamson,Middle,108,150,5,29
T20I,KT Maphaka,Death,122,164,8,37
T20I,KT Maphaka,Middle,188,249,8,59
T20I,KT Maphaka,Powerplay,169,254,4,65
T20I,KV Morea,Death,159,252,17,37
T20I,KV Morea,Middle,102,130,1,26
T20I,KV Morea,Powerplay,272,250,15,137
T20I,KV Vakuruivalu,Middle,68,44,4,36
T20I,KV Vakuruivalu,Powerplay,131,104,3,65
T20I,KW Richardson,Death,253,331,25,90
T20I,KW Richardson,Middle,188,299,8,52
T20I,KW Richardson,Powerplay,314,395,11,133
T20I,KY Chan,Death,453,368,43,215
T20I,KY Chan,Middle,930,716,50,486
T20I,KY Chan,Powerplay,653,460,39,385
T20I,KY Wilfried,Middle,62,92,2,14
T20I,KY Wilfried,Powerplay,74,121,2,16
T20I,Kabir Berlia,Middle,95,146,5,33
T20I,Kainat Imtiaz,Middle,98,113,2,32
T20I,Kaleem Sana,Death,273,317,28,104
T20I,Kaleem Sana,Middle,86,84,6,40
T20I,Kaleem Sana,Powerplay,574,537,28,325
T20I,Kaleemullah,Death,116,178,7,23
T20I,Kaleemullah,Middle,99,125,9,35
T20I,Kaleemullah,Powerplay,538,591,17,271
T20I,Kamal Soukhiya,Death,123,165,10,38
T20I,Kamal Soukhiya,Powerplay,177,203,6,71
T20I,Kamran Ahmadzai,Middle,77,77,4,35
T20I,Kamran Ahmadzai,Powerplay,63,69,1,33
T20I,Kamran Wahid,Death,66,121,3,14
T20I,Kamran Wahid,Powerplay,72,91,5,27
T20I,Kanchan Rana,Middle,81,83,1,32
T20I,Kanchan Rana,Powerplay,84,74,1,41
T20I,Karan KC,Death,471,728,44,163
T20I,Karan KC,Middle,252,340,13,81
T20I,Karan KC,Powerplay,1017,1168,51,514
T20I,Karan Singh,Middle,109,137,3,41
T20I,Karan Singh,Powerplay,61,66,2,32
T20I,Karanbir Singh,Death,173,251,19,57
T20I,Karanbir Singh,Middle,225,294,16,80
T20I,Karma Dorji,Middle,60,54,2,21
T20I,Karma Dorji,Powerplay,99,137,1,35
T20I,Karri Gullem Keen,Death,65,67,5,18
T20I,Karri Gullem Keen,Middle,172,180,6,74
T20I,Karri Gullem Keen,Powerplay,181,132,11,101
T20I,Karuna Bhandari,Middle,171,79,9,111
T20I,Kashif Daud,Powerplay,174,209,3,59
T20I,Kaung Htet Kyaw,Powerplay,61,74,2,26
T20I,Kawsar Khan,Powerplay,90,71,5,55
T20I,Kerry Fraser,Middle,85,78,3,24
T20I,Kerry Fraser,Powerplay,74,64,2,22
T20I,Khadija Imtiaz,Middle,163,158,8,57
T20I,Khadija Khalil,Death,69,97,5,16
T20I,Khadija Khalil,Middle,70,54,4,31
T20I,Khadija Khalil,Powerplay,68,72,3,30
T20I,Khadija Tul Kubra,Death,90,93,7,34
T20I,Khadija Tul Kubra,Middle,389,334,15,175
T20I,Khadija Tul Kubra,Powerplay,73,63,1,35
T20I,Khalid Ahmadi,Death,206,212,24,78
T20I,Khalid Ahmadi,Middle,213,227,12,84
T20I,Khalid Ahmadi,Powerplay,293,294,16,144
T20I,Khalid Niazi,Middle,111,146,8,37
T20I,Khalid Zahid,Death,130,189,2,30
T20I,Khalid Zahid,Powerplay,375,381,17,176
T20I,Khawar Ali,Death,149,169,13,48
T20I,Khawar Ali,Middle,455,501,25,148
T20I,Khin Aye,Powerplay,106,152,3,43
T20I,Khizar Hayat,Death,165,203,15,66
T20I,Khizar Hayat,Middle,704,694,27,276
T20I,Khizar Hayat,Powerplay,108,161,3,38
T20I,Khusboo Kandpal,Middle,73,59,2,29
T20I,Khusboo Kandpal,Powerplay,74,88,1,29
T20I,Khushdil Shah,Middle,75,81,6,30
T20I,Khushi Sharma,Death,214,200,19,92
T20I,Khushi Sharma,Middle,319,252,17,158
T20I,Khushi Sharma,Powerplay,248,231,8,133
T20I,Kim Daeyeon,Middle,86,101,3,34
T20I,Kiyo Fujikawa,Middle,72,53,1,29
T20I,Kuldeep Gurjar,Middle,162,214,12,56
T20I,Kuldeep Yadav,Death,111,159,13,39
T20I,Kuldeep Yadav,Middle,973,1059,78,379
T20I,Kushal Malla,Death,75,96,10,29
T20I,Kushal Malla,Middle,274,272,14,97
T20I,Kushal Malla,Powerplay,61,51,1,34
T20I,Kyte Gullem Keen,Powerplay,71,60,4,40
T20I,L Anyait,Middle,229,159,6,127
T20I,L Barnett,Middle,66,53,1,33
T20I,L Barnett,Powerplay,300,174,12,188
T20I,L Bonner,Death,79,68,11,41
T20I,L Bonner,Powerplay,111,89,5,64
T20I,L Bruce,Death,265,412,14,66
T20I,L Bruce,Middle,202,251,8,72
T20I,L Bruce,Powerplay,409,468,11,176
T20I,L Bull,Middle,342,250,22,188
T20I,L Cardoso,Death,126,122,7,41
T20I,L Cardoso,Middle,199,161,9,99
T20I,L Cardoso,Powerplay,246,148,19,147
T20I,L Chipanga,Middle,198,100,9,125
T20I,L Chipanga,Powerplay,239,149,8,139
T20I,L Dalbina,Powerplay,67,46,2,31
T20I,L Delany,Death,520,568,45,170
T20I,L Delany,Middle,1012,940,38,421
T20I,L Denny,Middle,143,146,6,56
T20I,L Denny,Powerplay,96,120,3,47
T20I,L Erdenebulgan,Death,98,183,10,25
T20I,L Erdenebulgan,Powerplay,143,187,8,45
T20I,L Filer,Middle,116,138,3,38
T20I,L Filer,Powerplay,135,154,4,72
T20I,L Gregory,Middle,76,108,2,19
T20I,L Idambo,Middle,122,120,5,64
T20I,L Idambo,Powerplay,479,352,27,305
T20I,L Jie,Middle,101,73,3,44
T20I,L Jones,Powerplay,69,44,4,45
T20I,L Karlsson,Death,72,93,9,26
T20I,L Karlsson,Middle,79,74,3,31
T20I,L Karlsson,Powerplay,100,86,6,62
T20I,L Krvaric,Death,68,34,1,38
T20I,L Krvaric,Middle,117,61,4,65
T20I,L Little,Middle,93,142,0,18
T20I,L Little,Powerplay,80,84,0,36
T20I,L Mabhero,Death,92,120,5,29
T20I,L Mabhero,Middle,387,412,14,173
T20I,L Mabhero,Powerplay,139,128,5,76
T20I,L Malino,Death,75,80,8,31
T20I,L Malino,Middle,453,338,23,233
T20I,L Malino,Powerplay,276,180,10,163
T20I,L Mamba,Middle,136,115,3,60
T20I,L Mamba,Powerplay,129,112,2,60
T20I,L Maritz,Death,81,90,6,37
T20I,L Maritz,Middle,214,198,7,96
T20I,L Maritz,Powerplay,76,85,3,38
T20I,L Martin,Powerplay,95,81,1,34
T20I,L Moises,Death,90,86,10,37
T20I,L Moises,Middle,260,167,14,146
T20I,L Moises,Powerplay,241,147,9,153
T20I,L Monanthane,Middle,75,100,1,25
T20I,L Monanthane,Powerplay,69,85,3,27
T20I,L Ngidi,Death,355,538,33,124
T20I,L Ngidi,Middle,301,412,19,88
T20I,L Ngidi,Powerplay,680,940,35,298
T20I,L Nyarko,Powerplay,85,61,5,50
T20I,L Ostergaard,Death,159,151,6,71
T20I,L Ostergaard,Middle,224,148,9,116
T20I,L Paul,Death,163,152,10,59
T20I,L Paul,Middle,326,307,19,134
T20I,L Paul,Powerplay,100,99,0,46
T20I,L Phiri,Middle,327,310,13,149
T20I,L Piety,Death,117,86,9,53
T20I,L Piety,Middle,147,106,10,83
T20I,L Qiao,Middle,220,104,14,138
T20I,L Qiao,Powerplay,77,43,3,48
T20I,L Ramjit,Powerplay,62,53,1,31
T20I,L Sanogo,Powerplay,63,86,0,21
T20I,L Shafeeg,Death,96,162,4,18
T20I,L Shafeeg,Powerplay,224,264,10,101
T20I,L Shetty,Powerplay,92,99,4,46
T20I,L Siaka,Middle,155,138,7,66
T20I,L Sipamla,Death,73,159,5,14
T20I,L Sipamla,Middle,108,178,4,22
T20I,L Sipamla,Powerplay,110,169,2,45
T20I,L Sormus,Middle,100,95,3,36
T20I,L Sormus,Powerplay,76,63,1,28
T20I,L Taylor,Death,74,66,3,23
T20I,L Taylor,Middle,64,56,1,24
T20I,L Taylor,Powerplay,124,75,4,74
T20I,L Tshuma,Death,135,150,6,47
T20I,L Tshuma,Middle,738,692,39,327
T20I,L Udeh,Death,127,113,10,59
T20I,L Udeh,Middle,137,78,10,81
T20I,L Udeh,Powerplay,496,312,20,314
T20I,L Wood,Death,85,136,11,23
T20I,L Wood,Powerplay,222,304,8,97
T20I,LA Burns,Death,60,61,5,23
T20I,LA Burns,Middle,742,674,51,347
T20I,LA Dawson,Death,69,93,7,25
T20I,LA Dawson,Middle,471,615,24,134
T20I,LA Dawson,Powerplay,160,194,8,68
T20I,LA Goncalves,Middle,62,68,3,25
T20I,LA Marsh,Death,104,99,9,37
T20I,LA Marsh,Middle,450,387,15,181
T20I,LA Marsh,Powerplay,103,87,3,60
T20I,LA McBride,Middle,280,289,12,87
T20I,LA McBride,Powerplay,69,89,2,26
T20I,LA Simango,Powerplay,126,137,7,53
T20I,LAR Bommareddy,Powerplay,94,75,5,46
T20I,LB Williams,Death,142,234,14,39
T20I,LB Williams,Middle,95,137,4,28
T20I,LB Williams,Powerplay,172,263,6,62
T20I,LC Le Tissier,Middle,125,117,10,45
T20I,LC Sthalekar,Middle,110,102,4,40
T20I,LC Sthalekar,Powerplay,61,40,0,44
T20I,LCN Smith,Death,213,299,10,59
T20I,LCN Smith,Middle,231,234,4,76
T20I,LCN Smith,Powerplay,344,336,21,173
T20I,LE Kaushalya,Middle,74,66,3,31
T20I,LE Kaushalya,Powerplay,147,160,4,71
T20I,LE Plunkett,Death,74,97,4,25
T20I,LE Plunkett,Middle,249,329,16,92
T20I,LE Plunkett,Powerplay,147,202,5,50
T20I,LF Muller,Middle,127,177,7,46
T20I,LG Moras,Middle,98,105,1,40
T20I,LG Moras,Powerplay,136,123,6,75
T20I,LH Ferguson,Death,280,381,24,105
T20I,LH Ferguson,Middle,389,417,24,166
T20I,LH Ferguson,Powerplay,452,529,25,217
T20I,LH Rodrigues,Death,145,145,10,56
T20I,LH Rodrigues,Middle,65,71,3,28
T20I,LH Rodrigues,Powerplay,369,295,15,197
T20I,LI Haoye,Death,63,41,6,30
T20I,LI Haoye,Middle,113,76,3,59
T20I,LI Salomone,Middle,74,94,4,34
T20I,LJ Leokaoke,Middle,94,97,3,37
T20I,LJ Myott,Death,142,148,16,56
T20I,LJ Myott,Middle,259,256,7,108
T20I,LJ Payas,Middle,75,65,2,24
T20I,LJ Woodcock,Middle,60,73,1,19
T20I,LJ Wright,Death,61,88,4,11
T20I,LJ Wright,Middle,255,338,13,81
T20I,LK Bell,Death,344,442,31,109
T20I,LK Bell,Middle,172,198,7,59
T20I,LK Bell,Powerplay,605,669,29,290
T20I,LK Bennett,Middle,74,69,4,27
T20I,LK Hamilton,Powerplay,78,53,2,42
T20I,LK O'Reilly,Death,162,202,14,45
T20I,LK O'Reilly,Middle,183,170,8,72
T20I,LK O'Reilly,Powerplay,136,102,2,75
T20I,LL Dimba,Death,109,84,7,52
T20I,LL Dimba,Middle,314,247,13,155
T20I,LL Htun,Death,151,106,12,71
T20I,LL Htun,Middle,169,127,5,82
T20I,LL Htun,Powerplay,170,120,3,91
T20I,LL Tsotsobe,Middle,73,104,2,20
T20I,LL Tsotsobe,Powerplay,372,422,13,178
T20I,LM Jongwe,Death,409,593,30,101
T20I,LM Jongwe,Middle,404,513,21,109
T20I,LM Jongwe,Powerplay,168,233,10,63
T20I,LM Kasperek,Death,235,306,19,59
T20I,LM Kasperek,Middle,431,474,28,157
T20I,LM Kasperek,Powerplay,285,288,18,139
T20I,LMM Tahuhu,Death,200,247,12,74
T20I,LMM Tahuhu,Middle,628,653,33,268
T20I,LMM Tahuhu,Powerplay,796,862,37,391
T20I,LN McCarthy,Middle,67,72,3,26
T20I,LN McCarthy,Powerplay,113,87,4,62
T20I,LN Oluoch,Death,378,545,32,119
T20I,LN Oluoch,Middle,326,354,14,139
T20I,LN Oluoch,Powerplay,596,578,22,303
T20I,LN Rajbanshi,Death,83,79,4,35
T20I,LN Rajbanshi,Middle,419,408,21,171
T20I,LN Rajbanshi,Powerplay,248,314,11,119
T20I,LR Doolan,Middle,91,80,3,33
T20I,LS Barkania,Middle,329,254,21,178
T20I,LS Livingstone,Death,89,136,6,24
T20I,LS Livingstone,Middle,494,695,26,154
T20I,LS Simelane,Middle,82,111,2,21
T20I,LT Bichard,Death,151,192,13,44
T20I,LT Bichard,Middle,179,146,11,77
T20I,LT Bichard,Powerplay,412,434,18,187
T20I,LV Boas,Death,71,87,1,24
T20I,LV Boas,Middle,297,240,18,158
T20I,LV Boas,Powerplay,138,79,11,88
T20I,LV van Beek,Death,239,362,23,82
T20I,LV van Beek,Middle,223,244,12,77
T20I,LV van Beek,Powerplay,216,260,8,98
T20I,LY Loch Srey,Powerplay,100,69,2,50
T20I,Lata Mondal,Middle,91,88,1,37
T20I,Lemar Momand,Powerplay,71,63,1,38
T20I,Likitha Yadav,Powerplay,124,81,6,51
T20I,Lopamudra,Middle,176,176,5,74
T20I,Lovedeep Singh,Powerplay,155,185,8,73
T20I,Luca Petre,Middle,89,110,5,28
T20I,Luca Petre,Powerplay,73,116,4,25
T20I,Lucas Rossi,Middle,313,253,23,151
T20I,Lucky Ali,Middle,260,247,15,119
T20I,Lucky Ali,Powerplay,64,52,3,37
T20I,Luis Hermida,Middle,110,108,7,53
T20I,Luka Woods,Middle,199,254,9,63
T20I,Luo Shilin,Middle,112,150,2,42
T20I,Luqman Butt,Death,95,160,6,30
T20I,Luqman Butt,Middle,134,120,5,65
T20I,Luqman Butt,Powerplay,312,372,8,137
T20I,M Abdulla,Powerplay,70,68,2,29
T20I,M Aboagye,Middle,106,134,2,38
T20I,M Akayezu,Death,516,636,35,190
T20I,M Akayezu,Middle,769,882,33,313
T20I,M Akayezu,Powerplay,494,634,24,220
T20I,M Ansari,Death,63,95,4,18
T20I,M Ariokot,Death,70,65,5,35
T20I,M Ariokot,Middle,132,108,2,74
T20I,M Ariokot,Powerplay,80,64,0,48
T20I,M Artur,Middle,190,143,10,105
T20I,M Ayodhya,Death,81,118,5,20
T20I,M Ayodhya,Powerplay,169,174,6,86
T20I,M Bibi,Death,282,286,16,110
T20I,M Bibi,Middle,760,674,38,346
T20I,M Bibi,Powerplay,172,176,6,79
T20I,M Biu,Middle,69,75,2,24
T20I,M Biu,Powerplay,132,134,3,62
T20I,M Chabula,Powerplay,60,48,3,30
T20I,M Choamba,Middle,226,185,11,104
T20I,M Cope,Middle,159,252,9,49
T20I,M Dale-Bradley,Death,98,128,7,36
T20I,M Dale-Bradley,Middle,376,370,21,161
T20I,M Daniels,Death,112,135,6,45
T20I,M Daniels,Middle,196,171,8,92
T20I,M Daniels,Powerplay,340,235,7,217
T20I,M Desmond,Middle,131,103,7,64
T20I,M Dixit,Middle,187,221,4,53
T20I,M Dixit,Powerplay,120,128,7,48
T20I,M Dlamini,Death,66,74,2,23
T20I,M Dlamini,Middle,181,196,9,62
T20I,M Dlamini,Powerplay,187,145,3,92
T20I,M Enkhzul,Middle,83,94,3,18
T20I,M Enkhzul,Powerplay,90,89,2,30
T20I,M Faheem,Powerplay,101,95,5,47
T20I,M Gaur,Death,110,122,2,44
T20I,M Gaur,Middle,63,47,1,31
T20I,M Gaur,Powerplay,289,254,8,148
T20I,M Gogev,Death,144,236,9,39
T20I,M Gogev,Middle,159,215,1,53
T20I,M Gogev,Powerplay,152,232,3,53
T20I,M Gouws,Powerplay,91,115,1,36
T20I,M Heingo,Middle,116,174,5,34
T20I,M Heingo,Powerplay,62,93,1,28
T20I,M Hill,Death,217,152,20,105
T20I,M Hill,Middle,519,433,13,238
T20I,M Hill,Powerplay,212,172,9,112
T20I,M Hundal,Middle,218,199,17,98
T20I,M Janicijevic,Middle,60,70,2,20
T20I,M Jansen,Death,154,237,6,49
T20I,M Jansen,Middle,122,184,5,39
T20I,M Jansen,Powerplay,381,530,18,181
T20I,M Jele,Death,108,145,6,46
T20I,M Jele,Middle,176,217,9,58
T20I,M Jele,Powerplay,98,131,4,38
T20I,M Jevdjenovic,Middle,105,88,3,41
T20I,M Jevdjenovic,Powerplay,63,47,2,28
T20I,M Jobarteh,Powerplay,131,159,2,53
T20I,M Joshi,Powerplay,75,86,0,38
T20I,M Kadyan,Powerplay,90,115,3,36
T20I,M Kanno,Powerplay,60,50,2,30
T20I,M Kapp,Death,441,545,30,151
T20I,M Kapp,Middle,328,309,15,131
T20I,M Kapp,Powerplay,1224,979,42,706
T20I,M Kaswan,Middle,105,74,5,51
T20I,M Khojbariya,Middle,248,273,14,121
T20I,M Klaas,Death,285,401,19,68
T20I,M Klaas,Middle,428,537,13,147
T20I,M Klaas,Powerplay,400,478,11,185
T20I,M Kojo,Powerplay,73,40,3,43
T20I,M Koli,Death,244,352,19,79
T20I,M Koli,Middle,191,219,13,77
T20I,M Koli,Powerplay,647,668,29,312
T20I,M Kpaka,Middle,93,70,6,44
T20I,M Lollo,Powerplay,66,32,5,40
T20I,M Madara,Middle,79,83,4,28
T20I,M Madara,Powerplay,151,150,4,69
T20I,M Magagula,Death,101,151,10,33
T20I,M Magagula,Middle,204,260,12,75
T20I,M Magagula,Powerplay,91,121,4,31
T20I,M Martinez,Death,64,65,0,19
T20I,M Martinez,Middle,102,97,2,39
T20I,M Martinez,Powerplay,113,76,5,66
T20I,M Mavunga,Middle,102,116,6,45
T20I,M Mavunga,Powerplay,93,96,4,48
T20I,M McColl,Middle,118,100,9,62
T20I,M Mooketsi,Death,83,140,7,32
T20I,M Mooketsi,Middle,506,500,26,230
T20I,M Mooketsi,Powerplay,564,540,29,332
T20I,M Morkel,Death,284,400,16,90
T20I,M Morkel,Middle,277,330,14,121
T20I,M Morkel,Powerplay,425,478,13,200
T20I,M Muralitharan,Middle,226,228,9,80
T20I,M Musinguzi,Middle,163,145,11,78
T20I,M Mwangi,Death,65,61,4,25
T20I,M Mwangi,Middle,86,47,7,56
T20I,M Mwatile,Death,214,200,15,97
T20I,M Mwatile,Middle,473,430,25,206
T20I,M Mwatile,Powerplay,70,64,6,41
T20I,M Nguni,Powerplay,78,77,5,33
T20I,M Ntini,Powerplay,143,219,3,56
T20I,M Ochieng,Middle,60,33,2,37
T20I,M Ochieng,Powerplay,122,90,4,69
T20I,M Ozturk,Death,87,113,7,26
T20I,M Ozturk,Middle,89,114,4,27
T20I,M Ozturk,Powerplay,141,192,6,46
T20I,M Parinitha,Powerplay,88,50,5,49
T20I,M Pathirana,Death,143,207,13,41
T20I,M Pathirana,Middle,285,348,14,92
T20I,M Pathirana,Powerplay,77,97,5,27
T20I,M Phiase,Middle,138,89,9,75
T20I,M Prasanna,Middle,64,92,3,17
T20I,M Prasidh Krishna,Middle,75,138,2,22
T20I,M Prasidh Krishna,Powerplay,64,94,4,27
T20I,M Ramafifi,Middle,102,87,2,56
T20I,M Ribeiro,Death,148,117,13,63
T20I,M Ribeiro,Middle,101,107,4,41
T20I,M Ribeiro,Powerplay,478,295,27,296
T20I,M Robinson,Middle,100,90,3,39
T20I,M Saastamoinen,Middle,76,77,0,25
T20I,M Sarenac,Middle,188,261,11,54
T20I,M Sarenac,Powerplay,172,222,6,68
T20I,M Shahbaz Butt,Middle,440,425,23,197
T20I,M Shehani,Middle,105,122,4,33
T20I,M Short,Middle,79,49,8,44
T20I,M Short,Powerplay,73,43,2,44
T20I,M Shumba,Middle,67,94,4,21
T20I,M Stanikzai,Death,95,167,4,31
T20I,M Stanikzai,Middle,113,150,4,39
T20I,M Stevanovic,Middle,111,81,1,51
T20I,M Stevanovic,Powerplay,98,81,5,47
T20I,M Strano,Powerplay,66,65,2,29
T20I,M Syahadat Ramli,Middle,61,80,4,18
T20I,M Syrioti,Death,70,59,3,31
T20I,M Syrioti,Middle,251,202,15,124
T20I,M Syrioti,Powerplay,364,315,13,160
T20I,M Taniyama,Middle,427,385,27,211
T20I,M Taylor,Middle,209,272,12,91
T20I,M Taylor,Powerplay,235,224,5,125
T20I,M Theekshana,Death,361,484,19,110
T20I,M Theekshana,Middle,685,735,23,224
T20I,M Theekshana,Powerplay,840,993,39,352
T20I,M Tom,Death,161,138,9,69
T20I,M Tom,Middle,148,148,5,60
T20I,M Tom,Powerplay,423,343,15,259
T20I,M Trajkovi,Middle,93,54,3,47
T20I,M Upadhayay,Middle,223,160,17,119
T20I,M Upadhayay,Powerplay,298,213,15,182
T20I,M Valner,Death,100,72,5,48
T20I,M Valner,Middle,65,36,2,33
T20I,M Valner,Powerplay,258,177,15,131
T20I,M Vandrasi,Middle,149,177,9,46
T20I,M Vervitsioti,Death,106,135,3,35
T20I,M Vervitsioti,Middle,304,256,16,130
T20I,M Vervitsioti,Powerplay,139,129,3,65
T20I,M Vivekanandan,Middle,111,165,3,32
T20I,M Vumiliya,Middle,203,162,11,93
T20I,M Vumiliya,Powerplay,141,87,4,91
T20I,M Wai Siu,Death,286,315,14,100
T20I,M Wai Siu,Middle,173,154,4,80
T20I,M Wai Siu,Powerplay,1112,820,52,659
T20I,M Whelan,Middle,85,155,2,22
T20I,M Yanagida,Death,107,81,5,53
T20I,M Yanagida,Middle,261,189,12,119
T20I,M Yunusu Issa,Powerplay,250,269,12,121
T20I,M Zhu,Death,96,92,2,30
T20I,M Zhu,Middle,89,81,3,30
T20I,M Zhu,Powerplay,144,100,3,83
T20I,M de Lange,Powerplay,73,111,1,26
T20I,MA Algi,Powerplay,100,150,7,52
T20I,MA Baig,Middle,273,212,20,148
T20I,MA Leask,Death,106,154,7,32
T20I,MA Leask,Middle,776,969,43,254
T20I,MA Leask,Powerplay,67,62,4,40
T20I,MA Nyabela,Death,114,137,6,39
T20I,MA Nyabela,Middle,166,114,9,91
T20I,MA Nyabela,Powerplay,202,189,5,91
T20I,MA Starc,Death,449,700,33,133
T20I,MA Starc,Middle,319,414,14,104
T20I,MA Starc,Powerplay,791,847,32,413
T20I,MA Tsemane,Middle,81,86,1,27
T20I,MA Wood,Death,186,303,13,63
T20I,MA Wood,Middle,309,371,21,117
T20I,MA Wood,Powerplay,298,425,18,122
T20I,MADI Hemantha,Middle,167,254,7,46
T20I,MB Tambe,Death,175,276,17,43
T20I,MB Tambe,Middle,341,352,11,125
T20I,MB Tambe,Powerplay,87,84,4,44
T20I,MBA Lamplough,Death,80,71,10,37
T20I,MBA Lamplough,Middle,255,215,7,117
T20I,MBA Lamplough,Powerplay,89,111,1,39
T20I,MC Alex,Middle,73,91,2,18
T20I,MC Henriques,Middle,100,116,4,32
T20I,MC Sorensen,Death,64,95,7,25
T20I,MC Sorensen,Middle,94,92,8,40
T20I,MC Sorensen,Powerplay,123,155,4,51
T20I,MD Bimenyimana,Death,378,354,28,171
T20I,MD Bimenyimana,Middle,574,391,34,310
T20I,MD Bimenyimana,Powerplay,495,305,25,308
T20I,MD Botha,Death,82,80,4,38
T20I,MD Botha,Middle,164,110,14,98
T20I,MD Botha,Powerplay,165,83,12,116
T20I,MD Dai,Middle,108,97,4,41
T20I,MD Gunathilaka,Middle,74,81,2,25
T20I,MD Shanaka,Death,218,333,21,50
T20I,MD Shanaka,Middle,516,646,18,137
T20I,MD Shanaka,Powerplay,104,144,3,47
T20I,ME Violleau,Middle,77,112,1,14
T20I,MF Maharoof,Middle,76,98,2,23
T20I,MF Maharoof,Powerplay,62,78,2,27
T20I,MFD Douma,Powerplay,128,80,3,86
T20I,MG Bracewell,Middle,426,524,22,127
T20I,MG Bracewell,Powerplay,166,171,12,83
T20I,MG Erasmus,Death,270,333,16,99
T20I,MG Erasmus,Middle,714,688,45,279
T20I,MG Erasmus,Powerplay,174,151,9,87
T20I,MG Johnson,Death,110,156,6,36
T20I,MG Johnson,Middle,365,370,22,153
T20I,MG Johnson,Powerplay,227,294,10,99
T20I,MGSM Fernando,Middle,104,93,8,38
T20I,MH Ushanga,Middle,452,334,23,229
T20I,MH Ushanga,Powerplay,105,84,6,63
T20I,MH Yardy,Middle,235,249,10,90
T20I,MHS James,Middle,63,47,6,38
T20I,MI Khagoitsa,Death,93,62,10,52
T20I,MI Khagoitsa,Middle,221,157,9,124
T20I,MI Khagoitsa,Powerplay,345,229,18,231
T20I,MJ Ansell,Death,69,56,8,37
T20I,MJ Ansell,Middle,137,124,6,59
T20I,MJ Ansell,Powerplay,325,307,12,182
T20I,MJ Clarke,Middle,129,183,4,34
T20I,MJ Henry,Death,214,355,22,62
T20I,MJ Henry,Middle,147,225,11,44
T20I,MJ Henry,Powerplay,483,605,17,237
T20I,MJ Humphreys,Middle,224,230,16,73
T20I,MJ Humphreys,Powerplay,183,239,5,80
T20I,MJ Massawe,Middle,123,131,1,46
T20I,MJ McClenaghan,Death,138,180,11,38
T20I,MJ McClenaghan,Middle,203,242,7,64
T20I,MJ McClenaghan,Powerplay,290,387,12,134
T20I,MJ Santner,Death,307,392,26,105
T20I,MJ Santner,Middle,2047,2400,93,694
T20I,MJ Santner,Powerplay,505,570,23,248
T20I,MJ Swepson,Middle,149,189,11,47
T20I,MJ Tumukunde,Middle,65,51,4,25
T20I,MJG Nielsen,Middle,123,94,4,59
T20I,MJG Nielsen,Powerplay,195,129,5,125
T20I,MJG Rippon,Middle,225,256,11,88
T20I,MK Amusa,Middle,213,158,10,107
T20I,MK Anafie,Middle,63,58,3,32
T20I,MK Thakur,Death,146,172,9,48
T20I,MK Thakur,Powerplay,268,239,12,133
T20I,MK Villiers,Middle,193,180,11,89
T20I,ML Bojang,Middle,92,78,2,42
T20I,ML Castillo,Death,70,68,8,29
T20I,ML Castillo,Middle,135,131,10,54
T20I,ML Kostic,Middle,77,158,3,21
T20I,ML Schutt,Death,778,1003,73,255
T20I,ML Schutt,Middle,362,394,17,119
T20I,ML Schutt,Powerplay,1327,1261,52,716
T20I,MLN Sissako,Middle,80,70,1,35
T20I,MM Ali,Death,65,105,8,23
T20I,MM Ali,Middle,633,846,27,171
T20I,MM Ali,Powerplay,303,430,15,129
T20I,MM Baig,Death,99,158,12,25
T20I,MM Baig,Middle,68,73,5,19
T20I,MM Baig,Powerplay,246,269,14,123
T20I,MM Dekeling,Death,102,90,3,39
T20I,MM Dekeling,Middle,85,97,3,29
T20I,MM Letsoalo,Middle,221,230,8,83
T20I,MM Mabathoana,Middle,88,139,1,15
T20I,MM Penfold,Middle,113,129,5,43
T20I,MM Sharma,Powerplay,79,96,4,36
T20I,MMR Obili,Powerplay,100,100,1,39
T20I,MN Samuels,Death,105,174,6,29
T20I,MN Samuels,Middle,317,390,14,104
T20I,MN Samuels,Powerplay,62,64,2,27
T20I,MNM Aslam,Death,170,214,11,68
T20I,MNM Aslam,Middle,1031,994,50,433
T20I,MNM Aslam,Powerplay,229,256,14,128
T20I,MNR Cooray,Middle,75,86,1,22
T20I,MO Jones,Middle,148,126,7,66
T20I,MO Jones,Powerplay,87,82,4,47
T20I,MP Ainsworth,Middle,164,218,8,57
T20I,MP Kuhnemann,Middle,90,105,1,26
T20I,MP Kuhnemann,Powerplay,69,104,2,30
T20I,MP O'Dowd,Middle,88,140,3,22
T20I,MP Stoinis,Death,221,330,19,67
T20I,MP Stoinis,Middle,498,699,24,138
T20I,MP Stoinis,Powerplay,217,284,9,84
T20I,MP Yadav,Powerplay,67,71,4,40
T20I,MPGT Ketiyage,Death,91,145,7,25
T20I,MPGT Ketiyage,Middle,66,76,1,22
T20I,MPGT Ketiyage,Powerplay,186,189,7,83
T20I,MPM Pathirannehelage,Death,85,53,4,44
T20I,MPM Pathirannehelage,Powerplay,162,97,11,94
T20I,MPP San,Death,90,83,5,38
T20I,MPP San,Middle,176,106,7,95
T20I,MPP San,Powerplay,235,174,7,120
T20I,MR Adair,Death,821,1200,68,238
T20I,MR Adair,Middle,232,297,12,65
T20I,MR Adair,Powerplay,1056,1131,48,494
T20I,MR Gillespie,Death,68,90,4,21
T20I,MR Gillespie,Powerplay,115,121,5,64
T20I,MR Marsh,Middle,245,300,11,85
T20I,MR Swart,Middle,80,75,3,20
T20I,MR Swart,Powerplay,148,141,8,83
T20I,MRJ Watt,Death,292,409,22,83
T20I,MRJ Watt,Middle,1008,1154,52,330
T20I,MRJ Watt,Powerplay,382,384,13,197
T20I,MS Beresford,Death,106,101,7,44
T20I,MS Beresford,Middle,213,191,9,93
T20I,MS Beresford,Powerplay,123,102,3,60
T20I,MSN Ekani,Middle,118,106,6,53
T20I,MSN Ekani,Powerplay,99,103,3,50
T20I,MT Jacob,Death,91,90,6,36
T20I,MT Jacob,Middle,63,55,3,24
T20I,MT Jacob,Powerplay,168,147,3,80
T20I,MT Waqanisau,Middle,106,81,6,52
T20I,MTMMJ Ave,Middle,159,169,8,60
T20I,MV Pavlovic,Death,105,143,12,40
T20I,MV Pavlovic,Middle,245,269,13,88
T20I,MV Pavlovic,Powerplay,172,202,6,77
T20I,MW Forde,Death,84,138,7,29
T20I,MW Forde,Powerplay,329,407,12,143
T20I,MW Parkinson,Middle,118,188,6,27
T20I,MWR Stokes,Death,109,152,4,35
T20I,MWR Stokes,Middle,254,291,14,91
T20I,MWR Stokes,Powerplay,170,167,7,85
T20I,MY Bawa,Middle,86,45,5,58
T20I,Ma Qiancheng,Death,63,106,2,15
T20I,Ma Qiancheng,Powerplay,105,127,1,48
T20I,Ma Ruike,Death,94,105,7,35
T20I,Ma Ruike,Middle,151,120,4,65
T20I,Ma Ruike,Powerplay,302,197,17,183
T20I,Maahi Madhavan,Death,74,85,7,31
T20I,Maahi Madhavan,Middle,67,69,4,32
T20I,Maahi Madhavan,Powerplay,111,100,7,66
T20I,Madhawa Basnayaka,Middle,105,144,8,36
T20I,Mah Noor Amir,Death,71,131,1,12
T20I,Mah Noor Amir,Powerplay,79,122,2,17
T20I,Mahedi Hasan,Death,118,202,7,24
T20I,Mahedi Hasan,Middle,784,845,31,282
T20I,Mahedi Hasan,Powerplay,659,721,36,336
T20I,Mahirah Izzati Ismail,Death,210,185,14,94
T20I,Mahirah Izzati Ismail,Middle,893,699,35,395
T20I,Mahirah Izzati Ismail,Powerplay,319,242,13,178
T20I,Mahmudullah,Death,129,187,7,27
T20I,Mahmudullah,Middle,683,803,26,210
T20I,Maira Khan,Powerplay,90,135,2,19
T20I,Maiwand Momand,Middle,61,68,3,22
T20I,Manpreet Singh,Middle,192,238,4,58
T20I,Mansoor Shah,Powerplay,71,90,4,30
T20I,Marcelle Hanekom,Middle,86,123,3,18
T20I,Maria Jasvi,Death,257,287,18,84
T20I,Maria Jasvi,Middle,157,118,11,88
T20I,Maria Jasvi,Powerplay,504,427,13,264
T20I,Mariamma Hyder,Death,125,102,9,48
T20I,Mariamma Hyder,Middle,455,404,19,203
T20I,Mariamma Hyder,Powerplay,442,360,17,244
T20I,Marufa Akter,Death,141,219,10,39
T20I,Marufa Akter,Middle,104,134,4,32
T20I,Marufa Akter,Powerplay,724,666,30,392
T20I,Maryam Omar,Death,75,66,1,29
T20I,Maryam Omar,Middle,397,293,20,221
T20I,Maryam Omar,Powerplay,274,233,10,141
T20I,Mas Elysa,Death,243,213,19,105
T20I,Mas Elysa,Middle,501,442,17,226
T20I,Mas Elysa,Powerplay,77,74,0,36
T20I,Mashrafe Mortaza,Death,171,309,7,29
T20I,Mashrafe Mortaza,Middle,385,507,11,97
T20I,Mashrafe Mortaza,Powerplay,512,637,16,241
T20I,Mayank Nagayach,Middle,185,232,1,65
T20I,Mazharul Islam,Middle,77,94,4,29
T20I,Meet Bhavsar,Middle,183,177,9,76
T20I,Meghana Lakayil,Middle,81,62,4,34
T20I,Meghna Rajan,Death,74,44,3,40
T20I,Meghna Rajan,Middle,111,58,11,66
T20I,Meghna Rajan,Powerplay,149,69,6,104
T20I,Mehboob Ali,Powerplay,260,347,12,107
T20I,Mehedi Hasan Miraz,Middle,302,375,12,99
T20I,Mehedi Hasan Miraz,Powerplay,126,239,4,36
T20I,Mehran Khan,Middle,310,379,12,109
T20I,Mehran Khan,Powerplay,108,118,8,56
T20I,Mengting Liu,Death,95,58,10,55
T20I,Mengting Liu,Middle,176,119,18,105
T20I,Mengting Liu,Powerplay,194,137,10,122
T20I,Metty Fernandes,Middle,87,53,4,46
T20I,Milad Momend,Death,135,195,14,48
T20I,Milad Momend,Middle,157,203,9,53
T20I,Milad Momend,Powerplay,136,198,5,51
T20I,Milind Kumar,Middle,81,123,1,24
T20I,Milind Kumar,Powerplay,117,118,11,64
T20I,Mirab Razwan,Death,77,80,7,32
T20I,Mirab Razwan,Middle,427,386,20,184
T20I,Mirza Ahmed,Powerplay,93,105,6,47
T20I,Mohamed Ishmath,Middle,95,91,3,35
T20I,Mohamed Mahfooz,Middle,151,171,7,60
T20I,Mohamed Shafeeq,Death,341,465,23,109
T20I,Mohamed Shafeeq,Middle,84,89,1,36
T20I,Mohamed Shafeeq,Powerplay,522,618,14,240
T20I,Mohamed Turay,Death,61,81,3,20
T20I,Mohamed Turay,Middle,271,283,11,117
T20I,Mohameed Taiwo,Death,170,204,5,58
T20I,Mohameed Taiwo,Middle,186,228,16,71
T20I,Mohameed Taiwo,Powerplay,449,444,15,234
T20I,Mohammad Aadil Alam,Middle,92,108,6,31
T20I,Mohammad Amir,Death,468,624,32,148
T20I,Mohammad Amir,Middle,93,121,6,36
T20I,Mohammad Amir,Powerplay,812,872,33,397
T20I,Mohammad Asaduzzaman,Middle,136,162,4,42
T20I,Mohammad Ashraful,Middle,113,135,3,26
T20I,Mohammad Asif,Powerplay,193,252,8,77
T20I,Mohammad Atif,Death,78,66,5,40
T20I,Mohammad Atif,Middle,121,86,6,63
T20I,Mohammad Atif,Powerplay,107,105,5,57
T20I,Mohammad Ghazanfar,Death,70,109,6,25
T20I,Mohammad Ghazanfar,Middle,547,588,28,215
T20I,Mohammad Hafeez,Death,83,126,7,25
T20I,Mohammad Hafeez,Middle,870,957,42,295
T20I,Mohammad Hafeez,Powerplay,311,303,12,159
T20I,Mohammad Hasnain,Death,161,285,8,45
T20I,Mohammad Hasnain,Middle,200,246,5,56
T20I,Mohammad Hasnain,Powerplay,261,337,11,116
T20I,Mohammad Irfan,Death,85,135,7,29
T20I,Mohammad Irfan,Middle,112,126,3,49
T20I,Mohammad Irfan,Powerplay,270,314,6,128
T20I,Mohammad Kamran,Death,114,142,11,37
T20I,Mohammad Kamran,Powerplay,393,304,21,229
T20I,Mohammad Khan Rafah,Death,92,119,14,37
T20I,Mohammad Khan Rafah,Middle,110,117,6,39
T20I,Mohammad Mohsin,Middle,72,72,4,31
T20I,Mohammad Nadeem,Death,144,262,6,29
T20I,Mohammad Nadeem,Middle,458,533,16,152
T20I,Mohammad Nadeem,Powerplay,225,275,12,103
T20I,Mohammad Naveed,Death,151,151,16,61
T20I,Mohammad Naveed,Middle,85,97,6,37
T20I,Mohammad Naveed,Powerplay,294,258,10,165
T20I,Mohammad Nawaz,Death,84,89,9,28
T20I,Mohammad Nawaz,Middle,896,1059,52,284
T20I,Mohammad Nawaz,Powerplay,224,315,12,94
T20I,Mohammad Nawaz (3),Middle,280,345,11,96
T20I,Mohammad Nawaz (3),Powerplay,188,200,9,101
T20I,Mohammad Saifuddin,Death,384,612,21,97
T20I,Mohammad Saifuddin,Middle,292,357,17,81
T20I,Mohammad Saifuddin,Powerplay,314,422,10,113
T20I,Mohammad Sami,Death,102,168,9,32
T20I,Mohammad Sami,Middle,75,80,7,36
T20I,Mohammad Sami,Powerplay,116,148,5,51
T20I,Mohammad Shahzad,Middle,122,157,3,44
T20I,Mohammad Wasim,Death,203,286,14,66
T20I,Mohammad Wasim,Middle,196,270,12,59
T20I,Mohammad Wasim,Powerplay,276,364,15,113
T20I,Mohammed Awais,Powerplay,77,116,2,34
T20I,Mohammed Faraazuddin,Middle,78,108,2,15
T20I,Mohammed Irshad,Middle,101,119,9,30
T20I,Mohammed Jamadar,Middle,69,60,2,28
T20I,Mohammed Nadeem,Middle,400,408,17,161
T20I,Mohammed Nadeem,Powerplay,73,88,4,33
T20I,Mohammed Qasim,Middle,202,212,12,82
T20I,Mohammed Shami,Death,151,259,10,45
T20I,Mohammed Shami,Middle,115,154,7,44
T20I,Mohammed Shami,Powerplay,238,326,7,98
T20I,Mohammed Siraj,Death,106,155,9,36
T20I,Mohammed Siraj,Middle,93,144,4,28
T20I,Mohammed Siraj,Powerplay,189,192,4,96
T20I,Mohsin Zaki,Middle,61,79,3,18
T20I,Mosaddek Hossain,Middle,225,268,8,69
T20I,Mudassar Bukhari,Death,121,169,11,33
T20I,Mudassar Bukhari,Middle,122,150,1,34
T20I,Mudassar Bukhari,Powerplay,271,253,18,147
T20I,Muhammad Ajmal,Powerplay,86,81,5,40
T20I,Muhammad Amir,Death,127,142,10,47
T20I,Muhammad Amir,Middle,435,501,31,179
T20I,Muhammad Arfan,Death,67,79,3,22
T20I,Muhammad Arfan,Middle,150,158,9,51
T20I,Muhammad Asim,Death,96,132,9,30
T20I,Muhammad Asim,Middle,286,310,11,109
T20I,Muhammad Asim,Powerplay,97,117,5,48
T20I,Muhammad Burhan,Middle,222,258,12,87
T20I,Muhammad Fahad,Middle,115,131,4,40
T20I,Muhammad Fahad,Powerplay,61,84,2,24
T20I,Muhammad Fahim,Powerplay,131,157,2,61
T20I,Muhammad Farooq,Middle,284,329,15,120
T20I,Muhammad Jabir,Death,149,227,13,36
T20I,Muhammad Jabir,Powerplay,314,410,9,114
T20I,Muhammad Jawadullah,Death,260,390,23,81
T20I,Muhammad Jawadullah,Middle,278,293,11,108
T20I,Muhammad Jawadullah,Powerplay,231,275,13,108
T20I,Muhammad Moiz,Death,63,77,8,31
T20I,Muhammad Moiz,Middle,121,157,5,40
T20I,Muhammad Moiz,Powerplay,128,174,9,53
T20I,Muhammad Murad,Death,74,101,9,25
T20I,Muhammad Murad,Powerplay,117,132,2,52
T20I,Muhammad Nadir,Death,154,121,11,74
T20I,Muhammad Nadir,Middle,1052,887,53,529
T20I,Muhammad Nadir,Powerplay,523,396,24,334
T20I,Muhammad Rohid,Death,81,108,8,30
T20I,Muhammad Rohid,Powerplay,158,215,6,69
T20I,Muhammad Salman,Middle,241,225,11,113
T20I,Muhammad Saqlain,Death,60,90,6,21
T20I,Muhammad Saqlain,Middle,85,84,6,31
T20I,Muhammad Saqlain,Powerplay,351,446,18,150
T20I,Muhammad Shoaib Ahmed,Powerplay,78,62,4,38
T20I,Muhammad Siddiqui,Powerplay,166,195,8,78
T20I,Muhammad Soban,Middle,123,170,1,36
T20I,Muhammad Tanveer,Middle,154,230,4,38
T20I,Muhammad Usman,Middle,94,111,1,37
T20I,Muhammad Wafiq,Death,187,301,11,49
T20I,Muhammad Wafiq,Middle,218,199,10,92
T20I,Muhammad Wafiq,Powerplay,325,409,8,145
T20I,Mujeeb-ur-Rehman,Middle,233,266,11,78
T20I,Mujeeb-ur-Rehman,Powerplay,122,140,6,69
T20I,Mukesh Kumar,Death,112,151,7,36
T20I,Mukesh Kumar,Middle,76,112,4,19
T20I,Mukesh Kumar,Powerplay,95,130,7,48
T20I,Murat Yilmaz,Middle,89,120,4,22
T20I,Murid Ekrami,Middle,225,254,12,85
T20I,Murid Ekrami,Powerplay,154,164,8,79
T20I,Musa Khan Ahmadzai,Death,96,116,8,30
T20I,Musa Khan Ahmadzai,Middle,73,88,4,25
T20I,Musawar Shah,Middle,91,108,6,28
T20I,Musawar Shah,Powerplay,66,62,3,40
T20I,Muslim Yar,Death,69,67,9,32
T20I,Muslim Yar,Middle,915,1009,54,345
T20I,Muslim Yar,Powerplay,187,196,6,97
T20I,Mustafizur Rahman,Death,985,1246,74,350
T20I,Mustafizur Rahman,Middle,845,953,36,303
T20I,Mustafizur Rahman,Powerplay,837,955,40,394
T20I,Mustakim Aslam,Middle,61,80,1,16
T20I,Muzahir Raza,Powerplay,84,88,6,44
T20I,N Asuramanage,Middle,85,85,1,34
T20I,N Benjamin,Middle,156,143,6,75
T20I,N Benjamin,Powerplay,97,79,3,52
T20I,N Boochatham,Death,406,383,35,171
T20I,N Boochatham,Middle,376,252,17,207
T20I,N Boochatham,Powerplay,826,562,37,524
T20I,N Burger,Death,61,76,5,20
T20I,N Burger,Powerplay,101,122,1,44
T20I,N Caruana,Middle,78,34,7,46
T20I,N Chabula,Middle,82,75,5,26
T20I,N Choden,Middle,134,90,9,66
T20I,N Davidovic,Middle,70,119,5,20
T20I,N Dutta,Middle,405,416,20,145
T20I,N Gwanzura,Death,86,107,7,34
T20I,N Gwanzura,Middle,230,238,11,98
T20I,N Gwanzura,Powerplay,80,85,3,43
T20I,N Hirani,Middle,127,140,9,59
T20I,N Jagadish,Powerplay,71,54,0,35
T20I,N Kakor,Middle,110,88,4,51
T20I,N Krishna,Middle,148,176,11,51
T20I,N Liyanage,Middle,112,92,6,42
T20I,N M'shangwe,Middle,95,132,4,28
T20I,N Mabila,Death,81,73,2,31
T20I,N Mabila,Middle,195,191,7,77
T20I,N Mabila,Powerplay,63,52,0,25
T20I,N Madziva,Death,99,132,7,21
T20I,N Madziva,Powerplay,116,156,4,52
T20I,N Mlaba,Death,274,324,19,100
T20I,N Mlaba,Middle,990,1019,46,381
T20I,N Mlaba,Powerplay,451,474,14,248
T20I,N Naranbaatar,Powerplay,79,127,1,17
T20I,N Navaika,Death,90,96,11,39
T20I,N Navaika,Middle,599,493,31,279
T20I,N Ndzeute,Middle,93,92,7,50
T20I,N Nipiko,Death,139,163,14,48
T20I,N Nipiko,Middle,139,187,10,52
T20I,N Nipiko,Powerplay,176,218,12,76
T20I,N Niranjana,Powerplay,111,98,3,59
T20I,N Nojic,Death,99,76,9,43
T20I,N Nojic,Middle,119,82,3,59
T20I,N Nojic,Powerplay,263,166,10,147
T20I,N Nuntarach,Middle,149,167,7,52
T20I,N Peter,Middle,213,337,7,60
T20I,N Pokana,Death,156,227,9,42
T20I,N Pokana,Middle,109,120,6,42
T20I,N Pokana,Powerplay,228,252,6,107
T20I,N Pradeep,Death,76,123,6,21
T20I,N Pradeep,Middle,96,142,4,22
T20I,N Pradeep,Powerplay,122,184,5,34
T20I,N Salekar,Powerplay,170,168,9,85
T20I,N Senamontree,Death,140,174,12,55
T20I,N Senamontree,Middle,703,613,48,346
T20I,N Senamontree,Powerplay,313,281,15,205
T20I,N Shangase,Middle,199,236,12,81
T20I,N Shree Charani,Death,173,180,21,72
T20I,N Shree Charani,Middle,394,442,26,136
T20I,N Shree Charani,Powerplay,115,137,7,66
T20I,N Sibanda,Death,174,324,7,38
T20I,N Sibanda,Middle,140,120,8,63
T20I,N Sibanda,Powerplay,674,523,24,400
T20I,N Sonne-Rudd,Powerplay,68,68,3,33
T20I,N Tanner,Death,86,133,5,26
T20I,N Tanner,Middle,249,267,18,99
T20I,N Thushara,Death,141,238,8,32
T20I,N Thushara,Middle,82,102,1,16
T20I,N Thushara,Powerplay,344,415,19,140
T20I,N Tokizawa,Powerplay,94,64,3,50
T20I,N Toleva,Middle,93,113,1,23
T20I,N Tyagi,Middle,63,70,3,19
T20I,N Tyagi,Powerplay,154,215,5,55
T20I,N Vanua,Death,270,401,16,76
T20I,N Vanua,Middle,271,312,13,99
T20I,N Vanua,Powerplay,364,398,21,175
T20I,N Venables,Middle,85,85,2,43
T20I,N Zimonjic,Death,60,93,4,17
T20I,N Zimonjic,Middle,103,174,6,21
T20I,N de Klerk,Death,485,653,33,118
T20I,N de Klerk,Middle,765,927,25,264
T20I,N de Klerk,Powerplay,171,208,6,91
T20I,NA Greenwood,Death,92,96,5,36
T20I,NA Greenwood,Middle,224,226,10,77
T20I,NA Greenwood,Powerplay,61,56,3,34
T20I,NA Karnik,Middle,79,113,5,27
T20I,NA Karnik,Powerplay,72,108,2,30
T20I,NA Maiolo,Powerplay,68,63,3,34
T20I,NC Monteiro,Death,98,86,5,37
T20I,NC Monteiro,Middle,299,208,18,166
T20I,NC Monteiro,Powerplay,194,136,16,109
T20I,NCK Liyanage,Powerplay,64,66,2,39
T20I,ND Laegsgaard,Death,61,64,7,30
T20I,ND Laegsgaard,Middle,219,202,13,95
T20I,ND Laegsgaard,Powerplay,187,185,9,104
T20I,NE Farrant,Death,68,109,4,16
T20I,NE Farrant,Powerplay,164,140,7,110
T20I,NH Berejo,Middle,147,95,9,80
T20I,NH Patel,Middle,116,117,4,47
T20I,NH Patel,Powerplay,62,52,6,32
T20I,NJ Amongin,Powerplay,62,36,3,40
T20I,NJ Browne,Middle,147,130,9,71
T20I,NJ Browne,Powerplay,65,42,3,43
T20I,NJ Carey,Death,110,160,5,25
T20I,NJ Carey,Middle,317,339,14,118
T20I,NJ Pius,Death,72,51,3,37
T20I,NJ Pius,Middle,119,100,5,58
T20I,NJ Pius,Powerplay,86,60,4,52
T20I,NK Aneesh Kumar,Middle,540,611,22,226
T20I,NK Ariani,Death,244,227,19,116
T20I,NK Ariani,Middle,272,172,10,143
T20I,NK Ariani,Powerplay,137,87,8,89
T20I,NK Patel,Death,62,88,5,29
T20I,NK Patel,Middle,291,236,18,139
T20I,NK Tiwari,Middle,262,267,12,108
T20I,NK Yadav,Death,110,141,11,36
T20I,NK Yadav,Middle,84,106,3,26
T20I,NK Yadav,Powerplay,158,191,8,75
T20I,NKD Murtiari,Powerplay,75,16,5,63
T20I,NKF Rada Rani,Death,61,45,4,32
T20I,NKF Rada Rani,Middle,119,91,3,53
T20I,NL McCullum,Death,114,159,9,34
T20I,NL McCullum,Middle,876,939,43,300
T20I,NL McCullum,Powerplay,147,193,6,64
T20I,NLKWR Dewi,Death,142,138,9,69
T20I,NLKWR Dewi,Middle,247,160,11,134
T20I,NLKWR Dewi,Powerplay,274,167,19,174
T20I,NLTC Perera,Death,308,538,21,62
T20I,NLTC Perera,Middle,622,885,25,167
T20I,NLTC Perera,Powerplay,186,279,2,72
T20I,NM Ambo,Middle,70,49,5,40
T20I,NM Coulter-Nile,Death,157,256,8,37
T20I,NM Coulter-Nile,Middle,155,190,12,50
T20I,NM Coulter-Nile,Powerplay,290,381,14,131
T20I,NM Meepage,Middle,75,83,2,26
T20I,NM Meepage,Powerplay,76,99,3,30
T20I,NM Mokhachane,Death,65,80,3,18
T20I,NM Mokhachane,Middle,64,66,5,24
T20I,NM Mokhachane,Powerplay,109,110,2,36
T20I,NM Odhiambo,Death,116,168,7,27
T20I,NM Odhiambo,Middle,223,276,5,75
T20I,NM Odhiambo,Powerplay,75,97,4,35
T20I,NM Salonen,Death,132,163,7,44
T20I,NM Salonen,Middle,171,196,9,56
T20I,NM Salonen,Powerplay,232,244,12,117
T20I,NMP Suwandewi,Death,69,75,6,26
T20I,NMP Suwandewi,Middle,120,96,4,65
T20I,NMP Suwandewi,Powerplay,548,304,24,365
T20I,NN Banner,Middle,119,131,6,47
T20I,NN Banner,Powerplay,76,85,3,33
T20I,NN Odhiambo,Death,95,153,7,23
T20I,NN Odhiambo,Middle,111,155,3,33
T20I,NN Odhiambo,Powerplay,227,296,11,99
T20I,NN Saidi,Death,211,215,16,79
T20I,NN Saidi,Middle,160,135,4,66
T20I,NN Saidi,Powerplay,418,275,14,244
T20I,NND de Silva,Middle,211,211,8,85
T20I,NO Miller,Middle,156,179,8,54
T20I,NP Dalgaard,Middle,448,333,18,210
T20I,NP Kenjige,Middle,222,250,14,80
T20I,NP Kenjige,Powerplay,188,259,5,76
T20I,NR Johns-Wickberg,Death,97,120,11,44
T20I,NR Johns-Wickberg,Middle,192,191,5,95
T20I,NR Johns-Wickberg,Powerplay,62,54,3,36
T20I,NR Kumar,Middle,120,125,4,46
T20I,NR Sciver,Death,324,419,25,104
T20I,NR Sciver,Middle,706,707,26,259
T20I,NR Sciver,Powerplay,406,390,17,215
T20I,NR Sciver-Brunt,Death,80,129,1,20
T20I,NR Sciver-Brunt,Middle,132,158,4,35
T20I,NR Sciver-Brunt,Powerplay,188,187,7,91
T20I,NSK Mehta,Middle,166,170,5,72
T20I,NSS Sharma,Middle,75,101,5,24
T20I,NSS Sharma,Powerplay,104,103,4,50
T20I,NT Ellis,Death,347,453,30,124
T20I,NT Ellis,Middle,252,295,9,87
T20I,NT Ellis,Powerplay,262,318,19,103
T20I,NT Gireesh,Middle,126,145,9,46
T20I,NT Nyamhuri,Powerplay,64,99,1,24
T20I,NT Raghunandan,Powerplay,85,66,6,42
T20I,NT Rajendran,Middle,141,131,9,56
T20I,NW Bracken,Death,110,174,8,27
T20I,NW Bracken,Middle,67,83,2,20
T20I,NW Bracken,Powerplay,215,196,9,114
T20I,NW Sariani,Death,115,66,11,67
T20I,NW Sariani,Middle,529,303,36,314
T20I,Nadeem Ahmed,Middle,213,230,10,86
T20I,Nadeem Ahmed,Powerplay,122,145,7,63
T20I,Nadeem Khan,Middle,168,148,9,80
T20I,Naeem Islam,Middle,74,88,1,23
T20I,Nahida Akter,Death,564,603,44,220
T20I,Nahida Akter,Middle,857,781,54,359
T20I,Nahida Akter,Powerplay,705,728,22,361
T20I,Naina Saju,Middle,151,134,9,59
T20I,Naina Saju,Powerplay,104,74,3,48
T20I,Najjam Shahzad,Death,105,129,8,30
T20I,Najjam Shahzad,Powerplay,265,278,9,115
T20I,Namgay Thinley,Death,153,194,9,63
T20I,Namgay Thinley,Middle,463,405,21,207
T20I,Namgay Thinley,Powerplay,98,77,5,62
T20I,Nary Thapa,Middle,87,50,9,51
T20I,Naseem Shah,Death,189,267,8,57
T20I,Naseem Shah,Middle,169,212,6,61
T20I,Naseem Shah,Powerplay,388,510,16,173
T20I,Nashra Sandhu,Death,334,348,16,119
T20I,Nashra Sandhu,Middle,1418,1295,61,629
T20I,Nashra Sandhu,Powerplay,183,168,9,91
T20I,Nasir Hossain,Middle,131,165,5,42
T20I,Nasrulla Rana,Death,239,337,20,67
T20I,Nasrulla Rana,Middle,495,596,23,185
T20I,Nasrulla Rana,Powerplay,194,253,8,84
T20I,Nasum Ahmed,Middle,382,515,17,124
T20I,Nasum Ahmed,Powerplay,419,482,20,204
T20I,Navdeep Saini,Middle,75,70,5,35
T20I,Navdeep Saini,Powerplay,75,101,3,40
T20I,Naveed Ahmed,Death,60,108,4,12
T20I,Naveed Ahmed,Middle,354,420,17,120
T20I,Naveed Ahmed,Powerplay,101,80,3,58
T20I,Nazmul Islam,Middle,98,129,3,27
T20I,Nazmus Sakib,Middle,98,74,9,57
T20I,Nazril Rahman,Middle,60,81,2,18
T20I,Nazwan Ismail,Middle,67,101,2,20
T20I,Neeraj Mishra,Powerplay,99,119,2,35
T20I,Ngawang Thinley,Middle,89,111,7,36
T20I,Nida Dar,Death,555,645,43,192
T20I,Nida Dar,Middle,1552,1401,59,640
T20I,Nida Dar,Powerplay,423,440,9,208
T20I,Nik Nur Atiela,Death,97,92,5,35
T20I,Nik Nur Atiela,Middle,247,179,13,121
T20I,Nilansh Keswani,Middle,171,213,3,51
T20I,Nilansh Keswani,Powerplay,70,51,6,45
T20I,Nimish Lathief,Death,67,67,5,32
T20I,Nimish Lathief,Middle,147,192,5,43
T20I,Niv Nagavkar,Death,94,154,6,25
T20I,Niv Nagavkar,Powerplay,205,227,3,102
T20I,Nizakat Khan,Death,72,76,6,29
T20I,Nizakat Khan,Middle,130,122,5,52
T20I,Noah Mead,Middle,69,87,3,21
T20I,Noah Mead,Powerplay,118,141,7,46
T20I,Noman Amjad,Death,209,282,13,74
T20I,Noman Amjad,Middle,168,149,8,77
T20I,Noman Amjad,Powerplay,427,513,8,195
T20I,Nonoha Yasumoto,Middle,109,85,5,58
T20I,Nonoha Yasumoto,Powerplay,394,256,17,230
T20I,Noor Hayati Zakaria,Middle,63,55,1,23
T20I,Nooruddin Mujadady,Powerplay,134,183,4,54
T20I,Ntombizonke MKhatshwa,Powerplay,106,95,4,58
T20I,Nur Arianna Natsya,Death,134,135,7,52
T20I,Nur Arianna Natsya,Middle,520,466,18,233
T20I,Nur Arianna Natsya,Powerplay,205,148,10,122
T20I,Nur Dania Syuhada,Death,258,287,9,91
T20I,Nur Dania Syuhada,Middle,469,383,18,212
T20I,Nur Dania Syuhada,Powerplay,660,472,25,370
T20I,Nur Nadihirah,Middle,98,97,4,46
T20I,Nur Qalysha,Powerplay,66,65,1,32
T20I,Nyeing Cham Soe,Middle,150,190,10,55
T20I,O Amarjargal,Middle,144,129,3,51
T20I,O Amarjargal,Powerplay,107,107,4,46
T20I,O Bastin,Middle,120,88,5,54
T20I,O Bell,Middle,154,151,9,64
T20I,O Bell,Powerplay,232,256,13,121
T20I,O Davidson,Middle,98,118,5,27
T20I,O Duff,Powerplay,83,127,0,24
T20I,O Erdenebaatar,Powerplay,184,163,5,78
T20I,O Gholami,Middle,81,83,2,30
T20I,O Isiyaku,Powerplay,103,92,4,56
T20I,O Kamchomphu,Death,563,472,59,240
T20I,O Kamchomphu,Middle,1476,1136,64,762
T20I,O Kamchomphu,Powerplay,127,97,7,77
T20I,O Keitsemang,Middle,166,136,6,73
T20I,O Keitsemang,Powerplay,63,77,1,26
T20I,O Kgeresi,Middle,88,56,5,48
T20I,O Lefaga,Powerplay,210,131,11,139
T20I,O Lutbayar,Middle,85,152,2,12
T20I,O Lutbayar,Powerplay,85,126,2,22
T20I,O Matsolo,Middle,211,201,12,100
T20I,O Matsolo,Powerplay,116,121,4,53
T20I,O Mondlane,Death,113,60,8,65
T20I,O Mondlane,Middle,164,114,6,81
T20I,O Muzondo,Middle,63,61,8,25
T20I,O Omonkhobio,Powerplay,115,87,3,72
T20I,O Prendergast,Death,303,342,25,104
T20I,O Prendergast,Middle,280,262,10,121
T20I,O Prendergast,Powerplay,903,771,34,521
T20I,O Ranedoumoun,Powerplay,212,139,8,118
T20I,O Thomas,Middle,114,180,2,27
T20I,O Thomas,Powerplay,277,397,15,123
T20I,OC McCoy,Death,309,511,24,80
T20I,OC McCoy,Middle,263,346,8,87
T20I,OC McCoy,Powerplay,289,368,17,124
T20I,OD Hald,Death,83,94,8,32
T20I,OD Hald,Powerplay,221,273,11,103
T20I,OE Taylor,Middle,141,122,12,63
T20I,OE Taylor,Powerplay,105,151,6,52
T20I,OEG Baartman,Death,161,236,12,55
T20I,OEG Baartman,Middle,123,152,8,42
T20I,OEG Baartman,Powerplay,175,214,9,95
T20I,OF Smith,Death,132,199,11,35
T20I,OF Smith,Middle,268,437,12,63
T20I,OF Smith,Powerplay,84,148,4,31
T20I,OGL Bascome,Middle,64,83,3,20
T20I,OH Agbomadzie,Death,96,95,12,46
T20I,OH Agbomadzie,Middle,510,431,30,260
T20I,OH Agbomadzie,Powerplay,180,189,4,91
T20I,OJ Webster,Middle,81,75,4,35
T20I,OU Ranasinghe,Death,177,232,10,45
T20I,OU Ranasinghe,Middle,425,469,20,135
T20I,OU Ranasinghe,Powerplay,390,429,20,175
T20I,Omar Hayat,Middle,66,70,8,29
T20I,Omar Rassol,Middle,98,160,2,32
T20I,Omid Shafi Rahman,Powerplay,78,69,3,39
T20I,Owais Ahmed,Death,69,85,4,18
T20I,Owais Ahmed,Middle,236,253,6,89
T20I,P Agboya,Death,96,64,8,52
T20I,P Agboya,Powerplay,200,128,9,129
T20I,P Agrawal,Middle,175,129,8,89
T20I,P Aho,Death,275,293,24,108
T20I,P Aho,Middle,246,273,12,95
T20I,P Aho,Powerplay,731,667,33,392
T20I,P Bhandari,Middle,139,123,4,56
T20I,P Bhart,Middle,124,113,4,50
T20I,P Buccimazza,Middle,61,57,2,30
T20I,P Cabebula,Powerplay,68,67,0,31
T20I,P Chilongia,Death,60,37,4,33
T20I,P Chilongia,Middle,95,74,6,50
T20I,P Cuinica,Death,81,67,3,35
T20I,P Cuinica,Powerplay,401,330,14,209
T20I,P Dakainivanua,Middle,191,194,9,76
T20I,P Florin,Middle,66,80,5,22
T20I,P Gheewala,Middle,72,90,3,23
T20I,P Gheewala,Powerplay,181,223,10,69
T20I,P Khadka,Middle,153,189,3,56
T20I,P Khadka,Powerplay,88,60,1,52
T20I,P Koech,Death,165,236,8,58
T20I,P Koech,Middle,161,169,8,74
T20I,P Koech,Powerplay,373,437,22,175
T20I,P Kotoisuva,Death,65,80,3,21
T20I,P Kumar,Powerplay,80,83,3,36
T20I,P Kumbhare,Middle,97,68,2,56
T20I,P Kumbhare,Powerplay,228,165,13,146
T20I,P Madhukar,Middle,86,89,3,34
T20I,P Malav,Middle,291,338,13,93
T20I,P Malav,Powerplay,98,125,7,39
T20I,P Malemikia,Powerplay,194,129,8,116
T20I,P Manning,Middle,74,85,4,25
T20I,P Mapotsane,Death,71,73,7,32
T20I,P Mapotsane,Middle,262,217,16,133
T20I,P Marange,Death,205,210,15,82
T20I,P Marange,Middle,525,340,19,291
T20I,P Marange,Powerplay,306,238,9,190
T20I,P Maya,Death,207,238,16,75
T20I,P Maya,Middle,278,205,16,142
T20I,P Maya,Powerplay,855,745,42,493
T20I,P Maziya,Death,104,111,5,44
T20I,P Maziya,Middle,344,254,19,179
T20I,P Mishra,Death,100,169,8,29
T20I,P Mishra,Middle,910,1018,41,321
T20I,P Mishra,Powerplay,77,103,1,32
T20I,P Molkenboer,Death,79,53,5,45
T20I,P Molkenboer,Middle,156,122,7,73
T20I,P Nedeljkovic,Powerplay,161,176,5,68
T20I,P Neighbour,Middle,79,88,4,23
T20I,P Pratt,Middle,64,47,5,35
T20I,P Pushparajan,Death,62,100,3,20
T20I,P Pushparajan,Middle,219,254,9,84
T20I,P Pustoslemsek,Middle,71,80,4,27
T20I,P Rawat,Middle,110,93,5,57
T20I,P Sabu,Death,65,60,7,25
T20I,P Sabu,Middle,141,97,8,80
T20I,P Sabu,Powerplay,88,71,4,42
T20I,P Sarraf,Middle,66,54,2,33
T20I,P Senjug,Middle,185,145,4,74
T20I,P Sharma,Middle,98,94,5,43
T20I,P Shetty,Death,108,142,5,27
T20I,P Shetty,Powerplay,369,307,7,196
T20I,P Siaka,Death,113,80,16,56
T20I,P Siaka,Middle,384,260,17,203
T20I,P Siaka,Powerplay,73,67,2,36
T20I,P Subrayen,Middle,90,95,5,31
T20I,P Taylor,Middle,73,86,5,21
T20I,P Thongsa,Middle,170,179,13,77
T20I,P Useni,Death,184,235,14,61
T20I,P Useni,Middle,132,121,8,61
T20I,P Useni,Powerplay,581,582,29,325
T20I,P Utseya,Middle,404,509,12,113
T20I,P Utseya,Powerplay,193,200,6,92
T20I,P Vastrakar,Death,204,226,16,82
T20I,P Vastrakar,Middle,534,566,24,225
T20I,P Vastrakar,Powerplay,480,480,18,258
T20I,P Vekaria,Powerplay,70,73,1,37
T20I,PA Chatterji,Death,272,335,19,82
T20I,PA Chatterji,Middle,272,240,10,108
T20I,PA Chatterji,Powerplay,514,434,13,282
T20I,PA van Meekeren,Death,393,520,25,111
T20I,PA van Meekeren,Middle,525,621,30,200
T20I,PA van Meekeren,Powerplay,644,695,29,330
T20I,PADLR Sandakan,Middle,435,529,17,124
T20I,PC Connell,Powerplay,63,65,5,32
T20I,PD Collingwood,Middle,183,237,14,54
T20I,PD Dabholkar,Powerplay,81,73,4,36
T20I,PE Kruger,Middle,89,124,4,17
T20I,PE Kulume,Death,95,97,6,35
T20I,PE Kulume,Middle,151,116,9,72
T20I,PE Kulume,Powerplay,201,179,4,115
T20I,PE Mendonca,Death,152,134,8,66
T20I,PE Mendonca,Middle,468,338,22,239
T20I,PE Mendonca,Powerplay,272,215,15,149
T20I,PEA Karunarathna,Death,61,77,4,23
T20I,PEA Karunarathna,Middle,60,65,3,25
T20I,PEA Karunarathna,Powerplay,66,73,3,28
T20I,PF Gallagher,Middle,299,295,16,114
T20I,PF Gallagher,Powerplay,62,73,3,26
T20I,PHKD Mendis,Middle,160,216,5,46
T20I,PJ Cummins,Death,436,566,25,134
T20I,PJ Cummins,Middle,333,354,14,127
T20I,PJ Cummins,Powerplay,493,613,24,235
T20I,PJ Ongondo,Powerplay,91,87,2,50
T20I,PK Matautaava,Death,142,186,11,43
T20I,PK Matautaava,Middle,101,92,5,44
T20I,PK Matautaava,Powerplay,214,188,8,114
T20I,PK Mohanarangam,Middle,107,59,8,62
T20I,PKD Chase,Death,63,99,5,14
T20I,PKD Chase,Powerplay,76,138,2,27
T20I,PKM Mahawattage,Middle,129,102,5,57
T20I,PM Liyanagamage,Powerplay,90,111,5,31
T20I,PM Seelaar,Death,112,165,13,33
T20I,PM Seelaar,Middle,746,835,30,256
T20I,PP Chawla,Middle,108,117,3,40
T20I,PP Ojha,Middle,109,117,9,33
T20I,PR Stirling,Death,107,149,2,25
T20I,PR Stirling,Middle,260,298,9,70
T20I,PR Stirling,Powerplay,123,130,5,60
T20I,PR Surve,Death,69,111,5,24
T20I,PR Surve,Middle,90,111,1,29
T20I,PRP Boissevain,Middle,103,146,4,38
T20I,PSRK Sudarshan,Death,86,119,8,24
T20I,PSRK Sudarshan,Powerplay,164,198,7,73
T20I,PV Vuniwaqa,Middle,72,112,3,20
T20I,PVD Chameera,Death,608,926,42,169
T20I,PVD Chameera,Middle,478,547,23,182
T20I,PVD Chameera,Powerplay,749,952,33,316
T20I,PW Borren,Middle,280,321,8,70
T20I,PWA Mulder,Middle,84,119,5,25
T20I,PWA Mulder,Powerplay,64,101,3,22
T20I,PWH de Silva,Death,304,382,37,108
T20I,PWH de Silva,Middle,1625,1931,103,580
T20I,PWH de Silva,Powerplay,150,214,15,57
T20I,PZ Kamunya,Death,128,121,12,54
T20I,PZ Kamunya,Middle,321,256,21,161
T20I,PZ Kamunya,Powerplay,727,435,30,474
T20I,Paing Danu,Middle,99,107,4,37
T20I,Paing Danu,Powerplay,158,176,6,71
T20I,Pan Ei Phyu,Middle,180,150,7,82
T20I,Panna Ghosh,Death,71,80,8,29
T20I,Panna Ghosh,Middle,166,156,8,72
T20I,Panna Ghosh,Powerplay,177,136,8,114
T20I,Parveen Kumar,Middle,133,111,7,71
T20I,Parveen Kumar,Powerplay,62,69,2,36
T20I,Pavandeep Singh,Death,93,101,13,37
T20I,Pavandeep Singh,Middle,531,538,29,195
T20I,Pavandeep Singh,Powerplay,1455,1378,65,775
T20I,Phoup Srey Pheak,Middle,65,70,0,27
T20I,Poonam Yadav,Death,268,295,23,97
T20I,Poonam Yadav,Middle,989,913,48,397
T20I,Prachi Kumari,Middle,177,174,7,69
T20I,Prashant Shukla,Middle,67,44,6,44
T20I,Pratik Singh Bais,Death,63,58,5,31
T20I,Pratik Singh Bais,Middle,106,114,12,54
T20I,Pratik Singh Bais,Powerplay,417,362,13,225
T20I,Pratis GC,Middle,127,163,5,34
T20I,Priyada Murali,Death,118,121,7,36
T20I,Priyada Murali,Middle,381,352,14,153
T20I,Priyada Murali,Powerplay,176,156,6,82
T20I,Puja Mahato,Death,109,118,7,39
T20I,Puja Mahato,Middle,211,174,12,97
T20I,Puja Mahato,Powerplay,605,498,23,324
T20I,Pyae Phyo Wai,Middle,216,247,8,87
T20I,Pyae Phyo Wai,Powerplay,173,167,9,92
T20I,Q Abel,Death,208,175,22,107
T20I,Q Abel,Middle,455,320,30,258
T20I,Q Abel,Powerplay,186,148,12,107
T20I,Q Joseph,Death,69,86,6,24
T20I,Q Joseph,Middle,212,199,5,89
T20I,Qadeer Ahmed,Powerplay,128,154,5,65
T20I,Qamar Mushtaque,Death,301,349,26,102
T20I,Qamar Mushtaque,Middle,285,288,16,116
T20I,Qamar Mushtaque,Powerplay,196,239,9,83
T20I,Qanita Jalil,Middle,105,89,3,48
T20I,Qanita Jalil,Powerplay,200,192,4,100
T20I,Qudratullah Mir Afzail,Powerplay,65,53,2,38
T20I,R Abdulkareem,Death,95,95,5,40
T20I,R Abdulkareem,Middle,656,691,45,271
T20I,R Abdulrasak,Powerplay,86,51,3,62
T20I,R Airee,Middle,76,76,6,22
T20I,R Andrew,Death,197,215,7,76
T20I,R Andrew,Middle,172,124,12,98
T20I,R Andrew,Powerplay,307,263,11,160
T20I,R Ankad,Powerplay,136,101,9,81
T20I,R Ashwin,Death,202,251,17,76
T20I,R Ashwin,Middle,818,879,33,292
T20I,R Ashwin,Powerplay,412,504,17,184
T20I,R Athapaththu,Powerplay,91,102,8,38
T20I,R Avdylaj,Middle,60,87,1,7
T20I,R Avery,Middle,118,138,2,41
T20I,R Baaleri,Middle,155,171,13,63
T20I,R Bakum,Death,87,108,9,38
T20I,R Bakum,Middle,84,101,3,28
T20I,R Baruah,Middle,60,82,3,18
T20I,R Castillo,Death,84,97,4,34
T20I,R Castillo,Middle,121,111,6,56
T20I,R Chaudhary,Middle,242,173,9,114
T20I,R Chaudhary,Powerplay,80,66,0,45
T20I,R Choden,Death,89,84,8,37
T20I,R Choden,Middle,91,72,5,47
T20I,R Choden,Powerplay,203,167,7,102
T20I,R Coker,Death,60,74,2,25
T20I,R Coker,Middle,618,590,26,284
T20I,R Coker,Powerplay,152,143,5,76
T20I,R Dhakal,Powerplay,126,152,6,52
T20I,R Dhiman,Middle,68,76,3,24
T20I,R Drake,Middle,87,114,3,28
T20I,R Drake,Powerplay,73,127,0,26
T20I,R Edwards,Death,68,55,6,23
T20I,R Edwards,Middle,95,84,7,38
T20I,R Francis,Powerplay,89,114,2,36
T20I,R Haiong,Death,64,41,2,36
T20I,R Haiong,Middle,107,83,3,44
T20I,R Hashu,Death,130,183,15,51
T20I,R Hashu,Middle,164,174,10,60
T20I,R Hekure,Middle,220,263,8,66
T20I,R Immadi,Death,171,171,5,62
T20I,R Immadi,Middle,113,94,2,45
T20I,R Immadi,Powerplay,299,267,11,141
T20I,R Kalimuthu,Death,133,208,12,36
T20I,R Kalimuthu,Powerplay,156,174,10,80
T20I,R Kumar,Powerplay,86,114,1,31
T20I,R Limema,Death,87,106,3,28
T20I,R Limema,Middle,162,143,7,68
T20I,R Limema,Powerplay,84,100,3,29
T20I,R Lungu,Middle,92,84,7,45
T20I,R Mangal,Death,85,81,12,42
T20I,R Mangal,Middle,160,224,5,43
T20I,R McLaren,Death,74,103,8,20
T20I,R McLaren,Middle,122,172,4,36
T20I,R McLaren,Powerplay,78,74,5,36
T20I,R Muriyalo,Middle,70,47,3,35
T20I,R Musamali,Death,172,212,9,58
T20I,R Musamali,Middle,287,226,9,133
T20I,R Musamali,Powerplay,62,35,2,42
T20I,R Nehonde,Middle,242,240,16,96
T20I,R Ngarava,Death,621,860,44,206
T20I,R Ngarava,Middle,222,284,13,68
T20I,R Ngarava,Powerplay,1118,1212,57,576
T20I,R Ntozakhe,Middle,120,185,0,29
T20I,R Oa,Death,130,130,9,38
T20I,R Oa,Middle,82,47,7,49
T20I,R Oa,Powerplay,169,117,10,108
T20I,R Ova,Middle,187,132,7,97
T20I,R Ova,Powerplay,85,47,5,57
T20I,R Padunglerd,Middle,179,145,10,87
T20I,R Padunglerd,Powerplay,141,138,3,74
T20I,R Panchal,Powerplay,110,96,2,57
T20I,R Parag,Middle,67,78,1,25
T20I,R Pavlickova,Death,140,112,4,65
T20I,R Pavlickova,Middle,129,129,3,39
T20I,R Pavlickova,Powerplay,111,94,1,49
T20I,R Powell,Middle,96,160,1,16
T20I,R Rampaul,Death,148,264,8,23
T20I,R Rampaul,Middle,125,175,5,42
T20I,R Rampaul,Powerplay,342,388,18,151
T20I,R Ravindra,Middle,344,385,22,141
T20I,R Rijke,Death,121,129,7,50
T20I,R Rijke,Middle,116,96,7,52
T20I,R Rijke,Powerplay,344,269,17,197
T20I,R Sakurano-Thomas,Death,115,174,10,37
T20I,R Sakurano-Thomas,Middle,118,113,8,49
T20I,R Sakurano-Thomas,Powerplay,346,331,20,191
T20I,R Samson,Death,93,81,4,44
T20I,R Samson,Middle,286,222,17,137
T20I,R Samson,Powerplay,182,158,6,96
T20I,R Sandeep,Powerplay,153,133,3,77
T20I,R Satheesan,Middle,169,220,4,54
T20I,R Shepherd,Death,455,782,36,105
T20I,R Shepherd,Middle,704,1022,32,189
T20I,R Shepherd,Powerplay,311,511,13,94
T20I,R Shimwamana,Death,77,52,3,39
T20I,R Shimwamana,Middle,321,175,11,196
T20I,R Shimwamana,Powerplay,178,109,7,108
T20I,R Siriwardena,Middle,143,191,13,45
T20I,R Slater,Death,186,243,15,52
T20I,R Slater,Middle,96,98,4,40
T20I,R Slater,Powerplay,530,502,21,268
T20I,R Thapliyal,Middle,129,124,13,55
T20I,R Thapliyal,Powerplay,105,129,4,47
T20I,R Trumpelmann,Death,299,476,22,68
T20I,R Trumpelmann,Middle,220,295,11,69
T20I,R Trumpelmann,Powerplay,604,757,23,246
T20I,R Uwimana,Middle,128,88,6,66
T20I,R Vinay Kumar,Death,70,112,3,14
T20I,R Vinay Kumar,Powerplay,99,110,4,49
T20I,RA Abolarin,Powerplay,89,54,6,56
T20I,RA Jadeja,Death,210,284,13,77
T20I,RA Jadeja,Middle,1038,1207,35,369
T20I,RA Jadeja,Powerplay,79,93,3,42
T20I,RA Mair,Death,218,255,12,62
T20I,RA Mair,Middle,316,371,9,103
T20I,RA Mair,Powerplay,421,413,11,208
T20I,RAS Lakmal,Powerplay,120,177,3,45
T20I,RC Belbashi,Death,294,284,26,130
T20I,RC Belbashi,Middle,861,545,33,476
T20I,RC Belbashi,Powerplay,228,167,3,119
T20I,RD Atangana,Middle,128,81,8,71
T20I,RD Atangana,Powerplay,64,42,5,44
T20I,RD Berrington,Middle,339,419,18,88
T20I,RD Chahar,Middle,119,157,5,35
T20I,RD de Sousa,Middle,82,55,5,51
T20I,RD de Sousa,Powerplay,122,63,3,88
T20I,RDB Ahir,Middle,127,136,9,55
T20I,RDB Ahir,Powerplay,80,94,3,35
T20I,RE van der Merwe,Death,213,277,19,72
T20I,RE van der Merwe,Middle,955,1002,44,347
T20I,RE van der Merwe,Powerplay,115,125,8,62
T20I,RG Aga,Middle,86,84,6,38
T20I,RJ Hatchman,Middle,155,262,3,38
T20I,RJ Nicol,Middle,105,137,4,33
T20I,RJ Peterson,Middle,237,311,15,85
T20I,RJ Peterson,Powerplay,68,71,3,34
T20I,RJ Sidebottom,Death,159,208,13,45
T20I,RJ Sidebottom,Powerplay,191,213,10,89
T20I,RJ Trott,Middle,217,234,12,79
T20I,RJW Topley,Death,193,302,15,51
T20I,RJW Topley,Middle,91,150,2,16
T20I,RJW Topley,Powerplay,455,546,16,206
T20I,RK Kiseto,Powerplay,159,183,5,80
T20I,RK Paudel,Middle,182,196,10,68
T20I,RL Chase,Death,86,107,6,28
T20I,RL Chase,Middle,723,865,29,224
T20I,RL Chase,Powerplay,144,196,5,59
T20I,RL D'Souza,Middle,69,71,2,17
T20I,RL D'Souza,Powerplay,140,157,1,47
T20I,RL Grundy,Middle,133,120,4,50
T20I,RL Grundy,Powerplay,65,58,3,31
T20I,RM Dorji,Death,116,179,8,35
T20I,RM Dorji,Middle,148,164,4,44
T20I,RM Farrell,Death,257,265,19,75
T20I,RM Farrell,Middle,119,98,2,50
T20I,RM Farrell,Powerplay,258,228,13,147
T20I,RM Haq,Middle,150,161,10,54
T20I,RM Hira,Middle,176,236,4,46
T20I,RM Hira,Powerplay,61,68,4,30
T20I,RM Koda,Death,298,356,18,109
T20I,RM Koda,Middle,140,131,6,58
T20I,RM Koda,Powerplay,822,886,30,404
T20I,RM Magare,Middle,121,160,5,34
T20I,RM West,Middle,107,129,2,29
T20I,RMAM Avery,Middle,180,128,13,96
T20I,RML Taylor,Middle,74,90,3,23
T20I,RMR Brathwaite,Middle,69,97,3,18
T20I,RO Mazumba,Middle,214,159,13,103
T20I,ROC Dunka,Death,108,190,6,26
T20I,ROC Dunka,Middle,107,110,4,42
T20I,ROC Dunka,Powerplay,253,298,11,113
T20I,RP Burl,Death,131,160,8,47
T20I,RP Burl,Middle,903,1087,43,318
T20I,RP Meredith,Middle,63,98,4,19
T20I,RP Meredith,Powerplay,68,100,3,31
T20I,RP Mitchell,Powerplay,65,79,1,28
T20I,RP Singh,Death,123,126,6,52
T20I,RP Singh,Middle,423,351,26,214
T20I,RP Singh,Powerplay,327,334,19,162
T20I,RP Yadav,Death,450,537,44,169
T20I,RP Yadav,Middle,1150,1267,49,439
T20I,RP Yadav,Powerplay,239,215,11,127
T20I,RR Joshi,Powerplay,89,106,4,42
T20I,RR Patel,Death,100,132,6,34
T20I,RR Patel,Middle,485,436,29,218
T20I,RR Seth,Middle,191,157,9,93
T20I,RR Seth,Powerplay,105,80,1,53
T20I,RR Sharan,Middle,138,132,4,57
T20I,RS Bopara,Death,97,111,9,35
T20I,RS Bopara,Middle,240,284,7,80
T20I,RS Gayakwad,Death,219,273,16,77
T20I,RS Gayakwad,Middle,476,471,22,214
T20I,RS Gayakwad,Powerplay,298,272,13,175
T20I,RS Quyn,Middle,138,126,5,67
T20I,RS Quyn,Powerplay,157,123,1,78
T20I,RSM Lili'i,Middle,103,67,7,60
T20I,RV Auora,Powerplay,81,87,1,45
T20I,RV Hawkins,Middle,76,58,1,34
T20I,RV Hawkins,Powerplay,112,70,3,60
T20I,RV Nascimento,Powerplay,74,73,1,33
T20I,RV Scholes,Powerplay,84,47,7,49
T20I,RW Price,Middle,144,185,3,45
T20I,RW Price,Powerplay,123,123,2,56
T20I,Raag Kapur,Middle,62,70,3,22
T20I,Raaz Mohammad,Death,106,136,8,25
T20I,Raaz Mohammad,Middle,86,96,3,26
T20I,Raaz Mohammad,Powerplay,207,227,13,93
T20I,Rabbjyot Rajput,Powerplay,151,124,6,83
T20I,Rabeya Khan,Death,229,233,18,86
T20I,Rabeya Khan,Middle,766,679,32,326
T20I,Rabeya Khan,Powerplay,140,129,6,77
T20I,Rachel Delaney,Middle,73,79,1,28
T20I,Rafiullah,Death,72,135,2,18
T20I,Rafiullah,Middle,139,182,7,41
T20I,Rafiullah,Powerplay,82,102,3,35
T20I,Ragne Hallik,Middle,169,152,7,74
T20I,Rahat Ali,Powerplay,94,100,4,45
T20I,Rahim Khan,Middle,90,84,3,33
T20I,Rahimgul Naseri,Middle,85,90,1,37
T20I,Rahimgul Naseri,Powerplay,97,148,6,40
T20I,Rahmatullah Mangal,Death,129,143,14,49
T20I,Rahmatullah Mangal,Middle,158,162,8,69
T20I,Rahmatullah Mangal,Powerplay,286,289,14,154
T20I,Raihan Stanikzai,Powerplay,66,83,3,33
T20I,Raja Adeel,Death,132,171,9,39
T20I,Raja Adeel,Powerplay,440,398,24,243
T20I,Rakibul Hasan,Middle,79,76,4,30
T20I,Rameen Shamim,Middle,261,275,9,95
T20I,Rameen Shamim,Powerplay,91,115,4,42
T20I,Rameesha Shahid,Death,64,67,2,31
T20I,Rameesha Shahid,Middle,91,122,5,31
T20I,Rameesha Shahid,Powerplay,160,165,3,73
T20I,Rameez Khan,Middle,136,145,8,54
T20I,Ravi Bishnoi,Death,169,246,17,64
T20I,Ravi Bishnoi,Middle,710,811,33,270
T20I,Ravi Bishnoi,Powerplay,187,228,14,89
T20I,Raza Hasan,Middle,124,131,5,48
T20I,Raza Hasan,Powerplay,91,83,3,52
T20I,Raza Iqbal,Middle,385,355,22,162
T20I,Reehana Khan,Middle,82,63,5,42
T20I,Regina Khan,Middle,100,93,4,48
T20I,Rehan Ahmed,Middle,199,303,14,58
T20I,Renuka Singh,Death,219,317,16,55
T20I,Renuka Singh,Middle,324,382,9,119
T20I,Renuka Singh,Powerplay,955,934,45,498
T20I,Riazat Ali Shah,Death,252,360,18,78
T20I,Riazat Ali Shah,Middle,341,368,15,143
T20I,Riazat Ali Shah,Powerplay,236,245,8,120
T20I,Rishad Hossain,Death,165,239,21,67
T20I,Rishad Hossain,Middle,977,1316,49,343
T20I,Ritik Tomar,Death,88,131,6,27
T20I,Ritik Tomar,Middle,118,150,3,39
T20I,Ritu Moni,Death,172,222,12,45
T20I,Ritu Moni,Middle,651,604,26,278
T20I,Ritu Moni,Powerplay,130,114,9,69
T20I,Riya Pradhan,Middle,86,86,5,44
T20I,Riya Sharma,Death,169,150,16,74
T20I,Riya Sharma,Middle,380,356,10,173
T20I,Riya Sharma,Powerplay,187,129,5,111
T20I,Rizwan Butt,Death,702,877,67,232
T20I,Rizwan Butt,Middle,485,564,29,194
T20I,Rizwan Butt,Powerplay,858,850,43,462
T20I,Rizwan Cheema,Middle,72,79,0,23
T20I,Rizwan Haider,Death,136,210,12,39
T20I,Rizwan Haider,Middle,113,137,7,46
T20I,Rizwan Haider,Powerplay,363,411,14,163
T20I,Robert Raina,Middle,72,55,8,33
T20I,Rohan Bhavesh Patel,Middle,61,76,4,18
T20I,Rohan Mustafa,Death,286,350,28,86
T20I,Rohan Mustafa,Middle,424,452,13,129
T20I,Rohan Mustafa,Powerplay,183,206,6,83
T20I,Roheed Akhtar,Middle,172,167,5,73
T20I,Ronald Ebanks,Middle,138,118,8,60
T20I,Rosine Irera,Death,204,145,16,105
T20I,Rosine Irera,Middle,307,208,14,171
T20I,Rosine Irera,Powerplay,757,476,34,480
T20I,Rubel Hossain,Death,177,346,10,29
T20I,Rubel Hossain,Middle,185,240,8,61
T20I,Rubel Hossain,Powerplay,194,274,8,78
T20I,Ruchitha Venkatesh,Death,180,154,8,79
T20I,Ruchitha Venkatesh,Middle,764,651,20,361
T20I,Rumana Ahmed,Death,272,320,22,93
T20I,Rumana Ahmed,Middle,743,624,37,313
T20I,Rumana Ahmed,Powerplay,80,75,2,42
T20I,Rumman Raees,Death,74,128,1,21
T20I,Rumman Raees,Powerplay,75,64,5,42
T20I,S Akiteng,Death,194,219,8,88
T20I,S Akiteng,Middle,970,673,43,520
T20I,S Akiteng,Powerplay,145,114,6,87
T20I,S Asha,Middle,110,121,8,38
T20I,S Badree,Middle,341,358,19,115
T20I,S Badree,Powerplay,718,759,30,358
T20I,S Bau,Middle,209,184,13,88
T20I,S Bau,Powerplay,181,211,8,86
T20I,S Bhardwaj,Middle,123,90,6,52
T20I,S Bhari,Middle,96,118,5,38
T20I,S Bist,Powerplay,117,91,2,66
T20I,S Bodha,Death,120,210,8,35
T20I,S Bodha,Middle,318,403,20,104
T20I,S Bodha,Powerplay,186,258,9,83
T20I,S Burdekin,Death,60,76,6,21
T20I,S Burdekin,Middle,78,97,7,26
T20I,S Channa,Powerplay,108,82,3,59
T20I,S Chaturongrattana,Death,171,151,16,73
T20I,S Chaturongrattana,Middle,903,628,52,518
T20I,S Chaturongrattana,Powerplay,141,123,8,78
T20I,S Chaudhary,Powerplay,148,190,6,60
T20I,S Choden,Middle,138,117,5,59
T20I,S Choden,Powerplay,60,66,1,22
T20I,S Conteh,Death,166,214,15,58
T20I,S Conteh,Middle,244,257,11,111
T20I,S Conteh,Powerplay,292,285,12,146
T20I,S Crowie,Middle,93,88,6,46
T20I,S Dabholkatr,Middle,112,68,5,56
T20I,S Dabholkatr,Powerplay,130,98,2,55
T20I,S Davizi,Death,70,81,5,22
T20I,S Davizi,Middle,103,125,3,36
T20I,S Desungnoen,Middle,247,279,9,73
T20I,S Dhadwal,Death,111,129,5,33
T20I,S Dhadwal,Middle,148,124,5,71
T20I,S Dhadwal,Powerplay,86,51,5,56
T20I,S Dhakal,Middle,79,96,1,20
T20I,S Dharnidharka,Death,259,259,22,111
T20I,S Dharnidharka,Middle,288,223,13,146
T20I,S Dharnidharka,Powerplay,577,435,25,340
T20I,S Dube,Death,105,183,9,32
T20I,S Dube,Middle,468,710,26,133
T20I,S Dunukedeniya,Death,74,39,11,39
T20I,S Dunukedeniya,Powerplay,260,150,20,139
T20I,S Ecclestone,Death,762,851,69,294
T20I,S Ecclestone,Middle,1192,1096,64,545
T20I,S Ecclestone,Powerplay,608,649,21,315
T20I,S Farooq,Powerplay,103,74,1,61
T20I,S Gajnabi,Middle,71,88,1,19
T20I,S Georgota,Death,72,69,4,29
T20I,S Georgota,Middle,314,270,11,130
T20I,S Georgota,Powerplay,306,277,12,138
T20I,S Gill,Death,127,155,10,47
T20I,S Gill,Middle,62,51,5,34
T20I,S Gill,Powerplay,449,367,25,262
T20I,S Glenn,Death,170,173,18,74
T20I,S Glenn,Middle,1291,1291,70,526
T20I,S Godara,Death,90,107,7,40
T20I,S Godara,Powerplay,219,216,13,128
T20I,S Gokhale,Middle,99,90,5,50
T20I,S Gooch,Death,60,77,7,24
T20I,S Gooch,Middle,63,83,3,23
T20I,S Gooch,Powerplay,186,208,12,82
T20I,S Haggo,Middle,93,76,6,41
T20I,S Hector,Powerplay,60,79,3,24
T20I,S Horley,Middle,82,77,3,38
T20I,S Immadi,Middle,382,311,7,185
T20I,S Ingabire,Middle,99,89,5,41
T20I,S Ismail,Death,550,693,31,168
T20I,S Ismail,Middle,310,263,14,139
T20I,S Ismail,Powerplay,1102,1029,51,642
T20I,S Jayasinghe,Powerplay,73,65,1,40
T20I,S Jegannathan,Middle,148,134,11,77
T20I,S Jegannathan,Powerplay,73,78,4,37
T20I,S Jimmy,Death,82,84,6,33
T20I,S Jimmy,Middle,270,201,16,139
T20I,S Jimmy,Powerplay,284,246,14,157
T20I,S Joseph,Death,182,278,16,53
T20I,S Joseph,Middle,175,253,9,57
T20I,S Joseph,Powerplay,148,208,11,68
T20I,S Kamate,Middle,61,72,0,19
T20I,S Kambalapalli,Middle,125,74,7,69
T20I,S Kananji,Death,147,160,9,54
T20I,S Kananji,Middle,131,88,6,79
T20I,S Kananji,Powerplay,384,245,20,244
T20I,S Kanankege,Middle,114,75,3,53
T20I,S Kanankege,Powerplay,254,243,6,118
T20I,S Kaneria,Powerplay,62,41,1,32
T20I,S Kato,Death,160,144,6,64
T20I,S Kato,Middle,199,170,6,99
T20I,S Kato,Powerplay,245,163,5,146
T20I,S Kizito,Middle,255,206,5,119
T20I,S Kizito,Powerplay,172,156,3,92
T20I,S Kolcharam,Death,66,85,3,24
T20I,S Kolcunova,Death,65,59,3,20
T20I,S Kolcunova,Middle,136,136,1,49
T20I,S Kolcunova,Powerplay,154,154,2,47
T20I,S Koppolu,Middle,76,118,3,21
T20I,S Koppolu,Powerplay,71,103,2,26
T20I,S Kotte,Death,101,100,8,47
T20I,S Kotte,Middle,337,208,17,193
T20I,S Kotte,Powerplay,464,287,24,305
T20I,S Krisheta,Middle,62,56,4,22
T20I,S Kushretha,Middle,98,106,3,39
T20I,S Kushretha,Powerplay,127,117,9,68
T20I,S Lamichhane,Death,332,323,38,155
T20I,S Lamichhane,Middle,1121,1166,77,514
T20I,S Lamichhane,Powerplay,281,319,20,159
T20I,S Laomi,Death,344,256,27,175
T20I,S Laomi,Middle,1680,1203,86,890
T20I,S Loubser,Middle,207,195,4,76
T20I,S Luus,Death,132,127,14,48
T20I,S Luus,Middle,801,927,23,264
T20I,S Luus,Powerplay,67,85,2,28
T20I,S MacMahon,Death,63,66,3,21
T20I,S MacMahon,Middle,161,139,3,80
T20I,S MacMahon,Powerplay,80,58,6,43
T20I,S Maduranga,Death,111,130,11,38
T20I,S Maduranga,Middle,91,106,4,27
T20I,S Maduranga,Powerplay,154,190,5,65
T20I,S Mahmood,Death,145,243,7,30
T20I,S Mahmood,Powerplay,230,327,14,99
T20I,S Matijevic,Death,71,57,2,33
T20I,S Matijevic,Middle,191,144,8,72
T20I,S Miyaji,Middle,134,119,5,61
T20I,S Miyaji,Powerplay,73,69,2,33
T20I,S Molineux,Death,270,312,18,89
T20I,S Molineux,Middle,402,377,21,157
T20I,S Molineux,Powerplay,338,346,17,164
T20I,S Mosweu,Middle,294,241,17,153
T20I,S Mosweu,Powerplay,81,67,1,48
T20I,S Muniandy,Death,245,400,21,62
T20I,S Muniandy,Middle,472,613,14,148
T20I,S Muniandy,Powerplay,120,165,6,36
T20I,S Murari,Middle,86,87,4,41
T20I,S Muthusamy,Middle,103,115,5,41
T20I,S Naidu,Middle,143,162,6,58
T20I,S Nair,Middle,75,68,2,30
T20I,S Nampiina,Death,104,94,9,53
T20I,S Nampiina,Middle,227,156,18,118
T20I,S Namusha,Powerplay,96,24,3,74
T20I,S Nisansala,Middle,196,195,5,71
T20I,S Nitschke,Middle,97,90,4,36
T20I,S Nsubuga,Middle,220,273,10,90
T20I,S Ostergaard,Death,83,63,6,41
T20I,S Ostergaard,Middle,98,97,4,36
T20I,S Ozkunduz,Middle,100,92,1,32
T20I,S Pandey,Death,180,222,11,62
T20I,S Pandey,Middle,167,196,7,62
T20I,S Pandey,Powerplay,510,530,16,248
T20I,S Pillai,Powerplay,155,128,4,88
T20I,S Pradhan,Death,93,116,6,32
T20I,S Pradhan,Middle,203,206,9,77
T20I,S Pradhan,Powerplay,149,173,8,76
T20I,S Prasanna,Middle,241,276,6,76
T20I,S Ramautar,Middle,69,53,3,37
T20I,S Rana,Death,101,116,9,31
T20I,S Rana,Middle,349,343,14,149
T20I,S Rana,Powerplay,79,78,2,45
T20I,S Randiv,Middle,98,109,3,31
T20I,S Ravichandran,Death,193,166,19,90
T20I,S Ravichandran,Middle,549,428,34,278
T20I,S Ravichandran,Powerplay,152,135,8,86
T20I,S Ravikumar,Middle,89,105,2,33
T20I,S Ravoka,Middle,74,86,4,28
T20I,S Rukmal,Middle,93,107,1,40
T20I,S Rukmal,Powerplay,120,140,3,53
T20I,S Sadarangani,Middle,128,123,1,44
T20I,S Samuels,Middle,87,100,2,38
T20I,S Sarandeva,Middle,288,266,10,104
T20I,S Sarandeva,Powerplay,68,76,3,29
T20I,S Sarthak,Middle,102,115,10,47
T20I,S Selvaraj,Middle,79,88,2,29
T20I,S Sharma,Middle,124,106,7,59
T20I,S Sharma,Powerplay,85,62,3,56
T20I,S Shrivastava,Middle,283,382,11,89
T20I,S Siegers,Death,355,386,21,133
T20I,S Siegers,Middle,990,958,30,429
T20I,S Siegers,Powerplay,181,215,6,91
T20I,S Sigaiwasa,Death,66,50,3,31
T20I,S Sigaiwasa,Middle,125,107,5,52
T20I,S Sinha,Middle,63,55,3,27
T20I,S Sinha,Powerplay,91,74,1,40
T20I,S Snater,Death,90,130,7,25
T20I,S Snater,Middle,66,104,3,10
T20I,S Snater,Powerplay,62,105,3,26
T20I,S Sola,Death,64,110,3,14
T20I,S Sola,Middle,242,230,15,104
T20I,S Solman,Death,125,124,9,53
T20I,S Solman,Middle,159,140,6,78
T20I,S Solman,Powerplay,239,199,7,131
T20I,S Sreesanth,Powerplay,149,160,2,84
T20I,S Stanikzay,Middle,165,163,4,68
T20I,S Stephen,Middle,73,80,1,29
T20I,S Sugaya-Slater,Powerplay,115,115,4,49
T20I,S Tabuisulu,Powerplay,149,167,4,66
T20I,S Talamarla,Powerplay,254,203,12,115
T20I,S Tarawally,Powerplay,75,74,1,38
T20I,S Thakor,Death,86,97,5,32
T20I,S Thakor,Middle,739,652,42,355
T20I,S Thakor,Powerplay,173,158,10,108
T20I,S Thapa,Middle,81,60,1,41
T20I,S Thapa,Powerplay,83,93,2,36
T20I,S Tino,Middle,132,88,6,68
T20I,S Tippoch,Death,181,159,12,82
T20I,S Tippoch,Middle,398,278,19,202
T20I,S Tippoch,Powerplay,209,144,6,123
T20I,S Tosic,Middle,97,164,4,36
T20I,S Tuhadeleni,Death,75,87,9,27
T20I,S Tuhadeleni,Middle,272,222,12,138
T20I,S Tuhadeleni,Powerplay,408,336,21,249
T20I,S Vaia,Powerplay,81,47,2,49
T20I,S Vashisht,Death,60,81,2,20
T20I,S Vashisht,Middle,149,161,7,62
T20I,S Vashisht,Powerplay,266,249,17,143
T20I,S Vasilakis,Powerplay,64,84,3,24
T20I,S Vats,Middle,70,99,0,20
T20I,S Vaz,Middle,82,71,8,39
T20I,S Veerapathiran,Death,140,263,13,34
T20I,S Veerapathiran,Middle,304,385,14,97
T20I,S Veerapathiran,Powerplay,272,307,14,122
T20I,S Venkataraman,Middle,62,32,4,38
T20I,S Venkataraman,Powerplay,153,89,8,101
T20I,S Vijay Unni,Death,214,229,15,85
T20I,S Vijay Unni,Middle,762,799,36,299
T20I,S Vijay Unni,Powerplay,425,425,27,234
T20I,S Vijayakumar,Middle,120,153,6,43
T20I,S Walaza,Death,117,134,7,37
T20I,S Walaza,Middle,121,96,4,57
T20I,S Walaza,Powerplay,374,310,12,221
T20I,S Waqas Ahmed,Middle,108,101,5,40
T20I,S Wetoto,Middle,124,87,11,64
T20I,S Wickramasekara,Death,193,261,14,57
T20I,S Wickramasekara,Middle,205,201,7,77
T20I,S Wickramasekara,Powerplay,62,90,2,22
T20I,S Williams,Powerplay,265,340,8,108
T20I,S Yenamandra,Middle,63,64,1,16
T20I,S Yeshi,Death,68,73,7,27
T20I,S Yeshi,Middle,418,338,21,194
T20I,S Yeshi,Powerplay,251,272,7,134
T20I,S di Bartolomeo,Middle,114,97,8,57
T20I,SA Abbott,Death,169,244,14,53
T20I,SA Abbott,Middle,205,278,12,64
T20I,SA Abbott,Powerplay,213,348,8,74
T20I,SA Ahmad,Death,210,216,16,76
T20I,SA Ahmad,Middle,336,309,18,138
T20I,SA Ahmad,Powerplay,149,127,5,88
T20I,SA Akenji,Middle,77,66,3,32
T20I,SA Campbelle,Death,81,76,5,26
T20I,SA Campbelle,Middle,235,224,6,89
T20I,SA Jumbe,Death,263,369,19,85
T20I,SA Jumbe,Middle,151,196,6,41
T20I,SA Jumbe,Powerplay,625,755,32,268
T20I,SA Mohandas,Middle,90,102,4,39
T20I,SA Mohandas,Powerplay,584,729,23,254
T20I,SA Okpe,Death,73,84,8,29
T20I,SA Okpe,Middle,1048,963,45,437
T20I,SA Okpe,Powerplay,238,281,12,122
T20I,SA Panayan,Death,71,83,0,18
T20I,SA Panayan,Middle,280,295,11,111
T20I,SA Sathiya,Middle,241,184,10,107
T20I,SA Wittmann,Death,187,165,12,82
T20I,SA Wittmann,Middle,331,285,13,171
T20I,SA Wittmann,Powerplay,330,229,11,199
T20I,SACA King,Middle,125,127,4,43
T20I,SACA King,Powerplay,68,65,2,28
T20I,SAN Maypriani,Death,121,74,8,69
T20I,SAN Maypriani,Middle,473,302,22,279
T20I,SAN Maypriani,Powerplay,121,78,6,75
T20I,SB Martinez,Powerplay,72,39,3,47
T20I,SB Styris,Middle,286,329,17,97
T20I,SC Getkate,Middle,232,281,13,80
T20I,SC Kuggeleijn,Death,73,101,7,25
T20I,SC Kuggeleijn,Middle,117,160,4,32
T20I,SC Kuggeleijn,Powerplay,145,218,5,61
T20I,SC Kumari,Powerplay,87,53,4,61
T20I,SC Selman,Death,176,240,14,54
T20I,SC Selman,Middle,278,247,4,115
T20I,SC Selman,Powerplay,459,419,14,244
T20I,SC Williams,Death,115,140,8,38
T20I,SC Williams,Middle,853,971,30,242
T20I,SC Williams,Powerplay,146,173,5,66
T20I,SC de Oliveira,Death,70,86,11,34
T20I,SC de Oliveira,Powerplay,125,109,9,61
T20I,SC van Schalkwyk,Death,122,201,10,25
T20I,SC van Schalkwyk,Middle,151,202,7,41
T20I,SC van Schalkwyk,Powerplay,93,119,11,36
T20I,SCJ Broad,Death,323,475,26,95
T20I,SCJ Broad,Middle,330,406,10,131
T20I,SCJ Broad,Powerplay,540,640,27,250
T20I,SD Bahadur,Middle,66,70,1,23
T20I,SD Parry,Middle,84,125,2,24
T20I,SD Ranawaka,Middle,107,109,4,33
T20I,SD Valjalo,Powerplay,69,93,2,27
T20I,SDJJ Dima,Middle,60,70,1,16
T20I,SE Bond,Death,107,122,13,40
T20I,SE Bond,Middle,71,78,2,22
T20I,SE Bond,Powerplay,302,353,10,159
T20I,SEA Ruck,Powerplay,128,108,6,75
T20I,SF Daley,Death,99,100,7,32
T20I,SF Daley,Middle,152,152,13,69
T20I,SF Daley,Powerplay,196,172,9,114
T20I,SF Jerome,Death,94,92,8,36
T20I,SF Jerome,Middle,507,358,20,260
T20I,SF Jerome,Powerplay,70,48,2,42
T20I,SF Tiai,Death,117,149,15,42
T20I,SF Tiai,Middle,360,408,14,122
T20I,SF Tiai,Powerplay,133,141,10,67
T20I,SFM Devine,Death,519,650,36,158
T20I,SFM Devine,Middle,619,678,31,228
T20I,SFM Devine,Powerplay,521,593,23,236
T20I,SFS Cheema,Death,70,99,5,23
T20I,SFS Cheema,Middle,101,120,8,37
T20I,SG Diaby,Powerplay,132,142,3,58
T20I,SH Johnson,Powerplay,123,184,7,53
T20I,SH Obed,Middle,120,142,9,38
T20I,SHA Rance,Death,71,116,5,12
T20I,SHA Rance,Powerplay,90,124,4,38
T20I,SI Bara,Middle,118,33,11,91
T20I,SI Kamea,Death,105,151,8,31
T20I,SI Kamea,Middle,124,121,6,51
T20I,SI Kamea,Powerplay,177,211,6,85
T20I,SIP Fernando,Death,77,90,4,27
T20I,SIP Fernando,Middle,291,282,22,117
T20I,SIP Fernando,Powerplay,374,366,14,184
T20I,SJ Benn,Death,66,116,4,14
T20I,SJ Benn,Middle,274,315,6,90
T20I,SJ Benn,Powerplay,146,168,7,67
T20I,SJ Coyte,Death,127,122,11,53
T20I,SJ Coyte,Middle,184,158,7,82
T20I,SJ Coyte,Powerplay,102,97,7,54
T20I,SJ Hughes-Pinan,Middle,142,76,12,96
T20I,SJ Hughes-Pinan,Powerplay,66,63,1,36
T20I,SK Awiah,Middle,215,232,11,80
T20I,SK Raina,Death,75,111,6,17
T20I,SK Raina,Middle,287,339,7,83
T20I,SK Ravuri,Middle,113,87,7,53
T20I,SK Reddy,Powerplay,118,72,6,69
T20I,SK Springer,Middle,64,82,3,20
T20I,SKDT Madusanka,Middle,74,100,3,29
T20I,SKS Gill,Middle,144,187,3,42
T20I,SL Malinga,Death,777,1057,58,199
T20I,SL Malinga,Middle,394,458,22,109
T20I,SL Malinga,Powerplay,728,768,27,362
T20I,SL Munroe,Powerplay,66,59,1,38
T20I,SL Quintyne,Death,129,148,8,34
T20I,SL Quintyne,Middle,252,222,11,99
T20I,SM Benade,Powerplay,64,33,3,43
T20I,SM Curran,Death,443,670,30,118
T20I,SM Curran,Middle,495,656,19,126
T20I,SM Curran,Powerplay,475,671,19,172
T20I,SM Dhanusri,Middle,126,110,2,51
T20I,SM Nash,Death,63,86,4,20
T20I,SM Nash,Middle,86,105,4,33
T20I,SM Nash,Powerplay,272,301,16,122
T20I,SM Pollock,Powerplay,166,206,9,79
T20I,SM Sharif,Death,491,770,35,112
T20I,SM Sharif,Middle,290,364,9,77
T20I,SM Sharif,Powerplay,663,763,35,302
T20I,SM Tupou,Death,70,82,7,24
T20I,SM Tupou,Middle,103,96,5,45
T20I,SM Warnakulasuriya,Powerplay,129,153,7,59
T20I,SMK Waththage,Death,63,59,5,22
T20I,SMK Waththage,Powerplay,179,216,5,71
T20I,SMSM Senanayake,Death,60,83,3,16
T20I,SMSM Senanayake,Middle,232,251,13,82
T20I,SMSM Senanayake,Powerplay,201,228,9,101
T20I,SN Netravalkar,Death,236,307,16,70
T20I,SN Netravalkar,Middle,144,202,6,38
T20I,SN Netravalkar,Powerplay,498,558,19,257
T20I,SN Shihepo,Death,145,133,13,64
T20I,SN Shihepo,Middle,323,282,15,148
T20I,SN Shihepo,Powerplay,391,295,19,227
T20I,SN Swamy,Middle,203,255,11,70
T20I,SN Thakur,Death,185,260,21,63
T20I,SN Thakur,Middle,128,171,6,41
T20I,SN Thakur,Powerplay,198,325,6,76
T20I,SNJ O'Keefe,Middle,80,93,2,24
T20I,SO Ngoche,Death,246,309,20,90
T20I,SO Ngoche,Middle,1090,1047,52,487
T20I,SO Ngoche,Powerplay,583,560,36,325
T20I,SP Gauchan,Middle,85,80,4,42
T20I,SP Narine,Death,285,297,26,123
T20I,SP Narine,Middle,531,517,15,197
T20I,SP Narine,Powerplay,240,243,7,118
T20I,SPD Smith,Middle,256,308,14,87
T20I,SR Bhudia,Death,75,68,2,38
T20I,SR Bhudia,Middle,129,120,7,52
T20I,SR Clark,Middle,143,171,8,60
T20I,SR Magar,Death,286,258,23,119
T20I,SR Magar,Middle,735,566,26,351
T20I,SR Magar,Powerplay,211,143,11,125
T20I,SR McAnanama-Brereton,Middle,111,134,6,42
T20I,SR Patel,Middle,200,275,3,65
T20I,SR Patil,Death,148,204,12,42
T20I,SR Patil,Middle,203,203,11,93
T20I,SR Patil,Powerplay,149,173,6,64
T20I,SR Rocket,Powerplay,130,140,5,52
T20I,SR Taylor,Death,324,354,24,104
T20I,SR Taylor,Middle,649,651,25,236
T20I,SR Taylor,Powerplay,316,259,14,173
T20I,SR Thadani,Middle,117,121,3,61
T20I,SR Thadani,Powerplay,98,88,4,52
T20I,SR Thompson,Middle,222,283,9,64
T20I,SR Thompson,Powerplay,130,164,4,52
T20I,SR Watson,Death,277,376,17,67
T20I,SR Watson,Middle,434,562,18,135
T20I,SR Watson,Powerplay,252,292,13,119
T20I,SS Connell,Death,164,259,11,45
T20I,SS Connell,Middle,200,266,9,69
T20I,SS Connell,Powerplay,890,840,28,455
T20I,SS Cottrell,Death,254,347,22,73
T20I,SS Cottrell,Middle,142,206,8,41
T20I,SS Cottrell,Powerplay,529,662,19,246
T20I,SS Grimmond,Middle,98,119,6,36
T20I,SS Kang,Middle,214,207,12,77
T20I,SS Pathirana,Middle,61,83,3,16
T20I,SS Shukla,Middle,108,92,7,46
T20I,SS Weerakkody,Middle,60,52,1,23
T20I,SS Weerakkody,Powerplay,174,181,6,86
T20I,SSB Magala,Middle,70,118,3,18
T20I,ST Eyyunni,Middle,90,80,3,34
T20I,ST Finn,Death,90,129,8,35
T20I,ST Finn,Middle,60,74,4,19
T20I,ST Finn,Powerplay,317,395,14,142
T20I,ST Frohnmayer,Middle,134,120,3,51
T20I,ST Frohnmayer,Powerplay,103,110,4,49
T20I,ST Jayasuriya,Middle,274,311,12,85
T20I,ST Yalimaiwai,Middle,62,62,4,26
T20I,SVE Bharathi,Middle,581,509,32,276
T20I,SVE Bharathi,Powerplay,79,53,5,52
T20I,SW Bates,Death,205,215,13,63
T20I,SW Bates,Middle,359,383,11,123
T20I,SW Bates,Powerplay,71,90,1,28
T20I,SW Tait,Death,131,150,10,41
T20I,SW Tait,Middle,112,145,6,41
T20I,SW Tait,Powerplay,287,325,12,144
T20I,SY Win,Death,76,62,5,30
T20I,SY Win,Middle,186,142,12,92
T20I,SYD Chan,Middle,63,46,1,32
T20I,SZ Vayani,Middle,569,649,26,244
T20I,SZ Vayani,Powerplay,118,145,7,61
T20I,Saad Bin Zafar,Death,92,101,10,41
T20I,Saad Bin Zafar,Middle,1037,1029,45,442
T20I,Saad Bin Zafar,Powerplay,198,222,15,100
T20I,Sabbir Rahman,Middle,62,75,4,20
T20I,Saber Zakhil,Death,80,85,9,33
T20I,Saber Zakhil,Middle,249,304,6,95
T20I,Sabnam Rai,Death,72,87,3,26
T20I,Sabnam Rai,Powerplay,139,118,3,90
T20I,Sachin Kumar,Middle,123,178,6,32
T20I,Sadamali Bhakshala,Death,64,84,1,15
T20I,Sadamali Bhakshala,Middle,83,95,0,27
T20I,Sadamali Bhakshala,Powerplay,220,221,4,97
T20I,Sadia Iqbal,Death,361,416,25,124
T20I,Sadia Iqbal,Middle,313,310,17,123
T20I,Sadia Iqbal,Powerplay,848,743,40,459
T20I,Sadia Yousuf,Death,150,194,10,43
T20I,Sadia Yousuf,Middle,405,391,22,155
T20I,Sadia Yousuf,Powerplay,114,111,2,60
T20I,Saeed Ajmal,Death,575,701,52,203
T20I,Saeed Ajmal,Middle,693,702,23,277
T20I,Saeed Ajmal,Powerplay,189,161,10,102
T20I,Saeed Waqar Ali,Powerplay,102,175,7,41
T20I,Sageer Ahmad,Powerplay,68,44,3,43
T20I,Saghir Khan,Middle,70,85,5,19
T20I,Sahel Zadran,Death,195,255,11,63
T20I,Sahel Zadran,Middle,244,236,17,111
T20I,Sahel Zadran,Powerplay,316,403,8,135
T20I,Sahil Chauhan,Middle,77,88,7,24
T20I,Sahir Naqash,Death,208,280,19,62
T20I,Sahir Naqash,Middle,216,239,12,84
T20I,Sahir Naqash,Powerplay,72,78,3,37
T20I,Saif Hassan,Middle,64,61,3,20
T20I,Saim Ayub,Middle,310,335,16,104
T20I,Saim Ayub,Powerplay,159,234,9,73
T20I,Sajad Ahmadzai,Middle,62,71,4,22
T20I,Sajad Ahmadzai,Powerplay,176,194,8,82
T20I,Sajid Khan,Middle,84,125,3,22
T20I,Sajid Liaqat,Death,123,205,13,36
T20I,Sajid Liaqat,Middle,69,93,2,22
T20I,Sajid Liaqat,Powerplay,261,371,12,117
T20I,Salma Khatun,Death,361,385,26,139
T20I,Salma Khatun,Middle,301,257,12,131
T20I,Salma Khatun,Powerplay,733,536,26,432
T20I,Salman Mirza,Death,100,116,10,36
T20I,Salman Mirza,Powerplay,249,252,13,131
T20I,Salman Nazar,Middle,115,121,9,61
T20I,Salman Sharjeel,Powerplay,67,113,5,22
T20I,Salvin Stanly,Middle,68,99,2,18
T20I,Sameer Othman,Middle,67,128,2,14
T20I,Sameer Yousuf,Middle,62,78,2,20
T20I,Sameera Khan,Death,84,71,7,37
T20I,Sameera Khan,Middle,114,117,3,39
T20I,Sameera Khan,Powerplay,224,199,4,114
T20I,Sami Sohail,Death,235,286,24,89
T20I,Sami Sohail,Middle,301,326,9,103
T20I,Sami Sohail,Powerplay,167,193,9,66
T20I,Sami Ullah,Middle,81,86,4,33
T20I,Samiha Konuganti,Powerplay,67,56,3,31
T20I,Samiullah Rahmani,Death,116,170,9,35
T20I,Samiullah Rahmani,Middle,359,368,29,144
T20I,Sana Mir,Death,426,512,21,114
T20I,Sana Mir,Middle,581,536,12,232
T20I,Sana Mir,Powerplay,479,424,14,256
T20I,Sandeep Goud,Middle,159,222,7,45
T20I,Sangita Rai,Middle,213,183,13,90
T20I,Sania Khan,Middle,105,107,7,42
T20I,Sania Khan,Powerplay,111,108,4,59
T20I,Saniyah Zia,Powerplay,112,74,4,63
T20I,Sanjay Kumar Ahir,Powerplay,80,82,3,36
T20I,Sanjida Akter Meghla,Death,81,78,7,29
T20I,Sanjida Akter Meghla,Middle,275,207,14,133
T20I,Sanjida Akter Meghla,Powerplay,268,280,11,140
T20I,Santiago Duggan,Powerplay,60,42,3,31
T20I,Saqib Anwar,Powerplay,125,116,9,76
T20I,Saqib Zulfiqar,Middle,72,79,2,21
T20I,Saqlain Arshad,Middle,84,99,4,32
T20I,Sara Vivek,Powerplay,137,127,1,57
T20I,Saranya Kotha,Middle,92,47,8,54
T20I,Sarawut Maliwan,Death,96,129,6,27
T20I,Sarawut Maliwan,Middle,500,497,30,187
T20I,Sareer Shah,Powerplay,111,146,3,44
T20I,Sarfaraz Ali,Death,146,182,13,50
T20I,Sarfaraz Ali,Middle,452,521,20,158
T20I,Sarfaraz Ali,Powerplay,91,118,2,36
T20I,Sasha Azmi,Middle,296,223,16,147
T20I,Sasha Azmi,Powerplay,184,121,8,109
T20I,Saud Munir,Death,109,124,15,43
T20I,Saud Munir,Middle,244,235,11,98
T20I,Sayed Monib,Death,320,443,30,103
T20I,Sayed Monib,Middle,179,202,9,61
T20I,Sayed Monib,Powerplay,238,336,8,95
T20I,Sazib Bhuiyan,Death,157,224,21,48
T20I,Sazib Bhuiyan,Middle,326,452,15,82
T20I,Sazib Bhuiyan,Powerplay,68,94,4,21
T20I,Sedik Sahak,Middle,64,97,1,13
T20I,Sejal Vinod,Middle,125,98,8,57
T20I,Serdar Burak Emir,Powerplay,80,177,4,22
T20I,Seri Chang,Powerplay,95,76,0,38
T20I,Seungmin Song,Powerplay,87,53,1,52
T20I,Shadab Khan,Death,147,177,11,56
T20I,Shadab Khan,Middle,2178,2692,106,737
T20I,Shadnan Khan,Middle,60,75,3,26
T20I,Shafali Verma,Death,137,151,14,57
T20I,Shafali Verma,Middle,210,207,3,69
T20I,Shafali Verma,Powerplay,71,71,1,33
T20I,Shafina Mahesh,Death,166,211,3,57
T20I,Shafina Mahesh,Middle,198,154,12,106
T20I,Shafina Mahesh,Powerplay,352,321,16,188
T20I,Shafiul Islam,Death,128,189,9,29
T20I,Shafiul Islam,Middle,68,82,3,21
T20I,Shafiul Islam,Powerplay,194,249,7,87
T20I,Shafiullah Zakhel,Middle,60,96,1,21
T20I,Shagharai Sefat,Middle,60,75,3,19
T20I,Shah Abrar Hussain,Middle,300,356,18,107
T20I,Shah Abrar Hussain,Powerplay,104,130,2,38
T20I,Shah Faisal,Death,94,170,5,27
T20I,Shah Faisal,Powerplay,191,184,8,107
T20I,Shahab Alam,Middle,128,180,4,46
T20I,Shaheen Shah Afridi,Death,718,1029,59,221
T20I,Shaheen Shah Afridi,Middle,328,465,16,110
T20I,Shaheen Shah Afridi,Powerplay,1182,1424,57,568
T20I,Shahid Afridi,Death,329,455,35,118
T20I,Shahid Afridi,Middle,2057,2292,82,706
T20I,Shahid Afridi,Powerplay,88,92,8,42
T20I,Shahid Mahmood,Powerplay,151,201,6,68
T20I,Shahil Momin,Middle,254,252,8,92
T20I,Shahnawaz Dhani,Powerplay,125,170,5,58
T20I,Shahreeennawab,Death,69,59,6,35
T20I,Shahreeennawab,Middle,141,173,3,39
T20I,Shahreeennawab,Powerplay,145,155,4,62
T20I,Shahrukh Quddus,Death,71,136,3,18
T20I,Shahrukh Quddus,Powerplay,163,183,8,70
T20I,Shaik Basha,Middle,70,112,5,20
T20I,Shakeel Ahmed,Death,180,200,11,54
T20I,Shakeel Ahmed,Middle,227,232,9,77
T20I,Shakeel Ahmed,Powerplay,535,608,18,275
T20I,Shakib Al Hasan,Death,456,657,32,118
T20I,Shakib Al Hasan,Middle,1275,1351,61,441
T20I,Shakib Al Hasan,Powerplay,686,811,38,318
T20I,Shamim Hossain,Middle,82,96,1,23
T20I,Shamma Ali,Powerplay,69,88,4,28
T20I,Shantanu Kaveri,Middle,129,115,4,60
T20I,Shariz Ahmad,Middle,159,203,8,53
T20I,Shashikant Laxman,Middle,250,214,13,120
T20I,Sheikh Rasik,Middle,62,64,5,23
T20I,Sheikh Rasik,Powerplay,79,87,2,35
T20I,Sher Sahak,Middle,72,78,5,32
T20I,Sher Sahak,Powerplay,101,107,7,46
T20I,Sheraz Sheikh,Middle,273,299,14,110
T20I,Sheraz Sirwari,Death,65,99,9,20
T20I,Sheraz Sirwari,Powerplay,124,151,0,57
T20I,Shiraz Khan,Death,160,196,7,52
T20I,Shiraz Khan,Middle,733,718,36,321
T20I,Shivam Sharma,Middle,122,106,9,58
T20I,Shivani Sati,Middle,96,90,0,27
T20I,Shoaib Akhtar,Powerplay,242,295,14,116
T20I,Shoaib Malik,Middle,464,553,21,130
T20I,Shoaib Rafiq,Death,96,55,10,52
T20I,Shoaib Rafiq,Middle,110,91,7,59
T20I,Shoaib Rafiq,Powerplay,155,128,7,95
T20I,Shohely Akhter,Middle,96,73,6,43
T20I,Shorifa Khatun,Middle,91,104,1,32
T20I,Shorifa Khatun,Powerplay,62,83,2,31
T20I,Shoriful Islam,Death,303,485,24,90
T20I,Shoriful Islam,Middle,346,434,16,119
T20I,Shoriful Islam,Powerplay,524,654,23,234
T20I,Shorna Akter,Death,141,176,10,44
T20I,Shorna Akter,Middle,294,345,13,110
T20I,Shreya Voya,Powerplay,83,43,5,52
T20I,Shruti Yadav,Middle,104,105,4,33
T20I,Shuaib Al Balushi,Powerplay,69,96,3,27
T20I,Shunan Ali,Middle,143,164,9,57
T20I,Sidhant Singh,Middle,110,173,5,22
T20I,Sikandar Raza,Death,282,342,24,102
T20I,Sikandar Raza,Middle,1727,1948,76,542
T20I,Sikandar Raza,Powerplay,195,290,5,69
T20I,Silda Joy,Middle,77,49,5,35
T20I,Simi Singh,Death,106,131,11,32
T20I,Simi Singh,Middle,550,671,20,150
T20I,Simi Singh,Powerplay,204,246,7,76
T20I,Sinan Khan,Powerplay,68,89,5,24
T20I,Siow Tzin Yee,Middle,139,90,8,69
T20I,Sirajullah Khadim,Death,85,95,14,38
T20I,Sirajullah Khadim,Middle,502,512,27,211
T20I,Sirajullah Khadim,Powerplay,182,189,8,98
T20I,Smruthi Radhakrishnan,Middle,69,82,1,27
T20I,Sohag Gazi,Middle,86,133,2,21
T20I,Sohag Gazi,Powerplay,116,155,2,49
T20I,Sohail Ahmed,Middle,72,90,1,26
T20I,Sohail Tanvir,Death,329,465,19,79
T20I,Sohail Tanvir,Middle,96,117,3,35
T20I,Sohail Tanvir,Powerplay,814,875,28,357
T20I,Sohel Patel,Middle,88,87,6,40
T20I,Sok Srey Maov,Powerplay,66,40,2,34
T20I,Sompal Kami,Death,258,386,18,75
T20I,Sompal Kami,Middle,343,372,21,126
T20I,Sompal Kami,Powerplay,1103,1267,46,528
T20I,Sonam,Death,135,146,9,55
T20I,Sonam,Middle,197,144,5,97
T20I,Sonam,Powerplay,293,250,11,148
T20I,Soniya Dabir,Powerplay,69,39,5,48
T20I,Soumya Sarkar,Death,61,111,6,15
T20I,Soumya Sarkar,Middle,221,302,5,45
T20I,Soyeb Pendi,Death,109,130,6,37
T20I,Soyeb Pendi,Powerplay,144,149,7,70
T20I,Suabika Manivannan,Powerplay,84,88,2,42
T20I,Sufiyan Muqeem,Death,63,69,4,32
T20I,Sufiyan Muqeem,Middle,228,213,17,107
T20I,Sufyan Mehmood,Death,135,238,7,29
T20I,Sufyan Mehmood,Middle,273,343,11,68
T20I,Sufyan Mehmood,Powerplay,99,137,5,40
T20I,Sulaiman Ali,Middle,71,108,3,27
T20I,Sultan Ahmed,Middle,159,130,7,75
T20I,Sultan Ahmed,Powerplay,264,258,10,140
T20I,Sultana Khatun,Middle,182,204,8,64
T20I,Sultana Khatun,Powerplay,268,285,13,138
T20I,Sumaiya Siddiqi,Powerplay,128,103,3,80
T20I,Suraiya Azmin,Powerplay,63,34,5,45
T20I,Surinder Singh,Powerplay,60,81,0,20
T20I,Surya Anand,Middle,122,133,4,40
T20I,Surya Anand,Powerplay,445,432,21,245
T20I,Syazrul Idrus,Death,66,97,10,20
T20I,Syazrul Idrus,Middle,98,125,6,34
T20I,Syazrul Idrus,Powerplay,324,343,26,159
T20I,Syed Aqeel Israr,Powerplay,74,71,2,34
T20I,Syed Aziz,Death,465,658,32,135
T20I,Syed Aziz,Middle,205,246,9,67
T20I,Syed Aziz,Powerplay,836,850,33,428
T20I,Syed Maisam Ali,Middle,103,96,10,41
T20I,Syed Rasel,Powerplay,142,165,4,72
T20I,Syeda Aroob Shah,Middle,220,252,5,83
T20I,Sylvia Usabyimana,Middle,117,108,2,53
T20I,T Abdulquadri,Powerplay,75,61,3,39
T20I,T Amarmend,Middle,138,154,7,38
T20I,T Araliya,Middle,133,148,5,41
T20I,T Ariuntsetseg,Middle,66,58,1,28
T20I,T Ariuntsetseg,Powerplay,101,88,1,37
T20I,T Brown,Middle,64,53,2,31
T20I,T Chabila,Powerplay,113,127,1,56
T20I,T Cheki,Middle,64,72,1,20
T20I,T Chopra,Death,63,63,6,23
T20I,T Chopra,Middle,131,103,6,66
T20I,T Dissanayake,Powerplay,114,80,3,59
T20I,T Dlamini,Middle,79,67,1,33
T20I,T Dlamini,Powerplay,105,99,1,42
T20I,T Granger,Powerplay,63,20,6,50
T20I,T Gwandu,Death,79,120,9,24
T20I,T Gwandu,Middle,74,76,4,26
T20I,T Gwandu,Powerplay,164,232,3,73
T20I,T Iosefo,Middle,150,122,10,74
T20I,T Jamtsho,Death,70,106,4,20
T20I,T Jamtsho,Powerplay,150,169,2,66
T20I,T Khabo,Powerplay,61,81,0,27
T20I,T Kolcunova,Middle,161,144,1,56
T20I,T Kolcunova,Powerplay,146,103,3,65
T20I,T Lafai,Middle,70,76,1,29
T20I,T Legaabile,Middle,61,43,3,32
T20I,T Legaabile,Powerplay,169,137,7,85
T20I,T Lungameni,Death,158,250,6,40
T20I,T Lungameni,Middle,368,385,15,130
T20I,T Lungameni,Powerplay,245,303,9,105
T20I,T Makusha,Powerplay,93,99,3,45
T20I,T Malinga,Death,66,66,1,25
T20I,T Malinga,Middle,116,97,2,48
T20I,T Malinga,Powerplay,108,96,3,46
T20I,T Mulepati,Middle,103,50,10,63
T20I,T Munyonga,Middle,75,58,3,33
T20I,T Musekiwa,Middle,86,80,5,37
T20I,T Muzarabani,Powerplay,74,122,2,32
T20I,T Nightingale,Middle,106,114,1,33
T20I,T Panyangara,Death,122,154,12,40
T20I,T Panyangara,Powerplay,123,165,2,57
T20I,T Perera,Death,94,153,5,21
T20I,T Perera,Middle,98,133,5,27
T20I,T Perera,Powerplay,148,175,6,75
T20I,T Putthawong,Death,553,507,61,244
T20I,T Putthawong,Middle,643,429,35,383
T20I,T Putthawong,Powerplay,966,608,61,636
T20I,T Ramabitsa,Death,62,64,5,21
T20I,T Ramabitsa,Middle,76,63,2,31
T20I,T Ramabitsa,Powerplay,93,84,4,39
T20I,T Rossi,Middle,83,99,4,35
T20I,T Rossi,Powerplay,243,246,11,119
T20I,T Sandaruwan,Death,63,103,7,25
T20I,T Sandaruwan,Middle,177,192,8,69
T20I,T Sangha,Middle,158,237,10,41
T20I,T Shadrack,Death,208,148,15,112
T20I,T Shadrack,Middle,186,110,10,116
T20I,T Shadrack,Powerplay,745,492,33,486
T20I,T Shamsi,Death,185,239,12,67
T20I,T Shamsi,Middle,1319,1559,73,434
T20I,T Taylor,Death,106,140,9,41
T20I,T Taylor,Middle,95,106,6,39
T20I,T Taylor,Powerplay,152,158,7,69
T20I,T Thorpe,Middle,81,80,4,38
T20I,T Trajkovic,Middle,105,78,8,50
T20I,T Tshose,Death,145,236,12,44
T20I,T Tshose,Middle,283,312,15,114
T20I,T Tshose,Powerplay,241,267,6,111
T20I,T Tumursukh,Middle,65,109,1,11
T20I,T Vanuarua,Powerplay,111,106,5,54
T20I,T Wangchuk,Death,179,245,12,56
T20I,T Wangchuk,Powerplay,404,452,16,201
T20I,T Yangchen,Powerplay,93,79,3,53
T20I,T Zangmo,Death,82,67,6,41
T20I,T Zangmo,Middle,512,401,20,233
T20I,T Zangmo,Powerplay,120,100,6,63
T20I,T van der Gugten,Death,267,380,23,81
T20I,T van der Gugten,Middle,207,262,9,55
T20I,T van der Gugten,Powerplay,400,454,18,197
T20I,TA Boult,Death,417,579,35,133
T20I,TA Boult,Middle,240,302,14,77
T20I,TA Boult,Powerplay,737,905,29,373
T20I,TA Dudnath,Powerplay,76,74,3,32
T20I,TA Lavia,Death,61,42,3,27
T20I,TA Lavia,Middle,85,52,3,45
T20I,TAM Siriwardana,Middle,129,179,8,44
T20I,TB Sole,Middle,86,83,4,30
T20I,TC Vine,Middle,69,74,3,26
T20I,TD Astle,Middle,67,106,3,17
T20I,TD Chaoana,Death,75,144,4,19
T20I,TD Chaoana,Middle,77,84,3,31
T20I,TD Chaoana,Powerplay,273,321,6,119
T20I,TD Smartt,Death,91,105,7,30
T20I,TD Smartt,Middle,108,87,5,49
T20I,TD Smartt,Powerplay,261,242,7,146
T20I,TG Norris,Death,70,77,8,30
T20I,TG Norris,Powerplay,180,117,9,119
T20I,TG Southee,Death,950,1434,71,251
T20I,TG Southee,Middle,472,589,27,168
T20I,TG Southee,Powerplay,1419,1708,64,638
T20I,TG Thamae,Middle,135,196,4,49
T20I,TH David,Middle,100,127,2,30
T20I,TH Semau,Death,92,72,6,44
T20I,TH Semau,Middle,143,101,5,74
T20I,TI Gajanayake,Death,100,94,5,41
T20I,TI Gajanayake,Middle,343,344,9,147
T20I,TI Gajanayake,Powerplay,176,184,7,65
T20I,TJ Draca,Powerplay,150,179,6,67
T20I,TJ Murtagh,Death,74,92,5,20
T20I,TJ Murtagh,Middle,61,69,2,25
T20I,TJ Murtagh,Powerplay,117,137,4,55
T20I,TJ Vlaeminck,Middle,148,168,7,61
T20I,TJ Vlaeminck,Powerplay,252,226,11,141
T20I,TJG Pringle,Middle,278,290,10,97
T20I,TJG Pringle,Powerplay,90,96,4,48
T20I,TK Curran,Death,232,378,17,58
T20I,TK Curran,Middle,111,138,4,28
T20I,TK Curran,Powerplay,261,400,8,96
T20I,TK Lal,Middle,81,89,1,19
T20I,TK Lal,Powerplay,80,67,3,46
T20I,TK Patel,Middle,108,129,10,51
T20I,TKP Rajapaksha,Middle,78,94,2,24
T20I,TL Chatara,Death,366,548,22,109
T20I,TL Chatara,Middle,159,164,8,58
T20I,TL Chatara,Powerplay,646,682,26,311
T20I,TL Cutler,Middle,108,116,2,38
T20I,TL Cutler,Powerplay,147,166,7,74
T20I,TLW Cooper,Middle,72,96,3,18
T20I,TM Dilshan,Middle,195,233,4,54
T20I,TM Macalou,Middle,98,101,3,46
T20I,TM McGrath,Death,98,123,13,37
T20I,TM McGrath,Middle,273,368,8,78
T20I,TM Odoyo,Powerplay,72,66,4,41
T20I,TMA Leslie,Middle,73,74,0,35
T20I,TMA Leslie,Powerplay,161,126,8,93
T20I,TR Sadhu,Middle,66,80,3,29
T20I,TR Sadhu,Powerplay,133,140,9,75
T20I,TS Chisoro,Middle,145,160,2,49
T20I,TS Chisoro,Powerplay,75,88,5,37
T20I,TS Mills,Death,132,215,12,30
T20I,TS Mills,Middle,113,150,1,35
T20I,TS Mills,Powerplay,97,122,1,42
T20I,TS Omary,Middle,104,58,6,58
T20I,TS Sekhukhune,Death,200,289,20,60
T20I,TS Sekhukhune,Middle,370,422,17,143
T20I,TS Sekhukhune,Powerplay,194,242,8,96
T20I,TS Waqavakatoga,Middle,72,107,1,21
T20I,TT Bresnan,Death,193,325,11,43
T20I,TT Bresnan,Middle,86,136,2,16
T20I,TT Bresnan,Powerplay,414,438,11,201
T20I,TT Maposa,Death,63,110,2,11
T20I,TT Maposa,Middle,160,228,8,48
T20I,TT Maposa,Powerplay,122,161,5,48
T20I,TT Soe,Death,205,167,15,85
T20I,TT Soe,Middle,357,201,14,205
T20I,TT Soe,Powerplay,160,114,5,92
T20I,Taher Muhammad,Middle,118,177,3,26
T20I,Tamoor Sajjad,Middle,102,127,3,32
T20I,Tanvir Islam,Middle,60,87,3,22
T20I,Tanwir Afzal,Middle,66,57,2,27
T20I,Tanwir Afzal,Powerplay,242,285,13,125
T20I,Tanzim Hasan Sakib,Death,225,372,10,57
T20I,Tanzim Hasan Sakib,Middle,302,367,18,122
T20I,Tanzim Hasan Sakib,Powerplay,305,393,16,153
T20I,Taranjeet Singh,Death,110,134,8,43
T20I,Taranjeet Singh,Middle,689,765,38,281
T20I,Taranjeet Singh,Powerplay,75,96,3,37
T20I,Taranjit Singh,Death,128,176,9,39
T20I,Taranjit Singh,Middle,275,274,16,105
T20I,Tashi Dorji,Middle,144,147,7,68
T20I,Tashi Phuntsho,Powerplay,229,189,18,135
T20I,Taskin Ahmed,Death,433,631,37,132
T20I,Taskin Ahmed,Middle,505,673,21,173
T20I,Taskin Ahmed,Powerplay,891,1067,40,454
T20I,Tejwinder Singh,Death,67,72,7,29
T20I,Tejwinder Singh,Middle,68,48,2,32
T20I,Tejwinder Singh,Powerplay,99,102,4,47
T20I,Thilina Silva,Middle,67,49,3,35
T20I,Thuya Aung,Middle,258,252,10,113
T20I,Thuya Aung,Powerplay,71,56,3,38
T20I,Tian Sen Qun,Powerplay,149,131,8,81
T20I,Toqeer Ahmad,Powerplay,91,90,5,40
T20I,Tshering Choden,Middle,117,119,3,42
T20I,Tuba Hassan,Death,134,140,7,55
T20I,Tuba Hassan,Middle,724,765,25,308
T20I,U Aryaman Sunil,Death,95,151,3,24
T20I,U Aryaman Sunil,Middle,143,214,5,38
T20I,U Aryaman Sunil,Powerplay,190,270,8,84
T20I,U Bayarjavkhlan,Powerplay,129,114,3,53
T20I,U Iftikhar,Middle,116,76,4,65
T20I,U Peace,Middle,265,195,10,146
T20I,U Peace,Powerplay,155,106,5,91
T20I,U Shantu,Death,107,142,5,38
T20I,U Shantu,Powerplay,313,331,22,178
T20I,UT Yadav,Powerplay,97,159,7,47
T20I,Umaima Sohail,Middle,273,263,14,98
T20I,Umaima Sohail,Powerplay,61,54,2,29
T20I,Umair Qasim,Middle,288,346,13,117
T20I,Umair Qasim,Powerplay,137,177,5,58
T20I,Umair Tariq,Death,140,217,12,43
T20I,Umair Tariq,Middle,270,331,21,90
T20I,Umair Tariq,Powerplay,283,377,21,133
T20I,Umar Adam,Death,99,129,9,34
T20I,Umar Adam,Middle,302,354,15,113
T20I,Umar Adam,Powerplay,365,436,21,179
T20I,Umar Gul,Death,535,691,51,165
T20I,Umar Gul,Middle,335,367,19,137
T20I,Umar Gul,Powerplay,347,408,13,154
T20I,Umm-e-Hani,Death,65,79,2,21
T20I,Umm-e-Hani,Middle,220,219,6,100
T20I,Umm-e-Hani,Powerplay,67,89,2,26
T20I,Umran Malik,Middle,87,133,6,29
T20I,Usama Mir,Middle,117,160,5,41
T20I,Usman Khalid,Death,74,84,7,24
T20I,Usman Khalid,Middle,253,252,7,102
T20I,Usman Khalid,Powerplay,196,184,12,120
T20I,Usman Khan,Death,319,409,35,111
T20I,Usman Khan,Middle,331,359,18,135
T20I,Usman Khan,Powerplay,78,67,2,46
T20I,Usman Najeeb,Death,275,404,21,77
T20I,Usman Najeeb,Middle,174,196,6,61
T20I,Usman Najeeb,Powerplay,353,383,22,170
T20I,Usman Qadir,Middle,404,554,28,149
T20I,Usman Shinwari,Death,98,147,8,32
T20I,Usman Shinwari,Middle,80,116,1,21
T20I,Usman Shinwari,Powerplay,139,175,4,63
T20I,Usman Tariq,Middle,132,127,11,48
T20I,Uswa Syed,Powerplay,130,110,10,71
T20I,Utkarsh Jain,Death,91,115,6,33
T20I,Utkarsh Jain,Middle,235,189,13,122
T20I,Utkarsh Jain,Powerplay,136,131,6,68
T20I,V Araa,Death,70,63,4,26
T20I,V Araa,Middle,255,202,12,127
T20I,V Araa,Powerplay,84,95,5,43
T20I,V Atanasova,Middle,75,90,1,16
T20I,V Ateak,Middle,137,116,7,56
T20I,V Avdylaj,Powerplay,99,103,0,33
T20I,V Baskaran,Middle,293,341,17,99
T20I,V Baskaran,Powerplay,284,356,11,132
T20I,V Dhaniram,Powerplay,67,32,6,47
T20I,V Ganesan,Middle,420,404,18,179
T20I,V Hamunyela,Death,158,146,10,74
T20I,V Hamunyela,Middle,699,529,32,368
T20I,V Hamunyela,Powerplay,275,204,9,155
T20I,V Iriho,Middle,72,54,2,42
T20I,V Jatinder Kumar,Middle,220,239,11,87
T20I,V Jatinder Kumar,Powerplay,152,145,6,80
T20I,V Khanduri,Middle,71,86,5,25
T20I,V Kohli,Middle,129,167,4,35
T20I,V Mahajan,Powerplay,157,112,6,88
T20I,V Mansale,Death,61,59,6,27
T20I,V Mansale,Middle,259,210,11,125
T20I,V Mansale,Powerplay,168,159,6,73
T20I,V Marghashayam,Middle,89,157,6,26
T20I,V Mitari,Powerplay,118,105,5,60
T20I,V Nagpaul,Middle,85,93,3,33
T20I,V Phiri,Middle,156,132,13,74
T20I,V Phiri,Powerplay,84,71,4,45
T20I,V Ravindran,Middle,67,106,2,24
T20I,V Saini,Death,218,273,16,86
T20I,V Saini,Middle,640,750,27,227
T20I,V Saini,Powerplay,307,350,5,122
T20I,V Shankar,Middle,110,152,4,30
T20I,V Vijh,Death,273,413,25,75
T20I,V Vijh,Middle,559,685,18,175
T20I,V Vira,Death,97,88,8,51
T20I,V Vira,Middle,147,137,7,68
T20I,V Vira,Powerplay,393,243,27,254
T20I,V Vithanage,Middle,63,51,3,31
T20I,V Zimonjic,Death,119,163,8,39
T20I,V Zimonjic,Middle,189,232,6,80
T20I,V Zimonjic,Powerplay,441,539,18,203
T20I,VB Viyala,Middle,89,71,3,38
T20I,VB Viyala,Powerplay,176,158,5,75
T20I,VD Adewoye,Death,92,146,4,22
T20I,VD Adewoye,Middle,155,187,12,53
T20I,VD Adewoye,Powerplay,79,115,2,27
T20I,VD Philander,Middle,62,91,2,28
T20I,VJ Kingma,Death,95,148,2,25
T20I,VJ Kingma,Middle,84,108,5,20
T20I,VJ Kingma,Powerplay,341,369,14,179
T20I,VN Veetil,Middle,101,142,4,30
T20I,VP Thamotharam,Death,146,179,9,51
T20I,VP Thamotharam,Middle,559,639,20,189
T20I,VP Thamotharam,Powerplay,97,146,2,41
T20I,Vaishnave Mahesh,Death,262,248,23,131
T20I,Vaishnave Mahesh,Middle,1368,1059,86,733
T20I,Vaishnave Mahesh,Powerplay,96,57,10,60
T20I,Vaishnavi Sharma,Middle,86,87,2,30
T20I,Vichanath Singh,Middle,168,154,5,72
T20I,Vikramjit Singh,Middle,83,126,3,17
T20I,Viktoria Frey,Death,86,74,7,35
T20I,Viktoria Frey,Middle,208,174,6,87
T20I,Viktoria Frey,Powerplay,127,89,6,61
T20I,Vinay Ravi,Death,156,211,15,56
T20I,Vinay Ravi,Powerplay,683,688,27,351
T20I,Vinu Kumar,Death,104,90,7,53
T20I,Vinu Kumar,Middle,370,315,15,168
T20I,Vinu Kumar,Powerplay,78,57,4,44
T20I,Viola Komeda,Middle,266,186,20,130
T20I,Virandeep Singh,Death,454,472,43,199
T20I,Virandeep Singh,Middle,1247,1074,65,563
T20I,Virandeep Singh,Powerplay,121,113,7,59
T20I,Vishil Patel,Death,85,119,7,30
T20I,Vishil Patel,Middle,324,364,18,150
T20I,Vivek Dixit,Middle,64,80,4,16
T20I,Vraj Patel,Death,121,137,8,47
T20I,Vraj Patel,Middle,906,749,58,442
T20I,Vraj Patel,Powerplay,241,243,14,145
T20I,W Behr,Powerplay,73,66,5,44
T20I,W Ginindza,Middle,64,80,0,23
T20I,W Hornero-Garcia,Death,60,76,2,19
T20I,W Hornero-Garcia,Middle,122,148,4,33
T20I,W Liengprasert,Middle,84,57,5,39
T20I,W Madhevere,Middle,380,470,10,117
T20I,W Madhevere,Powerplay,97,107,5,38
T20I,W Moutswi,Middle,242,151,9,129
T20I,W Moutswi,Powerplay,117,65,5,69
T20I,W Mwatile,Death,437,364,25,221
T20I,W Mwatile,Middle,665,449,20,378
T20I,W Mwatile,Powerplay,934,642,30,567
T20I,W Nalisa,Death,108,156,8,33
T20I,W Nalisa,Middle,495,520,22,181
T20I,W Ngowhuad,Powerplay,126,206,7,53
T20I,W O'Rourke,Middle,85,88,1,34
T20I,W O'Rourke,Powerplay,60,60,4,27
T20I,W Peatfield,Death,105,108,14,39
T20I,W Peatfield,Powerplay,192,169,4,107
T20I,W Smith,Middle,67,103,4,22
T20I,W Wotu,Middle,90,102,3,28
T20I,WA Duraisingam,Death,420,474,24,122
T20I,WA Duraisingam,Middle,497,450,15,203
T20I,WA Duraisingam,Powerplay,546,433,13,305
T20I,WAE Burton,Death,70,87,6,26
T20I,WAE Burton,Middle,150,194,6,50
T20I,WB Rankin,Death,149,162,14,52
T20I,WB Rankin,Middle,293,310,11,102
T20I,WB Rankin,Powerplay,468,494,19,232
T20I,WD Parnell,Death,344,479,16,90
T20I,WD Parnell,Middle,292,424,15,84
T20I,WD Parnell,Powerplay,507,635,28,232
T20I,WG Jacks,Middle,160,203,9,49
T20I,WG Jacks,Powerplay,130,213,7,48
T20I,WGAKK Kulasuriya,Death,100,154,6,18
T20I,WGAKK Kulasuriya,Middle,169,182,2,69
T20I,WGAKK Kulasuriya,Powerplay,295,305,10,156
T20I,WJ Cope,Death,76,92,6,27
T20I,WJ Cope,Powerplay,214,247,9,90
T20I,WK Dilhari,Death,324,448,21,89
T20I,WK Dilhari,Middle,1169,1114,50,465
T20I,WK Dilhari,Powerplay,149,169,8,59
T20I,WK Lai,Death,117,101,6,43
T20I,WK Lai,Middle,190,167,8,86
T20I,WK McCallan,Middle,84,93,4,27
T20I,WM Delgado,Middle,61,40,2,24
T20I,WP Masakadza,Death,97,134,7,24
T20I,WP Masakadza,Middle,839,1037,28,247
T20I,WP Masakadza,Powerplay,322,386,11,141
T20I,WPUJC Vaas,Powerplay,103,104,4,49
T20I,Wa Thone Nadi,Powerplay,63,32,3,41
T20I,Wahab Riaz,Death,297,446,19,90
T20I,Wahab Riaz,Middle,339,371,12,134
T20I,Wahab Riaz,Powerplay,120,175,3,41
T20I,Waheed Ahmed,Death,62,85,2,15
T20I,Waheed Ahmed,Middle,127,142,5,44
T20I,Waheeda Akhtar,Powerplay,117,161,4,55
T20I,Wahidullah Sahak,Death,122,159,8,40
T20I,Wahidullah Sahak,Middle,67,84,5,25
T20I,Wahidullah Sahak,Powerplay,145,183,11,60
T20I,Waji Ul Hassan,Death,90,104,7,30
T20I,Waji Ul Hassan,Middle,267,338,10,90
T20I,Wang Huiying,Death,87,81,7,39
T20I,Wang Huiying,Middle,268,214,4,121
T20I,Wang Huiying,Powerplay,118,95,5,63
T20I,Wang Meng,Powerplay,97,56,1,65
T20I,Waqar Ali,Death,110,89,14,44
T20I,Waqar Ali,Middle,154,147,10,66
T20I,Waqar Ali,Powerplay,145,116,9,76
T20I,Waqar Zalmai,Death,213,278,21,66
T20I,Waqar Zalmai,Middle,236,325,7,75
T20I,Waqar Zalmai,Powerplay,353,416,14,159
T20I,Waqas Ahmad,Death,98,112,10,31
T20I,Waqas Ahmad,Middle,86,98,5,33
T20I,Waqas Ahmad,Powerplay,175,207,8,84
T20I,Waqas Barkat,Death,63,83,6,25
T20I,Waqas Barkat,Middle,231,305,6,69
T20I,Waseem Yaqoob,Powerplay,148,163,9,71
T20I,Waseeq Ahmed,Middle,182,213,9,61
T20I,Washeem Abbas,Death,362,533,34,99
T20I,Washeem Abbas,Middle,195,215,10,80
T20I,Washeem Abbas,Powerplay,548,676,21,229
T20I,Washington Sundar,Death,99,119,6,31
T20I,Washington Sundar,Middle,512,600,21,166
T20I,Washington Sundar,Powerplay,399,452,21,190
T20I,Wasim Ali,Middle,112,114,4,37
T20I,Wu Juan,Powerplay,142,72,7,96
T20I,XC Bartlett,Death,80,106,7,25
T20I,XC Bartlett,Middle,98,125,3,31
T20I,XC Bartlett,Powerplay,244,328,14,107
T20I,XJ Doherty,Middle,136,151,6,48
T20I,XJ Doherty,Powerplay,60,77,2,22
T20I,XSD Smith,Middle,229,180,14,114
T20I,Xu Qian,Middle,137,84,6,73
T20I,Xu Qian,Powerplay,288,146,10,206
T20I,Y Fourie,Middle,77,89,2,28
T20I,Y Jasti,Powerplay,142,111,8,79
T20I,YK Pathan,Middle,199,272,10,56
T20I,YM Murrure,Middle,195,152,3,89
T20I,YM Nkanya,Death,98,112,5,35
T20I,YM Nkanya,Middle,703,615,44,339
T20I,YM Nkanya,Powerplay,134,93,10,87
T20I,YP Dayal,Death,63,62,5,23
T20I,YP Dayal,Middle,139,162,4,59
T20I,YP Molina,Middle,60,27,4,41
T20I,YP Molina,Powerplay,61,24,8,43
T20I,YS Blagg,Middle,180,122,10,98
T20I,YS Chahal,Death,196,317,18,48
T20I,YS Chahal,Middle,1343,1725,65,427
T20I,YS Chahal,Powerplay,281,389,13,109
T20I,YS To,Death,70,61,5,19
T20I,YS To,Middle,69,53,2,28
T20I,YYM Jakda,Middle,60,77,4,19
T20I,Yair Nagavkar,Middle,183,194,9,74
T20I,Yasar Haroon,Middle,330,324,14,150
T20I,Yasar Haroon,Powerplay,62,51,2,36
T20I,Yash Singh,Middle,105,132,5,32
T20I,Yasim Murtaza,Death,185,241,13,65
T20I,Yasim Murtaza,Middle,1186,1192,58,487
T20I,Yasim Murtaza,Powerplay,222,257,13,123
T20I,Yasin Patel,Death,233,273,21,77
T20I,Yasin Patel,Middle,395,359,14,161
T20I,Yasin Patel,Powerplay,609,586,28,341
T20I,Yasir Ali,Death,242,245,22,100
T20I,Yasir Ali,Middle,310,290,24,134
T20I,Yasir Ali,Powerplay,186,167,7,95
T20I,Yasir Arafat,Death,62,73,7,22
T20I,Yasir Arafat,Middle,79,114,4,24
T20I,Yasir Arafat,Powerplay,105,134,5,45
T20I,Yasir Mohammad,Middle,205,224,17,83
T20I,Yasmeen Khan,Middle,61,65,0,19
T20I,Yousif Wali,Middle,65,97,1,14
T20I,Yusuf Ebrahim,Middle,78,113,4,24
T20I,Yuvraj Singh,Middle,352,409,21,116
T20I,Yves Cyusa,Death,99,95,8,45
T20I,Yves Cyusa,Middle,252,244,18,110
T20I,Z Bimenyimana,Death,413,618,33,131
T20I,Z Bimenyimana,Middle,157,163,4,64
T20I,Z Bimenyimana,Powerplay,1214,1269,54,648
T20I,Z Burgess,Death,106,94,6,52
T20I,Z Burgess,Middle,114,104,4,51
T20I,Z Burgess,Powerplay,370,338,15,195
T20I,Z Groenewald,Powerplay,112,96,4,65
T20I,Z Hoque,Powerplay,72,87,1,35
T20I,Z James,Middle,87,140,2,30
T20I,Z James,Powerplay,165,168,7,80
T20I,Z Kamara,Middle,99,84,4,49
T20I,Z Kamara,Powerplay,114,51,2,76
T20I,Z Khan,Death,81,116,7,20
T20I,Z Khan,Powerplay,208,226,7,107
T20I,Z Mali,Middle,91,112,4,31
T20I,Z Shurentsetseg,Middle,100,156,2,15
T20I,ZB Lion-Cachet,Middle,135,152,6,41
T20I,ZE Matsinhe,Powerplay,63,73,1,31
T20I,ZGF Foulkes,Death,116,175,10,30
T20I,ZGF Foulkes,Middle,125,194,8,44
T20I,ZGF Foulkes,Powerplay,225,274,4,97
T20I,ZL Thoon,Death,73,55,5,32
T20I,ZL Thoon,Middle,166,81,7,99
T20I,ZL Win,Death,70,45,6,33
T20I,ZL Win,Middle,238,161,7,122
T20I,ZL Win,Powerplay,381,282,16,240
T20I,ZM Tribe,Middle,60,63,5,27
T20I,ZP Ikiua,Middle,168,171,6,71
T20I,ZT Kyaw,Death,81,65,5,36
T20I,ZT Kyaw,Middle,86,75,3,38
T20I,ZT Kyaw,Powerplay,96,86,1,49
T20I,ZXM Vukusic,Powerplay,83,95,4,39
T20I,Zabiullah Zahid,Death,92,104,6,32
T20I,Zabiullah Zahid,Powerplay,291,264,10,136
T20I,Zada Sher,Middle,124,159,3,39
T20I,Zaheer Zahiri,Powerplay,332,353,15,154
T20I,Zahid Zadran,Powerplay,87,96,4,47
T20I,Zahoor Khan,Death,456,571,32,124
T20I,Zahoor Khan,Middle,426,412,18,145
T20I,Zahoor Khan,Powerplay,171,201,7,75
T20I,Zaid Ahmad,Death,69,107,5,22
T20I,Zaid Ahmad,Middle,160,189,9,59
T20I,Zain Ahmad,Middle,165,165,13,72
T20I,Zain Muzaffar,Powerplay,141,163,4,67
T20I,Zain Ul Abidin,Death,80,93,7,34
T20I,Zain Ul Abidin,Middle,661,582,32,293
T20I,Zain Ul Abidin,Powerplay,99,125,6,49
T20I,Zaker Taqawi,Middle,197,207,16,81
T20I,Zaki Ul Hassan,Middle,186,232,10,77
T20I,Zaki Ul Hassan,Powerplay,113,136,7,48
T20I,Zakir Husain Patel,Middle,80,97,3,29
T20I,Zaman Khan,Powerplay,84,89,3,31
T20I,Zara Mohammad,Powerplay,185,145,7,81
T20I,Zayneb Fazil,Powerplay,77,93,1,30
T20I,Zeefa Jilani,Death,112,99,7,47
T20I,Zeefa Jilani,Middle,214,170,8,99
T20I,Zeerak Chughtai,Death,160,224,11,43
T20I,Zeerak Chughtai,Middle,64,68,8,21
T20I,Zeerak Chughtai,Powerplay,64,107,2,23
T20I,Zeeshan Ali,Powerplay,88,109,4,44
T20I,Zeeshan Goraya,Powerplay,145,213,8,72
T20I,Zeeshan Kukikhel,Death,84,126,10,30
T20I,Zeeshan Kukikhel,Middle,159,187,5,63
T20I,Zeeshan Maqsood,Death,155,196,13,56
T20I,Zeeshan Maqsood,Middle,782,790,34,306
T20I,Zeeshan Maqsood,Powerplay,74,110,1,27
T20I,Zhao Yihan,Middle,125,76,8,62
T20I,Zheng Lili,Middle,75,56,0,43
T20I,Ziaurahman Shinwari,Death,68,73,7,28
T20I,Zinaida Jeremiah,Middle,100,90,7,42
T20I,Zohaib Sarwar,Middle,60,85,0,18
T20I,Zon Lin,Death,72,49,9,33
T20I,Zon Lin,Middle,192,142,5,106
T20I,Zon Lin,Powerplay,184,146,6,104
T20I,Zong Yuechao,Middle,85,126,2,30
T20I,Zuhaib Zubair,Death,61,99,4,20
T20I,Zuhaib Zubair,Middle,265,313,15,97
T20I,Zulfiqar Babar,Middle,86,81,5,35
T20I,Zulqarnain Haider,Middle,61,59,3,30
T20I,Zumika Azmi,Middle,133,143,2,40
WPL,A Capsey,Death,65,90,5,24
WPL,A Capsey,Middle,81,79,4,30
WPL,A Gardner,Death,157,301,12,37
WPL,A Gardner,Middle,302,416,10,87
WPL,A Gardner,Powerplay,192,227,9,104
WPL,A Reddy,Death,120,213,3,24
WPL,A Reddy,Middle,290,353,11,93
WPL,A Reddy,Powerplay,67,73,2,23
WPL,A Sutherland,Death,114,188,7,32
WPL,A Sutherland,Middle,219,293,5,70
WPL,AB Kaur,Death,79,149,4,23
WPL,AB Kaur,Middle,176,222,5,61
WPL,AC Kerr,Death,191,270,20,66
WPL,AC Kerr,Middle,549,670,34,227
WPL,CA Henry,Death,83,137,10,24
WPL,CA Henry,Middle,80,135,3,17
WPL,CA Henry,Powerplay,188,219,7,96
WPL,DB Sharma,Death,263,458,17,66
WPL,DB Sharma,Middle,373,440,13,108
WPL,DB Sharma,Powerplay,97,125,4,40
WPL,DJS Dottin,Death,61,111,3,15
WPL,DJS Dottin,Middle,64,85,3,14
WPL,DJS Dottin,Powerplay,130,175,5,58
WPL,E Bisht,Middle,64,95,2,20
WPL,EA Perry,Middle,199,248,10,75
WPL,EA Perry,Powerplay,82,108,0,35
WPL,G Wareham,Death,132,183,14,49
WPL,G Wareham,Middle,370,531,13,103
WPL,GM Harris,Middle,102,121,6,38
WPL,GM Harris,Powerplay,152,198,3,71
WPL,HK Matthews,Death,183,245,13,53
WPL,HK Matthews,Middle,282,325,14,101
WPL,HK Matthews,Powerplay,230,302,19,106
WPL,IECM Wong,Middle,85,75,7,42
WPL,IECM Wong,Powerplay,113,130,7,61
WPL,JL Jonassen,Death,217,328,18,61
WPL,JL Jonassen,Middle,200,239,8,60
WPL,JL Jonassen,Powerplay,129,130,7,72
WPL,K Anjali Sarvani,Powerplay,137,196,4,52
WPL,K Goud,Middle,126,190,4,37
WPL,K Goud,Powerplay,141,187,4,74
WPL,KE Bryce,Powerplay,91,129,3,41
WPL,KJ Garth,Middle,103,106,9,43
WPL,KJ Garth,Powerplay,188,248,5,76
WPL,KS Gautam,Death,81,144,7,22
WPL,KS Gautam,Middle,85,115,4,26
WPL,KS Gautam,Powerplay,208,222,8,107
WPL,LK Bell,Powerplay,163,143,6,96
WPL,M Kapp,Death,68,108,4,11
WPL,M Kapp,Middle,190,186,6,76
WPL,M Kapp,Powerplay,561,530,28,327
WPL,M Mani,Death,72,99,5,19
WPL,M Mani,Middle,201,236,10,62
WPL,ML Schutt,Powerplay,78,86,3,40
WPL,Meghna Singh,Middle,143,225,5,39
WPL,N Shree Charani,Death,72,112,9,19
WPL,N Shree Charani,Middle,201,267,9,56
WPL,N de Klerk,Death,77,124,5,22
WPL,N de Klerk,Middle,147,166,13,52
WPL,NR Sciver-Brunt,Death,143,214,12,45
WPL,NR Sciver-Brunt,Middle,247,332,14,80
WPL,NR Sciver-Brunt,Powerplay,367,438,14,171
WPL,NSS Sharma,Death,96,119,12,28
WPL,NSS Sharma,Middle,87,118,2,21
WPL,P Vastrakar,Middle,129,135,5,57
WPL,PG Chopra,Middle,60,85,1,18
WPL,Preeti Bose,Middle,66,90,1,13
WPL,Priya Mishra,Middle,127,169,5,50
WPL,RP Yadav,Middle,348,442,9,123
WPL,RS Gayakwad,Death,73,131,5,21
WPL,RS Gayakwad,Middle,246,337,14,85
WPL,RS Gayakwad,Powerplay,170,234,5,67
WPL,Renuka Singh,Middle,151,222,5,50
WPL,Renuka Singh,Powerplay,429,516,12,207
WPL,S Asha,Death,67,98,6,16
WPL,S Asha,Middle,307,396,14,117
WPL,S Ecclestone,Death,211,283,19,71
WPL,S Ecclestone,Middle,402,459,18,153
WPL,S Ecclestone,Powerplay,163,140,6,102
WPL,S Gupta,Middle,72,72,3,24
WPL,S Ishaque,Death,96,131,9,36
WPL,S Ishaque,Middle,147,191,7,46
WPL,S Ishaque,Powerplay,175,211,9,83
WPL,S Ismail,Death,72,127,3,21
WPL,S Ismail,Middle,165,151,8,88
WPL,S Ismail,Powerplay,419,450,15,238
WPL,S Molineux,Death,61,72,6,18
WPL,S Molineux,Middle,73,79,5,33
WPL,S Molineux,Powerplay,98,128,1,40
WPL,S Pandey,Death,199,280,14,57
WPL,S Pandey,Middle,202,229,10,79
WPL,S Pandey,Powerplay,404,448,13,203
WPL,S Rana,Death,85,153,4,23
WPL,S Rana,Middle,241,359,5,64
WPL,S Rana,Powerplay,67,95,4,26
WPL,SFM Devine,Death,87,132,12,27
WPL,SFM Devine,Middle,138,201,4,40
WPL,SFM Devine,Powerplay,191,233,10,95
WPL,SG Satghare,Powerplay,106,144,6,44
WPL,SR Patil,Death,149,203,17,51
WPL,SR Patil,Middle,217,311,10,71
WPL,SR Patil,Powerplay,74,111,3,31
WPL,TM McGrath,Middle,89,110,4,28
WPL,TP Kanwar,Death,104,180,5,22
WPL,TP Kanwar,Middle,298,357,10,88
WPL,TP Kanwar,Powerplay,203,273,8,90
WPL,TR Sadhu,Middle,67,90,3,21
Women's BBL,A Capsey,Death,213,270,20,70
Women's BBL,A Capsey,Middle,411,466,19,127
Women's BBL,A Capsey,Powerplay,63,79,4,18
Women's BBL,A Gardner,Death,482,664,46,141
Women's BBL,A Gardner,Middle,977,1147,46,350
Women's BBL,A Gardner,Powerplay,662,758,21,315
Women's BBL,A Hartley,Middle,120,161,6,34
Women's BBL,A Hartley,Powerplay,91,131,1,33
Women's BBL,A King,Death,423,559,40,140
Women's BBL,A King,Middle,1646,1855,81,631
Women's BBL,A King,Powerplay,336,352,12,165
Women's BBL,A Price,Death,135,155,7,44
Women's BBL,A Price,Middle,326,385,12,94
Women's BBL,A Shrubsole,Powerplay,100,60,2,58
Women's BBL,A Smith,Death,170,175,15,61
Women's BBL,A Smith,Middle,604,646,19,199
Women's BBL,A Sutherland,Death,464,647,33,136
Women's BBL,A Sutherland,Middle,753,867,40,256
Women's BBL,A Sutherland,Powerplay,779,846,25,345
Women's BBL,A Wellington,Death,531,688,55,170
Women's BBL,A Wellington,Middle,1790,1981,76,705
Women's BBL,A Wellington,Powerplay,327,342,15,138
Women's BBL,AC Jayangani,Death,132,182,9,42
Women's BBL,AC Jayangani,Middle,355,414,16,112
Women's BBL,AC Jayangani,Powerplay,147,161,6,68
Women's BBL,AC Kerr,Death,303,372,22,97
Women's BBL,AC Kerr,Middle,1016,1075,52,373
Women's BBL,AC Kerr,Powerplay,216,275,9,65
Women's BBL,AC Mushangwe,Death,107,142,6,29
Women's BBL,AC Mushangwe,Middle,225,258,13,87
Women's BBL,AC Mushangwe,Powerplay,131,140,7,63
Women's BBL,AE Satterthwaite,Death,177,223,12,43
Women's BBL,AE Satterthwaite,Middle,244,250,16,90
Women's BBL,AE Satterthwaite,Powerplay,97,117,1,36
Women's BBL,AL Edgar,Death,301,395,20,102
Women's BBL,AL Edgar,Middle,409,508,16,142
Women's BBL,AL Edgar,Powerplay,141,160,6,64
Women's BBL,AR Reakes,Middle,86,112,3,26
Women's BBL,B Hepburn,Death,171,239,14,52
Women's BBL,B Hepburn,Middle,441,485,13,150
Women's BBL,B Hepburn,Powerplay,221,243,8,96
Women's BBL,B Vakarewa,Death,279,390,12,58
Women's BBL,B Vakarewa,Middle,361,348,16,154
Women's BBL,B Vakarewa,Powerplay,693,663,20,371
Women's BBL,C Bekker,Powerplay,122,127,4,60
Women's BBL,C Bray,Middle,231,269,15,78
Women's BBL,C Bray,Powerplay,71,77,2,26
Women's BBL,C Leeson,Death,118,155,10,32
Women's BBL,C Leeson,Middle,398,482,11,119
Women's BBL,C Raack,Middle,111,123,1,35
Women's BBL,C Webb,Middle,162,213,4,41
Women's BBL,CC Ainsworth,Death,89,133,8,38
Women's BBL,CC Ainsworth,Middle,271,339,10,97
Women's BBL,CC Ainsworth,Powerplay,463,444,22,222
Women's BBL,CG Sippel,Death,257,328,16,76
Women's BBL,CG Sippel,Middle,539,635,21,174
Women's BBL,CG Sippel,Powerplay,321,380,13,141
Women's BBL,CL Tryon,Death,74,103,6,24
Women's BBL,CL Tryon,Middle,419,480,14,144
Women's BBL,CL Tryon,Powerplay,116,145,1,46
Women's BBL,CR Knott,Death,99,157,4,29
Women's BBL,CR Knott,Middle,385,484,12,117
Women's BBL,CR Knott,Powerplay,242,285,12,93
Women's BBL,D Brown,Death,123,171,8,35
Women's BBL,D Brown,Middle,504,543,22,211
Women's BBL,D Brown,Powerplay,739,716,36,381
Women's BBL,D Hazell,Death,83,117,6,20
Women's BBL,D Hazell,Middle,142,157,5,40
Women's BBL,D Hazell,Powerplay,142,139,7,68
Women's BBL,D van Niekerk,Death,304,368,20,101
Women's BBL,D van Niekerk,Middle,954,983,35,332
Women's BBL,D van Niekerk,Powerplay,82,96,5,36
Women's BBL,DB Sharma,Death,109,143,8,25
Women's BBL,DB Sharma,Middle,168,202,4,47
Women's BBL,DB Sharma,Powerplay,79,83,3,38
Women's BBL,DJS Dottin,Death,257,365,14,73
Women's BBL,DJS Dottin,Middle,538,623,18,187
Women's BBL,DJS Dottin,Powerplay,262,253,10,132
Women's BBL,DM Kimmince,Death,383,534,29,97
Women's BBL,DM Kimmince,Middle,460,488,20,147
Women's BBL,DM Kimmince,Powerplay,433,443,13,231
Women's BBL,DN Wyatt,Death,85,99,5,23
Women's BBL,DN Wyatt,Middle,103,113,4,29
Women's BBL,DR Gibson,Middle,80,95,5,26
Women's BBL,DR Gibson,Powerplay,70,82,2,31
Women's BBL,E Falconer,Powerplay,102,154,3,38
Women's BBL,E Hayward,Death,97,111,9,24
Women's BBL,E Hayward,Middle,323,394,6,88
Women's BBL,E Hayward,Powerplay,244,258,6,114
Women's BBL,E Hoskin,Middle,129,134,9,47
Women's BBL,E Hoskin,Powerplay,119,162,1,38
Women's BBL,E Kearney,Middle,120,147,4,42
Women's BBL,E Kearney,Powerplay,360,340,8,182
Women's BBL,EA Burns,Death,217,258,22,80
Women's BBL,EA Burns,Middle,329,377,11,119
Women's BBL,EA Osborne,Death,282,353,13,85
Women's BBL,EA Osborne,Middle,604,640,18,211
Women's BBL,EA Osborne,Powerplay,396,427,13,192
Women's BBL,EA Perry,Death,232,369,15,68
Women's BBL,EA Perry,Middle,498,607,19,177
Women's BBL,EA Perry,Powerplay,978,1052,26,483
Women's BBL,EG Fazackerley,Middle,122,155,4,32
Women's BBL,EL King,Death,153,173,11,50
Women's BBL,EL King,Middle,537,537,21,206
Women's BBL,EL King,Powerplay,86,99,2,44
Women's BBL,G Prestwidge,Death,176,278,6,44
Women's BBL,G Prestwidge,Middle,472,520,23,168
Women's BBL,G Prestwidge,Powerplay,319,392,10,126
Women's BBL,G Voll,Death,90,113,8,31
Women's BBL,G Voll,Middle,196,248,5,56
Women's BBL,G Voll,Powerplay,135,147,7,58
Women's BBL,G Wareham,Death,261,341,15,85
Women's BBL,G Wareham,Middle,1107,1235,53,412
Women's BBL,G Wareham,Powerplay,226,237,8,97
Women's BBL,GA Elwiss,Death,130,201,6,25
Women's BBL,GA Elwiss,Middle,198,220,0,72
Women's BBL,GA Elwiss,Powerplay,68,84,2,25
Women's BBL,GE Parsons,Middle,142,151,8,52
Women's BBL,GL Triscari,Death,124,149,9,29
Women's BBL,GL Triscari,Middle,230,240,8,91
Women's BBL,GM Harris,Death,224,321,23,61
Women's BBL,GM Harris,Middle,613,687,19,213
Women's BBL,GM Harris,Powerplay,307,347,9,137
Women's BBL,H Birkett,Death,137,169,7,36
Women's BBL,H Birkett,Middle,325,347,12,120
Women's BBL,H Birkett,Powerplay,79,89,3,41
Women's BBL,H Graham,Death,868,1123,78,244
Women's BBL,H Graham,Middle,1420,1607,57,502
Women's BBL,H Graham,Powerplay,303,362,12,126
Women's BBL,H Kaur,Death,162,217,20,43
Women's BBL,H Kaur,Middle,265,308,11,77
Women's BBL,H Kaur,Powerplay,106,127,5,51
Women's BBL,H Silver-holmes,Death,111,178,5,28
Women's BBL,H Silver-holmes,Middle,289,372,16,94
Women's BBL,H Silver-holmes,Powerplay,100,120,2,36
Women's BBL,HC Knight,Death,211,296,9,46
Women's BBL,HC Knight,Middle,598,677,21,174
Women's BBL,HJ Darlington,Death,516,662,51,147
Women's BBL,HJ Darlington,Middle,813,919,34,299
Women's BBL,HJ Darlington,Powerplay,176,228,6,72
Women's BBL,HK Matthews,Death,322,439,29,82
Women's BBL,HK Matthews,Middle,507,593,26,171
Women's BBL,HK Matthews,Powerplay,645,644,21,322
Women's BBL,HL Ferling,Death,70,114,3,12
Women's BBL,HL Ferling,Middle,316,401,12,101
Women's BBL,HL Ferling,Powerplay,429,482,13,210
Women's BBL,HM Brennan,Powerplay,69,115,1,28
Women's BBL,HNK Jensen,Death,143,196,13,42
Women's BBL,HNK Jensen,Middle,250,278,10,94
Women's BBL,HNK Jensen,Powerplay,329,326,11,163
Women's BBL,IECM Wong,Middle,76,122,1,12
Women's BBL,IECM Wong,Powerplay,206,207,8,96
Women's BBL,JL Barsby,Death,344,464,32,96
Women's BBL,JL Barsby,Middle,1082,1149,31,344
Women's BBL,JL Barsby,Powerplay,200,214,17,89
Women's BBL,JL Hunter,Powerplay,183,166,12,97
Women's BBL,JL Jonassen,Death,786,1095,65,215
Women's BBL,JL Jonassen,Middle,1050,1122,67,387
Women's BBL,JL Jonassen,Powerplay,981,983,31,490
Women's BBL,JM Kerr,Middle,88,89,4,26
Women's BBL,JM Kerr,Powerplay,176,173,5,88
Women's BBL,K Fryett,Middle,116,139,2,30
Women's BBL,K Peterson,Middle,205,267,13,69
Women's BBL,K Sutherland,Middle,61,75,1,21
Women's BBL,KE Bryce,Powerplay,75,106,2,27
Women's BBL,KH Brunt,Death,122,135,13,42
Women's BBL,KH Brunt,Middle,210,229,6,85
Women's BBL,KH Brunt,Powerplay,598,482,23,327
Women's BBL,KJ Garth,Death,321,451,16,89
Women's BBL,KJ Garth,Middle,553,587,24,217
Women's BBL,KJ Garth,Powerplay,1005,946,48,521
Women's BBL,KJ Hartshorn,Middle,111,120,3,33
Women's BBL,KL Cross,Death,73,75,3,23
Women's BBL,KL Cross,Middle,66,82,1,14
Women's BBL,KL Cross,Powerplay,163,209,3,66
Women's BBL,KM Beams,Death,158,192,11,49
Women's BBL,KM Beams,Middle,304,296,10,111
Women's BBL,KM Beams,Powerplay,199,172,9,105
Women's BBL,L Cheatle,Death,291,458,30,84
Women's BBL,L Cheatle,Middle,521,606,25,191
Women's BBL,L Cheatle,Powerplay,788,878,26,391
Women's BBL,L Finn,Middle,94,116,5,33
Women's BBL,L Griffith,Death,76,115,4,20
Women's BBL,L Griffith,Middle,258,340,4,78
Women's BBL,L Griffith,Powerplay,170,201,8,83
Women's BBL,L Mills,Death,221,262,21,71
Women's BBL,L Mills,Middle,471,624,25,136
Women's BBL,L Mills,Powerplay,165,183,9,77
Women's BBL,LC Sthalekar,Middle,66,75,3,15
Women's BBL,LCN Smith,Death,196,272,16,57
Women's BBL,LCN Smith,Middle,254,264,10,93
Women's BBL,LCN Smith,Powerplay,257,252,7,123
Women's BBL,LG Smith,Death,291,337,21,78
Women's BBL,LG Smith,Middle,1192,1349,50,421
Women's BBL,LG Smith,Powerplay,163,187,8,63
Women's BBL,LK Hamilton,Death,74,83,8,30
Women's BBL,LK Hamilton,Middle,137,134,6,60
Women's BBL,LK Hamilton,Powerplay,199,239,6,93
Women's BBL,LMM Tahuhu,Death,160,234,12,52
Women's BBL,LMM Tahuhu,Middle,318,318,13,134
Women's BBL,LMM Tahuhu,Powerplay,889,836,27,480
Women's BBL,M Blows,Middle,189,233,5,51
Women's BBL,M Brown,Death,416,541,29,133
Women's BBL,M Brown,Middle,813,914,30,292
Women's BBL,M Brown,Powerplay,564,596,20,259
Women's BBL,M Kapp,Death,435,608,28,130
Women's BBL,M Kapp,Middle,414,448,20,157
Women's BBL,M Kapp,Powerplay,1775,1497,72,1012
Women's BBL,M Penna,Middle,149,162,8,52
Women's BBL,M Phillips,Death,72,103,6,16
Women's BBL,M Phillips,Middle,106,133,4,35
Women's BBL,M Phillips,Powerplay,69,81,4,31
Women's BBL,M Strano,Death,593,787,51,154
Women's BBL,M Strano,Middle,853,918,47,316
Women's BBL,M Strano,Powerplay,1121,1182,44,532
Women's BBL,MH Illingworth,Middle,124,161,1,39
Women's BBL,MH Illingworth,Powerplay,289,299,14,139
Women's BBL,MJG Nielsen,Middle,153,146,3,51
Women's BBL,MK Villiers,Middle,78,96,2,16
Women's BBL,ML Gibson,Death,215,269,13,67
Women's BBL,ML Gibson,Middle,940,1113,42,323
Women's BBL,ML Gibson,Powerplay,84,85,8,34
Women's BBL,ML Schutt,Death,562,746,53,175
Women's BBL,ML Schutt,Middle,446,545,26,168
Women's BBL,ML Schutt,Powerplay,1793,1565,59,995
Women's BBL,N de Klerk,Death,78,105,6,20
Women's BBL,N de Klerk,Middle,235,257,8,82
Women's BBL,N de Klerk,Powerplay,124,137,1,51
Women's BBL,NE Bolton,Death,252,373,14,55
Women's BBL,NE Bolton,Middle,526,597,20,167
Women's BBL,NE Bolton,Powerplay,459,491,12,213
Women's BBL,NJ Carey,Death,643,907,47,165
Women's BBL,NJ Carey,Middle,1226,1411,60,450
Women's BBL,NJ Carey,Powerplay,498,590,13,222
Women's BBL,NM Goodwin,Middle,131,146,4,60
Women's BBL,NM Hancock,Death,610,889,49,192
Women's BBL,NM Hancock,Middle,674,802,27,235
Women's BBL,NM Hancock,Powerplay,885,926,35,443
Women's BBL,NR Sciver,Death,238,355,18,51
Women's BBL,NR Sciver,Middle,245,268,8,95
Women's BBL,NR Sciver,Powerplay,358,341,14,187
Women's BBL,NR Sciver-Brunt,Middle,104,115,8,41
Women's BBL,Nida Dar,Middle,145,162,8,59
Women's BBL,O Prendergast,Middle,61,95,2,21
Women's BBL,P Cleary,Death,165,238,13,41
Women's BBL,P Cleary,Middle,639,718,24,252
Women's BBL,P Cleary,Powerplay,386,439,12,166
Women's BBL,P Vastrakar,Middle,73,98,2,20
Women's BBL,Poonam Yadav,Middle,201,190,8,75
Women's BBL,R Johnston,Death,90,119,9,31
Women's BBL,R Johnston,Middle,188,186,7,65
Women's BBL,R Johnston,Powerplay,92,90,2,35
Women's BBL,R McKenna,Middle,235,290,16,78
Women's BBL,R McKenna,Powerplay,82,107,0,24
Women's BBL,R Strange,Middle,79,103,3,22
Women's BBL,R Trenaman,Middle,85,125,3,25
Women's BBL,RA Mair,Powerplay,101,84,4,56
Women's BBL,RK O'Donnell,Middle,150,201,5,47
Women's BBL,RM Farrell,Death,293,395,26,84
Women's BBL,RM Farrell,Middle,213,269,8,71
Women's BBL,RM Farrell,Powerplay,439,414,13,220
Women's BBL,RP Yadav,Middle,127,141,4,41
Women's BBL,S Campbell,Middle,335,399,8,111
Women's BBL,S Campbell,Powerplay,210,231,11,98
Women's BBL,S Day,Death,195,229,23,59
Women's BBL,S Day,Middle,687,789,42,219
Women's BBL,S Day,Powerplay,265,306,12,96
Women's BBL,S Ecclestone,Death,211,307,18,68
Women's BBL,S Ecclestone,Middle,301,318,14,121
Women's BBL,S Ecclestone,Powerplay,191,207,5,96
Women's BBL,S Glenn,Death,80,77,10,30
Women's BBL,S Glenn,Middle,255,308,9,83
Women's BBL,S Glenn,Powerplay,130,140,10,58
Women's BBL,S Ismail,Death,251,411,17,59
Women's BBL,S Ismail,Middle,386,472,16,128
Women's BBL,S Ismail,Powerplay,1031,920,37,569
Women's BBL,S Molineux,Death,473,685,34,133
Women's BBL,S Molineux,Middle,636,660,25,243
Women's BBL,S Molineux,Powerplay,727,761,28,364
Women's BBL,S Nitschke,Middle,106,88,3,43
Women's BBL,S Pandey,Middle,61,80,3,21
Women's BBL,S Pandey,Powerplay,151,145,4,75
Women's BBL,SE Aley,Death,251,329,17,62
Women's BBL,SE Aley,Middle,552,609,23,204
Women's BBL,SE Aley,Powerplay,247,201,20,147
Women's BBL,SFM Devine,Death,418,612,28,107
Women's BBL,SFM Devine,Middle,806,986,41,280
Women's BBL,SFM Devine,Powerplay,963,1018,45,458
Women's BBL,SJ Coyte,Death,580,729,54,174
Women's BBL,SJ Coyte,Middle,1206,1374,43,428
Women's BBL,SJ Coyte,Powerplay,392,452,10,175
Women's BBL,SJ Johnson,Death,450,680,38,125
Women's BBL,SJ Johnson,Middle,844,965,28,297
Women's BBL,SJ Johnson,Powerplay,884,891,38,448
Women's BBL,SK Moloney,Death,219,261,16,63
Women's BBL,SK Moloney,Middle,454,554,16,132
Women's BBL,SK Moloney,Powerplay,224,253,11,98
Women's BBL,SL Bates,Death,538,668,43,165
Women's BBL,SL Bates,Middle,868,911,33,321
Women's BBL,SL Bates,Powerplay,1174,1087,37,608
Women's BBL,SM Betts,Death,86,149,1,16
Women's BBL,SM Betts,Middle,192,222,13,71
Women's BBL,SR Taylor,Death,141,167,8,46
Women's BBL,SR Taylor,Middle,264,263,12,87
Women's BBL,SR Taylor,Powerplay,163,218,13,70
Women's BBL,SU Ginger,Middle,68,93,1,17
Women's BBL,SU Ginger,Powerplay,77,116,3,35
Women's BBL,SW Bates,Death,159,229,9,39
Women's BBL,SW Bates,Middle,317,340,10,122
Women's BBL,SW Bates,Powerplay,89,77,3,42
Women's BBL,Sara Kennedy,Middle,95,108,0,29
Women's BBL,Sara Kennedy,Powerplay,97,114,3,39
Women's BBL,T Flintoff,Death,184,239,11,52
Women's BBL,T Flintoff,Middle,493,582,18,173
Women's BBL,T Flintoff,Powerplay,272,344,7,105
Women's BBL,T Peschel,Death,262,390,11,64
Women's BBL,T Peschel,Middle,700,811,28,257
Women's BBL,T Peschel,Powerplay,644,632,23,328
Women's BBL,TJ Vlaeminck,Middle,227,214,9,93
Women's BBL,TJ Vlaeminck,Powerplay,461,444,15,221
Women's BBL,TM McGrath,Death,389,542,22,103
Women's BBL,TM McGrath,Middle,1035,1175,47,364
Women's BBL,TM McGrath,Powerplay,419,466,13,179
Women's BBL,TMM Newton,Middle,73,104,4,21
Women's BBL,V Pyke,Death,116,152,5,33
Women's BBL,V Pyke,Middle,163,216,4,53
Women's BBL,V Pyke,Powerplay,328,354,6,168
Women's CPL,A Mohammed,Middle,76,73,5,35
Women's CPL,A Munisar,Middle,116,121,5,49
Women's CPL,A Wellington,Middle,187,157,7,85
Women's CPL,AA Alleyne,Death,118,153,7,37
Women's CPL,AA Alleyne,Middle,121,135,6,51
Women's CPL,AA Alleyne,Powerplay,78,100,3,31
Women's CPL,AC Jayangani,Powerplay,73,64,5,42
Women's CPL,ASS Fletcher,Middle,318,317,8,119
Women's CPL,CA Henry,Powerplay,193,174,6,109
Women's CPL,CL Tryon,Middle,68,58,6,37
Women's CPL,CS Fraser,Death,61,93,2,18
Women's CPL,CS Fraser,Middle,66,98,5,24
Women's CPL,CS Fraser,Powerplay,72,89,1,34
Women's CPL,DJS Dottin,Death,68,91,5,21
Women's CPL,DJS Dottin,Middle,81,74,5,38
Women's CPL,DJS Dottin,Powerplay,77,83,2,38
Women's CPL,EA Burns,Middle,122,125,10,55
Women's CPL,HK Matthews,Death,115,130,17,47
Women's CPL,HK Matthews,Middle,115,88,4,51
Women's CPL,HK Matthews,Powerplay,155,177,5,66
Women's CPL,JL Jonassen,Death,66,67,3,24
Women's CPL,JL Jonassen,Powerplay,92,74,3,57
Women's CPL,K Ramharack,Death,64,112,2,15
Women's CPL,K Ramharack,Middle,253,208,13,111
Women's CPL,K Ramharack,Powerplay,76,91,2,38
Women's CPL,L Harris,Death,64,78,7,16
Women's CPL,L Harris,Middle,84,83,5,34
Women's CPL,M Kapp,Powerplay,75,69,4,45
Women's CPL,N Latchman,Middle,67,59,3,31
Women's CPL,Q Joseph,Death,66,81,7,24
Women's CPL,Q Joseph,Middle,90,96,2,29
Women's CPL,Q Joseph,Powerplay,118,92,7,65
Women's CPL,S Ismail,Death,85,100,14,41
Women's CPL,S Ismail,Powerplay,182,136,6,116
Women's CPL,S Pandey,Death,94,117,7,30
Women's CPL,S Pandey,Powerplay,174,157,6,91
Women's CPL,S Ramnath,Middle,201,197,8,75
Women's CPL,SC Selman,Middle,87,79,6,34
Women's CPL,SR Patil,Middle,143,159,6,58
Women's CPL,SR Taylor,Middle,74,85,1,22
Women's CPL,SS Connell,Death,69,67,5,26
Women's CPL,SS Connell,Middle,71,63,2,28
Women's CPL,SS Connell,Powerplay,194,194,9,103
Women's CPL,SS Grimmond,Middle,136,155,6,64
Women's CPL,SS Grimmond,Powerplay,158,164,5,82
Women's CPL,SW Bates,Middle,83,83,2,28
Women's CPL,Z James,Middle,88,110,1,32
